   -0.948358     0.893664    -0.556418     0.153617   -0.0497621     0.134378     0.372978     -1.46516    -0.470575     0.306189
   -0.948358     0.931716    -0.448808     0.141867   -0.0325039    0.0866889     0.453927     -1.55524    -0.731983     0.193653
   -0.948358     0.932745    -0.427181      0.13791   -0.0558763     0.148024     0.496472     -1.57128     -0.78632     0.384004
   -0.948358     0.789778     -0.58432     0.132695    -0.158962     0.407878     0.645467     -1.32369     -0.23015      1.34976
   -0.948358      0.79474    -0.537333     0.125158    -0.140361     0.355175      0.72663     -1.36283    -0.329985      1.26528
   -0.948358     0.744545    -0.575017     0.119671    -0.156662     0.390093     0.770729     -1.23715    -0.135489      1.45734
   -0.948358     0.741359    -0.615676     0.126099    -0.176249     0.445055     0.691863     -1.19767   -0.0485404      1.54932
   -0.948358     0.887222    -0.533556     0.147596   -0.0950931     0.253619     0.451947     -1.48646    -0.524767     0.666885
   -0.948358     0.925875       -0.427     0.136202   -0.0700453     0.184768     0.524087     -1.57011    -0.782875     0.508414
   -0.948358     0.903443    -0.441458      0.13352   -0.0919967     0.240518     0.578316     -1.55059    -0.727206     0.720325
   -0.948358     0.874758    -0.528769     0.143514    -0.112913     0.298488     0.506254     -1.48063    -0.516742     0.842146
   -0.948358     0.636412    -0.659288     0.105477    -0.201368      0.48676     0.763065     -0.87685     0.300649      1.85611
   -0.948358     0.639205    -0.619792     0.100814    -0.177752     0.422066     0.859595    -0.932465     0.213389      1.74897
   -0.948358     0.565294    -0.640881     0.084095     -0.19216     0.438682     0.884159     -0.68681     0.425456       1.9152
   -0.948358     0.559599     -0.66763     0.085149    -0.208941     0.482854     0.814233     -0.63257     0.492477      1.99044
   -0.948358     0.441488    -0.660004    0.0441607    -0.212951     0.449294     0.831506      -0.2427     0.683981      2.03925
   -0.948358     0.444423     -0.64043    0.0463452    -0.202874     0.421994     0.902057    -0.283706     0.643583      2.02828
   -0.948358     0.409985    -0.639788    0.0320605    -0.205885      0.41578     0.877924    -0.164408     0.686815      2.02152
   -0.948358     0.411331    -0.659772    0.0311282    -0.214166     0.441227     0.807241    -0.136897     0.722311       2.0148
   -0.948358     0.839769    -0.722435     0.172364   -0.0135648    0.0380959     0.171152     -1.24298   -0.0165664    0.0703994
   -0.948358     0.790099    -0.845934     0.182616   -0.0192063    0.0552729    -0.012356    -0.979761     0.344145    0.0872229
   -0.948358     0.790012    -0.846055     0.182577   -0.0031434    0.0103699   -0.0124014    -0.980198      0.34925    0.0244532
   -0.948358     0.840221    -0.721088      0.17218  0.000569081 -0.000875211     0.171595     -1.24381   -0.0151048  -0.00249134
   -0.948358     0.705091    -0.946588     0.172549   -0.0234997    0.0676356    -0.163221     -0.57533     0.755859     0.118082
   -0.948358     0.709165    -0.944258     0.173607  -0.00210791   0.00762407    -0.160894    -0.592339     0.746001    0.0515005
   -0.948358     0.747004    -0.915972     0.182206  -0.00231404   0.00823044    -0.123715    -0.756248     0.593825    0.0402455
   -0.948358     0.747114    -0.916269     0.182361   -0.0205018    0.0593347    -0.124167    -0.755899     0.589544     0.100143
   -0.948358     0.455877    -0.795951     0.049124    -0.230194     0.546772      0.33951   -0.0377041     0.906256      1.53395
   -0.948358      0.45471    -0.798981    0.0480112     -0.22444     0.534368     0.324061    -0.027071     0.913885      1.47505
   -0.948358     0.464368    -0.815213    0.0528363    -0.217593      0.52719     0.271696   -0.0277559     0.932528      1.36252
   -0.948358     0.472197    -0.820455    0.0578401    -0.225664     0.550067     0.264031   -0.0447918     0.929981       1.4037
   -0.948358     0.490187    -0.844592    0.0678318    -0.217382     0.542783     0.190634   -0.0574225     0.950592      1.25757
   -0.948358     0.480418    -0.836451    0.0615463    -0.207393     0.513682     0.207297   -0.0400456     0.952399      1.21973
   -0.948358     0.605633    -0.933844     0.128837    -0.082986      0.22768   -0.0805898    -0.276143     0.955981     0.362275
   -0.948358     0.583063     -0.92934     0.119908    -0.164736     0.445482   -0.0604086    -0.202502     0.962315     0.701337
   -0.948358     0.542691    -0.896682    0.0953522    -0.142787     0.376816    0.0300597    -0.134182     0.989212     0.690066
   -0.948358     0.551605    -0.898536    0.0979891   -0.0725981      0.19279     0.019616    -0.164936      1.00282     0.376446
   -0.948358     0.440619    -0.771548    0.0411232    -0.232104     0.536841     0.415883   -0.0336785     0.882521      1.65158
   -0.948358     0.430095     -0.74874     0.036169    -0.232125     0.523735     0.492768   -0.0419331     0.856861      1.75882
   -0.948358      0.42159    -0.750994    0.0308899    -0.226492     0.509881     0.468792  -0.00665105     0.868974      1.68168
   -0.948358     0.442697    -0.780612    0.0417219    -0.226563     0.528513     0.380694   -0.0220966     0.895954      1.56525
   -0.948358      0.54121    -0.897619    0.0972173    -0.199404     0.522953    0.0367058    -0.123717     0.971071     0.970947
   -0.948358     0.511703    -0.868842    0.0801687    -0.209651     0.535792     0.120052   -0.0817556      0.96468      1.12491
   -0.948358     0.499256    -0.857788    0.0720333    -0.195571     0.495052     0.144988   -0.0617857     0.968348      1.07789
   -0.948358      0.52076    -0.878846    0.0839231    -0.176959       0.4574    0.0834105     -0.09342     0.979853     0.911176
   -0.948358     0.408392     -0.69674    0.0276179    -0.225961     0.480279     0.668825   -0.0632947     0.793192      1.94557
   -0.948358     0.393796    -0.692431    0.0201148    -0.222678     0.466523     0.664616   -0.0189587      0.80025      1.90986
   -0.948358     0.404985    -0.721395    0.0234531    -0.224668     0.487495     0.563796  -0.00506111      0.83736      1.79546
   -0.948358     0.418402     -0.72315    0.0310753    -0.230186     0.504383     0.578634   -0.0500952     0.827351      1.86155
   -0.948358     0.874613    -0.620107     0.161282   -0.0248254    0.0679988     0.297083     -1.39231    -0.297395      0.13132
   -0.948358     0.876746    -0.615211     0.160821 -0.000532594   0.00193536     0.299333     -1.39765    -0.300472   -0.0203284
   -0.948358     0.666752     -0.95243      0.15824   -0.0342981    0.0972833    -0.153572    -0.442473     0.862091     0.161338
   -0.948358     0.668695    -0.951416     0.158725  -0.00205905   0.00744793    -0.152868    -0.450868     0.862923    0.0599326
   -0.948358     0.559199    -0.902623     0.101728   -0.0340517    0.0912323   0.00723516    -0.183782      1.00946     0.209267
   -0.948358     0.608924    -0.932424     0.129506   -0.0355819    0.0981822   -0.0787658    -0.291944     0.961486     0.192375
   -0.948358      0.60861    -0.931763     0.129111 -0.000896804   0.00339073    -0.077708    -0.292553      0.97029    0.0683991
   -0.948358     0.494438    -0.662505    0.0639759    -0.210454     0.462992     0.843322     -0.42259     0.606361      2.03742
   -0.948358     0.496626    -0.638118    0.0640785    -0.195462     0.423233      0.92086    -0.466421     0.555058      1.98446
   -0.948358     0.824274    -0.559145     0.136651    -0.144059     0.373693     0.603222     -1.39949    -0.358461      1.18074
   -0.948358     0.855563    -0.533263     0.139552    -0.126347     0.330806     0.560552     -1.45813    -0.473246     0.994538
   -0.948358     0.879108    -0.450591     0.129335    -0.104261     0.269361     0.643926     -1.52526     -0.66955      0.87149
   -0.948358      0.83899    -0.493135     0.127676    -0.122439     0.313251     0.688518     -1.45682    -0.511777      1.06875
   -0.948358     0.696557    -0.636136     0.118158    -0.187293     0.464531     0.734432     -1.07185     0.105109      1.69653
   -0.948358     0.699644    -0.599588     0.112854    -0.167605      0.41004      0.80989     -1.11328    0.0244787      1.59938
   -0.948358     0.915297    -0.502181     0.148259  -0.00812415    0.0219472     0.403981     -1.51238    -0.592337    0.0158789
   -0.948358     0.399353    -0.664174    0.0253502    -0.216534     0.443639     0.779334   -0.0876331     0.744421      2.00051
   -0.948358     0.388206    -0.662825    0.0200351    -0.215948     0.437924     0.771144    -0.050555     0.753977      1.98306
   -0.948358     0.972945    -0.334873     0.129612   -0.0245136    0.0644823      0.51919     -1.62316     -0.99545     0.131561
   -0.948358     0.965516    -0.335473     0.127952   -0.0459702     0.120546     0.548551     -1.62285    -0.995713     0.315337
   -0.948358     0.964031    -0.364865     0.133299  -0.00552423     0.014438     0.494808     -1.60722    -0.919804   -0.0184463
   -0.948358      1.01236    -0.230855     0.118822    -0.019761    0.0513229     0.560583     -1.66676     -1.22338     0.087627
   -0.948358      1.00192    -0.237137     0.117567   -0.0385073    0.0999486     0.590998     -1.66412     -1.21048     0.256098
   -0.948358     0.955284    -0.342578     0.126872   -0.0589023     0.153879     0.575178     -1.61794     -0.97541     0.434158
   -0.948358     0.931666    -0.358222     0.124232   -0.0754768     0.195295     0.633633     -1.60089    -0.918994     0.606948
   -0.948358     0.984784    -0.258723     0.117683   -0.0501193     0.129666     0.618021     -1.65404     -1.15813     0.368902
   -0.948358     0.948132    -0.307694     0.118451   -0.0669431      0.17203      0.66572     -1.62446     -1.02947     0.543721
   -0.948358     0.898515    -0.386928     0.121833   -0.0886882     0.226883     0.696368     -1.56575    -0.815883     0.764467
   -0.948358     0.351531    -0.725394   -0.0185116    -0.144838     0.306759     0.430747      0.18804     0.909086      1.05561
   -0.948358     0.442429    -0.805186    0.0371057    -0.171616     0.410033     0.269092    0.0288874     0.955727      1.07764
   -0.948358     0.429653    -0.788811    0.0307602    -0.186647     0.437199     0.317652    0.0410525     0.935015      1.22248
   -0.948358     0.344252    -0.713763   -0.0205626    -0.160757     0.333907     0.467618     0.191871     0.887405      1.20028
   -0.948358      1.00679    -0.250734     0.121351   -0.0042978     0.010865      0.54542     -1.66023     -1.17536   -0.0418954
   -0.948358      1.04932    -0.143589     0.110677  0.000942707  -0.00305534     0.575229      -1.6966     -1.40272    -0.100543
   -0.948358       1.0596    -0.111986     0.106997    -0.015426    0.0394885     0.590951      -1.7028     -1.47239    0.0411077
   -0.948358       1.0545    -0.102475     0.103985   -0.0295864    0.0757926     0.629246     -1.70529     -1.49214     0.173892
   -0.948358      1.00714    -0.250152     0.121319  0.000764231  -0.00245224     0.545042      -1.6605     -1.17403   -0.0840524
   -0.948358     0.953059    -0.203335     0.100178   -0.0396554    0.0977296     0.832225     -1.64649     -1.20587      0.33806
   -0.948358     0.960729    -0.215341     0.103991   -0.0497721      0.12444     0.783349     -1.64929      -1.1999     0.424184
   -0.948358      1.01946    -0.112824    0.0979986   -0.0358923    0.0898414     0.746395     -1.69469     -1.44312     0.266215
   -0.948358      1.00372    -0.119386     0.095795   -0.0297162    0.0733496     0.794084     -1.68736     -1.41137     0.217626
   -0.948358     0.897114    -0.302827     0.106052    -0.061351     0.151546     0.848686     -1.58007    -0.949658     0.576029
   -0.948358      0.90904    -0.303577     0.108762   -0.0662406     0.165272     0.807979     -1.59254    -0.971798     0.606374
   -0.948358     0.965763    -0.246585      0.11093   -0.0583131     0.148302      0.71023     -1.64716     -1.15635      0.48025
   -0.948358      1.03812    -0.115272     0.102643   -0.0375539    0.0956414     0.670863     -1.70033     -1.45905     0.259904
   -0.948358     0.980933     -0.14293    0.0952287   -0.0231393    0.0561809     0.836879     -1.67216     -1.33918     0.162368
   -0.948358     0.326412    -0.643195   -0.0113973    -0.208626     0.392556     0.754396     0.132311     0.773781      1.88402
   -0.948358     0.323409      -0.6549   -0.0176391    -0.204381     0.388918     0.693185     0.161225     0.793119      1.77545
   -0.948358      0.38068    -0.693141     0.012266    -0.218591     0.453982     0.639568    0.0289286     0.813008       1.8415
   -0.948358     0.371113     -0.66254     0.010916    -0.215021     0.429783     0.748104   0.00897277     0.769726      1.94364
   -0.948358     0.955922    -0.169645    0.0948217   -0.0085138    0.0192764     0.880834      -1.6532     -1.25076    0.0192575
   -0.948358      0.94491     -0.19553    0.0971038   -0.0259038    0.0625398     0.873515     -1.63975     -1.19827     0.205768
   -0.948358     0.898628    -0.246281    0.0966005  -0.00949858    0.0211515     0.943755     -1.59123     -1.02408    0.0501136
   -0.948358     0.892727    -0.264594    0.0985148    -0.030022    0.0716512     0.930816      -1.5817    -0.993613     0.272844
   -0.948358     0.771759    -0.490125     0.111484    -0.116618     0.285321     0.878338     -1.34504    -0.361761      1.16545
   -0.948358     0.729999    -0.540355     0.110381    -0.137698     0.334672     0.874602     -1.22918    -0.166203      1.37389
   -0.948358     0.791816    -0.497265     0.117259    -0.123133     0.306239     0.811215     -1.37729    -0.395999      1.17707
   -0.948358     0.719937    -0.500658     0.102079    -0.111351     0.263535     0.981173      -1.2328    -0.215558      1.18912
   -0.948358     0.689868    -0.533627      0.10049    -0.127755     0.300624     0.972234     -1.14066   -0.0802602      1.35555
   -0.948358     0.742912    -0.556137     0.116038    -0.147112     0.363103     0.813016     -1.24652    -0.167717      1.40892
   -0.948358     0.796544    -0.511292     0.120849    -0.129768     0.325535     0.772318     -1.37956    -0.381878       1.2078
   -0.948358     0.849114    -0.428075     0.117988    -0.101046     0.254067     0.778927     -1.49545    -0.647722     0.937469
   -0.948358     0.837462    -0.412318     0.112536   -0.0927678     0.229876      0.84134     -1.48229    -0.648595     0.897776
   -0.948358     0.847932    -0.452445     0.122201    -0.109264     0.277038      0.73798     -1.48592     -0.60315     0.986393
   -0.948358     0.691818     -0.57911     0.107696    -0.155761     0.375591     0.869539     -1.11129   0.00332706      1.54676
   -0.948358     0.441832    -0.629853    0.0460077    -0.197242     0.405714     0.937648    -0.290559      0.62787      2.01309
   -0.948358     0.491516      -0.6265    0.0623433    -0.188544     0.403089     0.958294    -0.465926     0.541781      1.95727
   -0.948358     0.426442    -0.621376    0.0411651    -0.194533     0.391953     0.960772    -0.249859     0.634792      2.00902
   -0.948358     0.397307    -0.637015    0.0265981    -0.205533     0.409467     0.875217    -0.124309     0.696269      2.01178
   -0.948358     0.660838    -0.564441    0.0985028    -0.143771     0.336735     0.959474     -1.04608    0.0503653      1.51035
   -0.948358     0.614693    -0.604897    0.0928934    -0.168077     0.389139     0.928831    -0.879083     0.240649      1.72768
   -0.948358     0.617947    -0.552837    0.0880866    -0.130266     0.293183      1.06065    -0.944386     0.131707       1.4535
   -0.948358     0.577935    -0.591696    0.0828533    -0.158597     0.354294      1.00707    -0.786487      0.29808      1.70756
   -0.948358     0.375263    -0.524185    0.0390109    -0.119231     0.205757      1.30176    -0.202753     0.557725      1.48044
   -0.948358     0.480442    -0.547398    0.0601782    -0.123612     0.244661      1.21693    -0.532477     0.421854       1.4915
   -0.948358      0.49577    -0.531406    0.0637529    -0.102621      0.20288      1.26282    -0.601201      0.37098      1.27882
   -0.948358     0.400352    -0.514537    0.0473989   -0.0931276     0.163276       1.3554    -0.301749      0.52286      1.20836
   -0.948358     0.789585    -0.399596      0.10054   -0.0639947     0.151548       1.0053     -1.41289    -0.558087     0.684618
   -0.948358     0.854787    -0.344124     0.104387    -0.062913     0.153017     0.911812     -1.52297    -0.797385     0.624748
   -0.948358     0.873698    -0.306184     0.101759   -0.0494534     0.119677     0.918841     -1.55269    -0.894552     0.482025
   -0.948358     0.802382    -0.374117    0.0989967   -0.0495634     0.116622      1.01618     -1.44067    -0.626378     0.527614
   -0.948358     0.759306    -0.447989     0.102056   -0.0876704     0.207993     0.990801     -1.33823    -0.405248     0.939746
   -0.948358     0.807025    -0.422773     0.107801   -0.0886889     0.215901     0.911574     -1.43381    -0.563167     0.899941
   -0.948358     0.813959    -0.349676    0.0973533   -0.0317814    0.0737285      1.02709     -1.46431    -0.686038     0.329895
   -0.948358     0.703157    -0.443099    0.0911647   -0.0491241     0.109675      1.14519     -1.22885    -0.261705      0.58136
   -0.948358     0.693642    -0.460622    0.0916783   -0.0662841     0.149265      1.12889      -1.1984    -0.213541     0.775801
   -0.948358     0.401404    -0.503946    0.0495451   -0.0706053     0.121134       1.3975    -0.317662     0.517842     0.951237
   -0.948358     0.518872    -0.507956    0.0679766   -0.0665258     0.130238      1.31799    -0.699388     0.296458     0.872325
   -0.948358     0.532007    -0.497777    0.0700421   -0.0446904    0.0865778      1.33754    -0.750754     0.263065     0.608534
   -0.948358     0.413976    -0.496802    0.0528859   -0.0448717    0.0751151       1.4238    -0.368332     0.502401     0.637542
   -0.948358     0.507198    -0.519924    0.0658317   -0.0868496     0.171011       1.2888    -0.649412     0.332166      1.10553
   -0.948358     0.603289    -0.494049    0.0802371   -0.0661581     0.139703      1.23541    -0.954608    0.0735837     0.828977
   -0.948358     0.611658    -0.481377      0.08068   -0.0469236    0.0979693      1.25515    -0.987692    0.0402237     0.603104
   -0.948358     0.534897    -0.491987    0.0704597   -0.0255499    0.0473589      1.35152    -0.764953     0.259307     0.371791
   -0.948358      0.41794    -0.493097    0.0542361   -0.0235951    0.0367872      1.43841    -0.386033     0.506394     0.370147
   -0.948358     0.819414    -0.335282    0.0961307   -0.0107169    0.0231076      1.03687     -1.47543    -0.709927    0.0927663
   -0.948358     0.900053     -0.24309    0.0963443   0.00136234  -0.00547392     0.944555     -1.59333      -1.0247   -0.0682359
   -0.948358     0.820557    -0.332806    0.0959591   0.00153686  -0.00625895      1.03778     -1.47764     -0.70787   -0.0455013
   -0.948358     0.714319    -0.420407    0.0902044   -0.0101767    0.0200133      1.16541     -1.26238    -0.306289     0.125199
   -0.948358     0.710306    -0.428779    0.0905846   -0.0302627    0.0662089      1.15805     -1.25051    -0.294814     0.362138
   -0.948358     0.533055    -0.489699    0.0702463  -0.00847137    0.0125072      1.36002    -0.761224     0.272475     0.157923
   -0.948358     0.414385    -0.491252    0.0540999  -0.00785194   0.00835606      1.44631    -0.376095     0.522732     0.170371
   -0.948358     0.391364    -0.612084    0.0283137    -0.194818     0.376779     0.967786    -0.141421     0.661831      2.01096
   -0.948358     0.372916    -0.634625    0.0158257    -0.206731     0.402172     0.858816   -0.0427743     0.719141      1.99833
   -0.948358     0.477271    -0.615438    0.0580615    -0.182799     0.382959     0.994375    -0.433392     0.545329      1.93594
   -0.948358     0.431001    -0.596368    0.0447276    -0.176507     0.349254      1.05194    -0.301824     0.584539      1.92229
   -0.948358     0.329675    -0.627614  -0.00571848    -0.206699      0.38324     0.825296    0.0961959     0.745648      1.94887
   -0.948358     0.330521     -0.60614 -0.000430132    -0.199375     0.360824     0.913515    0.0606948     0.709209      1.97712
   -0.948358     0.362301    -0.539787    0.0319383    -0.143278     0.249141      1.23171    -0.138319     0.590239      1.70403
   -0.948358     0.350566    -0.555546    0.0243172    -0.163163     0.285614      1.15775   -0.0773626     0.622506      1.85837
   -0.948358     0.457953     -0.58334    0.0534221    -0.161041      0.32286      1.10248     -0.41219     0.520669      1.81142
   -0.948358     0.468615    -0.566716    0.0568389    -0.144703     0.288565      1.15686    -0.469647      0.47408      1.68187
   -0.948358     0.324283    -0.667686   -0.0210745    -0.198676     0.384202     0.636066     0.179576      0.81321      1.66234
   -0.948358     0.328299    -0.680221   -0.0220894    -0.191744     0.377739     0.586782     0.187256     0.831955      1.55225
   -0.948358     0.394934    -0.732061     0.015577    -0.213788     0.466123     0.499086    0.0513942     0.864132      1.62507
   -0.948358      0.38764    -0.714405    0.0135923    -0.217925     0.464598     0.562235    0.0435665     0.841516      1.73712
   -0.948358     0.355492    -0.733829   -0.0185381    -0.120692     0.258908     0.400017     0.189542     0.931335      0.86784
   -0.948358     0.354995    -0.737936   -0.0216245   -0.0794218     0.170886     0.377372     0.197757     0.957036     0.583423
   -0.948358     0.464037    -0.830294    0.0466195     -0.10536     0.260254     0.191198   0.00169956       1.0022     0.631262
   -0.948358     0.454327    -0.819735    0.0427704    -0.149039     0.363013     0.225963    0.0157734     0.977995     0.901743
   -0.948358     0.334678    -0.691051   -0.0204663    -0.186764     0.374606     0.551133     0.184461       0.8466      1.47529
   -0.948358     0.337026    -0.696468   -0.0203672    -0.182361     0.368801     0.531279     0.185981     0.855168      1.42092
   -0.948358     0.404832    -0.753732    0.0188152    -0.203863     0.456686     0.423193    0.0587394      0.89322      1.45939
   -0.948358     0.400845    -0.745101    0.0174602    -0.208531     0.462181      0.45336     0.055826     0.881387      1.52969
   -0.948358     0.955647    -0.168525    0.0945727   0.00122733  -0.00491681     0.883798     -1.65343     -1.24596   -0.0838935
   -0.948358      0.52793    -0.581464    0.0707394    -0.151731     0.323117      1.08232    -0.644929     0.386434      1.70116
   -0.948358     0.552884    -0.553937    0.0748101    -0.127671     0.271812      1.13893    -0.753151     0.282672       1.4852
   -0.948358     0.509296    -0.604062    0.0668573    -0.170802     0.364311      1.02364    -0.555742     0.465795      1.84556
   -0.948358     0.572572    -0.533439    0.0776815    -0.107703     0.229773      1.17736    -0.834582     0.205189       1.2862
   -0.948358     0.414827      -0.7689    0.0234792    -0.197493     0.451053     0.376257    0.0536606     0.911246      1.35952
   -0.948358     0.337612    -0.701762    -0.021872    -0.174014     0.354384     0.507677     0.193142     0.866282       1.3347
   -0.948358     0.337506    -0.578477    0.0113727    -0.185042     0.326976      1.04147   -0.0025267     0.662223      1.97086
   -0.948358     0.535327    -0.620853    0.0744661     -0.18079     0.398482     0.959629    -0.617618     0.446675      1.88403
   -0.948358     0.616798    -0.472489    0.0808077   -0.0278921    0.0565209      1.26835     -1.00768    0.0232239     0.373496
   -0.948358     0.618583    -0.468192    0.0807702  -0.00929755    0.0160988      1.27553      -1.0152    0.0245349     0.145828
   -0.948358     0.588608    -0.514115    0.0792556   -0.0886944     0.188757      1.20683    -0.898017     0.137017      1.08321
   -0.948358     0.673584    -0.489852    0.0916951   -0.0878158     0.198591      1.10874     -1.13574     -0.11692      1.01383
   -0.948358     0.648453    -0.519365     0.090321    -0.108771     0.245413      1.08594        -1.05  -0.00402357      1.23679
   -0.948358     0.912304    -0.332711      0.11484   -0.0763279     0.193197     0.746323     -1.59107    -0.930921     0.675002
   -0.948358     0.358874    -0.743016   -0.0204882   -0.0473279     0.102215     0.361486     0.193565     0.977146     0.371424
   -0.948358     0.470307    -0.835864    0.0490703   -0.0592507     0.147604     0.173167   -0.0102747      1.02245     0.377527
   -0.948358     0.533226    -0.489321    0.0702851   0.00192261   -0.0086325      1.36082    -0.762013     0.280161    0.0270035
   -0.948358     0.414401    -0.491059    0.0541717   0.00191753  -0.00913145      1.44706     -0.37629     0.530896    0.0456213
   -0.948358     0.618989    -0.467504    0.0807891   0.00185564  -0.00808627      1.27627     -1.01663    0.0313199   0.00875695
   -0.948358     0.714954    -0.419147    0.0901582   0.00172582  -0.00728344      1.16623     -1.26414    -0.300924   -0.0156187
   -0.948358     0.916493    -0.499183      0.14796  0.000277874 -0.000650088     0.405622     -1.51505    -0.596063   -0.0432581
   -0.948358     0.964305    -0.364408     0.133274  0.000608128  -0.00184055     0.494486     -1.60748    -0.917809   -0.0663006
   -0.948358      1.00667    -0.250985     0.121368    0.0058192   -0.0157523     0.545221     -1.66017     -1.16916      -0.1259
   -0.948358     0.963966    -0.365004     0.133306   0.00670922   -0.0180322     0.494561     -1.60719    -0.913029    -0.113829
   -0.948358     0.915229    -0.502536     0.148303   0.00843513   -0.0225395     0.403356     -1.51244    -0.583754    -0.100588
   -0.948358     0.956032    -0.169744    0.0948632    0.0109693   -0.0290898     0.879953     -1.65336     -1.23703    -0.186919
   -0.948358     0.898683     -0.24643    0.0966385    0.0122315   -0.0321092     0.942837     -1.59118     -1.00797    -0.185529
   -0.948358     0.819497    -0.335398    0.0961688    0.0137899   -0.0356198      1.03586     -1.47538    -0.691187    -0.182753
   -0.948358     0.714367    -0.420567    0.0902451    0.0136296   -0.0345772      1.16436     -1.26215    -0.286883    -0.155882
   -0.948358      0.61864    -0.468328    0.0808085    0.0130087   -0.0322653      1.27454     -1.01499    0.0433774    -0.127979
   -0.948358     0.533125    -0.489851    0.0702869    0.0123184   -0.0297652      1.35923    -0.761134     0.290577    -0.103784
   -0.948358     0.414456    -0.491421    0.0541442    0.0116855   -0.0266298      1.44561    -0.375965      0.54014   -0.0790777
   -0.948358     0.874181    -0.621871     0.161498    0.0239156   -0.0645127     0.295229      -1.3927    -0.272759    -0.171662
   -0.948358      1.01931    -0.112871     0.097964    0.0378104   -0.0973032     0.745473     -1.69471     -1.39419    -0.460452
   -0.948358     0.960304    -0.216234     0.104054     0.051747     -0.13226     0.780851     -1.64819     -1.12931     -0.58186
   -0.948358     0.952823     -0.20457     0.100347    0.0420065    -0.106933     0.829188     -1.64596       -1.147    -0.497535
   -0.948358      1.00358    -0.120239    0.0959166    0.0318959   -0.0818461     0.792114     -1.68755     -1.36837    -0.407462
   -0.948358      1.06014    -0.110889     0.106899    0.0173348   -0.0458005      0.59049      -1.7037     -1.45571    -0.249839
   -0.948358      1.01176    -0.232142     0.118915    0.0214034   -0.0566487     0.559884     -1.66654     -1.19724    -0.260829
   -0.948358      1.00294    -0.234901     0.117347    0.0400733    -0.105306      0.58963      -1.6651     -1.16956    -0.423966
   -0.948358      1.05378     -0.10403     0.104101    0.0311591   -0.0814809     0.628186     -1.70511     -1.45195     -0.37918
   -0.948358      1.03728    -0.117296     0.102822    0.0392206    -0.101884     0.669035     -1.69995     -1.40682    -0.458047
   -0.948358     0.965643    -0.247339     0.111023    0.0601518    -0.155282     0.706906     -1.64685      -1.0798    -0.633343
   -0.948358     0.985183    -0.257859     0.117579    0.0516379    -0.135083     0.616092     -1.65455     -1.09974    -0.526551
   -0.948358      0.98088    -0.143825    0.0953779    0.0254821   -0.0653977       0.8349     -1.67258     -1.30445    -0.342021
   -0.948358     0.944968    -0.196203    0.0972354    0.0284627   -0.0725598      0.87105     -1.63968     -1.15879    -0.365623
   -0.948358     0.359406    -0.743785   -0.0201123    0.0484673    -0.107492     0.357682     0.193948      1.01942    -0.238268
   -0.948358     0.470558    -0.836355    0.0492025    0.0591079    -0.147466     0.169122  -0.00936244      1.06445    -0.234677
   -0.948358     0.474367     -0.83923    0.0510467    0.0278052   -0.0696172     0.162256   -0.0177124      1.05419     -0.07177
   -0.948358     0.364875    -0.748867   -0.0171929    0.0235399   -0.0532408     0.346738     0.184416      1.01292   -0.0782445
   -0.948358     0.789857    -0.846638     0.182651    0.0128451   -0.0343162   -0.0132612    -0.979777     0.354911   -0.0381919
   -0.948358     0.840158    -0.720973     0.172127    0.0148327   -0.0402149     0.170953     -1.24266   -0.0102313   -0.0753686
   -0.948358     0.704807    -0.946251     0.172301    0.0195545   -0.0531435    -0.163374     -0.57482     0.764838   -0.0135013
   -0.948358     0.746891    -0.916332      0.18224    0.0157902   -0.0426383    -0.124822    -0.755313     0.598597   -0.0195404
   -0.948358     0.605448    -0.933125     0.128444    0.0804833    -0.218304    -0.083137    -0.276019     0.994136    -0.227339
   -0.948358     0.551613    -0.898562    0.0978778    0.0713738    -0.188159    0.0157467    -0.163961      1.04361    -0.234959
   -0.948358     0.543861    -0.898449    0.0961639     0.148398    -0.390809    0.0183693    -0.132189      1.07422    -0.573299
   -0.948358     0.583899    -0.931147     0.120581     0.172374    -0.464273   -0.0738736    -0.198524      1.04856    -0.595166
   -0.948358     0.355858    -0.739184   -0.0210277     0.080842    -0.177194     0.371176     0.198398      1.02888    -0.451889
   -0.948358     0.465006    -0.831733    0.0472791     0.108037    -0.267922     0.182851   0.00282606      1.07994    -0.500084
   -0.948358     0.357123    -0.735807   -0.0172908     0.123909     -0.26963     0.390971     0.189645      1.04316    -0.747171
   -0.948358     0.456266     -0.82218    0.0441638     0.154204    -0.377468     0.214017       0.0162      1.09429     -0.78351
   -0.948358     0.666659    -0.951722     0.157979    0.0300566   -0.0819707    -0.153705    -0.442934     0.874106   -0.0408757
   -0.948358     0.609088    -0.932836     0.129601    0.0339967    -0.092083   -0.0815633    -0.291294     0.978485   -0.0552373
   -0.948358     0.559205     -0.90262     0.101671    0.0327007   -0.0862379   0.00552513    -0.183399      1.02802   -0.0680983
   -0.948358     0.473856    -0.838754    0.0506044 -0.000236322  0.000673069     0.163676    -0.017275      1.04459    0.0711578
   -0.948358     0.364269    -0.748459   -0.0177393  0.000530786  -0.00254273     0.347373     0.185407      1.00281    0.0668055
   -0.948358     0.558633    -0.901875     0.101185 -0.000674934   0.00249471    0.0081973    -0.183529      1.01905     0.070587
   -0.948358     0.522607    -0.881432    0.0852452     0.183656    -0.474899    0.0688043   -0.0917376      1.09624    -0.798004
   -0.948358      0.47431    -0.839124    0.0510331   -0.0282926    0.0710343     0.163938   -0.0181147      1.03486     0.214058
   -0.948358     0.364601    -0.748467   -0.0173757   -0.0224639    0.0480883     0.348525     0.184234     0.992556     0.211955
   -0.948358     0.542306    -0.899749     0.098097     0.206395    -0.540761    0.0220364    -0.120018      1.09568    -0.860302
   -0.948358     0.893783    -0.556422     0.153587    0.0507226    -0.136528      0.37123     -1.46648    -0.424622    -0.376702
   -0.948358     0.897616    -0.527845     0.148955    0.0737963    -0.197632     0.420723     -1.49445    -0.473484    -0.564312
   -0.948358     0.932956    -0.426541     0.137785    0.0572508     -0.15213     0.494993      -1.5723    -0.728422    -0.495449
   -0.948358     0.931754    -0.448822     0.141844    0.0336461   -0.0898738     0.452524     -1.55548    -0.698593    -0.299465
   -0.948358     0.742236    -0.616562     0.126439     0.178584    -0.453794     0.680947     -1.19778     0.161128     -1.53996
   -0.948358      0.74552    -0.576012     0.120057     0.159321    -0.400243     0.759969     -1.23708    0.0628195     -1.45957
   -0.948358     0.795513    -0.537807     0.125397     0.142619    -0.363687     0.717409      -1.3625     -0.15654     -1.29635
   -0.948358     0.790612     -0.58479      0.13293     0.161075    -0.415483     0.635553     -1.32367   -0.0463221     -1.36844
   -0.948358     0.886084    -0.535332     0.147565    0.0976965    -0.260685     0.448348     -1.48444    -0.422766    -0.749546
   -0.948358     0.874426    -0.529664      0.14351     0.114818    -0.304144     0.501097     -1.47998    -0.395173    -0.913847
   -0.948358      0.90314    -0.442447     0.133572    0.0939518    -0.246805     0.573888     -1.55016    -0.620551     -0.81967
   -0.948358     0.926379    -0.425891     0.136046    0.0714452    -0.189155     0.521708     -1.57124    -0.709483    -0.616902
   -0.948358     0.561791    -0.668643    0.0858844     0.211699    -0.494838     0.799315    -0.633972     0.754269     -1.89664
   -0.948358     0.566921    -0.642291     0.084691     0.195345    -0.452003     0.868548    -0.685519     0.679564     -1.82983
   -0.948358     0.639889    -0.622431     0.101636     0.181505    -0.436239     0.847049    -0.930456     0.453864     -1.70453
   -0.948358     0.637267    -0.662052      0.10642     0.205094    -0.500348     0.750233    -0.875767     0.555157     -1.80277
   -0.948358     0.412648    -0.662188    0.0328144     0.218487    -0.457615     0.795756    -0.134221     0.996003      -1.9105
   -0.948358     0.411284     -0.64213    0.0338004     0.209888    -0.431986     0.866886    -0.161451     0.961227     -1.91624
   -0.948358     0.445844    -0.642416    0.0476615     0.206844     -0.43785     0.889195    -0.281893     0.915882     -1.92451
   -0.948358     0.443569     -0.66257    0.0458935     0.216915    -0.465331     0.818331    -0.242325     0.958703     -1.93215
   -0.948358      0.45814     -0.79882    0.0507061     0.235674    -0.563353      0.32368   -0.0368817      1.10994     -1.41966
   -0.948358     0.474729    -0.823342    0.0596898     0.231726     -0.56736     0.248313   -0.0445693      1.11483     -1.29125
   -0.948358     0.466841    -0.818479    0.0546156      0.22257    -0.542007     0.254539   -0.0265543      1.11158     -1.24095
   -0.948358     0.457261    -0.802492    0.0497006     0.228764    -0.548328     0.306099   -0.0259158      1.10921     -1.35029
   -0.948358     0.492147     -0.84718    0.0693085     0.223869    -0.560511     0.175436   -0.0558286      1.11534     -1.14604
   -0.948358     0.482797    -0.839609    0.0632342     0.213161    -0.530024     0.190795   -0.0388769      1.11205     -1.10195
   -0.948358     0.444709    -0.775451    0.0437731       0.2373    -0.553991     0.398905   -0.0372642       1.1027     -1.53678
   -0.948358     0.444211    -0.783464    0.0428672     0.231188    -0.543225     0.363879   -0.0185645      1.10389     -1.44367
   -0.948358     0.425016    -0.755034    0.0331002     0.230647    -0.524993     0.450332  -0.00755956      1.09319      -1.5577
   -0.948358     0.432984    -0.751563    0.0382908     0.237491    -0.540972     0.478751   -0.0434106      1.09215     -1.65006
   -0.948358     0.501377    -0.860647    0.0735376     0.201723    -0.511756     0.129396   -0.0604081      1.10808    -0.962028
   -0.948358     0.513141    -0.871095     0.081282     0.216185    -0.553019     0.105348   -0.0790335      1.11075     -1.01274
   -0.948358     0.411308    -0.699385    0.0294995     0.229506    -0.494803     0.654738    -0.065204      1.05258     -1.82634
   -0.948358     0.422045    -0.726583    0.0334272     0.234519    -0.520477     0.562884   -0.0531127      1.07622     -1.74486
   -0.948358     0.407232    -0.724332    0.0251706     0.229372    -0.503658     0.548804  -0.00409042      1.07821     -1.68142
   -0.948358     0.396491    -0.695361    0.0217447     0.225906    -0.480481     0.648993   -0.0195955      1.05474     -1.78561
   -0.948358     0.496366    -0.664945    0.0654232     0.214215      -0.4783     0.829622    -0.422294     0.880457     -1.93663
   -0.948358     0.498314    -0.640214    0.0651834     0.199034     -0.43831     0.907166    -0.465492     0.821178     -1.88613
   -0.948358     0.825095    -0.559352     0.136816     0.145941    -0.380242     0.594366     -1.39987    -0.196727     -1.22012
   -0.948358      0.83969    -0.493398     0.127848     0.124401    -0.320556     0.680565     -1.45679    -0.363569     -1.12746
   -0.948358     0.879871    -0.450323     0.129407     0.106025    -0.275721      0.63734     -1.52553    -0.547403    -0.955423
   -0.948358     0.856162    -0.533377     0.139628     0.128132    -0.336658     0.553193     -1.45851    -0.335075     -1.05408
   -0.948358     0.698233    -0.635971      0.11838     0.189729    -0.474123     0.720685     -1.07112     0.329241     -1.65897
   -0.948358     0.700643    -0.600822     0.113284     0.170598     -0.42154     0.797386     -1.11183     0.241249       -1.577
   -0.948358     0.390465    -0.665799    0.0217799     0.219516    -0.453202     0.756584   -0.0497066      1.02057       -1.865
   -0.948358     0.402476    -0.667423    0.0274973     0.220035    -0.459232     0.764596    -0.089324       1.0129     -1.88248
   -0.948358      0.34665    -0.716715   -0.0188179     0.164013     -0.34599     0.455214     0.191749      1.04614     -1.07952
   -0.948358     0.431883    -0.791682     0.032413     0.191157      -0.4509     0.303212    0.0418388      1.09529     -1.10147
   -0.948358     0.444779    -0.808206    0.0386883     0.176656    -0.425244     0.255431    0.0291137      1.09753    -0.958567
   -0.948358     0.353079     -0.72744   -0.0172254     0.147862    -0.317044     0.420604     0.188984      1.04681    -0.934804
   -0.948358     0.325612    -0.658696   -0.0158418      0.20811    -0.404283     0.676637     0.164052      1.03302     -1.65653
   -0.948358     0.327763    -0.645408   -0.0107773     0.210755    -0.404519     0.739388      0.13462      1.02343     -1.75355
   -0.948358     0.372694    -0.665392    0.0121533     0.218302    -0.444086     0.732463    0.0120006      1.03039     -1.82095
   -0.948358      0.38311    -0.696632    0.0138318     0.222506    -0.469369      0.62242    0.0301741       1.0601     -1.72024
   -0.948358     0.400638    -0.515229    0.0474297    0.0969228    -0.180281      1.34683    -0.299572     0.680388      -1.1084
   -0.948358     0.496248    -0.532551    0.0640343     0.106488    -0.219675      1.25376    -0.599108     0.541337     -1.20316
   -0.948358     0.481226     -0.54918    0.0606724     0.127543    -0.261797      1.20693    -0.530507     0.622982     -1.41033
   -0.948358      0.37623    -0.526344    0.0397305     0.123185    -0.224279      1.29368    -0.200882     0.758748     -1.38213
   -0.948358     0.535046    -0.492353    0.0705691    0.0293792   -0.0646758      1.34907    -0.764409     0.306822    -0.317307
   -0.948358     0.418155    -0.493536    0.0543858    0.0273983   -0.0551497       1.4368    -0.385892     0.551745     -0.27938
   -0.948358     0.362992    -0.541237    0.0321639      0.14689    -0.265745       1.2208    -0.136028     0.816754     -1.59445
   -0.948358      0.46963    -0.568492    0.0573725     0.148535    -0.305186      1.14518    -0.467784     0.699687     -1.59228
   -0.948358     0.459255    -0.585157    0.0540986     0.164693     -0.33897      1.08977     -0.41081     0.762625     -1.71346
   -0.948358     0.351085    -0.556444    0.0241757     0.166327    -0.300434      1.14558   -0.0749455     0.866779     -1.74005
   -0.948358     0.326633    -0.671254    -0.019406     0.201815    -0.397997     0.620263     0.181204      1.03645     -1.53991
   -0.948358     0.389771    -0.717688    0.0150336     0.221251    -0.477988     0.545296    0.0456418      1.07341     -1.61037
   -0.948358     0.397594    -0.735781    0.0173497     0.217397    -0.479935     0.481511    0.0524417      1.08093     -1.49883
   -0.948358     0.330979    -0.683889   -0.0202621     0.194799    -0.391093     0.571268     0.187834      1.03991     -1.42917
   -0.948358     0.337475    -0.694701   -0.0185559     0.189905    -0.387829     0.536046     0.184572      1.04394     -1.35268
   -0.948358      0.40315    -0.748542    0.0191002     0.212361    -0.475874     0.436439     0.057643      1.08477     -1.40444
   -0.948358     0.407022    -0.756966    0.0204229     0.207711    -0.469974     0.407013    0.0605627      1.08667     -1.33464
   -0.948358     0.339712     -0.69997   -0.0184969     0.185519    -0.381736      0.51675     0.186174      1.04495     -1.29874
   -0.948358     0.340146     -0.70501   -0.0200914     0.177173     -0.36695     0.494109     0.193254      1.04397     -1.21323
   -0.948358     0.417471    -0.772254    0.0252993     0.201662    -0.464894     0.360569    0.0538989      1.09121     -1.23704
   -0.948358     0.339747    -0.583158    0.0136819     0.189854    -0.347378      1.02615   0.00113895     0.935729     -1.87011
   -0.948358     0.432247    -0.597758    0.0453849     0.179888    -0.364365      1.03949    -0.300513     0.839692     -1.81533
   -0.948358     0.393823    -0.616324    0.0305691     0.199562    -0.396255     0.952749    -0.139561     0.938458     -1.90906
   -0.948358     0.332165    -0.609616  0.000869812     0.203062    -0.377283      0.89728    0.0642798     0.977189     -1.86161
   -0.948358     0.331077     -0.63031  -0.00487223     0.209457    -0.396986      0.80946    0.0993453      1.00615     -1.82344
   -0.948358     0.374426    -0.637541    0.0170906     0.210211     -0.41756     0.843617   -0.0395472     0.988453      -1.8806
   -0.948358     0.532265    -0.498459     0.070228    0.0485445    -0.103895      1.33348    -0.749968     0.343221     -0.55186
   -0.948358     0.414321    -0.497567    0.0531131    0.0486776   -0.0934245      1.42039    -0.367742     0.584707     -0.54516
   -0.948358     0.401625    -0.504461    0.0496365    0.0744276    -0.138604      1.39098    -0.315936     0.640556    -0.853832
   -0.948358     0.519144    -0.508683    0.0681596    0.0703702    -0.147244      1.31195    -0.697836     0.411815    -0.808978
   -0.948358     0.507579    -0.520888    0.0660613    0.0907024    -0.187868      1.28105    -0.647578       0.4791     -1.03594
   -0.948358     0.965669    -0.334973     0.127856    0.0475819    -0.125699     0.547371     -1.62368    -0.944961    -0.455018
   -0.948358     0.972334    -0.336029     0.129671    0.0258352   -0.0685978     0.518158     -1.62231    -0.965036    -0.272966
   -0.948358     0.955413     -0.34207     0.126765    0.0602998    -0.158648     0.573163     -1.61807    -0.908563    -0.566898
   -0.948358     0.933071     -0.35601      0.12409    0.0770166    -0.200917     0.629627     -1.60253     -0.83477    -0.728267
   -0.948358     0.948662    -0.307127     0.118434    0.0685288    -0.178003     0.662256     -1.62516    -0.948894    -0.679438
   -0.948358     0.899284    -0.386783     0.121948    0.0904841    -0.233701     0.690176     -1.56605    -0.706908    -0.867405
   -0.948358     0.908787    -0.305422     0.109032    0.0686583    -0.174519     0.802673     -1.59148    -0.877423    -0.731697
   -0.948358     0.897211    -0.303936      0.10627     0.063856    -0.161305     0.843807     -1.57958    -0.861512    -0.697918
   -0.948358     0.892834    -0.265211    0.0986496    0.0327367   -0.0825071     0.928134     -1.58162    -0.947169    -0.402005
   -0.948358      0.79291    -0.497904     0.117592     0.125932    -0.316797     0.801697     -1.37763    -0.234134     -1.21861
   -0.948358     0.730542    -0.542465     0.110911      0.14081    -0.346796     0.863934     -1.22795    0.0244991     -1.37955
   -0.948358     0.772237    -0.490797     0.111699     0.119486    -0.296361     0.868716     -1.34227    -0.199768     -1.19979
   -0.948358     0.797222     -0.51204     0.121121     0.132268    -0.334981     0.762904     -1.37857    -0.214821     -1.24611
   -0.948358      0.74384    -0.557566     0.116499     0.150062    -0.374334     0.802185     -1.24635    0.0255053     -1.41645
   -0.948358     0.690413    -0.536108     0.101103     0.131279    -0.314593      0.96201     -1.13976     0.108296     -1.34969
   -0.948358     0.720422      -0.5021     0.102444      0.11473    -0.276802     0.971426     -1.23083   -0.0506783     -1.20221
   -0.948358     0.838121    -0.412968     0.112779    0.0954807    -0.240217     0.833498     -1.48144    -0.521083    -0.975566
   -0.948358     0.849586    -0.428745     0.118194     0.103418    -0.263024     0.770813     -1.49382    -0.514131     -1.01495
   -0.948358     0.692631    -0.580844      0.10822     0.158995    -0.388131     0.857582     -1.10974     0.214789     -1.52787
   -0.948358     0.848583    -0.452814     0.122384     0.111499    -0.285381     0.729742     -1.48482    -0.464344     -1.05789
   -0.948358     0.443623    -0.631615    0.0471796     0.200907    -0.421125     0.924004     -0.29014     0.895651      -1.9063
   -0.948358     0.493192    -0.628671    0.0634151     0.192135    -0.418478     0.944724    -0.464943     0.804549     -1.85967
   -0.948358     0.398046    -0.639472    0.0283436     0.209646    -0.425848     0.864828      -0.1192     0.971338     -1.90739
   -0.948358     0.428636    -0.622929     0.042264     0.197974    -0.407069     0.946237    -0.250809     0.899434     -1.89764
   -0.948358     0.615623    -0.607346     0.093654     0.171824    -0.403851     0.915871    -0.877347     0.476663     -1.67615
   -0.948358     0.661565    -0.566349     0.099054     0.147303     -0.35067     0.947828     -1.04426     0.257146     -1.48467
   -0.948358     0.578964    -0.593994    0.0835768     0.162416    -0.369827      0.99391     -0.78441     0.530143     -1.64517
   -0.948358     0.618678    -0.553708    0.0883964       0.1339    -0.307837      1.04913    -0.941386     0.327527     -1.41434
   -0.948358     0.802656    -0.374644    0.0991499    0.0526544    -0.129106       1.0118     -1.43993    -0.548894    -0.602345
   -0.948358     0.873832    -0.307151     0.101962    0.0521962     -0.13056     0.914604     -1.55234     -0.82004    -0.595848
   -0.948358     0.854793    -0.345689     0.104676    0.0656983    -0.164023     0.906724     -1.52265    -0.703418    -0.723936
   -0.948358     0.790094    -0.399578     0.100635    0.0671006    -0.163946      0.99951     -1.41124    -0.460703    -0.749005
   -0.948358     0.814105     -0.35011    0.0974637    0.0348466   -0.0862064      1.02419     -1.46379    -0.634802    -0.414218
   -0.948358     0.807697    -0.422881     0.107948    0.0916111    -0.227201       0.9037     -1.43181    -0.436497    -0.964794
   -0.948358     0.759513    -0.449731     0.102421    0.0909262    -0.220929     0.983284     -1.33709    -0.271702    -0.980906
   -0.948358     0.693962    -0.461723    0.0919554    0.0698196    -0.163941      1.12322     -1.19767     -0.10522    -0.789089
   -0.948358     0.703466    -0.443611    0.0913251    0.0526158    -0.124213      1.14079     -1.22807    -0.180446    -0.602636
   -0.948358     0.611909    -0.481922    0.0808357    0.0506323    -0.114003      1.25085    -0.986792     0.121431    -0.579308
   -0.948358     0.603627    -0.495021      0.08049    0.0699096    -0.155835       1.2297    -0.953649     0.186021    -0.799375
   -0.948358     0.710524    -0.429073    0.0906848    0.0337362    -0.080752      1.15532     -1.25014    -0.243374    -0.389657
   -0.948358     0.478833    -0.617934    0.0591699     0.186558    -0.399093     0.981007    -0.431797     0.806787     -1.83845
   -0.948358     0.553777    -0.556187    0.0754517     0.131653    -0.288532      1.12817    -0.751637     0.485248     -1.42524
   -0.948358      0.52885     -0.58315    0.0712656     0.155547    -0.338998      1.06958    -0.642296     0.615131     -1.62471
   -0.948358     0.510632    -0.606027    0.0675892     0.174528    -0.379982      1.00985    -0.553919     0.713437     -1.75764
   -0.948358     0.573133    -0.534881     0.078068     0.111526    -0.245871      1.16797    -0.832708     0.379106     -1.23598
   -0.948358      0.53677    -0.622748    0.0752023     0.184351    -0.413337     0.944997    -0.615901     0.698913     -1.79804
   -0.948358      0.61695    -0.472843    0.0809084    0.0316043   -0.0726638      1.26569      -1.0071    0.0732519    -0.353857
   -0.948358     0.589044    -0.515381    0.0795822     0.092484    -0.204864       1.1991    -0.896567     0.283775     -1.04332
   -0.948358     0.673954    -0.491516    0.0920922    0.0914323    -0.213484      1.10118     -1.13475    0.0238083     -1.01214
   -0.948358     0.648937    -0.521671    0.0908743     0.112508    -0.260709      1.07659     -1.04895     0.167158     -1.21828
   -0.948358     0.912356    -0.333993     0.115068    0.0784546     -0.20123     0.740461      -1.5903    -0.829162    -0.794705
   -0.948358     0.266566    -0.653851    -0.070889    -0.128963     0.232718     0.547325     0.342678     0.838486      1.02554
   -0.948358     0.264991    -0.647352   -0.0681829    -0.146007     0.260337     0.575217     0.338147      0.82109      1.17471
   -0.948358      0.26598    -0.658401   -0.0748798    -0.105171     0.190603     0.522341     0.350993     0.856473     0.833436
   -0.948358     0.266269      -0.6435   -0.0642505    -0.158475     0.281512      0.59845     0.328691     0.809879      1.29041
   -0.948358     0.133448    -0.539107    -0.146149    -0.144116     0.180635      0.70849     0.578454     0.661686      1.19081
   -0.948358     0.132045    -0.543015     -0.15405    -0.125571     0.157366     0.679939     0.584239     0.673554      1.02543
   -0.948358     0.250708    -0.596456   -0.0517362    -0.194983      0.31905     0.792097     0.312249     0.734865       1.7725
   -0.948358     0.258893    -0.612098   -0.0526762     -0.19123      0.32254     0.737255     0.308085      0.75635       1.6873
   -0.948358     0.246521    -0.581778   -0.0470559    -0.197403     0.315096     0.853017     0.306275     0.714505      1.85394
   -0.948358     0.134082    -0.518267    -0.117326    -0.184601     0.225711      0.83446     0.564443     0.624571      1.62882
   -0.948358     0.263583     -0.62412   -0.0551478     -0.18468     0.318296     0.689763     0.309887     0.774068      1.58628
   -0.948358     0.251076    -0.485124    0.0143803    -0.124549      0.17621      1.34474     0.186326     0.627475      1.52775
   -0.948358     0.258784    -0.475562    0.0224955   -0.0999613      0.13918      1.40251     0.150309     0.624818      1.27469
   -0.948358     0.244886    -0.497085   0.00320923     -0.14783     0.210731      1.26868     0.217757     0.628777      1.73066
   -0.948358     0.265579    -0.469544    0.0285066   -0.0769162     0.105508      1.44378     0.121076      0.62916       1.0184
   -0.948358    0.0909184    -0.397869 -0.000766405    -0.109405     0.104522      1.40229     0.632483     0.564365      1.28388
   -0.948358    0.0973369    -0.410645   -0.0146571    -0.135041     0.133368      1.34458     0.616091     0.555609      1.53101
   -0.948358     0.280276    -0.467581    0.0345023   -0.0482479    0.0650066      1.47651    0.0685269     0.637949     0.679166
   -0.948358     0.273089    -0.460496    0.0366023  -0.00846148   0.00608278      1.50024    0.0866412      0.66736     0.185369
   -0.948358     0.281512    -0.464539    0.0366745   -0.0248804    0.0304927      1.49341    0.0614807     0.652348      0.39088
   -0.948358     0.273072    -0.460331    0.0367151   0.00182693  -0.00890652      1.50102    0.0866907     0.676029    0.0564627
   -0.948358     0.061585    -0.367364    0.0227025   -0.0101052   0.00200897      1.49256     0.712006     0.613597      0.18296
   -0.948358    0.0696106    -0.372303    0.0213371   -0.0287095    0.0204446       1.4887      0.69021     0.604343     0.397133
   -0.948358     0.240742     -0.51119  -0.00882367     -0.16682     0.240592      1.18629     0.244506     0.635815      1.86494
   -0.948358     0.100875    -0.425063   -0.0334518    -0.159679     0.161794        1.266     0.608117     0.548101       1.7326
   -0.948358     0.100236    -0.437841   -0.0538666    -0.178027     0.182779      1.18353     0.611591     0.543415      1.84514
   -0.948358     0.239294    -0.534576   -0.0243381    -0.185892     0.276215      1.06727     0.273736     0.657491      1.95179
   -0.948358     0.269263    -0.636452   -0.0566443     -0.17585     0.310148     0.643661     0.309604     0.793245      1.47106
   -0.948358     0.270053    -0.641812   -0.0590974    -0.168338     0.299499     0.618385     0.314696     0.803089      1.38715
   -0.948358     0.127077    -0.518447    -0.128209    -0.178068     0.214318     0.805904     0.581167     0.623447      1.53985
   -0.948358     0.133415    -0.531452    -0.135605    -0.164068     0.203568     0.754065     0.574049     0.645548      1.38618
   -0.948358     0.263792    -0.660783   -0.0796054   -0.0739548     0.133618     0.503049     0.360823     0.875216     0.597289
   -0.948358      0.26386    -0.663218   -0.0815383   -0.0438146    0.0784509     0.490321     0.364088     0.893202     0.377653
   -0.948358     0.129341    -0.545473    -0.162589    -0.101652     0.126754     0.654632     0.591945     0.686027     0.825812
   -0.948358     0.125459    -0.546234     -0.17109   -0.0710207    0.0870959     0.634314     0.601115      0.69942      0.58408
   -0.948358     0.134182    -0.536713    -0.141632      -0.1528      0.19136     0.725574     0.575256     0.655789      1.27324
   -0.948358  -0.00113906     -0.43609    -0.243431    -0.131093    0.0966159     0.738433     0.798728     0.461142     0.965256
   -0.948358  -0.00316781    -0.438006    -0.254549    -0.106162    0.0769941     0.714925     0.799866     0.470797     0.774399
   -0.948358  -0.00615202     -0.43877    -0.265235   -0.0736588    0.0511707     0.694762     0.803081     0.482374     0.537695
   -0.948358  0.000198452    -0.433444    -0.232464    -0.150188     0.111781     0.763399     0.798766     0.452849      1.12112
   -0.948358   -0.0493509    -0.332775   -0.0716713    -0.182648     0.111034      1.20676     0.933781     0.345306      1.70029
   -0.948358   -0.0441535    -0.346831    -0.102452    -0.199978     0.124094       1.1336     0.914149     0.342251      1.78526
   -0.948358   -0.0582783    -0.315873   -0.0379902    -0.155029    0.0909232      1.28235     0.962298      0.35257      1.50762
   -0.948358   -0.0675611    -0.301124   -0.0106764    -0.122556    0.0683077      1.34005     0.989112      0.36409      1.23296
   -0.948358     0.117175    -0.498099    -0.115257    -0.191631     0.220115     0.887552     0.593835     0.593048      1.71801
   -0.948358   -0.0138445    -0.401954    -0.184495     -0.20256     0.142341     0.906913     0.834572     0.396428      1.62093
   -0.948358   0.00380899    -0.422843    -0.194404    -0.189314     0.143791      0.85477      0.80105     0.434502      1.49785
   -0.948358   -0.0300554    -0.371027    -0.138006    -0.210406     0.138788      1.03797     0.877583     0.360924      1.79646
   -0.948358   -0.0210889    -0.389087    -0.167296    -0.209171     0.142759     0.958316     0.852289     0.378809       1.7144
   -0.948358     0.109822    -0.481642     -0.10266    -0.196497     0.217858     0.957859     0.604438     0.572873      1.81992
   -0.948358     0.102967    -0.457624    -0.079568    -0.192543     0.203828      1.07339     0.610237     0.550546      1.88561
   -0.948358  -0.00126961    -0.426806    -0.218615    -0.170945     0.126598     0.801261       0.8043     0.438374      1.30114
   -0.948358      0.24106    -0.561267   -0.0402913    -0.195819     0.301888     0.937605      0.29753      0.68697      1.92111
   -0.948358   -0.0918652    -0.274167      0.02898   -0.0325094    0.0114873      1.40678      1.04902     0.398785     0.370081
   -0.948358   -0.0815196    -0.282892    0.0209305   -0.0608413     0.028879      1.39941      1.02706     0.392723     0.652368
   -0.948358     0.076636    -0.378481    0.0173403   -0.0541433    0.0462037      1.47392     0.670912     0.590145     0.687043
   -0.948358   -0.0745619    -0.291503   0.00632397   -0.0948371    0.0500077      1.37354      1.00873     0.376103     0.978979
   -0.948358    0.0863119    -0.388856   0.00923349   -0.0844729    0.0780954        1.442     0.644467     0.575868      1.02363
   -0.948358    -0.104113    -0.265341    0.0331623   -0.0115445 -0.000694996      1.40255      1.07187     0.394848     0.160391
   -0.948358  -0.00686674    -0.439971    -0.270567   -0.0429216     0.028003     0.683217     0.803585     0.496154     0.324541
   -0.948358     0.124461    -0.547689     -0.17518   -0.0417086    0.0498825     0.621749     0.604496     0.714838     0.361637
   -0.948358    0.0615909    -0.367222    0.0229889   0.00147683   -0.0088418      1.49308     0.711983     0.622412    0.0512488
   -0.948358    -0.104178    -0.265218    0.0335887   0.00124227  -0.00768974      1.40316      1.07228     0.403522    0.0354573
   -0.948358     0.273118     -0.46058    0.0365911    0.0121162   -0.0238725      1.49966    0.0869114     0.685122   -0.0724263
   -0.948358    0.0616326    -0.367418    0.0227429    0.0130547   -0.0197026      1.49166     0.711861       0.6314   -0.0805178
   -0.948358    -0.104065    -0.265436    0.0331613    0.0140257   -0.0146727      1.40219      1.07205     0.412161    -0.089487
   -0.948358 -0.000776004    -0.436985     -0.24333      0.13106    -0.104988     0.733519     0.800551     0.589265    -0.891929
   -0.948358     0.132666    -0.544338    -0.153799     0.126154    -0.166271      0.67288     0.586104     0.808317    -0.921635
   -0.948358     0.129746    -0.546491    -0.162383     0.101917    -0.134367     0.649048     0.593819     0.793172    -0.721428
   -0.948358  -0.00286841    -0.438778    -0.254428     0.106068   -0.0846858     0.711033     0.801625     0.572894    -0.701681
   -0.948358  -0.00594858    -0.439272    -0.265184    0.0733964   -0.0587269     0.692109     0.804154     0.551688    -0.466106
   -0.948358     0.125733    -0.546962     -0.17093    0.0710748   -0.0938148     0.630526     0.602604     0.773325    -0.479821
   -0.948358     0.124621    -0.548128    -0.175088     0.041639   -0.0561315     0.619575     0.605439     0.757951    -0.257225
   -0.948358  -0.00674999    -0.440254     -0.27054    0.0425656   -0.0353715     0.681684     0.804174     0.536019    -0.253216
   -0.948358   -0.0484436    -0.334398    -0.070972     0.184675    -0.125871      1.19963     0.935849     0.575781     -1.62913
   -0.948358     0.101751    -0.426864   -0.0330163     0.162539     -0.17823      1.25742      0.61053     0.781434     -1.63103
   -0.948358     0.101331    -0.440058   -0.0528902     0.180729    -0.198911      1.17418     0.614607     0.793891     -1.74859
   -0.948358   -0.0433039    -0.348442    -0.101534     0.201684    -0.138013      1.12601     0.916531     0.584404     -1.71585
   -0.948358   -0.0132535    -0.403258    -0.184294     0.203393    -0.153035     0.899173     0.836731     0.614411     -1.54647
   -0.948358     0.118087     -0.50017    -0.114671     0.193381    -0.232402     0.877055     0.596946     0.824419     -1.61804
   -0.948358     0.135001    -0.520384     -0.11672     0.186249    -0.237513     0.823867     0.567645     0.843575     -1.52602
   -0.948358   0.00431602    -0.424131    -0.194431     0.190035    -0.154071     0.847757     0.803794     0.636034       -1.422
   -0.948358   -0.0296654    -0.372038      -0.1383     0.211555    -0.150458      1.03069     0.879617     0.602411      -1.7214
   -0.948358     0.104035    -0.459825   -0.0785452     0.194874    -0.218438      1.06348     0.613516     0.806393     -1.79021
   -0.948358     0.110211    -0.482825    -0.102875     0.197843    -0.229389     0.948662     0.607032     0.815999     -1.71645
   -0.948358   -0.0205986    -0.390251    -0.167341     0.210103    -0.153797     0.950807     0.854496     0.609377     -1.64012
   -0.948358  0.000612917    -0.434481    -0.232349     0.150355    -0.120606     0.757739     0.800915     0.602473     -1.04726
   -0.948358 -0.000801666     -0.42799    -0.218505     0.171368    -0.136023     0.794867     0.806806     0.612878     -1.22722
   -0.948358     0.134103    -0.533188     -0.13521     0.165192    -0.213729      0.74483     0.577066     0.830537     -1.28273
   -0.948358      0.13481    -0.538307     -0.14127     0.153706    -0.200871     0.716933     0.578055      0.82496     -1.16919
   -0.948358   -0.0917386    -0.274427    0.0289184    0.0351326   -0.0269533      1.40595      1.04975     0.444908    -0.296671
   -0.948358    0.0697646     -0.37273    0.0212786    0.0318198   -0.0376101      1.48853     0.691636     0.653506    -0.293772
   -0.948358    0.0768643    -0.379089    0.0172369    0.0573046   -0.0630926      1.47245     0.672705     0.679085     -0.58281
   -0.948358   -0.0812292    -0.283333     0.021024    0.0633277   -0.0446434      1.39681      1.02715     0.477269    -0.577213
   -0.948358    -0.074135     -0.29223   0.00647892    0.0972583   -0.0656133      1.36997      1.00952     0.506017     -0.90409
   -0.948358     0.086672    -0.389675   0.00920811     0.087558   -0.0948934      1.43842     0.646196     0.710609    -0.918653
   -0.948358    0.0914317    -0.398956 -0.000631355       0.1124    -0.121379      1.39695     0.634379     0.734916     -1.17927
   -0.948358   -0.0670236     -0.30209   -0.0105647     0.124964    -0.083655      1.33564     0.990498     0.529237      -1.1586
   -0.948358     0.126898    -0.550776    -0.174815    0.0195962   -0.0281972     0.613677     0.602008      0.75066   -0.0931465
   -0.948358  -0.00463263    -0.442593    -0.270705    0.0198909    -0.018606     0.677363     0.800866     0.529586   -0.0996173
   -0.948358     0.127907     -0.52037    -0.127668     0.179451    -0.225408     0.795774     0.584113     0.829643      -1.4373
   -0.948358    0.0979718    -0.411986   -0.0144348      0.13797    -0.149925      1.33788     0.618415     0.760494     -1.42777
   -0.948358   -0.0575828    -0.317131   -0.0376225     0.157252    -0.106026      1.27653      0.96404     0.555862     -1.43434
   -0.948358     0.134019    -0.540576    -0.145819     0.144868    -0.189699     0.700367      0.58109      0.81931     -1.08654
   -0.948358     0.126673    -0.550761    -0.175348 -8.13697e-05  -0.00291302     0.612968      0.60226      0.74045    0.0525833
   -0.948358  -0.00479496    -0.442597    -0.271328 -0.000194125  -0.00358341     0.676566     0.800817     0.520026    0.0359796
   -0.948358  -0.00468719     -0.44246    -0.270719   -0.0202768    0.0113951      0.67809     0.800591     0.510877     0.171583
   -0.948358     0.126833    -0.550585     -0.17486   -0.0197498    0.0223586     0.614736     0.601585      0.73045     0.198329
   -0.948358      0.26408    -0.663778   -0.0814181    0.0436984   -0.0830564     0.487207     0.365051     0.936589    -0.246167
   -0.948358     0.266569    -0.666627   -0.0805598    0.0207835   -0.0409224     0.480637      0.36146      0.92915   -0.0822925
   -0.948358     0.264101    -0.661641   -0.0793991    0.0738783    -0.138026     0.497889     0.362493     0.948914    -0.466423
   -0.948358     0.266073    -0.666378   -0.0811124 -0.000148184  -0.00196456     0.480545      0.36233     0.918653    0.0659793
   -0.948358     0.266343    -0.659566   -0.0746227     0.105363    -0.195936     0.514878     0.353471     0.962563     -0.70288
   -0.948358     0.266492    -0.666384    -0.080596   -0.0210542    0.0368867     0.482073     0.360948     0.908525     0.214244
   -0.948358     0.265802     -0.64936   -0.0677232     0.146957    -0.268407     0.564367     0.341219     0.975535     -1.04747
   -0.948358     0.267124    -0.655435   -0.0704171      0.12937    -0.238644     0.537753     0.345684     0.971185    -0.895076
   -0.948358     0.267246    -0.645817   -0.0636215     0.159743    -0.290495     0.586379     0.332012     0.980617      -1.1641
   -0.948358     0.259954    -0.614839   -0.0518247      0.19355    -0.335009     0.723207     0.312322     0.982957     -1.56714
   -0.948358     0.252256    -0.599941   -0.0503108     0.198025    -0.333713     0.776948     0.316544     0.975258     -1.65773
   -0.948358     0.264757    -0.626931   -0.0542553     0.186846    -0.330075     0.675828      0.31388     0.986764     -1.46469
   -0.948358     0.247931    -0.584926   -0.0458476      0.20018    -0.329621     0.838683     0.310287     0.965646     -1.73895
   -0.948358     0.259357      -0.4768    0.0226657     0.103403    -0.156939      1.39579     0.151723     0.793186     -1.15947
   -0.948358     0.251168     -0.48544    0.0138706     0.127716    -0.191771      1.33626     0.188188     0.826049     -1.40807
   -0.948358     0.266042    -0.470611    0.0286804    0.0804424    -0.123615      1.43912     0.122484     0.763112      -0.9053
   -0.948358     0.245292    -0.498131   0.00291577     0.150952    -0.226476        1.259     0.219967     0.857623     -1.61276
   -0.948358     0.281568    -0.464664    0.0366709    0.0285398   -0.0483839      1.49111    0.0620047     0.697601    -0.278622
   -0.948358     0.280401    -0.467875    0.0344884    0.0518805   -0.0827399      1.47267    0.0695701     0.722693    -0.566515
   -0.948358     0.242029    -0.513944    -0.007851     0.170323    -0.258437      1.17535     0.247593     0.889755     -1.75652
   -0.948358     0.240293    -0.536725   -0.0237323     0.188693    -0.291406      1.05592     0.276901     0.921057     -1.83993
   -0.948358     0.270459    -0.639163   -0.0558047     0.177705    -0.320899     0.630073     0.313192     0.989482     -1.34684
   -0.948358      0.27124    -0.644432   -0.0583051     0.169954    -0.309522      0.60524     0.318021     0.987503     -1.26166
   -0.948358     0.242892    -0.565184   -0.0382939     0.199223    -0.318472     0.923311     0.302172      0.95121     -1.81447
   -0.948358    -0.404165   -0.0506503     -0.01899     -0.21846 -0.000929067     0.952318      1.30767    -0.318238      1.24285
   -0.948358    -0.412022   -0.0512859   -0.0921667    -0.265411   -0.0081893     0.891419        1.289    -0.374638      1.37362
   -0.948358    -0.319363    -0.126453   -0.0792878    -0.228448    0.0202364      1.01877      1.26895    -0.172594      1.43887
   -0.948358    -0.326834     -0.11373   -0.0255287     -0.19437    0.0173599      1.05869      1.28842    -0.156072      1.27656
   -0.948358    -0.417797   -0.0259047     0.114428   -0.0992121  -0.00117238      1.02188      1.33339     -0.23608      0.62494
   -0.948358    -0.407891   -0.0373848    0.0797051    -0.136182  0.000588294      1.01542      1.32784    -0.249771     0.847464
   -0.948358    -0.345879   -0.0889832    0.0557014    -0.125488   0.00912131      1.10215      1.31746    -0.130707      0.86717
   -0.948358    -0.355576   -0.0777053    0.0875424   -0.0848443   0.00392413      1.11327      1.32758    -0.115819     0.594558
   -0.948358    -0.449715   0.00466708     0.164748   -0.0366188  -0.00410151     0.992821      1.33163    -0.245288     0.222589
   -0.948358    -0.373844   -0.0603551     0.116489   -0.0336718  -0.00212202      1.10475      1.33743    -0.113878     0.237015
   -0.948358    -0.384413   -0.0512052     0.125387   -0.0123128  -0.00419355      1.09244      1.34026    -0.121058    0.0872704
   -0.948358    -0.463663    0.0172415     0.178815   -0.0135922  -0.00454387     0.973641      1.32807    -0.255706    0.0752719
   -0.948358    -0.407394   -0.0753455    -0.306034    -0.349396   -0.0276843     0.748686      1.21213    -0.425662      1.42556
   -0.948358    -0.300051    -0.164593    -0.260194    -0.292769    0.0179298     0.865285      1.18571    -0.188333      1.54387
   -0.948358    -0.303226    -0.153778    -0.193537    -0.276713    0.0216408     0.927211      1.21698    -0.182632       1.5747
   -0.948358    -0.405313   -0.0694933    -0.223825    -0.322916   -0.0181821     0.809094      1.24495    -0.406807      1.46127
   -0.948358    -0.413039    -0.076554      -0.3781    -0.367039   -0.0379638     0.693935      1.17918    -0.441004      1.34567
   -0.948358    -0.422195   -0.0734429     -0.43748    -0.376911   -0.0476049     0.645486      1.15168    -0.458812       1.2506
   -0.948358    -0.304523    -0.172286    -0.358414    -0.296475   0.00652705     0.768911      1.14089    -0.200137      1.36444
   -0.948358    -0.302096    -0.169456    -0.316093    -0.298563    0.0118565     0.810317      1.16018     -0.19618      1.45984
   -0.948358    -0.470834   -0.0476487    -0.673512    -0.303096   -0.0646392     0.457196      1.03212    -0.516834     0.611833
   -0.948358    -0.390064    -0.114069    -0.565815    -0.283121   -0.0383355     0.563265      1.06438    -0.354744     0.796955
   -0.948358     -0.46806   -0.0480484    -0.647861    -0.344309   -0.0712862     0.474563      1.04248     -0.51777     0.733797
   -0.948358    -0.432121   -0.0698278    -0.504129     -0.38033   -0.0572725     0.593019      1.11734    -0.471848      1.11881
   -0.948358    -0.452205   -0.0575558    -0.581023    -0.375027   -0.0686256     0.527842       1.0779    -0.500944     0.933629
   -0.948358    -0.309058    -0.179144    -0.451401    -0.257337  -0.00471584     0.679348      1.09708    -0.193763      1.02603
   -0.948358    -0.306439     -0.17581    -0.403474     -0.28501   0.00102154     0.725406      1.11903    -0.198838      1.22689
   -0.948358     -0.47096   -0.0492578    -0.692519    -0.245689   -0.0536917      0.44406      1.02395    -0.509542     0.469779
   -0.948358    -0.469146   -0.0522034    -0.704889    -0.171605   -0.0383611     0.436197      1.01956    -0.497359     0.307429
   -0.948358    -0.301943    -0.194326    -0.519693    -0.109618  -0.00579855     0.612786      1.05881    -0.136887     0.386031
   -0.948358    -0.301138    -0.193291    -0.505629    -0.157778  -0.00612724     0.626197      1.06432    -0.147277     0.575043
   -0.948358    -0.401073   -0.0491167    0.0193123    -0.188691   0.00100757     0.984164      1.31536    -0.285086      1.12025
   -0.948358    -0.332821    -0.105006   0.00711245    -0.169844    0.0148295      1.07908      1.29953    -0.145137      1.14187
   -0.948358    -0.337278   -0.0990559    0.0275511    -0.152593    0.0129444       1.0902      1.30648     -0.13812      1.04061
   -0.948358    -0.403281   -0.0444064    0.0475753    -0.165735   0.00121089      1.00047      1.32131    -0.267959      1.00812
   -0.948358    -0.221086    -0.191199 -0.000119354    -0.139118      0.03565      1.21921      1.21963    0.0883992      1.14032
   -0.948358    -0.227604    -0.182349     0.023983    -0.109891     0.026436      1.24255      1.23428     0.100811     0.920329
   -0.948358    -0.214442    -0.199995   -0.0230353    -0.160867    0.0427539      1.19644      1.20439    0.0818033        1.294
   -0.948358    -0.238962    -0.170244    0.0477812   -0.0720036     0.014269      1.25744      1.25309     0.109837     0.615198
   -0.948358     -0.36617   -0.0672264     0.107819   -0.0509593 -0.000130618      1.11131      1.33406     -0.11083     0.359181
   -0.948358    -0.256007     -0.15552    0.0638275   -0.0387734   0.00389754      1.25224      1.27358     0.102163     0.337024
   -0.948358    -0.264772    -0.148198     0.070761   -0.0118006  -0.00326416      1.24699       1.2831     0.102887     0.116444
   -0.948358    -0.433251   -0.0106257     0.143599   -0.0639713  -0.00314658      1.01216      1.33481    -0.235944     0.398863
   -0.948358    -0.181326    -0.248892    -0.150887    -0.233894    0.0698156      1.04114      1.11591    0.0803572      1.69192
   -0.948358    -0.190859    -0.233315    -0.108472     -0.21721    0.0634299      1.09789      1.14498    0.0764921       1.6341
   -0.948358    -0.310387    -0.141049    -0.139135    -0.257191       0.0216     0.972992       1.2426    -0.180381      1.53857
   -0.948358      -0.4084   -0.0606853    -0.158136    -0.296934   -0.0127336     0.850971      1.26867    -0.394027      1.44054
   -0.948358    -0.173203    -0.265373    -0.203619    -0.244545    0.0724964     0.966367      1.08174    0.0865583      1.66924
   -0.948358    -0.203755    -0.214714    -0.062472    -0.190445    0.0524426      1.15479      1.17785    0.0755467      1.48233
   -0.948358    -0.302832    -0.189896    -0.491478     -0.19597  -0.00646925     0.639931      1.07195    -0.161038     0.730317
   -0.948358    -0.148998    -0.319489    -0.368223    -0.121507    0.0325105     0.708815     0.974191     0.185063     0.679938
   -0.948358    -0.148351    -0.317491    -0.355382    -0.149703    0.0420298     0.727805     0.978717     0.175274     0.851989
   -0.948358    -0.307081    -0.184298    -0.478617    -0.226458  -0.00735164     0.652384       1.0811    -0.178549     0.855481
   -0.948358    -0.151669    -0.319484    -0.381452   -0.0839972    0.0207834     0.691433      0.97182     0.193473     0.464644
   -0.948358    -0.149167    -0.314273    -0.343511    -0.171005    0.0491459      0.74671     0.984885     0.164929     0.988576
   -0.948358    -0.154265    -0.299651    -0.294015    -0.221501    0.0666024     0.825308       1.0144     0.132607       1.3664
   -0.948358    -0.160875    -0.288602    -0.268502    -0.235824    0.0701368     0.867096      1.03508     0.113092      1.49649
   -0.948358    -0.471854   -0.0432776    -0.632699    -0.372548    -0.076972     0.482177      1.05045    -0.530924     0.811047
   -0.948358    -0.150193    -0.309164    -0.323374    -0.196328    0.0583867     0.778481     0.994967     0.151849      1.16788
   -0.948358    -0.165303    -0.280112    -0.245013    -0.242387    0.0721082     0.903727      1.05196      0.10158      1.58025
   -0.948358    -0.468429   -0.0535902    -0.711704     -0.10075   -0.0231742      0.43172      1.01757     -0.48782      0.16183
   -0.948358    -0.303541    -0.193915    -0.528572   -0.0641969    -0.004786     0.604428      1.05597      -0.1294     0.216874
   -0.948358    -0.153267    -0.319427    -0.388867   -0.0489973    0.0102972      0.68183     0.971056     0.203044     0.271982
   -0.948358    -0.384498   -0.0510903     0.125983  0.000806648  -0.00530071      1.09274       1.3406    -0.114791  -0.00233469
   -0.948358    -0.463722    0.0173494     0.179551  0.000574488   -0.0046554     0.973909      1.32823    -0.249396   -0.0125787
   -0.948358    -0.264917    -0.148035    0.0712903  0.000953573  -0.00644131      1.24728      1.28351     0.109902    0.0139731
   -0.948358    -0.264792    -0.148227    0.0707793     0.013706   -0.0096149      1.24677      1.28341     0.116948   -0.0885165
   -0.948358    -0.384418   -0.0512422     0.125356    0.0139284  -0.00640005      1.09241      1.34074    -0.108897    -0.091966
   -0.948358    -0.463664    0.0172208     0.178803     0.014737  -0.00476554     0.973461      1.32821    -0.243779    -0.100494
   -0.948358    -0.407757    -0.037681    0.0801596     0.137053   -0.0107846      1.01372      1.32901    -0.132479    -0.866676
   -0.948358    -0.345626   -0.0894212    0.0558463     0.126714   -0.0203818      1.10027      1.31862   -0.0117977    -0.868033
   -0.948358    -0.336998   -0.0995675    0.0279281     0.153645   -0.0242212      1.08792      1.30802   0.00462411     -1.04183
   -0.948358    -0.403094   -0.0448049    0.0479766     0.166502   -0.0112687     0.998537      1.32293    -0.128613     -1.02923
   -0.948358    -0.417762   -0.0260511     0.114504     0.100322  -0.00886971      1.02017      1.33358    -0.149581    -0.642534
   -0.948358    -0.355452   -0.0779305    0.0877639    0.0861432   -0.0152577      1.11169      1.32786   -0.0343109    -0.594989
   -0.948358    -0.227315    -0.182882    0.0239641     0.111649   -0.0396004      1.24018      1.23551     0.224843    -0.885454
   -0.948358    -0.220558    -0.191979 -8.78222e-05     0.140711   -0.0487912      1.21583      1.22041     0.242881     -1.10564
   -0.948358    -0.332515    -0.105571   0.00767988      0.17077    -0.026092      1.07663      1.30138    0.0116172     -1.14409
   -0.948358    -0.400821   -0.0496032    0.0196539     0.189351   -0.0108948     0.982128      1.31724     -0.13025     -1.14338
   -0.948358    -0.326525    -0.114349   -0.0246224     0.195121   -0.0285825      1.05599      1.29081    0.0193582     -1.28108
   -0.948358    -0.403881   -0.0511874   -0.0188679     0.219008  -0.00852335       0.9501      1.30965    -0.146479     -1.27011
   -0.948358    -0.213846    -0.200903   -0.0231602      0.16242   -0.0556574      1.19266      1.20551     0.257417     -1.25949
   -0.948358    -0.318934    -0.127228   -0.0796163     0.229234   -0.0306125      1.01542      1.27078    0.0247675     -1.44244
   -0.948358    -0.411772    -0.051813   -0.0918983     0.265486 -0.000568562     0.889063       1.2913     -0.18453     -1.40941
   -0.948358    -0.238706     -0.17062    0.0478079    0.0737901    -0.027528      1.25583      1.25357     0.192067    -0.581101
   -0.948358    -0.373857   -0.0603229     0.116711    0.0349524  -0.00904458       1.1033      1.33621    -0.081269    -0.239689
   -0.948358     -0.25587      -0.1557    0.0638446    0.0406306   -0.0170065      1.25122      1.27358     0.146301    -0.306941
   -0.948358    -0.366098    -0.067318     0.108006    0.0522751   -0.0111235      1.10993      1.33345   -0.0614994    -0.360475
   -0.948358    -0.433207   -0.0107092     0.143803    0.0650317  -0.00678032        1.011      1.33462    -0.180023    -0.418169
   -0.948358    -0.449727   0.00461024     0.164645    0.0377968  -0.00543106     0.992349      1.33216    -0.213707    -0.244664
   -0.948358    -0.190109    -0.234561    -0.107449     0.218173   -0.0760052      1.09297       1.1474     0.299919     -1.60368
   -0.948358    -0.180826    -0.249845    -0.150923     0.234659   -0.0810544      1.03611       1.1179     0.310393     -1.65816
   -0.948358    -0.302831    -0.154551    -0.193386     0.276761   -0.0311342     0.923683      1.21945    0.0335371     -1.58218
   -0.948358    -0.309977     -0.14184    -0.139038     0.257586   -0.0316425     0.969467      1.24493    0.0308625     -1.54489
   -0.948358    -0.172741    -0.266313    -0.203528      0.24496   -0.0829072     0.961447      1.08418     0.313579     -1.63761
   -0.948358    -0.299653    -0.165358    -0.259867     0.292402   -0.0267205     0.861909      1.18834     0.023809     -1.55427
   -0.948358    -0.405205   -0.0699092    -0.223364     0.322341    0.0103358     0.806642      1.24772     -0.20472     -1.50397
   -0.948358    -0.408171   -0.0612031    -0.157972      0.29678   0.00446723     0.848588      1.27114    -0.194698     -1.47981
   -0.948358    -0.203116    -0.215766    -0.061432     0.191592   -0.0654957      1.15055      1.17994     0.278004     -1.45171
   -0.948358    -0.407308   -0.0756978    -0.306521     0.348949     0.020739     0.746246      1.21401    -0.228175     -1.47203
   -0.948358    -0.470798   -0.0477705      -0.6729     0.302591    0.0617354      0.45623      1.03307    -0.428598    -0.687553
   -0.948358    -0.302796    -0.190188    -0.491673     0.194322  0.000132003     0.638714       1.0741    -0.059728    -0.752868
   -0.948358    -0.301051    -0.193567    -0.505708     0.156313  3.52334e-06     0.625243      1.06595   -0.0670654    -0.597478
   -0.948358    -0.470897   -0.0493772    -0.692038     0.244676    0.0506635     0.443487      1.02477    -0.440403     -0.54685
   -0.948358     -0.46787   -0.0483542    -0.647024     0.341612    0.0671842     0.474831      1.04564    -0.413514    -0.809614
   -0.948358    -0.148178    -0.318016     -0.35541      0.14892   -0.0497564     0.724701     0.980305     0.290148    -0.822062
   -0.948358    -0.148902    -0.319853    -0.368325     0.120625    -0.040156     0.706418      0.97543      0.27628    -0.651091
   -0.948358    -0.301865    -0.194501    -0.519731     0.107972 -0.000360175     0.612081      1.05962    -0.082428    -0.409368
   -0.948358    -0.469124    -0.052274    -0.704686     0.170872    0.0354992      0.43581      1.02014    -0.450288    -0.384903
   -0.948358    -0.303486    -0.194018    -0.528568    0.0625748     -0.00122     0.603994      1.05635   -0.0980336    -0.240906
   -0.948358    -0.468425   -0.0536284    -0.711652     0.100607    0.0206154     0.431462      1.01787    -0.460518    -0.239367
   -0.948358     -0.15155    -0.319812    -0.381453    0.0833087   -0.0278911     0.689904     0.972946     0.255493    -0.436853
   -0.948358    -0.153202     -0.31961    -0.388871    0.0481921   -0.0173222      0.68095     0.971685     0.238598    -0.245012
   -0.948358    -0.305775    -0.192425    -0.533649    0.0292989  -0.00197066     0.599693      1.05543    -0.111609    -0.119758
   -0.948358    -0.468977   -0.0534366     -0.71524    0.0473257   0.00907764     0.428835      1.01653    -0.469638    -0.132824
   -0.948358    -0.307001    -0.184631    -0.478809     0.224371   0.00056856     0.651114      1.08337   -0.0599052    -0.879472
   -0.948358     -0.14894    -0.314897    -0.343509     0.170397   -0.0571143     0.743118     0.986662     0.298579    -0.958376
   -0.948358    -0.153457    -0.319823    -0.391347    0.0224919  -0.00993369     0.677783     0.970809     0.228572    -0.107814
   -0.948358    -0.421932   -0.0739392    -0.436331     0.374794    0.0413816     0.644415      1.15533    -0.284606     -1.30853
   -0.948358    -0.304283    -0.172903    -0.358249     0.296135   -0.0140178     0.766108      1.14383   -0.0124083     -1.38225
   -0.948358    -0.306132     -0.17648      -0.4027     0.284582  -0.00790816     0.723024      1.12231   -0.0295746     -1.24748
   -0.948358    -0.431743   -0.0703693    -0.503004     0.377554    0.0514467     0.592503       1.1208     -0.31527     -1.18132
   -0.948358    -0.412808   -0.0770299     -0.37769     0.365679    0.0313603     0.692105      1.18182     -0.25388     -1.39772
   -0.948358    -0.301804    -0.170145    -0.315836     0.298182   -0.0199189     0.807332      1.16332   0.00451021     -1.47484
   -0.948358    -0.160482    -0.289481    -0.268648     0.235942   -0.0794829     0.862574      1.03761     0.316513     -1.46616
   -0.948358     -0.15381    -0.300609    -0.294002     0.221449   -0.0755054     0.820477      1.01658     0.318236     -1.33493
   -0.948358     -0.30883    -0.179622    -0.451546     0.257634  -0.00147913     0.676853      1.09827   -0.0513727       -1.049
   -0.948358    -0.452018   -0.0579743    -0.580916     0.372921    0.0638649     0.527891      1.08182    -0.369698     -1.00572
   -0.948358    -0.471659    -0.043578    -0.632613     0.369187    0.0722482     0.482411      1.05314    -0.415739    -0.888714
   -0.948358    -0.390075    -0.114226    -0.565311     0.285417    0.0350398     0.560326      1.06408    -0.242396    -0.845055
   -0.948358    -0.164904    -0.281006    -0.245137     0.242647   -0.0818243     0.898971       1.0545      0.31637     -1.54948
   -0.948358    -0.149926    -0.309949    -0.323224     0.196206    -0.066547     0.774242     0.997435     0.310194     -1.13714
   -0.948358    -0.305891    -0.192411    -0.534519  -0.00076098  -0.00293674     0.598985      1.05503    -0.119259   -0.0124518
   -0.948358    -0.468692   -0.0537551    -0.715727 -0.000230734   -0.0013069     0.428686      1.01637    -0.475673   -0.0387113
   -0.948358    -0.153652    -0.319761    -0.392139  -0.00042372  -0.00349081     0.677012     0.970564     0.219835    0.0133591
   -0.948358    -0.153492    -0.319734    -0.391349   -0.0233377   0.00294565     0.678195     0.970523      0.21189     0.134618
   -0.948358    -0.305797    -0.192377    -0.533646   -0.0308345   -0.0039141     0.599892      1.05523    -0.126311    0.0949417
   -0.948358     -0.46899   -0.0534084     -0.71527   -0.0475518   -0.0116458     0.428935      1.01637    -0.482423    0.0548339
   -0.948358    -0.563526    0.0572705    -0.403773    -0.473759    -0.101511     0.515733      1.13574    -0.753079      1.21947
   -0.948358    -0.552661    0.0536607    -0.311857     -0.42769   -0.0827834     0.572734      1.17536    -0.721635      1.26714
   -0.948358     -0.57956    0.0825439    -0.243452    -0.411753   -0.0814078     0.562457      1.17796    -0.761635       1.2503
   -0.948358    -0.590124     0.084128    -0.362835    -0.472854    -0.104871     0.495642      1.13169    -0.800656      1.20744
   -0.948358    -0.865551     0.372611     0.153158    -0.284051    -0.077761    0.0579041     0.641648    -0.908761     0.589461
   -0.948358    -0.877016     0.394735     0.332975    -0.239475   -0.0624756    0.0667617     0.601287    -0.804977     0.594394
   -0.948358    -0.892225     0.412827     0.390318    -0.220413   -0.0573562    0.0373526     0.548029    -0.770053     0.555262
   -0.948358    -0.880604     0.389392      0.19203    -0.260382   -0.0715103     0.025844     0.591828    -0.888017     0.533666
   -0.948358    -0.895768     0.407934      0.25722    -0.233916   -0.0639158  -0.00173573     0.538981    -0.850076     0.488777
   -0.948358    -0.878045      0.37509  -0.00365683    -0.274265   -0.0794436   -0.0113963     0.593929    -0.978702     0.424998
   -0.948358    -0.862531     0.355245   -0.0869726    -0.323905   -0.0947411    0.0104889     0.638623     -1.01211     0.483247
   -0.948358    -0.845034      0.32436    -0.328863     -0.40078    -0.122185  -0.00327499     0.661973     -1.07828       0.4521
   -0.948358    -0.849799     0.328285    -0.340299    -0.373539    -0.114502   -0.0186982     0.644401     -1.07864     0.394533
   -0.948358    -0.834037        0.302    -0.539668    -0.488564    -0.153965   -0.0324628     0.644131     -1.09412     0.407867
   -0.948358    -0.830287     0.298612    -0.536009    -0.518224    -0.162811   -0.0218505     0.656527     -1.09456     0.454337
   -0.948358    -0.710873     0.205043     -0.20262    -0.449685     -0.11457     0.337134      1.01367    -0.960025      1.02591
   -0.948358    -0.697341     0.200284   -0.0809854    -0.384355   -0.0904288     0.402009      1.05547    -0.897673      1.04689
   -0.948358     -0.74655     0.252022    0.0170368    -0.353328   -0.0865609     0.321732     0.965089    -0.910995     0.934652
   -0.948358    -0.753119     0.249533    -0.119364    -0.417859    -0.109456     0.269982     0.939099    -0.978308     0.927811
   -0.948358    -0.644365    0.0994498    -0.944503    -0.519772    -0.159574     0.159121     0.795626    -0.780679     0.388961
   -0.948358    -0.576974    0.0424107    -0.826715    -0.419951     -0.11784     0.287493     0.912669    -0.695997      0.48518
   -0.948358    -0.573253    0.0408005    -0.800909    -0.479679    -0.132332     0.305354     0.926166    -0.695513     0.604789
   -0.948358    -0.641072    0.0974751    -0.930293    -0.585204    -0.177934     0.170559     0.802145    -0.775259     0.480435
   -0.948358    -0.817292     0.270673    -0.819251    -0.373547    -0.121725   -0.0826797     0.585948     -1.04815     0.139147
   -0.948358    -0.818259     0.273197     -0.78728    -0.234992   -0.0757274   -0.0762051     0.596854     -1.05374    0.0612906
   -0.948358    -0.798678     0.248138    -0.904325    -0.251496   -0.0817877   -0.0735937     0.593568     -1.01533    0.0483092
   -0.948358    -0.799219     0.247097    -0.937031    -0.402826    -0.132432   -0.0843772     0.575248     -1.00461     0.117344
   -0.948358    -0.828955     0.287715    -0.710322    -0.344889    -0.111199   -0.0745662     0.598408     -1.07238     0.160734
   -0.948358    -0.840811     0.306272     -0.57901    -0.310783   -0.0987134   -0.0637635     0.608647     -1.08525     0.184889
   -0.948358    -0.844336     0.310935    -0.555209    -0.194667   -0.0611342   -0.0669613     0.604081     -1.08099    0.0858011
   -0.948358    -0.831042     0.291163    -0.682307    -0.217248   -0.0692625   -0.0724895     0.602103     -1.07303    0.0734481
   -0.948358    -0.836171     0.300142    -0.610206    -0.415851    -0.132713   -0.0597106      0.61434     -1.08779     0.272826
   -0.948358    -0.846656     0.318514    -0.460216    -0.367152    -0.114913   -0.0434841     0.625425      -1.0877     0.304677
   -0.948358    -0.853956     0.327329    -0.428018    -0.271881   -0.0846922   -0.0545806     0.608684     -1.07983     0.205334
   -0.948358    -0.754358     0.198767     -1.03752    -0.420474    -0.138083    -0.038781     0.611247    -0.924404     0.119914
   -0.948358    -0.747693      0.19347     -1.01263    -0.263463   -0.0857114   -0.0194473     0.639289    -0.929554    0.0526819
   -0.948358    -0.701533     0.149945     -1.00009    -0.238178   -0.0762219    0.0568573     0.714812     -0.86881     0.070029
   -0.948358    -0.711222     0.158162       -1.024    -0.390271    -0.126178    0.0341223     0.684797     -0.87117     0.147195
   -0.948358    -0.666046     0.117774    -0.973873    -0.344587    -0.108448     0.116934      0.76695    -0.816676     0.181081
   -0.948358    -0.653894     0.107172    -0.951881    -0.206469   -0.0642544     0.140898     0.795343    -0.804825    0.0917946
   -0.948358    -0.608958    0.0677448    -0.894545     -0.17564   -0.0524389      0.21882     0.865086    -0.738816      0.11327
   -0.948358    -0.622638    0.0798792     -0.91366    -0.297551   -0.0900881     0.195683     0.840564    -0.759055     0.213477
   -0.948358    -0.637944    0.0934693    -0.936404     -0.42509     -0.13023     0.169158      0.81049    -0.776553     0.308129
   -0.948358    -0.555259    0.0217466     -0.81723    -0.237675   -0.0654222     0.310393     0.936714    -0.655794     0.267752
   -0.948358    -0.571139    0.0362903    -0.831001    -0.342773   -0.0963245     0.289695     0.916842    -0.683874     0.380469
   -0.948358    -0.839202     0.308536    -0.510931    -0.437444    -0.137597   -0.0378769     0.636078     -1.09261     0.362405
   -0.948358    -0.829242     0.289227    -0.689059    -0.503108    -0.161872   -0.0648841     0.609385     -1.08301     0.312412
   -0.948358     -0.55565    0.0428633    -0.514493    -0.507466    -0.115353      0.47262      1.09046    -0.732766      1.13774
   -0.948358    -0.572401    0.0527881    -0.601689    -0.547869    -0.135486      0.40995      1.03709    -0.751782      1.03536
   -0.948358    -0.560317    0.0411045     -0.60958    -0.534655    -0.130204     0.419487       1.0388    -0.725736      1.02267
   -0.948358    -0.542609    0.0303023    -0.523612     -0.49708    -0.110564     0.482902      1.09152    -0.704865      1.13031
   -0.948358    -0.775819     0.222199     -0.97979    -0.267547   -0.0873401   -0.0562138     0.605125    -0.972448    0.0479274
   -0.948358    -0.779567     0.224554     -1.00737    -0.425574     -0.14029   -0.0716504     0.580849    -0.963067     0.114117
   -0.948358     -0.56529    0.0361715    -0.758544    -0.508097     -0.13569     0.335802      0.95244     -0.69244     0.723029
   -0.948358    -0.592355    0.0595163     -0.79504     -0.56781    -0.158606     0.290686      0.91584     -0.73347     0.715135
   -0.948358    -0.622264     0.083057    -0.875174    -0.609255    -0.179764     0.218848     0.847019     -0.75938     0.605333
   -0.948358    -0.560903    0.0362459    -0.695551    -0.534066    -0.136827     0.373553     0.988727    -0.702733      0.87416
   -0.948358    -0.572974    0.0469133    -0.705642    -0.556311    -0.145584     0.356419     0.977524    -0.724452     0.874259
   -0.948358     -0.60422    0.0701658    -0.805316      -0.6012    -0.170309     0.273419       0.9017     -0.75244     0.728821
   -0.948358    -0.636883    0.0969107    -0.877756    -0.675026    -0.200781     0.202396     0.833161    -0.784372     0.664505
   -0.948358    -0.631415    0.0916347    -0.878478    -0.650253    -0.192953     0.207814     0.837374    -0.774351     0.639801
   -0.948358    -0.613365    0.0788981    -0.804535    -0.630457    -0.179751      0.26429     0.895745     -0.77026     0.757603
   -0.948358    -0.638811    0.0962285    -0.917776    -0.622709    -0.188186     0.179819     0.809227     -0.77341     0.540235
   -0.948358    -0.583142     0.056554    -0.703529    -0.575229    -0.152262     0.347058     0.973766    -0.745761     0.891429
   -0.948358    -0.592931    0.0663512    -0.692795    -0.593282    -0.158069      0.34196      0.97482    -0.769055     0.921147
   -0.948358      -0.8012     0.311356     0.147676     -0.30715   -0.0775327     0.223779     0.834367    -0.887855     0.796415
   -0.948358    -0.800477     0.300685   -0.0115702    -0.370013   -0.0992105     0.186273     0.830389    -0.968777     0.798595
   -0.948358    -0.837196     0.341202    0.0816511    -0.323701   -0.0878842     0.116244     0.729501    -0.940542     0.685872
   -0.948358    -0.846628     0.361802     0.268059     -0.26462   -0.0679694     0.134464     0.700912    -0.838469     0.677101
   -0.948358    -0.674535     0.167441    -0.267067    -0.469531    -0.116244     0.388003      1.06107    -0.926622      1.09455
   -0.948358    -0.662607     0.164275    -0.145649    -0.402708   -0.0915483     0.451784       1.1035    -0.873607      1.11796
   -0.948358     -0.62784     0.121041    -0.323457    -0.475409    -0.111395     0.451132      1.10743    -0.862679      1.16536
   -0.948358    -0.619006     0.120585    -0.207189    -0.413498   -0.0884861     0.510136      1.14732    -0.821549      1.19158
   -0.948358    -0.528945     0.023136    -0.443741    -0.463295   -0.0935429     0.539679      1.13574    -0.684015      1.21857
   -0.948358    -0.543142     0.037006    -0.429667    -0.469269   -0.0973703     0.529741      1.13595    -0.712958      1.22013
   -0.948358    -0.536043    0.0367973    -0.339269    -0.430131   -0.0808848     0.583052      1.17554    -0.693584      1.27915
   -0.948358    -0.875946      0.36671    -0.112174    -0.266329   -0.0791039   -0.0321319     0.588285     -1.01073     0.340977
   -0.948358    -0.893541      0.39202    0.0296531    -0.216171   -0.0626954   -0.0464845     0.540783    -0.956505     0.312355
   -0.948358    -0.885057     0.375988    -0.103509    -0.202267   -0.0600388   -0.0549191     0.557911     -1.00271     0.231665
   -0.948358    -0.899041     0.404269     0.145209    -0.224601   -0.0636161   -0.0357958     0.525452    -0.904175     0.386828
   -0.948358    -0.911554     0.416507     0.148079     -0.17456   -0.0496698   -0.0703567     0.479981    -0.895275     0.269576
   -0.948358     -0.90261     0.400598    0.0264404    -0.151462    -0.043863   -0.0728978     0.506687    -0.948181     0.185277
   -0.948358    -0.870302      0.35305    -0.253158    -0.230727   -0.0701516   -0.0518382     0.588969     -1.04816     0.218513
   -0.948358    -0.860279     0.341478    -0.286343    -0.315945   -0.0964864    -0.032922     0.618316     -1.06288     0.330222
   -0.948358    -0.941127     0.456292     0.332964     -0.12374   -0.0339872    -0.115097     0.369142    -0.784593     0.210841
   -0.948358    -0.924433     0.431057     0.183008    -0.111932   -0.0313647   -0.0994407     0.432481    -0.868052     0.148786
   -0.948358    -0.919747     0.422772     0.120475   -0.0722194   -0.0198933    -0.100071      0.44798    -0.894643    0.0619386
   -0.948358    -0.899909     0.394519   -0.0321307    -0.101879   -0.0293038   -0.0791533     0.511823     -0.96677    0.0875452
   -0.948358    -0.920592     0.433541     0.285143    -0.185473   -0.0513831   -0.0659849     0.447804    -0.824064     0.350296
   -0.948358    -0.949507     0.471258     0.445418     -0.13995   -0.0376796    -0.115272     0.335339    -0.720024     0.287891
   -0.948358    -0.941268     0.453931     0.291982   -0.0824029   -0.0223381    -0.124282     0.369212    -0.802948     0.109689
   -0.948358    -0.919608     0.421904     0.108176   -0.0352112  -0.00889147    -0.102509     0.447829    -0.895999   -0.0055836
   -0.948358    -0.902267     0.396938   -0.0297498   -0.0465266   -0.0125109   -0.0852697      0.50332    -0.959891  6.94757e-05
   -0.948358     -0.93892      0.44966     0.258991   -0.0532564   -0.0139499    -0.124629     0.378191    -0.817867    0.0446815
   -0.948358    -0.937906     0.447779     0.244089   -0.0270915  -0.00631301    -0.124972     0.381876    -0.822611  -0.00887537
   -0.948358    -0.920184     0.422519     0.109155  0.000189151   0.00167472     -0.10395     0.445647    -0.891123   -0.0679155
   -0.948358     -0.90297     0.397699    -0.028354  0.000170803   0.00167677   -0.0869183     0.500856    -0.954334   -0.0728725
   -0.948358    -0.883342     0.369094     -0.19296   -0.0585891   -0.0164868   -0.0724485     0.552889     -1.01911   0.00146339
   -0.948358    -0.878851     0.363498    -0.214849    -0.136106   -0.0406408   -0.0655955     0.565315     -1.03137     0.100405
   -0.948358    -0.445643   -0.0152757  -0.00901329    -0.229091   -0.0108306     0.893822      1.30503    -0.399927      1.20646
   -0.948358    -0.456135   -0.0135954    -0.087254    -0.279742    -0.020717     0.830373      1.28522    -0.464288      1.32979
   -0.948358    -0.439288   -0.0168011    0.0303764    -0.198354   -0.0066171     0.928531      1.31381    -0.360034       1.1008
   -0.948358    -0.481787    0.0159215  0.000119885    -0.239608   -0.0192765     0.839109      1.29499    -0.469984      1.17869
   -0.948358    -0.491612    0.0178436   -0.0744574    -0.287654   -0.0297681     0.782322      1.27612    -0.530801      1.28508
   -0.948358     -0.45784   -0.0186473    -0.162391    -0.317884   -0.0294409      0.78353      1.26391    -0.497999      1.38614
   -0.948358    -0.450355   0.00186442     0.130273    -0.107667  -0.00426383     0.970819      1.32723    -0.296887     0.641065
   -0.948358    -0.439594   -0.0104204     0.093714    -0.142809  -0.00367266     0.967753      1.32465     -0.30917     0.842845
   -0.948358    -0.468861    0.0203258     0.166384   -0.0709047  -0.00504286     0.955968      1.32374    -0.297893     0.416725
   -0.948358    -0.485912    0.0328965     0.151396    -0.114994  -0.00772669     0.913877      1.31362    -0.358821     0.646297
   -0.948358    -0.474448    0.0199009      0.11275    -0.148441  -0.00832557     0.914368      1.31487    -0.370674     0.827788
   -0.948358    -0.435785    -0.016822    0.0597805    -0.172678   -0.0043444     0.952985      1.31969    -0.330004     0.993696
   -0.948358    -0.523964    0.0668719      0.17844    -0.121123   -0.0113458     0.851211      1.29073    -0.419474     0.642152
   -0.948358    -0.512143    0.0534311     0.137766    -0.152987   -0.0130723     0.855131       1.2967     -0.43232     0.804577
   -0.948358    -0.508807    0.0473891       0.1006     -0.18306   -0.0158145     0.842769      1.29519    -0.456589     0.937982
   -0.948358    -0.470939    0.0137196    0.0771182    -0.178498   -0.0100778     0.900655      1.31161    -0.393308     0.970064
   -0.948358     -0.50573    0.0530658     0.193639   -0.0765698  -0.00718147     0.895876      1.30429    -0.357031     0.424331
   -0.948358     -0.54349    0.0873164     0.225766    -0.080969  -0.00935318     0.832255      1.27569    -0.411573     0.423714
   -0.948358    -0.565668     0.105155     0.215627    -0.123557   -0.0148258     0.781326      1.25568    -0.476278     0.617028
   -0.948358     -0.55413    0.0918728       0.1737    -0.154432   -0.0174627     0.787152      1.26534    -0.491449      0.76565
   -0.948358    -0.513628    0.0483645    0.0645617    -0.213017   -0.0205034     0.815899      1.28827    -0.493891      1.04346
   -0.948358    -0.475406    0.0144646    0.0444222     -0.20643   -0.0136202     0.874402      1.30506    -0.427501      1.07638
   -0.948358    -0.550731    0.0857681     0.134964    -0.184345   -0.0212077      0.77728      1.26686    -0.517727      0.88974
   -0.948358    -0.555009    0.0863504    0.0971586    -0.214871   -0.0266254     0.752264      1.26038    -0.555523     0.991631
   -0.948358    -0.518041    0.0476974    0.0111191    -0.250313   -0.0275186     0.781725       1.2778    -0.537782      1.15071
   -0.948358    -0.596088      0.12847     0.181856    -0.181876   -0.0256776     0.703688      1.22325    -0.572116     0.828165
   -0.948358    -0.599791     0.128746     0.144156    -0.211707   -0.0314728     0.681318      1.21767     -0.60931      0.92395
   -0.948358    -0.610082     0.134222    0.0980281    -0.247618   -0.0401814     0.642482       1.2029    -0.661493      1.01044
   -0.948358    -0.569507     0.095568    0.0555974    -0.250213   -0.0353767      0.70634      1.24338    -0.612616      1.07409
   -0.948358    -0.599819      0.13483     0.221442    -0.152646   -0.0212765     0.710637      1.21859    -0.544501     0.712799
   -0.948358    -0.643445     0.174207     0.239893    -0.176931   -0.0289438     0.621664      1.16046    -0.614484     0.762098
   -0.948358     -0.64602     0.173559     0.201052    -0.206131   -0.0350371     0.602731      1.15701    -0.651239     0.852655
   -0.948358    -0.610679     0.147688     0.265167    -0.122178   -0.0175361     0.702869      1.20355    -0.524215     0.575932
   -0.948358    -0.583396     0.124399     0.265889   -0.0824248   -0.0112936     0.763075      1.23544    -0.460132     0.407288
   -0.948358    -0.625276     0.164277     0.315176   -0.0809951   -0.0127339     0.687898      1.18131    -0.499924     0.378066
   -0.948358     -0.65737     0.192961     0.325539    -0.117915   -0.0194807     0.618251      1.13476    -0.559938     0.525187
   -0.948358    -0.647231     0.180665     0.280907    -0.148028   -0.0238894      0.62643      1.15234    -0.583902     0.653795
   -0.948358    -0.563722     0.107542     0.263695   -0.0423988  -0.00700661     0.805245       1.2566    -0.409942     0.209223
   -0.948358    -0.527052    0.0737623     0.227833   -0.0411495   -0.0061305      0.86797      1.28967    -0.362814     0.216612
   -0.948358    -0.541186    0.0871692     0.246681   -0.0158658   -0.0048781     0.846576      1.27823      -0.3681    0.0705218
   -0.948358    -0.576392     0.119889     0.283278   -0.0162537  -0.00493136     0.785336      1.24266    -0.410401    0.0657082
   -0.948358    -0.489282    0.0396641     0.195153   -0.0387181  -0.00513879     0.930305      1.31484    -0.307869     0.218206
   -0.948358    -0.503508     0.052831     0.211711   -0.0150001   -0.0047422     0.909634      1.30709    -0.316328    0.0739525
   -0.948358    -0.541229    0.0872824     0.247684  0.000362429  -0.00392183     0.846905      1.27833    -0.361306   -0.0206759
   -0.948358    -0.576428     0.119987     0.284279   0.00033071  -0.00354859     0.785764      1.24298    -0.403797   -0.0238462
   -0.948358    -0.612965     0.154479     0.325333    -0.016133  -0.00501602     0.719732      1.19765    -0.447791    0.0576355
   -0.948358     -0.60138     0.142977      0.30553   -0.0421692  -0.00762338     0.738398       1.2128    -0.450332     0.195283
   -0.948358    -0.650513     0.190748     0.373836    -0.015623  -0.00486133      0.64949      1.14038    -0.476873    0.0497543
   -0.948358    -0.639977     0.180009     0.353554   -0.0406513  -0.00804365     0.667617      1.15835    -0.483159     0.175586
   -0.948358    -0.612924     0.154532     0.326442   0.00032789  -0.00321692     0.720098      1.19753    -0.441019     -0.02734
   -0.948358    -0.650487     0.190794     0.374835  0.000293469  -0.00282944     0.649908      1.14055     -0.47074   -0.0297253
   -0.948358    -0.693959     0.233547     0.436338   -0.0142118  -0.00460857     0.565465      1.06232    -0.499044    0.0370728
   -0.948358    -0.684675     0.223901     0.416825   -0.0369248  -0.00796874     0.582188      1.08099     -0.50748     0.146689
   -0.948358    -0.503552    0.0529424     0.212618  0.000399062  -0.00431227      0.90991      1.30713    -0.309621   -0.0167944
   -0.948358    -0.567467    0.0870623    -0.031679    -0.299535   -0.0462816     0.673113       1.2343    -0.659345      1.18376
   -0.948358    -0.546748    0.0673577   -0.0523038    -0.300807   -0.0430802     0.700945      1.24798    -0.629929      1.21918
   -0.948358    -0.544537    0.0712344    0.0207779    -0.257988   -0.0332822      0.73823      1.26066     -0.58519      1.13043
   -0.948358    -0.575427    0.0886496    -0.105023    -0.341754   -0.0589113     0.627336      1.21341    -0.707696      1.22585
   -0.948358    -0.551002    0.0655933    -0.124677     -0.34026   -0.0542168     0.660666      1.22987    -0.669634      1.26316
   -0.948358    -0.521711    0.0444627   -0.0664118     -0.29674   -0.0375734     0.736959      1.26215     -0.58744      1.25268
   -0.948358    -0.592555     0.111844   0.00485244    -0.291882   -0.0482915     0.641215      1.21455     -0.68657       1.1307
   -0.948358    -0.457161   -0.0261769    -0.245059    -0.352968   -0.0391215     0.735584      1.23691    -0.519899      1.40037
   -0.948358    -0.462109   -0.0291771    -0.336424    -0.387222   -0.0524331     0.674774      1.19964     -0.54346      1.35646
   -0.948358    -0.487452 -0.000131958    -0.252941    -0.370292   -0.0509453     0.692842       1.2274    -0.583569      1.36421
   -0.948358      -0.4907  -0.00464675    -0.349702    -0.407812   -0.0651672      0.63483      1.18885    -0.603648      1.32174
   -0.948358    -0.474788   -0.0249149    -0.427908    -0.418083   -0.0687928     0.606608      1.15696    -0.572476      1.26196
   -0.948358    -0.491404   -0.0151202    -0.502185    -0.443788   -0.0845107     0.547338       1.1165    -0.600568      1.16024
   -0.948358     -0.50262 -0.000853438    -0.444492    -0.443193   -0.0825708     0.568636      1.14369    -0.629873      1.23212
   -0.948358     -0.51962   0.00932607    -0.522033    -0.474145   -0.0997126     0.508409      1.10015    -0.657464      1.13432
   -0.948358    -0.509301  -0.00426718     -0.58011    -0.464226   -0.0999601     0.485555      1.07242    -0.626012       1.0344
   -0.948358    -0.552326    0.0574663    -0.253174    -0.402248   -0.0736263     0.600575       1.1954    -0.711866       1.2841
   -0.948358    -0.534558    0.0414576    -0.255573    -0.394527   -0.0678855     0.626159      1.20586    -0.678027       1.3067
   -0.948358    -0.533407    0.0481809     -0.15029    -0.344705    -0.052266     0.677333      1.23557    -0.644771      1.29307
   -0.948358    -0.612547     0.123863   -0.0751541    -0.344179   -0.0656471      0.57243      1.18068    -0.762434      1.16895
   -0.948358    -0.626423     0.144257    0.0375279    -0.291264   -0.0529561     0.586743      1.17679    -0.728122      1.07658
   -0.948358    -0.653125     0.176321     0.152961    -0.240882   -0.0435589     0.570924      1.14563    -0.699594     0.936645
   -0.948358    -0.664757     0.182239    0.0901826    -0.282846   -0.0555401     0.524922      1.12479    -0.760285      1.00496
   -0.948358    -0.650458     0.160683   -0.0348902    -0.341312   -0.0703662     0.513096       1.1366    -0.807153      1.10372
   -0.948358    -0.888412     0.423327     0.610536    -0.160485   -0.0378818    0.0974095      0.54725      -0.6064     0.526588
   -0.948358    -0.886705     0.424785     0.657079    -0.140764   -0.0324388      0.11284     0.548346    -0.564694     0.485973
   -0.948358    -0.913282     0.454909      0.73436    -0.127348   -0.0295233    0.0539337     0.450914    -0.510425     0.442717
   -0.948358    -0.913874     0.452394       0.6872    -0.145332   -0.0344603    0.0414794     0.453142    -0.552243     0.480562
   -0.948358    -0.845615     0.374796     0.483646    -0.188945   -0.0441112     0.187274     0.693569     -0.68492     0.614182
   -0.948358    -0.836629     0.369844     0.535042    -0.160263   -0.0359181     0.223891     0.715834    -0.634415     0.561842
   -0.948358    -0.885563     0.425234     0.680061    -0.129348   -0.0294407     0.121352       0.5497     -0.54278     0.457428
   -0.948358     -0.91259     0.456033     0.761438    -0.114876    -0.026268     0.062142     0.450613    -0.484849     0.410536
   -0.948358    -0.910518     0.442803     0.588039    -0.173264   -0.0427093    0.0291311     0.473259    -0.632103     0.518357
   -0.948358    -0.895889     0.425576     0.536082    -0.185979   -0.0459107    0.0593965     0.527716    -0.668296     0.549311
   -0.948358    -0.911292     0.457355     0.800021   -0.0928215   -0.0207916    0.0749966     0.451391    -0.446557     0.344348
   -0.948358    -0.884112       0.4267     0.722502    -0.104934    -0.023365     0.135533     0.550261    -0.501311     0.386745
   -0.948358    -0.883769     0.428948     0.760923   -0.0767871   -0.0168463      0.14572     0.547437     -0.46098     0.288998
   -0.948358    -0.910044      0.45828     0.831712   -0.0677317   -0.0149241    0.0861477     0.452423    -0.411699     0.255438
   -0.948358    -0.832301      0.36868     0.577195    -0.133284   -0.0290727     0.245766     0.724057    -0.591137     0.489389
   -0.948358      -0.8316     0.370751     0.617009    -0.105647   -0.0226782     0.257527     0.722033    -0.551251     0.399827
   -0.948358    -0.882009      0.42847     0.778221   -0.0551932   -0.0120798     0.154953     0.551236    -0.438741     0.205748
   -0.948358    -0.908927     0.458361     0.848722    -0.047162   -0.0103191    0.0935547     0.454622    -0.390483     0.175311
   -0.948358    -0.927203     0.448792     0.429931    -0.184728   -0.0492492    -0.053418     0.421431    -0.740988      0.42426
   -0.948358    -0.953728     0.481656     0.547912     -0.14992   -0.0393297     -0.10574     0.315424    -0.656336     0.360586
   -0.948358    -0.910437     0.427275     0.342409    -0.210002   -0.0567193   -0.0245257     0.484821    -0.797248     0.460107
   -0.948358    -0.864575     0.340939     -0.36789   -0.0721896     -0.02114   -0.0674147      0.58591     -1.05952  -0.00200833
   -0.948358    -0.859243     0.333683    -0.405412    -0.167965   -0.0516922   -0.0631349     0.595648     -1.07091    0.0951913
   -0.948358    -0.848667     0.317064     -0.51957   -0.0848697   -0.0255379   -0.0682647     0.600325     -1.07507  -0.00615825
   -0.948358       -0.884     0.369804     -0.19166  0.000521652   0.00184795    -0.073953     0.550695     -1.01336   -0.0774396
   -0.948358    -0.865078     0.341495     -0.36656  0.000523771   0.00194379   -0.0684056     0.584574      -1.0543   -0.0806356
   -0.948358    -0.834423     0.296188    -0.649104   -0.0959623    -0.029443   -0.0712354     0.603625     -1.07225   -0.0108997
   -0.948358    -0.849001     0.317466    -0.518001  0.000518155   0.00204791   -0.0687214      0.59978     -1.07036   -0.0819162
   -0.948358    -0.834562     0.296416     -0.64716  0.000504823   0.00213983   -0.0710716        0.604     -1.06823   -0.0818194
   -0.948358    -0.820671     0.276998     -0.75861    -0.106546   -0.0331794   -0.0731992     0.602234     -1.05686   -0.0145696
   -0.948358    -0.766305      0.30699     0.557497   -0.0115022  -0.00369693     0.416914     0.898064    -0.502064    0.0206098
   -0.948358    -0.758854     0.299027     0.540141   -0.0290546  -0.00685585     0.431705     0.917456    -0.512578    0.0999588
   -0.948358    -0.693928     0.233591     0.437285  0.000355014   -0.0023927     0.565706      1.06215    -0.493395    -0.032384
   -0.948358    -0.766347     0.307081     0.558289  0.000341852  -0.00158736     0.417011     0.897945    -0.497836   -0.0330503
   -0.948358    -0.841706     0.386338     0.708206  -0.00930148   -0.0026816     0.252137     0.682742     -0.45508    0.0117734
   -0.948358    -0.837754     0.381926      0.69693   -0.0229097  -0.00543874     0.260285     0.695292    -0.465191    0.0704121
   -0.948358    -0.744177     0.282655     0.496362   -0.0655574   -0.0133066     0.457909     0.956169    -0.541415     0.262893
   -0.948358    -0.671233     0.209168     0.378085   -0.0766248   -0.0134873     0.601803      1.10651    -0.528637     0.337364
   -0.948358    -0.728535     0.264417     0.438006    -0.106455   -0.0201935     0.480079     0.993683     -0.57798     0.440356
   -0.948358     -0.71877     0.252265     0.391469    -0.134972   -0.0254009     0.491574      1.01915     -0.60939     0.553726
   -0.948358    -0.793997     0.332858     0.567786   -0.0879633   -0.0181984     0.346319     0.828214    -0.549198     0.344792
   -0.948358    -0.778305     0.314351     0.508041    -0.116425    -0.023727     0.372312     0.874399    -0.588616     0.456504
   -0.948358    -0.714965      0.24583     0.349856     -0.16257     -0.03084     0.488733      1.02984    -0.642237     0.651778
   -0.948358    -0.716773     0.244597     0.310178    -0.190399   -0.0371592     0.473195      1.02921     -0.68019     0.734592
   -0.948358     -0.77518     0.308849     0.470392     -0.14037   -0.0288532     0.370886     0.886442    -0.621677     0.539591
   -0.948358    -0.778947     0.310041     0.438244    -0.164678   -0.0346352     0.352906     0.880351    -0.656611     0.611092
   -0.948358    -0.721487     0.245601     0.264237    -0.220944   -0.0449069     0.448854      1.02184    -0.724327     0.807628
   -0.948358    -0.728964     0.248539     0.208554    -0.255155   -0.0546122     0.415366      1.00757    -0.775479     0.866731
   -0.948358    -0.785058      0.31294     0.398995    -0.191459   -0.0416234     0.327153     0.868275    -0.697919     0.675122
   -0.948358    -0.793106     0.316934     0.348314    -0.221237   -0.0501818     0.293677     0.850753    -0.746777     0.726728
   -0.948358     -0.73745     0.250898     0.128352    -0.298579   -0.0680814     0.373132      0.98916    -0.838608     0.913534
   -0.948358    -0.679845     0.190542     0.013153    -0.330354   -0.0710192     0.468028      1.09503    -0.827673      1.04339
   -0.948358    -0.798856     0.316851     0.266552    -0.259101    -0.061806     0.258857     0.839372    -0.811446     0.770448
   -0.948358    -0.878514     0.425537     0.783069   -0.0358374  -0.00793991     0.166254     0.562082    -0.426678     0.126645
   -0.948358    -0.907121     0.457084     0.855043   -0.0301369  -0.00660321     0.100481     0.460368    -0.379208     0.105364
   -0.948358    -0.831654      0.37331     0.653429   -0.0731445   -0.0156344      0.26623     0.717466    -0.511418     0.279003
   -0.948358     -0.83054     0.373327     0.668612   -0.0504175   -0.0109732     0.273276     0.719341    -0.491248     0.187032
   -0.948358      -0.8784     0.425872     0.789628   -0.0193028  -0.00446196     0.168223      0.56187    -0.416099    0.0570418
   -0.948358    -0.908666     0.459148     0.864309   -0.0159903  -0.00353026    0.0981808     0.454237    -0.367732    0.0459992
   -0.948358    -0.831605     0.372225     0.638397   -0.0880123    -0.018821     0.262829     0.719723    -0.528677      0.33607
   -0.948358    -0.549614    0.0310775    -0.611068    -0.519748    -0.124379     0.429863      1.04245    -0.703273       1.0134
   -0.948358    -0.528787   0.00811232    -0.665953    -0.478873    -0.114588     0.418996      1.01719    -0.644279     0.879305
   -0.948358    -0.538823    0.0214837    -0.604552    -0.504423     -0.11784     0.444191      1.05014     -0.68244      1.01623
   -0.948358    -0.531066    0.0194791    -0.527152    -0.486539    -0.105671      0.49368      1.09398    -0.680584      1.12756
   -0.948358    -0.515374    0.0104657    -0.448427    -0.454176   -0.0884814     0.552628      1.13825    -0.656063      1.22197
   -0.948358    -0.521196    0.0226732    -0.350203    -0.425865   -0.0769115     0.597166      1.17842    -0.665452      1.29099
   -0.948358      -0.5217    0.0299391    -0.256599    -0.388549    -0.063538      0.64411      1.21232    -0.652906      1.32246
   -0.948358    -0.505876   0.00874191    -0.352612    -0.417734   -0.0714012     0.615086      1.18324    -0.634845      1.30544
   -0.948358    -0.506159    0.0161293    -0.256774    -0.380976    -0.058104     0.665803      1.21947    -0.622114      1.34155
   -0.948358    -0.515359    0.0317198    -0.158352    -0.340495   -0.0475978     0.701829      1.24416    -0.612439      1.31765
   -0.948358    -0.490639   0.00980125    -0.162449    -0.331629    -0.040145     0.736901      1.25431    -0.564641      1.34825
   -0.948358    -0.551492    0.0179208    -0.817439    -0.142042   -0.0391305      0.31284      0.94096    -0.644663     0.140784
   -0.948358     -0.88193      0.42988     0.800346  -0.00793291   -0.0020394     0.160658     0.549456    -0.405767   0.00879705
   -0.948358    -0.913436     0.464542     0.878218  -0.00657906  -0.00145923    0.0875174     0.436705    -0.355279   0.00646103
   -0.948358    -0.881961     0.429944     0.800926  0.000336215 -0.000302316     0.160738     0.549409    -0.402952   -0.0267418
   -0.948358    -0.913167     0.464269     0.877933  0.000368561  4.40747e-05    0.0882406     0.437685    -0.353385   -0.0233637
   -0.948358    -0.883323     0.409735     0.474871    -0.202108   -0.0502671    0.0811417     0.574184    -0.710336     0.580326
   -0.948358    -0.849088     0.372326     0.396195    -0.222813   -0.0544415     0.157641     0.689128    -0.754289     0.654032
   -0.948358    -0.902745     0.425915     0.438859    -0.206159   -0.0533545    0.0184769     0.509629    -0.738832     0.530731
   -0.948358    -0.914566     0.440438     0.490167    -0.191758   -0.0493726  -0.00397647     0.465188    -0.704193     0.503831
   -0.948358    -0.929063     0.457907     0.547253    -0.176068   -0.0451337   -0.0334445     0.409174    -0.663529     0.470952
   -0.948358    -0.841886     0.386571     0.709213  0.000315535 -0.000751706      0.25189     0.682171     -0.45157   -0.0300128
   -0.948358     -0.82061     0.277066    -0.755961  0.000687648   0.00227449   -0.0723416     0.603619     -1.05355   -0.0807911
   -0.948358     -0.79988      0.25041    -0.881769     -0.11679   -0.0368426   -0.0691392      0.60184     -1.02062   -0.0183661
   -0.948358    -0.938319     0.448201     0.244462  0.000301231   0.00172431    -0.126097      0.38027    -0.818659   -0.0625095
   -0.948358    -0.902274     0.396943   -0.0297449    0.0468356    0.0158359   -0.0852422     0.503365     -0.94992     -0.14591
   -0.948358    -0.883286     0.369021    -0.193215     0.059785    0.0202149   -0.0722434     0.553258     -1.00859    -0.156558
   -0.948358    -0.919684     0.421985      0.10828    0.0357473    0.0122793    -0.102745      0.44736    -0.887017    -0.130418
   -0.948358    -0.864555     0.340905    -0.368126    0.0731521    0.0249882   -0.0672567     0.586168     -1.04903    -0.159225
   -0.948358    -0.937947     0.447819     0.244107    0.0276275   0.00972934    -0.125106     0.381652    -0.815096    -0.116102
   -0.948358    -0.576434     0.119885     0.283175    0.0169188   -0.0021305     0.785321      1.24327    -0.398649    -0.113303
   -0.948358    -0.612949     0.154464     0.325414    0.0167847  -0.00143208     0.719563      1.19755    -0.436041    -0.112642
   -0.948358    -0.541189    0.0871537      0.24669    0.0165901  -0.00295818      0.84644      1.27841    -0.355726    -0.111977
   -0.948358    -0.650467     0.190686     0.373744    0.0161944 -0.000786926     0.649522      1.14071    -0.466191     -0.10921
   -0.948358    -0.503494    0.0528274     0.211866    0.0157793  -0.00390425     0.909355      1.30683    -0.303728    -0.107744
   -0.948358    -0.693932     0.233524     0.436373      0.01493 -0.000179798     0.565328      1.06218    -0.489377    -0.102104
   -0.948358    -0.766306     0.306981     0.557469     0.012183  0.000525963     0.416879     0.898193    -0.494866   -0.0867875
   -0.948358    -0.848673     0.317057    -0.519813    0.0857981    0.0295929   -0.0681317     0.600496     -1.06495     -0.15759
   -0.948358    -0.834442      0.29619    -0.649432     0.096751    0.0336524   -0.0711166     0.603736     -1.06278    -0.152533
   -0.948358    -0.820704     0.277017    -0.758893     0.107226    0.0375012    -0.073064     0.602318     -1.04801    -0.146825
   -0.948358     -0.79816     0.248588     -0.88451  0.000345684   0.00218884   -0.0666811     0.604958     -1.01585    -0.078016
   -0.948358    -0.841774     0.386405     0.708343   0.00991936   0.00117629     0.251989     0.682676    -0.449456   -0.0718465
   -0.948358    -0.881934     0.429879     0.800366   0.00856708    0.0014294     0.160679     0.549606    -0.401074    -0.062198
   -0.948358    -0.913286     0.464375     0.877864   0.00730724   0.00155086    0.0878616     0.437299    -0.351507   -0.0531642
   -0.948358    -0.435692   -0.0170809    0.0604301     0.173042  -0.00503633     0.951284      1.32119    -0.192243     -1.02221
   -0.948358    -0.439517   -0.0106353    0.0941579     0.143329  -0.00578143     0.966255      1.32581    -0.192282    -0.868499
   -0.948358    -0.445532   -0.0155829  -0.00814867     0.229056   0.00208762      0.89205      1.30715    -0.232486     -1.24519
   -0.948358     -0.43912   -0.0171287    0.0308005     0.198657  -0.00239805      0.92676      1.31528    -0.207442     -1.13276
   -0.948358     -0.46879    0.0201871     0.166455    0.0716654  -0.00411986     0.955191      1.32422    -0.239171    -0.443704
   -0.948358    -0.489297    0.0396331     0.195216     0.039482  -0.00367842     0.929881      1.31523    -0.276214      -0.2484
   -0.948358    -0.450328   0.00175145     0.130757     0.108308   -0.0052093     0.969454      1.32771    -0.207482    -0.666542
   -0.948358    -0.457204   -0.0263522    -0.244862     0.352398    0.0324135      0.73364      1.23903    -0.325221     -1.45976
   -0.948358    -0.457808   -0.0189181    -0.161768     0.317357    0.0220516     0.781606      1.26643     -0.30539     -1.44146
   -0.948358    -0.571758    0.0367732    -0.831535     0.342521    0.0957615     0.289141      0.91767     -0.62674    -0.485309
   -0.948358    -0.577886    0.0431198    -0.827997     0.419948     0.117495     0.286281     0.912981    -0.624948       -0.589
   -0.948358    -0.551625    0.0180043    -0.817754     0.143114    0.0386241     0.312565     0.941069    -0.618728    -0.243128
   -0.948358    -0.555656      0.02204    -0.818136     0.239534    0.0653676     0.309441     0.936234     -0.61276    -0.368736
   -0.948358    -0.509663   -0.0040896    -0.580694     0.463086    0.0962448     0.484249      1.07371    -0.480061      -1.1206
   -0.948358    -0.491574   -0.0151432    -0.501503     0.441801     0.079759     0.546328      1.11924    -0.438002     -1.24017
   -0.948358    -0.573414    0.0409473    -0.799425     0.475821     0.130178     0.306184     0.928843     -0.60776    -0.709061
   -0.948358    -0.565466    0.0362718    -0.756758     0.503803     0.133041     0.336981     0.956739    -0.589828    -0.825387
   -0.948358    -0.474874   -0.0250339    -0.427135     0.416342    0.0633535     0.605248      1.15963    -0.396127     -1.33498
   -0.948358    -0.462088   -0.0294082    -0.335331     0.385724    0.0461333     0.673316      1.20266    -0.354503     -1.42309
   -0.948358    -0.552145     0.018223    -0.820491    0.0681644    0.0182398     0.310393      0.94046    -0.628449    -0.141854
   -0.948358    -0.528906   0.00807939    -0.664431     0.475704     0.111199     0.419638      1.02166    -0.520459    -0.972434
   -0.948358    -0.456009   -0.0139221    -0.086565     0.279415    0.0127836     0.828549      1.28742    -0.279464     -1.37834
   -0.948358    -0.551777    0.0178423     -0.82058  0.000329826 -0.000328216     0.310575     0.940845    -0.634503   -0.0516177
   -0.948358    -0.552088    0.0181852    -0.820386   -0.0672533    -0.018812     0.310499       0.9404    -0.640642    0.0384625
   -0.948358     -0.59006    0.0839712     -0.36182     0.470719     0.100827     0.495085       1.1339    -0.629356     -1.31332
   -0.948358    -0.579794    0.0826368    -0.242429     0.409841     0.076712      0.56087      1.17935    -0.584918     -1.34511
   -0.948358    -0.552321    0.0531881    -0.311255     0.426713    0.0778905      0.57288      1.17922    -0.543518     -1.36452
   -0.948358    -0.563594    0.0571953    -0.402833     0.471833     0.097314     0.514989      1.13827    -0.580851     -1.31865
   -0.948358    -0.752974     0.249376    -0.118309     0.416088     0.108123     0.270475     0.941258    -0.843349     -1.06259
   -0.948358    -0.746554     0.251977    0.0177803     0.352446    0.0847754     0.321408     0.966433    -0.775592     -1.05751
   -0.948358    -0.697247     0.200097   -0.0806151     0.383181    0.0876982     0.401726      1.05745    -0.747563      -1.1666
   -0.948358    -0.710773     0.204895    -0.201742     0.447917     0.112537     0.337291      1.01585    -0.812008     -1.15687
   -0.948358    -0.645141     0.100088    -0.945972     0.519598     0.160867     0.158378     0.795163    -0.720865    -0.506119
   -0.948358    -0.642339    0.0985054    -0.932402     0.586546     0.179701     0.169127     0.801692    -0.704459     -0.59563
   -0.948358    -0.583247    0.0565696      -0.7022     0.571713     0.149744     0.347867     0.977491    -0.619185    -0.998335
   -0.948358    -0.560561    0.0412206    -0.608786     0.531382      0.12685     0.419278      1.04155    -0.581245      -1.1225
   -0.948358    -0.549875    0.0311918    -0.610642     0.517242     0.121081     0.429488      1.04501    -0.560134       -1.111
   -0.948358     -0.57316    0.0469952    -0.704096     0.552169     0.142786     0.357218     0.981568    -0.600819    -0.977758
   -0.948358    -0.543402    0.0371024    -0.428581     0.466688    0.0928724     0.528522       1.1382    -0.541286     -1.31195
   -0.948358    -0.535938    0.0365377    -0.338461      0.42873    0.0758477     0.582498      1.17873    -0.514002     -1.37009
   -0.948358    -0.521202    0.0225019    -0.349403     0.424323    0.0716924     0.596201      1.18135    -0.484562     -1.37674
   -0.948358    -0.529196    0.0232126    -0.442647     0.460493    0.0888438     0.538428      1.13809     -0.51284     -1.30614
   -0.948358    -0.542712    0.0302588    -0.522966     0.494963     0.106672     0.482373      1.09418    -0.545443     -1.22597
   -0.948358    -0.515572     0.010481    -0.447353     0.451607    0.0836215     0.551483      1.14092    -0.484712     -1.30657
   -0.948358    -0.531246    0.0194953    -0.526699     0.484557     0.101685     0.492904      1.09642    -0.521791     -1.21951
   -0.948358    -0.799716      0.24758    -0.937288     0.403041     0.136919   -0.0843116     0.574846    -0.978964    -0.269531
   -0.948358    -0.798986     0.248431    -0.904644     0.252827    0.0864911   -0.0736201     0.593182    -0.998487     -0.20315
   -0.948358    -0.818447      0.27338    -0.787349     0.235447    0.0800378   -0.0759657     0.596976       -1.035    -0.221476
   -0.948358    -0.817616     0.270993    -0.819311     0.373815     0.126087   -0.0823488     0.586033     -1.01916    -0.297494
   -0.948358    -0.829166     0.287927    -0.710254     0.344594     0.115154   -0.0741164     0.598745     -1.04017    -0.322017
   -0.948358    -0.831157     0.291266    -0.682507     0.217727    0.0734209   -0.0722244     0.602313     -1.05237    -0.236084
   -0.948358    -0.844366     0.310938    -0.555681     0.195505    0.0651884   -0.0666692     0.604432     -1.05856    -0.249533
   -0.948358    -0.840902      0.30635    -0.579188     0.311314      0.10265   -0.0632537      0.60921     -1.04953    -0.348312
   -0.948358    -0.836349     0.300355    -0.609423     0.415174     0.136224   -0.0588723     0.615296      -1.0405    -0.435544
   -0.948358    -0.853986     0.327337    -0.428362     0.272128    0.0882461   -0.0542035      0.60913     -1.04117    -0.366761
   -0.948358    -0.846847     0.318769    -0.458887     0.366453     0.118051   -0.0429137     0.625911     -1.03534    -0.466246
   -0.948358    -0.711701     0.158582     -1.02487     0.389121     0.128757    0.0340324     0.684473    -0.842814    -0.280519
   -0.948358    -0.701756     0.150138     -1.00069     0.238264    0.0789384    0.0567935     0.714416    -0.850131    -0.203994
   -0.948358    -0.748116     0.193849      -1.0132     0.262033    0.0888492   -0.0195589     0.639093     -0.91362    -0.195507
   -0.948358    -0.754937     0.199279      -1.0387     0.420394     0.141998   -0.0390422     0.610459    -0.899157    -0.260528
   -0.948358    -0.622993    0.0801722    -0.914093     0.296896    0.0906341     0.195594     0.840876    -0.722813    -0.330996
   -0.948358    -0.638618    0.0940341    -0.937451     0.424632     0.131304     0.168511     0.810148    -0.727681    -0.425727
   -0.948358    -0.666512     0.118197    -0.974057     0.342465     0.109535     0.117058     0.767406    -0.784777    -0.307327
   -0.948358    -0.609074    0.0678315    -0.894716     0.175328    0.0527798     0.218866     0.865368    -0.715806    -0.229098
   -0.948358    -0.654117      0.10737    -0.952027     0.205109    0.0652991     0.140999     0.795621    -0.784426    -0.217157
   -0.948358    -0.839073     0.308437    -0.509971     0.434942     0.140064   -0.0360935     0.638953     -1.03447    -0.525538
   -0.948358    -0.829527     0.289568    -0.687914     0.501805     0.165332   -0.0639581     0.610297     -1.03051    -0.473732
   -0.948358    -0.830153     0.298496    -0.535236     0.515515     0.165058   -0.0199566     0.659595     -1.02411    -0.616488
   -0.948358    -0.833966     0.301963    -0.538715     0.486206     0.156466   -0.0307841     0.646664     -1.02943    -0.570308
   -0.948358    -0.850254     0.328893    -0.337188     0.373364     0.117382   -0.0185693     0.644085     -1.01344    -0.553254
   -0.948358    -0.845479     0.324973    -0.325513     0.400084     0.124703  -0.00313691     0.661542      -1.0049    -0.609425
   -0.948358    -0.848012     0.339563    -0.115832     0.360934     0.106915    0.0422455     0.684661     -0.93894    -0.709299
   -0.948358    -0.832275     0.309877    -0.367829     0.460908      0.14292    0.0196853     0.694715     -1.00245     -0.69199
   -0.948358    -0.862545      0.35533   -0.0851469     0.322321    0.0964181    0.0113575     0.640238    -0.937033      -0.6305
   -0.948358    -0.780076     0.225019     -1.00815     0.424971     0.144408   -0.0716457     0.580388    -0.938396    -0.260041
   -0.948358    -0.776188     0.222533    -0.980396     0.267752    0.0915075   -0.0563181     0.604735    -0.956373    -0.196524
   -0.948358    -0.637557     0.097459       -0.878     0.672888       0.2008     0.202452     0.834757    -0.688484    -0.779052
   -0.948358    -0.613721    0.0791614    -0.803981     0.627826      0.17868     0.264801     0.898295    -0.661573    -0.869841
   -0.948358    -0.604745    0.0705647    -0.805326     0.599292     0.169372     0.273386      0.90356    -0.647771    -0.838653
   -0.948358    -0.632126    0.0922136    -0.878919     0.648634     0.193071     0.207675     0.838636    -0.681695    -0.753334
   -0.948358    -0.561007    0.0362491     -0.69359     0.529417     0.133618     0.374639     0.993439    -0.579502    -0.974813
   -0.948358     -0.59286    0.0598992    -0.795102     0.566336     0.157537     0.290527     0.917472    -0.630538    -0.822873
   -0.948358    -0.623077    0.0837357     -0.87571     0.608151     0.179902     0.218417     0.847859    -0.671398    -0.717334
   -0.948358    -0.640192    0.0973359    -0.920297     0.624431     0.189954     0.178142     0.808678    -0.694751    -0.654454
   -0.948358    -0.800438     0.300667   -0.0101979     0.368588    0.0988416     0.186645     0.831898    -0.851006     -0.93329
   -0.948358    -0.801288     0.311431     0.148711      0.30677    0.0768718     0.223355     0.834976    -0.770867    -0.917691
   -0.948358    -0.820869     0.287263    -0.577888     0.582757     0.186256  -0.00879523     0.674345     -1.01459    -0.679016
   -0.948358     -0.83748     0.341571    0.0839843     0.323105    0.0884806     0.115774     0.729089    -0.836742    -0.817677
   -0.948358    -0.846554     0.361695     0.268517     0.264212    0.0681145     0.134699     0.702543    -0.739207    -0.793425
   -0.948358    -0.865696     0.372742     0.153536      0.28418    0.0791721    0.0574258      0.64142    -0.819056    -0.717785
   -0.948358     -0.87685     0.394493     0.332435     0.239394    0.0634022    0.0670922     0.603064    -0.717722    -0.706948
   -0.948358     -0.88089     0.389682     0.192612     0.261165    0.0734525    0.0249143      0.59059    -0.805214    -0.659737
   -0.948358    -0.662612     0.164196    -0.144797      0.40121    0.0881981     0.451251      1.10537    -0.713942     -1.23282
   -0.948358    -0.674511     0.167357    -0.266169     0.467709     0.113648     0.387824      1.06301    -0.769512     -1.21953
   -0.948358    -0.627858     0.120966    -0.322681     0.473568     0.108047      0.45055      1.10931    -0.696579      -1.2801
   -0.948358     -0.61911     0.120573     -0.20637     0.411874    0.0844609     0.509088      1.14897    -0.652345     -1.29722
   -0.948358    -0.799993      0.25052    -0.881855     0.117788    0.0413558   -0.0690794     0.601767     -1.01263    -0.137886
   -0.948358    -0.773738     0.220783    -0.966743     0.124124    0.0434144   -0.0479591     0.617796    -0.967198    -0.132612
   -0.948358     -0.69505     0.144291     -0.98798     0.109404    0.0367396    0.0708757     0.731939    -0.853464    -0.132273
   -0.948358    -0.743409     0.189889      -1.0006     0.122919    0.0425313   -0.0080431     0.654909    -0.920693    -0.130901
   -0.948358    -0.692562     0.142096    -0.984027  0.000205422   0.00128687    0.0757197     0.737631     -0.85644   -0.0669596
   -0.948358    -0.739261     0.186016     -0.99791 -0.000491305   0.00152555 -0.000594571     0.663617    -0.921745   -0.0715256
   -0.948358    -0.648352     0.102306     -0.94224    0.0948342    0.0303743     0.151883     0.808411    -0.786663    -0.136382
   -0.948358    -0.608501     0.067225    -0.893719    0.0837463    0.0253121     0.219607     0.868026    -0.724528    -0.140054
   -0.948358    -0.607917    0.0666876    -0.892881 -2.17652e-05  0.000195163     0.220462     0.869274    -0.730136   -0.0583903
   -0.948358    -0.646991     0.101112    -0.939848 -0.000421334  0.000517167     0.154382     0.811429    -0.791049   -0.0625943
   -0.948358    -0.770211     0.217305    -0.967873 -0.000147627   0.00190639   -0.0424531     0.624195    -0.968147   -0.0747223
   -0.948358    -0.773582     0.220659      -0.9662    -0.123687   -0.0392834   -0.0478841     0.617964    -0.974736   -0.0171033
   -0.948358    -0.743261     0.189749     -1.00039    -0.122481   -0.0388688  -0.00798884     0.655214    -0.928798   -0.0124688
   -0.948358    -0.694912      0.14418    -0.987649    -0.110709   -0.0347299    0.0708851     0.731905    -0.861958  -0.00189224
   -0.948358    -0.648281     0.102244    -0.942169   -0.0954704   -0.0292108     0.151827     0.808329    -0.796589    0.0114463
   -0.948358    -0.608397    0.0671424    -0.893575   -0.0839199   -0.0249431     0.219648     0.867904    -0.735386     0.023529
   -0.948358    -0.913847     0.452318     0.687181     0.145608    0.0352155    0.0414407     0.454303    -0.482926    -0.554462
   -0.948358    -0.888407     0.423265     0.610514     0.160776    0.0381461    0.0972372     0.548328    -0.530182    -0.607745
   -0.948358    -0.895879     0.425515      0.53618     0.186182    0.0466799    0.0593648     0.529013    -0.588458    -0.641148
   -0.948358    -0.910484     0.442707     0.587839      0.17358    0.0437699    0.0290565     0.474426    -0.556792    -0.605094
   -0.948358    -0.911409     0.457415     0.799805    0.0935554    0.0211331    0.0743945     0.451543    -0.396443    -0.402422
   -0.948358    -0.884255     0.426805     0.722704       0.1054    0.0230897     0.134961     0.550474    -0.444794    -0.451673
   -0.948358    -0.885624     0.425252     0.680198     0.129695    0.0293495     0.120987     0.550319    -0.476366    -0.528498
   -0.948358    -0.912648     0.456036     0.761283     0.115446    0.0267674    0.0617357     0.451132    -0.425462    -0.474071
   -0.948358    -0.907057     0.457004     0.854956    0.0308054   0.00657998     0.100671     0.461006    -0.361971    -0.154499
   -0.948358    -0.908578     0.459042     0.864105    0.0166359   0.00351484    0.0984417     0.454883    -0.358665   -0.0938001
   -0.948358    -0.878366     0.425834     0.789658    0.0199801   0.00378796     0.168316     0.562177    -0.404762    -0.111715
   -0.948358    -0.878514     0.425538     0.783346    0.0364269   0.00728707     0.166364     0.562577    -0.405936     -0.18206
   -0.948358    -0.908908     0.458319     0.848675    0.0478423    0.0103801    0.0935983     0.455243    -0.363762    -0.225765
   -0.948358    -0.881964     0.428396     0.778138    0.0559258    0.0115764     0.155071      0.55207    -0.407509    -0.263159
   -0.948358     -0.88396     0.429061     0.760416     0.077678    0.0165038     0.144811      0.54725    -0.418366    -0.349167
   -0.948358    -0.910126      0.45832     0.831574    0.0684287    0.0150922    0.0857794     0.452723    -0.374016     -0.30853
   -0.948358     -0.92891     0.457704     0.547137     0.176005    0.0468144   -0.0329311     0.411158    -0.594839    -0.564532
   -0.948358    -0.914393     0.440208     0.489968     0.191597     0.050788   -0.0034199     0.467336    -0.630755     -0.60299
   -0.948358    -0.910095     0.426881     0.342185     0.209088    0.0583299   -0.0232834     0.487973     -0.72941    -0.574846
   -0.948358     -0.92692     0.448466     0.429867     0.184025    0.0511158   -0.0523344     0.424261    -0.678394    -0.530879
   -0.948358     -0.94924     0.470952     0.445148     0.140318    0.0405629     -0.11431     0.337607     -0.67539    -0.394334
   -0.948358    -0.953707     0.481604     0.547959     0.150023     0.041874     -0.10555     0.316562    -0.602027    -0.455364
   -0.948358    -0.920697     0.433601     0.284755     0.186239    0.0541722   -0.0663783     0.447666    -0.768161    -0.470426
   -0.948358    -0.938965     0.449689     0.258767    0.0538681    0.0173662    -0.124836     0.377918    -0.803147    -0.168325
   -0.948358    -0.941337     0.453985     0.291847    0.0831307    0.0257365     -0.12451     0.368984    -0.779663    -0.230304
   -0.948358    -0.924789     0.431414     0.183073     0.113117    0.0348476     -0.10068      0.43028     -0.83713    -0.278275
   -0.948358    -0.919915     0.422943     0.120485    0.0727837    0.0232524    -0.100703     0.446747    -0.875794    -0.196814
   -0.948358    -0.902591     0.425698     0.438555     0.206052    0.0546302    0.0189068     0.511567    -0.661175    -0.634535
   -0.948358    -0.913289     0.454871     0.734343      0.12777    0.0301109    0.0537262     0.451707    -0.446422    -0.510073
   -0.948358    -0.886737     0.424768     0.657109     0.141122     0.032479     0.112518     0.549094    -0.494237    -0.560501
   -0.948358    -0.940776      0.45588     0.332289     0.124411    0.0371512    -0.113859     0.371953    -0.750349     -0.32849
   -0.948358    -0.911742     0.416668     0.147924      0.17553    0.0527896   -0.0708924     0.479416    -0.849283    -0.402179
   -0.948358    -0.902575     0.400535    0.0262454      0.15271    0.0472759   -0.0725454     0.507621    -0.914161    -0.327645
   -0.948358      -0.8849     0.375779    -0.104063     0.202865    0.0632054   -0.0541224     0.559741    -0.962677    -0.382277
   -0.948358     -0.89393     0.392417    0.0300013     0.217443    0.0658546   -0.0476015     0.538868     -0.90267    -0.453407
   -0.948358    -0.876056     0.366802    -0.112027     0.268004    0.0823949    -0.031979     0.588951     -0.95488    -0.491862
   -0.948358    -0.899456     0.404675     0.145359      0.22583    0.0664878    -0.037143     0.523303    -0.840613    -0.517892
   -0.948358    -0.878198     0.375305  -0.00213791     0.273697     0.081603   -0.0112958      0.59411    -0.910701    -0.567788
   -0.948358    -0.860117     0.341312    -0.286335     0.314668    0.0990589   -0.0320072     0.619586     -1.00749    -0.487211
   -0.948358    -0.870045     0.352714    -0.254449     0.230808    0.0733434   -0.0510023     0.590529      -1.0088    -0.375539
   -0.948358    -0.899905     0.394509   -0.0322043     0.102828    0.0327825   -0.0790917     0.511869    -0.944681    -0.233555
   -0.948358    -0.878691     0.363287     -0.21559     0.136674    0.0441032   -0.0649511     0.566682     -1.00837    -0.256312
   -0.948358    -0.491613    0.0176357   -0.0737094     0.287242    0.0224445     0.780584      1.27842    -0.351737     -1.34467
   -0.948358    -0.481692    0.0156586  0.000821645     0.239475    0.0112971     0.837536      1.29692    -0.305818     -1.22786
   -0.948358    -0.474404    0.0197238     0.113166     0.148886  -0.00045458      0.91296      1.31601    -0.255336    -0.863182
   -0.948358    -0.485845    0.0327344     0.151722     0.115544  -0.00101381     0.912809      1.31447    -0.268207    -0.681172
   -0.948358    -0.512085    0.0532744     0.138295       0.1533    0.0049717     0.853768      1.29751    -0.319335    -0.849835
   -0.948358    -0.523957    0.0667526     0.178577     0.121695   0.00342538     0.850219      1.29177    -0.329144    -0.686653
   -0.948358    -0.543485    0.0872503     0.225933    0.0816113   0.00163137     0.831429      1.27602    -0.350682    -0.469001
   -0.948358    -0.505692    0.0530009     0.194036    0.0772411  -0.00136264     0.894863      1.30412    -0.296218      -0.4613
   -0.948358    -0.470856    0.0134868     0.077596     0.178798   0.00143052     0.899133      1.31304    -0.258342     -1.00806
   -0.948358    -0.508758     0.047208     0.101061     0.183257   0.00790565     0.841417      1.29658    -0.325522    -0.985851
   -0.948358     -0.55404    0.0916467     0.173709     0.154725    0.0103327      0.78662      1.26741    -0.384103    -0.819867
   -0.948358    -0.565653     0.105086     0.216168     0.123975   0.00758117     0.780017      1.25566    -0.387956    -0.671311
   -0.948358    -0.475297    0.0142013    0.0450586     0.206508   0.00523585     0.872865      1.30675    -0.277659      -1.1192
   -0.948358    -0.513616    0.0481897    0.0652739     0.212994    0.0128288     0.814482      1.29012    -0.348109     -1.09734
   -0.948358    -0.518131    0.0475859    0.0119418     0.250101      0.02023     0.780081      1.27996    -0.377169     -1.21169
   -0.948358       -0.555    0.0861939    0.0977094     0.214822    0.0197707     0.751111      1.26224     -0.41638     -1.05535
   -0.948358    -0.550663    0.0855692     0.135302     0.184481    0.0140952     0.776268      1.26851    -0.392791    -0.947731
   -0.948358    -0.599824     0.128638     0.144446     0.211781    0.0255017     0.680158      1.21919    -0.478991     -0.99694
   -0.948358    -0.596091     0.128348     0.182086      0.18209    0.0194608     0.702745      1.22476    -0.455227     -0.89574
   -0.948358    -0.599792     0.134706      0.22171     0.152948    0.0149291     0.709715      1.21965     -0.44326    -0.776971
   -0.948358    -0.569632    0.0955063    0.0561543     0.250045    0.0290837     0.704915      1.24538    -0.461956     -1.14696
   -0.948358    -0.610076     0.134088    0.0983912     0.247431    0.0346609     0.641414      1.20452    -0.518804     -1.09106
   -0.948358    -0.645999      0.17342      0.20124     0.206159    0.0299883     0.602088      1.15884    -0.530432    -0.932884
   -0.948358    -0.643443     0.174091     0.240021     0.177116    0.0236648     0.620897      1.16193    -0.506228    -0.836969
   -0.948358    -0.610661     0.147589     0.265325     0.122602    0.0113205     0.702137      1.20441    -0.441729    -0.637692
   -0.948358    -0.625211      0.16415     0.315133     0.081519   0.00669676     0.687537      1.18208    -0.444559    -0.437644
   -0.948358    -0.583392     0.124363     0.266231    0.0829737   0.00430975     0.762164      1.23531    -0.400605    -0.460731
   -0.948358    -0.647161     0.180477     0.280755     0.148328    0.0185752     0.626133      1.15432    -0.491104    -0.724633
   -0.948358    -0.657422     0.192963     0.325892     0.118409    0.0141657     0.617131      1.13459     -0.48329    -0.594038
   -0.948358    -0.527076     0.073735      0.22786    0.0419013  -0.00195543      0.86762      1.29018     -0.33085    -0.255891
   -0.948358    -0.563672     0.107519     0.264094    0.0429699 -0.000497359     0.804657      1.25602    -0.377573    -0.256479
   -0.948358    -0.601402     0.142951     0.305516    0.0427978   0.00104119     0.738204      1.21346    -0.420486    -0.248539
   -0.948358    -0.639899     0.179948     0.353762     0.041288   0.00210391     0.667145      1.15783    -0.454461    -0.235893
   -0.948358    -0.684665     0.223861     0.416767    0.0375682   0.00305443     0.582001      1.08132    -0.483332    -0.210991
   -0.948358    -0.544637    0.0711397    0.0213876     0.257784    0.0265783      0.73666      1.26268    -0.426996      -1.1988
   -0.948358    -0.546745    0.0671828   -0.0519424     0.300377    0.0368681     0.699512      1.24991    -0.459081     -1.29394
   -0.948358    -0.567502    0.0869468   -0.0311339     0.298956    0.0403775     0.671611      1.23587    -0.492881     -1.26266
   -0.948358    -0.521714    0.0442918   -0.0659371     0.296311    0.0309149     0.735395      1.26409    -0.412372     -1.32031
   -0.948358    -0.550983     0.065401    -0.124222     0.339423    0.0484203     0.659162      1.23174    -0.492169     -1.34435
   -0.948358    -0.575427    0.0884969    -0.104549     0.340893     0.053539     0.626049      1.21527    -0.535061     -1.31308
   -0.948358    -0.592527     0.111688   0.00525489     0.291373    0.0427797     0.639923      1.21598    -0.527017     -1.21417
   -0.948358    -0.490721  -0.00482119    -0.348724     0.406202    0.0594129     0.633594      1.19181    -0.419033      -1.3977
   -0.948358     -0.48751 -0.000274155    -0.252518      0.36945    0.0447347     0.691177      1.22966    -0.393332     -1.43388
   -0.948358    -0.519824   0.00935282    -0.521721     0.472325     0.095573     0.507453      1.10247    -0.497923     -1.22273
   -0.948358    -0.502718 -0.000936803    -0.443334     0.440709    0.0774677     0.567615       1.1466    -0.457236     -1.31344
   -0.948358    -0.552344    0.0573417     -0.25228     0.400792    0.0684478     0.599497       1.1977    -0.531165     -1.37385
   -0.948358    -0.612526     0.123705   -0.0747574     0.343314    0.0609414     0.571382      1.18251    -0.597056     -1.26518
   -0.948358    -0.533334    0.0479425    -0.149644     0.343777    0.0462081     0.675946      1.23768    -0.463339     -1.37078
   -0.948358    -0.534538    0.0412811    -0.254802     0.393285    0.0624095     0.625073      1.20835     -0.49464     -1.39176
   -0.948358    -0.626509     0.144189    0.0379761     0.290791    0.0480928     0.585629      1.17869       -0.576     -1.16785
   -0.948358    -0.664735     0.182098    0.0905077     0.282393    0.0513799     0.524199      1.12663    -0.617453     -1.10197
   -0.948358    -0.653112     0.176184     0.153203     0.240752    0.0388787      0.57011      1.14732    -0.566673     -1.02417
   -0.948358    -0.650465     0.160568   -0.0344513     0.340432    0.0663513     0.512283      1.13847     -0.65037     -1.20769
   -0.948358     -0.83663     0.369801     0.535284     0.160374    0.0348275     0.223567     0.716661     -0.55276    -0.644815
   -0.948358    -0.845588      0.37471     0.483738     0.188995    0.0434949     0.187075     0.694742    -0.595874    -0.705326
   -0.948358    -0.831851     0.371038     0.618463     0.105756    0.0210987      0.25695     0.721919    -0.491727    -0.470555
   -0.948358    -0.832397     0.368723      0.57732     0.133618     0.027742     0.245066     0.724293    -0.519583    -0.565687
   -0.948358    -0.895843     0.407955     0.256819     0.234189    0.0658825  -0.00208801     0.539122    -0.775307    -0.609913
   -0.948358     -0.89209     0.412627      0.38997     0.220369    0.0585278    0.0376718     0.549753      -0.6885    -0.663301
   -0.948358    -0.859208     0.333611    -0.406016     0.168584    0.0554319   -0.0628097     0.596184     -1.04744    -0.256871
   -0.948358    -0.758797     0.298946     0.539961    0.0297214   0.00353737     0.431711     0.917865    -0.494671     -0.16678
   -0.948358    -0.837764     0.381922      0.69692    0.0235262   0.00385737     0.260248     0.695554     -0.45172    -0.131399
   -0.948358    -0.671226     0.209111     0.378098    0.0772209   0.00837778     0.601285      1.10686    -0.478311    -0.402925
   -0.948358    -0.744066     0.282491     0.495989    0.0661889   0.00975094     0.457862     0.956976    -0.501365    -0.332207
   -0.948358    -0.718722     0.252152     0.391596     0.135181    0.0214652     0.491157      1.02016    -0.529184    -0.630147
   -0.948358    -0.728404     0.264223     0.437761      0.10703    0.0164319     0.479829     0.994531    -0.513254    -0.513703
   -0.948358    -0.778232     0.314257     0.508266     0.116849    0.0210336     0.371742     0.874374    -0.520761    -0.531989
   -0.948358    -0.793763     0.332532     0.566808     0.088545    0.0158228     0.346486     0.829664    -0.498526    -0.415185
   -0.948358    -0.714891     0.245682     0.349991       0.1627     0.026979     0.488371      1.03116    -0.548468    -0.732638
   -0.948358    -0.716736     0.244484     0.310476     0.190415    0.0334878     0.472637      1.03037    -0.574581    -0.820888
   -0.948358     -0.77891     0.309978     0.438839      0.16471    0.0321893     0.352638     0.881271    -0.567754    -0.695896
   -0.948358    -0.775138     0.308738     0.470221     0.140784     0.026253     0.370225     0.886851    -0.542872    -0.619284
   -0.948358    -0.721438     0.245475     0.264566     0.220803    0.0415403     0.448376      1.02323    -0.608429    -0.900539
   -0.948358    -0.728956     0.248453     0.208943      0.25486     0.051672     0.414695      1.00869    -0.650786    -0.967186
   -0.948358    -0.793057      0.31683     0.348623     0.221074    0.0484925     0.293409     0.851988    -0.641602    -0.825301
   -0.948358    -0.785025     0.312855      0.39928     0.191494     0.039538      0.32674     0.869202    -0.600068    -0.765953
   -0.948358    -0.679795     0.190388    0.0135407     0.329503    0.0674991     0.467495      1.09695    -0.678895      -1.1513
   -0.948358      -0.7375      0.25088     0.128961     0.298049    0.0656794     0.372462     0.990236    -0.706819     -1.02396
   -0.948358    -0.798831     0.316775     0.266947     0.258801    0.0605976     0.258575     0.840535    -0.699505    -0.879201
   -0.948358    -0.830354     0.373088     0.668016    0.0510013   0.00928015     0.273614     0.720534    -0.462287    -0.250717
   -0.948358    -0.831285     0.372882      0.65278    0.0734549    0.0140094     0.267264     0.719897    -0.470345    -0.344211
   -0.948358     -0.83124     0.371752     0.636995    0.0886795    0.0172696     0.263178     0.721383    -0.479429    -0.404704
   -0.948358    -0.539112    0.0216141    -0.604374     0.502229     0.114428     0.443587      1.05243    -0.538986     -1.11078
   -0.948358    -0.521727    0.0297926    -0.255937     0.387437     0.057876     0.642836      1.21477    -0.467721     -1.40351
   -0.948358    -0.506175    0.0159647    -0.256171     0.379945    0.0521796     0.664416       1.2219    -0.434563     -1.41765
   -0.948358    -0.505885   0.00856734    -0.351711     0.416096    0.0659145     0.613964      1.18611    -0.452163     -1.38616
   -0.948358    -0.490623   0.00958227    -0.161758     0.330889    0.0333457     0.735146      1.25657    -0.376555      -1.4136
   -0.948358    -0.515297    0.0314742    -0.157758     0.339667    0.0412441     0.700289      1.24633    -0.428008     -1.39043
   -0.948358    -0.883329     0.409691     0.475046     0.202319    0.0508927    0.0810619     0.575437    -0.625746    -0.678319
   -0.948358    -0.848912     0.372091     0.396091      0.22249    0.0541724     0.157881     0.690863     -0.65926    -0.756035
   -0.948358    -0.576942    0.0632352    -0.501608    -0.523282    -0.123078     0.452826      1.08523    -0.776972      1.14155
   -0.948358    -0.606241     0.091362    -0.481818     -0.53788    -0.131929     0.421233      1.07189    -0.832965      1.12765
   -0.948358    -0.643072     0.126921     -0.45504    -0.551324    -0.141452      0.37612      1.04659     -0.89906      1.09755
   -0.948358    -0.622657     0.100533     -0.58174    -0.597398    -0.157323     0.355637      1.01287    -0.852919      1.04393
   -0.948358    -0.593659    0.0730253    -0.592571    -0.570675    -0.145115      0.38895      1.02939    -0.795819      1.04587
   -0.948358    -0.638607     0.110896    -0.659085    -0.648332    -0.179286     0.300506      0.95983    -0.865925     0.969858
   -0.948358    -0.611204    0.0843097    -0.677255    -0.618956    -0.167311     0.328015     0.971977    -0.809544     0.952451
   -0.948358    -0.658339     0.134661    -0.564287    -0.620407    -0.169477     0.310077     0.985408    -0.918617      1.02224
   -0.948358    -0.672392     0.142938    -0.650107     -0.68044    -0.193912     0.254989     0.929536    -0.927405     0.954715
   -0.948358    -0.664027     0.129177    -0.758017    -0.726895     -0.21221     0.223576      0.88199    -0.882468     0.875651
   -0.948358    -0.639746     0.105091    -0.781448    -0.692397      -0.1998     0.245075     0.890111    -0.829176     0.837788
   -0.948358    -0.847389     0.338753    -0.120073    -0.363939    -0.105957    0.0424939     0.684986     -1.02605     0.563434
   -0.948358    -0.824918     0.314309    -0.170068    -0.413525    -0.119511    0.0874386     0.748077     -1.04031     0.664653
   -0.948358    -0.831578     0.308785    -0.375732    -0.466917    -0.142411    0.0186781     0.693921     -1.08631     0.535455
   -0.948358    -0.820044      0.28586    -0.589202    -0.592229    -0.186364   -0.0110041     0.672172     -1.09542     0.520019
   -0.948358    -0.807593     0.272317    -0.619262    -0.653849    -0.205027   0.00981657     0.696461     -1.09011     0.597547
   -0.948358    -0.814832     0.291076     -0.40514    -0.521343    -0.157945    0.0520473     0.736711     -1.08855      0.63084
   -0.948358    -0.819818     0.277235    -0.746568    -0.674392    -0.217237   -0.0567747     0.616027     -1.07477     0.449041
   -0.948358    -0.814063     0.270197    -0.776437    -0.739662    -0.238234     -0.05196     0.619055     -1.06601     0.499932
   -0.948358    -0.816035     0.264077    -0.932918    -0.851229    -0.279321    -0.105615     0.542119     -1.01916     0.430734
   -0.948358    -0.812382      0.26034    -0.938552    -0.897183    -0.293704   -0.0984221     0.548737     -1.01519     0.478812
   -0.948358     -0.80513     0.252985    -0.947594    -0.944517    -0.308103   -0.0851574     0.561402     -1.00671     0.536028
   -0.948358    -0.804752     0.260057    -0.800405    -0.799834     -0.25685   -0.0378802     0.633014     -1.05648     0.564492
   -0.948358    -0.824086     0.282501    -0.723879    -0.616318    -0.198556    -0.060948     0.612208     -1.07864     0.401271
   -0.948358    -0.817533     0.265312    -0.935792    -0.810961    -0.266714    -0.111091     0.536364     -1.01858     0.386383
   -0.948358    -0.818907     0.257474     -1.12658     -1.08386    -0.361117    -0.175598      0.42573    -0.924724      0.40358
   -0.948358    -0.816514     0.255724     -1.11618     -1.10277    -0.366436    -0.166163     0.437729    -0.928591     0.441403
   -0.948358    -0.826832     0.285833    -0.710136    -0.562623    -0.181294   -0.0644036     0.608884     -1.08019     0.355112
   -0.948358     -0.81731     0.264406    -0.948205    -0.773591    -0.255088    -0.116191       0.5299     -1.01332     0.340864
   -0.948358    -0.818278     0.255206     -1.15886     -1.04854    -0.350977    -0.188143     0.406248    -0.905686     0.332929
   -0.948358    -0.819435     0.257299      -1.1399     -1.06701     -0.35632    -0.182509     0.415588    -0.916921     0.369398
   -0.948358    -0.816267      0.26315    -0.952038    -0.735672    -0.242867    -0.116501     0.529979     -1.01109      0.30769
   -0.948358    -0.814721     0.262975    -0.924168    -0.632415    -0.208477    -0.106675      0.54598     -1.01883     0.254615
   -0.948358    -0.801851     0.245112     -1.03217    -0.680338    -0.226034    -0.118557     0.517526    -0.964915     0.218498
   -0.948358     -0.80256     0.242105     -1.10984    -0.829093    -0.276862    -0.145194     0.470864    -0.925469     0.248969
   -0.948358    -0.813098     0.255916     -1.03708    -0.812087    -0.270026    -0.139254     0.489249    -0.968048     0.286609
   -0.948358    -0.817146     0.268681    -0.857003    -0.506815    -0.166118   -0.0923065     0.570008     -1.03907     0.208375
   -0.948358    -0.801092     0.246927    -0.978713    -0.550459    -0.182045    -0.100354     0.548884    -0.989061      0.17774
   -0.948358    -0.787508     0.228295     -1.09248    -0.709484    -0.236194    -0.113606     0.512251    -0.923295     0.208725
   -0.948358    -0.792484     0.229685     -1.16669    -0.883176    -0.295461    -0.147658     0.454422    -0.881783     0.246671
   -0.948358    -0.809593     0.243312      -1.2319      -1.0692    -0.359512    -0.200492      0.37488    -0.850001     0.278625
   -0.948358     -0.81574     0.251531     -1.18402     -1.04656    -0.351035    -0.193456      0.39453       -0.887     0.305416
   -0.948358    -0.822259     0.275593    -0.821486    -0.580572    -0.189744   -0.0904992     0.571513     -1.04847      0.27996
   -0.948358    -0.826422     0.283401    -0.747107    -0.469954    -0.152367   -0.0777919     0.592552     -1.06855     0.242323
   -0.948358    -0.724777     0.209555    -0.341661    -0.527117    -0.144133     0.266945     0.959645     -1.00972     0.974298
   -0.948358    -0.762842     0.248966    -0.279643     -0.49679    -0.139055     0.204602      0.89336     -1.03613     0.879202
   -0.948358    -0.689326     0.172976    -0.401263    -0.548222    -0.146616      0.31574      1.00324    -0.969385       1.0381
   -0.948358    -0.798746     0.286594    -0.217516    -0.455234    -0.129922     0.139094     0.815033     -1.04492     0.765978
   -0.948358    -0.767943      0.24342    -0.458858    -0.596169    -0.175924     0.143086     0.840946     -1.06648     0.820415
   -0.948358    -0.735103     0.210341     -0.49556    -0.620105    -0.179389     0.198964     0.897008     -1.03408     0.908151
   -0.948358    -0.771387     0.236349    -0.646463    -0.721192    -0.221783    0.0799058      0.77194     -1.06211     0.755818
   -0.948358    -0.743763     0.209413    -0.660494    -0.733518    -0.221917     0.129607     0.820652     -1.03063     0.832531
   -0.948358    -0.712718     0.180288    -0.658003    -0.717765    -0.212099      0.18637     0.872811    -0.989626     0.897331
   -0.948358    -0.701831     0.177087    -0.531601    -0.630379    -0.178441     0.249256     0.940858    -0.989809     0.970337
   -0.948358    -0.795902     0.271846     -0.42568    -0.559377    -0.167676    0.0907821     0.782741     -1.08347     0.720018
   -0.948358    -0.792917     0.257613    -0.632135    -0.691989    -0.215341    0.0388169     0.728606     -1.08087     0.672794
   -0.948358    -0.776165     0.232029    -0.815239    -0.856795    -0.271267    0.0168908     0.689896     -1.02939     0.692133
   -0.948358    -0.749664     0.209276    -0.768954    -0.818877    -0.253686    0.0823667      0.76109     -1.01182     0.779458
   -0.948358    -0.711398     0.158969      -1.0443    -0.938485    -0.299003    0.0357922     0.651064     -0.82792     0.596585
   -0.948358    -0.676646     0.133222    -0.904274    -0.803119    -0.245428     0.143205     0.780811    -0.843349     0.719595
   -0.948358    -0.691687     0.148804    -0.878295    -0.830964    -0.254322     0.134585     0.782246    -0.882829     0.767823
   -0.948358    -0.723703     0.172053     -1.01776    -0.972662     -0.30948    0.0308702     0.654715    -0.863034      0.65498
   -0.948358    -0.670994     0.126123    -0.936431    -0.785897    -0.241548     0.135358     0.765373    -0.817725     0.656609
   -0.948358    -0.665068     0.124297    -0.866457    -0.766813     -0.23071      0.17494     0.815899    -0.840484     0.754699
   -0.948358    -0.713955     0.170578    -0.864145    -0.860031    -0.265542     0.107601     0.764112    -0.925938     0.779461
   -0.948358    -0.742509     0.191183    -0.992259    -0.996303    -0.317865    0.0133309     0.647467    -0.907957     0.684191
   -0.948358    -0.759398     0.198142     -1.18166     -1.16944    -0.383446   -0.0901913     0.491279    -0.810607     0.541317
   -0.948358    -0.755957     0.193711     -1.20501     -1.16025    -0.381427   -0.0957798     0.478155    -0.788258     0.500476
   -0.948358    -0.782879     0.231155    -0.960247    -0.993389    -0.321018   -0.0451218     0.599907    -0.978205     0.630358
   -0.948358    -0.764735     0.212983    -0.978547     -1.00856    -0.324061   -0.0185731     0.621629    -0.946791     0.667086
   -0.948358    -0.754089     0.210082    -0.834563    -0.874345    -0.274365    0.0516094     0.720425    -0.995844     0.744409
   -0.948358    -0.728792     0.185254    -0.851466    -0.868364    -0.269634    0.0887363      0.75079    -0.953597     0.774551
   -0.948358    -0.793296     0.248632    -0.809803    -0.835028    -0.266685   -0.0160601     0.655984      -1.0465     0.625595
   -0.948358    -0.796095     0.244052    -0.954138    -0.974355    -0.316581   -0.0687323     0.577159    -0.995275     0.583107
   -0.948358    -0.794171     0.233624     -1.13338     -1.18051    -0.388881     -0.12795     0.471418    -0.893716     0.552713
   -0.948358    -0.783316     0.222693     -1.14561     -1.18929    -0.390795    -0.113422     0.481668    -0.871126     0.569149
   -0.948358    -0.718833     0.163204     -1.09919    -0.949327    -0.306248  0.000656775     0.604475    -0.807384      0.51176
   -0.948358    -0.681054     0.132638    -0.992695    -0.802487    -0.251138    0.0964861     0.718482    -0.806564     0.573073
   -0.948358    -0.759756     0.195625     -1.23946      -1.1668    -0.385722    -0.117001     0.447538    -0.769976     0.446604
   -0.948358    -0.736461     0.176724     -1.16146     -0.96321    -0.315664   -0.0522696     0.541315    -0.800485     0.408653
   -0.948358    -0.701376       0.1479     -1.06496    -0.798427    -0.256096    0.0367238     0.653071    -0.808062     0.438248
   -0.948358    -0.655193     0.111342    -0.930269    -0.718355    -0.219208     0.156346     0.784654    -0.793962     0.609184
   -0.948358     -0.64551     0.105561    -0.870421     -0.71197    -0.212181      0.19646     0.830331    -0.803039     0.710018
   -0.948358    -0.767672     0.207492     -1.12813    -0.740514    -0.245975    -0.091992     0.527068    -0.883223     0.226599
   -0.948358    -0.734505     0.176267     -1.12077    -0.767691    -0.252017   -0.0357148     0.580412    -0.838321     0.298179
   -0.948358    -0.757737     0.195056     -1.19737    -0.950913    -0.315487    -0.100395     0.490242    -0.815391     0.318772
   -0.948358    -0.779169     0.215524     -1.19586    -0.918926    -0.306961     -0.13531     0.459081    -0.848307     0.263437
   -0.948358    -0.758062     0.199487     -1.10109    -0.657749    -0.217573   -0.0667383     0.561729     -0.88948     0.209971
   -0.948358    -0.718553     0.162731     -1.08397    -0.682669    -0.222245   0.00231619     0.628441    -0.838956     0.293799
   -0.948358    -0.784471     0.215988     -1.30281     -1.16988    -0.392296    -0.183712     0.367836    -0.766582     0.316752
   -0.948358    -0.793745     0.224977     -1.29925     -1.15044    -0.386793     -0.19808     0.356231    -0.783541     0.289724
   -0.948358    -0.719759     0.164362     -1.07139    -0.622191    -0.202548   0.00476076     0.637052    -0.851212     0.260335
   -0.948358     -0.76035     0.203035     -1.07099    -0.564283    -0.186334   -0.0601208     0.578228     -0.91116      0.17414
   -0.948358    -0.721651     0.166735     -1.05616    -0.537458    -0.174999   0.00715384     0.647273    -0.866729     0.212105
   -0.948358    -0.686623     0.135312      -1.0236    -0.588791    -0.187872    0.0713676     0.706278    -0.820083     0.318158
   -0.948358    -0.685534     0.134517     -1.02359     -0.64436    -0.204879    0.0735675     0.703819    -0.813416     0.370279
   -0.948358    -0.680161     0.129915     -1.00402    -0.487295    -0.154905    0.0870603     0.729454    -0.823572     0.259816
   -0.948358    -0.682708     0.132279     -1.01853    -0.681154    -0.215685    0.0801807     0.707407    -0.807332     0.414243
   -0.948358    -0.650284     0.106752    -0.927393    -0.687066     -0.20911     0.163019     0.791802    -0.787878     0.585311
   -0.948358    -0.622795    0.0884676    -0.793262    -0.656196    -0.187617     0.259513     0.895945    -0.792614     0.797545
   -0.948358    -0.663039     0.116764    -0.965507    -0.703513    -0.217645      0.12952     0.755481    -0.792113     0.531135
   -0.948358     -0.78379      0.22684      -1.0462    -0.574595    -0.190495   -0.0916692     0.548695    -0.946519     0.168405
   -0.948358    -0.803116      0.23501     -1.27659     -1.11837    -0.376453    -0.205809     0.355756    -0.811165     0.275331
   -0.948358    -0.770683     0.203957     -1.28128      -1.1794    -0.392945    -0.152154     0.402427    -0.758559      0.37796
   -0.948358    -0.811033     0.250641     -1.11361     -1.13135    -0.374701    -0.153406     0.451369    -0.925004     0.487611
   -0.948358    -0.803869     0.243511     -1.11994     -1.15751    -0.382309    -0.141238     0.462108    -0.913874     0.524177
   -0.948358    -0.720446     0.182512    -0.752383    -0.788439     -0.23917     0.139321     0.816289    -0.977103     0.838979
   -0.948358    -0.690105     0.154281    -0.746591     -0.75531    -0.224132     0.190163     0.859487    -0.931003     0.875167
   -0.948358    -0.770146     0.209257     -1.16412     -1.18703    -0.389327   -0.0991665     0.488744    -0.838881     0.566355
   -0.948358    -0.826984     0.254319     -1.36381      -1.3438    -0.454786    -0.280213      0.24079    -0.757836     0.293466
   -0.948358    -0.829745     0.257929     -1.34429      -1.3515    -0.456734    -0.276905     0.249578    -0.775043     0.321115
   -0.948358    -0.820428     0.245227     -1.42564     -1.40741    -0.477112    -0.293286     0.204788     -0.69767     0.274233
   -0.948358    -0.824485     0.250432     -1.39681     -1.37432    -0.465713    -0.289177     0.219193     -0.72589     0.277595
   -0.948358    -0.815749     0.240227     -1.43762     -1.42643     -0.48325    -0.290018     0.202679    -0.679733     0.281993
   -0.948358    -0.805079     0.230296     -1.43301     -1.44718    -0.488513    -0.269353     0.223096     -0.66696     0.327854
   -0.948358    -0.811566     0.236152     -1.43961     -1.43563    -0.485845     -0.28352     0.207829    -0.671696     0.295081
   -0.948358    -0.798714     0.225864     -1.39915     -1.44763    -0.486264    -0.243632     0.259034    -0.684151     0.393363
   -0.948358    -0.800979     0.227122     -1.41826     -1.45258     -0.48905    -0.255937     0.240225    -0.671445     0.363044
   -0.948358    -0.822808      0.25346     -1.29882     -1.36838    -0.459285    -0.243797     0.298052    -0.803385     0.421704
   -0.948358    -0.817373     0.248024     -1.30452     -1.38864    -0.465273    -0.235486     0.304057     -0.79195     0.446456
   -0.948358    -0.827269     0.257296     -1.30779       -1.357    -0.456623    -0.256497     0.282151    -0.801038     0.385626
   -0.948358    -0.809958     0.239648     -1.33366     -1.42655    -0.477697    -0.233802     0.293799    -0.756186     0.455138
   -0.948358    -0.801821     0.230786     -1.35726     -1.43743    -0.481285     -0.22995     0.288376    -0.724759     0.445728
   -0.948358    -0.798849     0.227112     -1.37533     -1.44134    -0.483085    -0.233153     0.278056    -0.704426     0.425719
   -0.948358    -0.829596      0.25863     -1.32728     -1.36458    -0.460168     -0.26905      0.26232    -0.787185     0.357688
   -0.948358    -0.939813     0.325757     -2.33848      -2.9801     -1.03694    -0.928501     -1.02432     0.494496     -0.24334
   -0.948358    -0.928099     0.317801     -2.24233     -2.82007    -0.979541    -0.858678     -0.87911     0.334505    -0.164612
   -0.948358    -0.926562     0.316738     -2.23031     -2.79894    -0.972006    -0.849927    -0.861106     0.315155    -0.156119
   -0.948358    -0.938964     0.325167     -2.33183     -2.96835     -1.03274    -0.923608     -1.01414      0.48334    -0.238425
   -0.948358    -0.924437     0.315227     -2.21489     -2.77189    -0.962341    -0.838409    -0.837691     0.290492    -0.144743
   -0.948358    -0.937792     0.324331     -2.32324     -2.95327     -1.02735    -0.917148     -1.00085     0.469052    -0.231795
   -0.948358    -0.924033     0.314849     -2.21433      -2.7701    -0.961688    -0.837349    -0.835924     0.289438    -0.144009
   -0.948358    -0.938118     0.324497     -2.32739      -2.9597     -1.02966    -0.919816     -1.00664     0.475917    -0.235075
   -0.948358    -0.942399      0.32737      -2.3637     -3.02078     -1.05152    -0.945965     -1.06146      0.53703     -0.26411
   -0.948358    -0.940032     0.325767     -2.34401     -2.98752     -1.03962      -0.9317     -1.03162     0.503898     -0.24836
   -0.948358    -0.926551     0.316493     -2.23657     -2.80735    -0.975007    -0.852976    -0.868472     0.325351     -0.16066
   -0.948358     -0.92949     0.318475     -2.26099     -2.84868    -0.989791    -0.870548    -0.904991     0.365452    -0.179489
   -0.948358    -0.945697     0.329636     -2.39039     -3.06607     -1.06775    -0.965541     -1.10244     0.582545    -0.285888
   -0.948358     -0.94485     0.329051     -2.38361     -3.05446     -1.06359    -0.960562     -1.09205     0.571063    -0.280481
   -0.948358    -0.932558     0.320572     -2.28572     -2.89072     -1.00483    -0.888518    -0.942192     0.406024    -0.198648
   -0.948358    -0.933589     0.321286     -2.29384     -2.90481     -1.00987    -0.894458    -0.954491       0.4194    -0.204736
   -0.948358    -0.939873     0.325795     -2.33908     -2.98147     -1.03741    -0.928901     -1.02522     0.495543    -0.243423
   -0.948358    -0.940196     0.326003     -2.34209     -2.98678      -1.0393    -0.931006     -1.02971     0.500661    -0.245503
   -0.948358    -0.928447     0.318011     -2.24602      -2.8274    -0.982107    -0.861138    -0.884518     0.340846    -0.166202
   -0.948358    -0.928303     0.317936     -2.24417     -2.82377    -0.980841    -0.859972    -0.881916     0.337726    -0.165495
   -0.948358    -0.941251     0.326675     -2.35203      -3.0035     -1.04527    -0.937925      -1.0444     0.517354    -0.253038
   -0.948358    -0.929186     0.318425     -2.25451     -2.84179     -0.98722    -0.866696    -0.896541     0.354892    -0.171857
   -0.948358    -0.928558      0.31804     -2.24828      -2.8315    -0.983544    -0.862459    -0.887584     0.344757    -0.167254
   -0.948358    -0.940606     0.326257     -2.34614     -2.99371     -1.04176    -0.933778     -1.03563     0.507439    -0.248374
   -0.948358    -0.943491     0.328171     -2.37125     -3.03524     -1.05666    -0.951765     -1.07348     0.549955    -0.269087
   -0.948358    -0.945812     0.329737     -2.39078     -3.06738      -1.0682    -0.965952     -1.10328     0.583357    -0.285824
   -0.948358    -0.932632     0.320664     -2.28528     -2.89167     -1.00512    -0.888371    -0.941762     0.405121    -0.196833
   -0.948358    -0.930896      0.31953     -2.27001      -2.8671    -0.996294    -0.877589    -0.919386     0.380459     -0.18433
   -0.948358    -0.946599     0.330265     -2.39744     -3.07818     -1.07208    -0.970779     -1.11339     0.594661    -0.291643
   -0.948358     -0.93366      0.32135     -2.29403     -2.90574     -1.01018    -0.894674    -0.954904     0.419721    -0.204422
   -0.948358    -0.879791     0.285235      -1.8586     -2.19917    -0.756572    -0.585519    -0.333509    -0.228742     0.125546
   -0.948358    -0.907592     0.303776     -2.08106     -2.55685    -0.884956    -0.741738    -0.641883    0.0832806   -0.0351392
   -0.948358    -0.908179     0.303998     -2.09027     -2.57101    -0.889999      -0.7472    -0.653585    0.0969258   -0.0410929
   -0.948358    -0.880869     0.285524     -1.87816     -2.22869    -0.767071    -0.596594    -0.357047     -0.20156     0.113975
   -0.948358    -0.879551     0.285351     -1.84963     -2.18461    -0.751474    -0.581048    -0.323622    -0.240742     0.128686
   -0.948358    -0.907254     0.303644     -2.07574     -2.54812    -0.881862     -0.73855    -0.634896    0.0749342    -0.031989
   -0.948358    -0.910049     0.305167     -2.10779     -2.59848    -0.899869    -0.759201      -0.6783     0.123915   -0.0549844
   -0.948358    -0.881669     0.285719     -1.89292     -2.24878    -0.774295    -0.604921     -0.37442    -0.181787     0.103494
   -0.948358    -0.858494     0.270518      -1.7095     -1.96513    -0.672269    -0.479314    -0.135996     -0.40758     0.228081
   -0.948358    -0.858277     0.271473     -1.68093     -1.92427    -0.657887    -0.466469    -0.107985    -0.441566     0.239285
   -0.948358    -0.844879     0.265434     -1.51113     -1.63932    -0.557648    -0.370258    0.0794325    -0.627174     0.291618
   -0.948358    -0.842558     0.264096     -1.49075     -1.62137    -0.550732    -0.357311     0.101419    -0.644728     0.313054
   -0.948358    -0.861937     0.274995     -1.67944      -1.9031    -0.651521    -0.472952    -0.112547    -0.450076     0.213331
   -0.948358    -0.860265     0.273949     -1.66584     -1.88859    -0.646053    -0.463782   -0.0961185      -0.4645     0.227446
   -0.948358    -0.859291     0.273114     -1.66377     -1.89168     -0.64682    -0.460942   -0.0924988    -0.465208      0.23625
   -0.948358    -0.840352     0.262396      -1.4815     -1.61837    -0.549085    -0.349155     0.113459    -0.650895     0.330472
   -0.948358    -0.844946     0.264975     -1.52222     -1.63461    -0.556666    -0.375527    0.0700563    -0.617144     0.269473
   -0.948358    -0.862225     0.274895      -1.6878     -1.90392    -0.652211     -0.47735    -0.120571    -0.441767     0.199367
   -0.948358    -0.879708     0.285901     -1.83845     -2.15737    -0.742277    -0.576459    -0.311442    -0.257891      0.12329
   -0.948358    -0.879068     0.285471     -1.83395     -2.15389    -0.740872    -0.573166    -0.305639    -0.262896     0.129767
   -0.948358    -0.904777     0.302175     -2.05018     -2.50238    -0.865706    -0.721806    -0.599739      0.03596   -0.0186339
   -0.948358    -0.905691     0.302772     -2.05809     -2.51694    -0.870853    -0.727247    -0.610912    0.0478599    -0.022732
   -0.948358    -0.906507      0.30326     -2.06643     -2.53201    -0.876172    -0.732719    -0.622397    0.0605673   -0.0269552
   -0.948358    -0.879124     0.285378     -1.83809     -2.16382    -0.744242    -0.575103    -0.310452    -0.256531     0.131218
   -0.948358    -0.879462     0.285597      -1.8395     -2.15219    -0.740647     -0.57658    -0.311492    -0.257433     0.117446
   -0.948358    -0.902955     0.300899     -2.03655     -2.47695    -0.856697    -0.711915    -0.579689    0.0151154   -0.0109158
   -0.948358    -0.831089     0.250141     -1.56059     -1.71882    -0.583618    -0.366025    0.0599368    -0.556454     0.316931
   -0.948358    -0.831958     0.250194     -1.57841     -1.73048    -0.588307    -0.375662    0.0421721     -0.53866     0.295479
   -0.948358    -0.858067     0.269138     -1.73297       -1.989     -0.68097    -0.489351    -0.158579     -0.37799     0.209572
   -0.948358    -0.858933      0.26943     -1.74576     -2.00023    -0.685276     -0.49676    -0.172526    -0.363962     0.195579
   -0.948358    -0.858971     0.269368     -1.74744     -1.99491    -0.683675    -0.497695     -0.17362    -0.363309     0.187838
   -0.948358     -0.83287     0.250654     -1.58727     -1.73047    -0.588856    -0.381344    0.0331249    -0.531677     0.278785
   -0.948358     -0.83164     0.251302     -1.54626     -1.70923     -0.57993    -0.360531    0.0717895    -0.571892     0.330897
   -0.948358    -0.858277     0.269652     -1.72557     -1.98344    -0.678855     -0.48627    -0.151702    -0.387151     0.217097
   -0.948358    -0.882142     0.285859     -1.90086     -2.25838    -0.777803    -0.609505    -0.383773    -0.171372    0.0966033
   -0.948358    -0.882667     0.286081     -1.90795     -2.26556    -0.780507    -0.613823    -0.392281    -0.162292    0.0888453
   -0.948358    -0.911681     0.306226      -2.1219      -2.6205    -0.907798    -0.769061     -0.69829     0.145191   -0.0663893
   -0.948358    -0.911901     0.306328     -2.12473     -2.62353    -0.908935    -0.770838    -0.701883     0.149161    -0.069569
   -0.948358    -0.911273     0.305883     -2.12007     -2.61439    -0.905709    -0.767423    -0.694853     0.141709   -0.0671885
   -0.948358    -0.882154     0.285683     -1.90485     -2.25623    -0.777322    -0.611475    -0.387334    -0.167383    0.0874933
   -0.948358    -0.858666     0.272218     -1.67159     -1.90852    -0.652477    -0.463141    -0.099451    -0.453788     0.239744
   -0.948358    -0.837942     0.260101     -1.48153     -1.62701    -0.551536    -0.344471     0.117874    -0.647486     0.344614
   -0.948358    -0.836157     0.258078     -1.48905     -1.64177     -0.55635    -0.344154     0.114646    -0.637435     0.350949
   -0.948358    -0.837421     0.254931     -1.58674     -1.69999    -0.579656    -0.389548    0.0278123     -0.54272     0.243003
   -0.948358    -0.879793     0.284584     -1.87275     -2.19489    -0.755916    -0.592378    -0.346403    -0.213807    0.0965343
   -0.948358    -0.905247     0.301884     -2.06947     -2.52687    -0.874536    -0.731911     -0.62226    0.0643564     -0.03389
   -0.948358    -0.900976     0.299175     -2.03064     -2.46193    -0.851373    -0.705415    -0.568001   0.00610255  -0.00785488
   -0.948358    -0.878343     0.284039     -1.85069     -2.15929    -0.743324    -0.579716    -0.320131    -0.242862     0.107089
   -0.948358    -0.879696     0.284293     -1.87799     -2.20422    -0.759134    -0.594604    -0.351997     -0.20599    0.0957045
   -0.948358    -0.901154     0.299533     -2.02594     -2.45629    -0.849362    -0.703525    -0.563272 -0.000788434  -0.00476033
   -0.948358     -0.87846     0.284582     -1.83996     -2.14602    -0.738584    -0.575007    -0.309291    -0.257203     0.113808
   -0.948358    -0.860814     0.272514     -1.71144     -1.92248    -0.659084    -0.485296    -0.139496    -0.414306     0.180316
   -0.948358     -0.86063     0.271743     -1.72625     -1.94452      -0.6668    -0.491549    -0.154047    -0.395185     0.175125
   -0.948358    -0.842008     0.260593     -1.55691     -1.65607    -0.564765    -0.385174     0.046302    -0.580393     0.241333
   -0.948358    -0.840547     0.258402     -1.57549     -1.68081    -0.573355    -0.390423    0.0323148    -0.558751      0.23702
   -0.948358    -0.860164     0.270828     -1.73812     -1.96509    -0.673874    -0.495925    -0.165221    -0.379254      0.17438
   -0.948358    -0.861162     0.273576     -1.69404      -1.9019     -0.65174    -0.478297    -0.123746    -0.434795     0.189901
   -0.948358     -0.84302     0.262683     -1.53119     -1.62786    -0.554704    -0.376166    0.0666601    -0.607511     0.254016
   -0.948358    -0.859348     0.269757     -1.74597      -1.9847    -0.680402    -0.497828     -0.17214    -0.367132     0.180387
   -0.948358    -0.881501     0.285304     -1.89764     -2.24019    -0.771776    -0.606942    -0.377493    -0.178503    0.0880224
   -0.948358    -0.908851     0.304249     -2.10046     -2.57995    -0.893453     -0.75352    -0.666549     0.111819   -0.0546035
   -0.948358    -0.834069     0.251651     -1.58959     -1.71901    -0.585472    -0.384702    0.0299044    -0.532833     0.262109
   -0.948358    -0.833992     0.254563     -1.52314     -1.68822    -0.572431    -0.354575    0.0880981    -0.598535     0.344072
   -0.948358    -0.982285     0.354965      -2.6891      -3.5681     -1.24805     -1.18848     -1.57839      1.12912    -0.556831
   -0.948358      -0.9727     0.348316     -2.61001     -3.43487     -1.20018     -1.12906     -1.45008     0.979148    -0.482493
   -0.948358    -0.967448     0.344678     -2.56674     -3.36211     -1.17404     -1.09664     -1.38031     0.898027    -0.442222
   -0.948358     -0.97727     0.351489     -2.64767     -3.49838       -1.223     -1.15738     -1.51125      1.05069    -0.517915
   -0.948358    -0.983564     0.355855     -2.69973     -3.58604     -1.25449     -1.19651     -1.59588      1.14984     -0.56711
   -0.948358    -0.975059     0.349951     -2.62945     -3.46753     -1.21192     -1.14363     -1.48144      1.01561    -0.500619
   -0.948358    -0.966544      0.34405     -2.55946     -3.34981     -1.16963      -1.0912     -1.36873     0.884807    -0.435713
   -0.948358    -0.962273     0.341093     -2.52437     -3.29088     -1.14846     -1.06497      -1.3125     0.819795    -0.403426
   -0.948358     -0.96271     0.341408     -2.52774     -3.29675     -1.15057     -1.06759     -1.31822     0.826562    -0.406717
   -0.948358    -0.974227     0.349382     -2.62249     -3.45602     -1.20778      -1.1385     -1.47051      1.00312    -0.494325
   -0.948358    -0.985605     0.357277     -2.71669     -3.61475     -1.26481     -1.20936     -1.62397       1.1833    -0.583642
   -0.948358    -0.988021     0.358956     -2.73678     -3.64865     -1.27699     -1.22452     -1.65698      1.22237    -0.603011
   -0.948358    -0.967424     0.344707     -2.56602     -3.36129     -1.17376     -1.09659      -1.3809     0.899999    -0.443416
   -0.948358    -0.967888     0.345023     -2.56989     -3.36781      -1.1761     -1.09944     -1.38697     0.906911    -0.446775
   -0.948358    -0.959162     0.339006     -2.49781     -3.24681     -1.13265     -1.04576     -1.27206     0.774356    -0.381166
   -0.948358     -0.97585     0.350535     -2.63581     -3.47872     -1.21595     -1.14886     -1.49364      1.03153    -0.508541
   -0.948358    -0.976465     0.350958     -2.64092     -3.48731     -1.21904     -1.15266     -1.50177       1.0409    -0.513145
   -0.948358     -0.96876     0.345621     -2.57715     -3.37999     -1.18048     -1.10481     -1.39842     0.920049    -0.453226
   -0.948358    -0.959865     0.339483     -2.50374     -3.25678     -1.13622      -1.0501     -1.28125     0.784804    -0.386213
   -0.948358    -0.959277     0.339091     -2.49867     -3.24817     -1.13315     -1.04646     -1.27358     0.776192    -0.382229
   -0.948358    -0.967799     0.344969      -2.5691     -3.36642     -1.17561     -1.09893       -1.386      0.90605    -0.446497
   -0.948358    -0.986028     0.357582      -2.7203     -3.62102     -1.26707     -1.21225     -1.63072      1.19211    -0.588006
   -0.948358    -0.987902     0.358881     -2.73586     -3.64724     -1.27649     -1.22396     -1.65611      1.22198      -0.6028
   -0.948358    -0.980764     0.353924     -2.67656     -3.54721     -1.24054     -1.17924     -1.55886      1.10708    -0.545861
   -0.948358     -0.98961     0.360067     -2.75006      -3.6712      -1.2851     -1.23466     -1.67938      1.24946    -0.616414
   -0.948358    -0.982981     0.355457     -2.69494     -3.57811     -1.25165       -1.193     -1.58854      1.14169    -0.563011
   -0.948358    -0.978384     0.352279     -2.65684     -3.51406     -1.22864     -1.16449     -1.52712      1.07015    -0.527579
   -0.948358    -0.984693     0.356657     -2.70921     -3.60235     -1.26036     -1.20393     -1.61273      1.17104    -0.577572
   -0.948358    -0.990754     0.360861     -2.75958     -3.68726     -1.29087     -1.24185     -1.69503        1.268    -0.625606
   -0.948358    -0.991954     0.361695     -2.76957     -3.70412     -1.29693     -1.24939     -1.71146      1.28747    -0.635256
   -0.948358    -0.992103     0.361798     -2.77081      -3.7062     -1.29768     -1.25033     -1.71349      1.28987    -0.636455
   -0.948358    -0.988606     0.359362     -2.74165     -3.65686     -1.27994      -1.2282       -1.665      1.23189    -0.607739
   -0.948358    -0.952161       0.3342     -2.44005     -3.14999     -1.09789     -1.00304     -1.18128     0.670852    -0.330108
   -0.948358      -0.9464     0.330252     -2.39268     -3.07084     -1.06948    -0.968161     -1.10761     0.587656    -0.288957
   -0.948358    -0.946386     0.330246     -2.39249     -3.07025     -1.06928    -0.968058     -1.10738     0.587406    -0.289163
   -0.948358     -0.95223     0.334249     -2.44057     -3.15067     -1.09815     -1.00347      -1.1822     0.671971    -0.330916
   -0.948358    -0.952981     0.334756     -2.44694     -3.16163     -1.10206     -1.00807     -1.19193     0.682909    -0.335868
   -0.948358    -0.946788     0.330506     -2.39616     -3.07687     -1.07163     -0.97062     -1.11282     0.593546      -0.2915
   -0.948358    -0.945927     0.329922     -2.38895     -3.06387     -1.06701    -0.965435     -1.10189     0.581376    -0.286606
   -0.948358    -0.952068     0.334131     -2.43944     -3.14841     -1.09735     -1.00261     -1.18042     0.670063    -0.330281
   -0.948358     -0.95983     0.339474     -2.50323     -3.25569     -1.13585     -1.04988     -1.28093     0.784753    -0.386635
   -0.948358    -0.968966     0.345776     -2.57875     -3.38257     -1.18142     -1.10616     -1.40158     0.924203    -0.455586
   -0.948358    -0.959921     0.339531     -2.50413     -3.25695     -1.13631     -1.05052     -1.28233     0.786418    -0.387669
   -0.948358    -0.969236      0.34596     -2.58103     -3.38629     -1.18276     -1.10784     -1.40519     0.928378    -0.457736
   -0.948358    -0.977564     0.351725     -2.65002     -3.50258     -1.22453     -1.15957     -1.51688      1.05893    -0.522224
   -0.948358    -0.976278     0.350835     -2.63936     -3.48467     -1.21809     -1.15156     -1.49956      1.03861    -0.512115
   -0.948358    -0.956892     0.337366     -2.48074     -3.21741     -1.12208     -1.03245      -1.2434     0.741025    -0.364539
   -0.948358    -0.951948      0.33395     -2.44071      -3.1503     -1.09799     -1.00276     -1.18062     0.670059     -0.32934
   -0.948358    -0.953092     0.334744     -2.44985     -3.16581     -1.10355     -1.00954     -1.19491     0.686093    -0.337118
   -0.948358    -0.958022      0.33815     -2.48985     -3.23285     -1.12762     -1.03925     -1.25781     0.757404    -0.372541
   -0.948358    -0.956285     0.336947     -2.47582     -3.20906     -1.11909     -1.02882     -1.23572     0.732376    -0.360373
   -0.948358    -0.951264     0.333478      -2.4352      -3.1409     -1.09462    -0.998688     -1.17207     0.660508    -0.324783
   -0.948358    -0.952394     0.334271     -2.44399     -3.15625     -1.10011     -1.00526     -1.18589      0.67593    -0.331921
   -0.948358    -0.957533     0.337818     -2.48574     -3.22613      -1.1252     -1.03623     -1.25144     0.750166    -0.368838
   -0.948358    -0.962555     0.341285      -2.5268     -3.29487     -1.14989     -1.06677     -1.31642     0.824436    -0.405804
   -0.948358    -0.961997     0.340898     -2.52228     -3.28718     -1.14713      -1.0634     -1.30921     0.816165    -0.401793
   -0.948358    -0.955191      0.33622      -2.4663     -3.19384     -1.11361     -1.02193     -1.22117     0.715857      -0.3517
   -0.948358    -0.949785     0.332498     -2.42227     -3.12031      -1.0872    -0.989376     -1.15244     0.638298    -0.313105
   -0.948358    -0.947941     0.331261      -2.4065      -3.0942     -1.07783    -0.977955     -1.12834     0.611089    -0.299702
   -0.948358    -0.953147     0.334837     -2.44905     -3.16521     -1.10333     -1.00936      -1.1946     0.685834    -0.336864
   -0.948358     -0.94725     0.330805      -2.4004     -3.08403     -1.07419    -0.973601     -1.11915     0.600734    -0.294756
   -0.948358    -0.952757     0.334583     -2.44554     -3.15938     -1.10124     -1.00687     -1.18936     0.679922    -0.334052
   -0.948358    -0.961397     0.340521     -2.51667     -3.27838     -1.14397     -1.05953     -1.30123     0.807437    -0.397264
   -0.948358    -0.977263     0.351507     -2.64755     -3.49845     -1.22303     -1.15758      -1.5123      1.05304     -0.51913
   -0.948358    -0.983937     0.356136     -2.70295     -3.59182     -1.25658     -1.19926     -1.60269       1.1594    -0.571819
   -0.948358    -0.983268     0.355675     -2.69741      -3.5825     -1.25324     -1.19513     -1.59383      1.14915    -0.566759
   -0.948358    -0.969975     0.346455     -2.58726     -3.39694     -1.18656     -1.11229     -1.41439     0.938379     -0.46226
   -0.948358    -0.982916     0.355433     -2.69449      -3.5776     -1.25147     -1.19296      -1.5892      1.14384    -0.564149
   -0.948358    -0.976828     0.351214     -2.64392     -3.49237     -1.22086     -1.15496     -1.50688      1.04711    -0.516283
   -0.948358    -0.983564     0.355884     -2.69988     -3.58669     -1.25474     -1.19704     -1.59811      1.15444     -0.56941
   -0.948358    -0.970528     0.346819     -2.59207     -3.40448     -1.18928     -1.11573     -1.42156     0.946335    -0.466563
   -0.948358    -0.978633     0.352439     -2.65897     -3.51729      -1.2298     -1.16595     -1.52997      1.07295    -0.529168
   -0.948358    -0.976021     0.350632     -2.63735     -3.48085     -1.21671     -1.14976     -1.49505      1.03225    -0.509075
   -0.948358    -0.963452     0.341937      -2.5338     -3.30644     -1.15408     -1.07235     -1.32884     0.839654     -0.41398
   -0.948358    -0.973605     0.348946     -2.61747     -3.44727     -1.20465      -1.1347     -1.46232     0.993583    -0.489853
   -0.948358    -0.981164     0.354191      -2.6799     -3.55257     -1.24248     -1.18163     -1.56375      1.11231     -0.54859
   -0.948358    -0.985084     0.356918     -2.71245     -3.60756     -1.26224     -1.20624     -1.61741      1.17597    -0.580126
   -0.948358    -0.982862     0.355378     -2.69402     -3.57647     -1.25107     -1.19239     -1.58742      1.14077    -0.562739
   -0.948358     -0.97183     0.347736     -2.60274     -3.42257     -1.19579     -1.12391     -1.43955     0.967934    -0.477336
   -0.948358    -0.957535     0.337852     -2.48527     -3.22481     -1.12478     -1.03625     -1.25182     0.751333    -0.370422
   -0.948358    -0.964093     0.342368     -2.53926     -3.31557     -1.15735     -1.07631     -1.33716     0.849003    -0.418492
   -0.948358    -0.968751      0.34562     -2.57709     -3.37957     -1.18035     -1.10486     -1.39873     0.920804    -0.454047
   -0.948358    -0.959627     0.339317     -2.50195     -3.25309     -1.13493     -1.04883      -1.2787      0.78224    -0.385697
   -0.948358    -0.968697     0.345578     -2.57673     -3.37887      -1.1801     -1.10455       -1.398     0.919864    -0.453605
   -0.948358    -0.978323     0.352245     -2.65637     -3.51314     -1.22832     -1.16428     -1.52697      1.07057     -0.52806
   -0.948358    -0.978632     0.352463     -2.65891     -3.51748     -1.22988     -1.16622     -1.53124       1.0757    -0.530574
   -0.948358    -0.985395     0.357152     -2.71512     -3.61229     -1.26394     -1.20851     -1.62298      1.18371    -0.584009
   -0.948358    -0.984942     0.356838     -2.71135     -3.60594     -1.26166     -1.20568     -1.61687      1.17657    -0.580472
   -0.948358    -0.980078     0.353459     -2.67094     -3.53766     -1.23713     -1.17519     -1.55049      1.09803    -0.541637
   -0.948358    -0.986655     0.358025      -2.7256     -3.62995     -1.27029     -1.21639     -1.64007      1.20383     -0.59396
   -0.948358    -0.985238     0.357045     -2.71381     -3.61011     -1.26316     -1.20755     -1.62096      1.18147    -0.582887
   -0.948358    -0.978438      0.35233     -2.65729     -3.51479     -1.22891     -1.16502     -1.52866      1.07271     -0.52908
   -0.948358    -0.960404     0.339846     -2.50834     -3.26448     -1.13898     -1.05343     -1.28829     0.792742    -0.390039
   -0.948358    -0.952421     0.334366     -2.44247      -3.1542     -1.09939     -1.00472     -1.18481     0.674808    -0.331728
   -0.948358    -0.971882     0.347767     -2.60306     -3.42344     -1.19608     -1.12404     -1.43954     0.967378    -0.476608
   -0.948358    -0.983523     0.355857     -2.69954     -3.58611     -1.25454     -1.19683     -1.59772      1.15412    -0.569318
   -0.948358    -0.983265     0.355678     -2.69739      -3.5825     -1.25324      -1.1952     -1.59418      1.14992    -0.567216
   -0.948358    -0.984418     0.356478     -2.70699     -3.59865     -1.25905     -1.20243      -1.6099       1.1685    -0.576442
   -0.948358    -0.983695     0.355976     -2.70097     -3.58853     -1.25541     -1.19788     -1.59997      1.15671    -0.570554
   -0.948358    -0.958382     0.338418     -2.49257     -3.23701     -1.12915      -1.0415      -1.2629     0.763811     -0.37641
   -0.948358    -0.960386     0.339791      -2.5091     -3.26483     -1.13913     -1.05367     -1.28866     0.792955     -0.39061
   -0.948358     -0.96655     0.344057     -2.55948      -3.3496     -1.16957     -1.09128       -1.369     0.885325    -0.436305
   -0.948358    -0.952029     0.334058     -2.44027     -3.14918     -1.09763      -1.0029      -1.1811     0.670986    -0.330856
   -0.948358    -0.952896     0.334632     -2.44788     -3.16191     -1.10219     -1.00835     -1.19261      0.68397    -0.337039
   -0.948358    -0.967923     0.345002     -2.57077     -3.36872     -1.17642     -1.09964     -1.38677     0.905564    -0.446093
   -0.948358     -0.96784     0.344946      -2.5701     -3.36752       -1.176     -1.09914     -1.38573     0.904393    -0.445593
   -0.948358    -0.961614     0.340633     -2.51917     -3.28187     -1.14523     -1.06109     -1.30433     0.810634    -0.399147
   -0.948358    -0.989832     0.360221     -2.75195     -3.67432     -1.28623      -1.2361     -1.68257      1.25335    -0.618421
   -0.948358    -0.989368       0.3599      -2.7481     -3.66784      -1.2839     -1.23322     -1.67634      1.24608    -0.614833
   -0.948358    -0.988848      0.35954     -2.74379     -3.66057     -1.28129     -1.22998     -1.66935       1.2379    -0.610791
   -0.948358    -0.986723     0.358057     -2.72605     -3.63052     -1.27048     -1.21648     -1.63963      1.20214    -0.593062
   -0.948358    -0.990776     0.360877     -2.75979     -3.68757     -1.29099     -1.24202     -1.69543      1.26854    -0.625931
   -0.948358     -0.98042     0.353688     -2.67377     -3.54234     -1.23881      -1.1772     -1.55462      1.10241    -0.543788
   -0.948358    -0.988083      0.35901     -2.73744     -3.64986     -1.27744     -1.22522     -1.65906      1.22587    -0.604851
   -0.948358    -0.987492     0.358602     -2.73254     -3.64161     -1.27448     -1.22155     -1.65115      1.21664    -0.600291
   -0.948358    -0.979804     0.353265     -2.66867     -3.53378     -1.23574     -1.17343     -1.54657      1.09321    -0.539251
   -0.948358    -0.988388     0.359226        -2.74     -3.65423     -1.27901     -1.22721     -1.66353      1.23142    -0.607607
   -0.948358    -0.969383     0.346048     -2.58245     -3.38846     -1.18354     -1.10878     -1.40706     0.930277    -0.458748
   -0.948358    -0.959662     0.339334      -2.5024     -3.25376     -1.13517     -1.04911     -1.27931     0.782937    -0.386054
   -0.948358    -0.987641     0.358709     -2.73379     -3.64378     -1.27526     -1.22255     -1.65344      1.21959    -0.601753
   -0.948358    -0.952131     0.334142     -2.44071     -3.15004     -1.09794     -1.00333     -1.18194     0.671819    -0.331307
   -0.948358    -0.951852     0.333966     -2.43807     -3.14581     -1.09642      -1.0015     -1.17809     0.667499    -0.329172
   -0.948358    -0.945501     0.329608     -2.38609      -3.0586     -1.06513    -0.963199     -1.09729     0.576444    -0.284427
   -0.948358    -0.945799     0.329786      -2.3892     -3.06354      -1.0669    -0.965319     -1.10184     0.581736    -0.287023
   -0.948358     -0.98313     0.355554     -2.69615     -3.57999     -1.25232     -1.19383      -1.5901      1.14312    -0.563803
   -0.948358    -0.988399     0.359219     -2.73993     -3.65395      -1.2789     -1.22691     -1.66219      1.22857    -0.606109
   -0.948358       -0.987     0.358247     -2.72833     -3.63437     -1.27187     -1.21818     -1.64326       1.2063     -0.59511
   -0.948358    -0.974967     0.349887     -2.62869     -3.46622     -1.21145     -1.14308     -1.48027      1.01431    -0.500028
   -0.948358    -0.991768     0.361566     -2.76803     -3.70149     -1.29599     -1.24822     -1.70888      1.28438    -0.633744
   -0.948358    -0.990826      0.36091     -2.76019     -3.68824     -1.29123      -1.2423     -1.69599      1.26911    -0.626201
   -0.948358    -0.954631     0.335812     -2.46231     -3.18622      -1.1109     -1.01889      -1.2148     0.708904    -0.349042
   -0.948358    -0.949205     0.332064     -2.41842     -3.11254     -1.08445     -0.98636     -1.14615     0.631492    -0.310775
   -0.948358    -0.947116     0.330645     -2.40107     -3.08328     -1.07397    -0.973727     -1.11962     0.601845    -0.296565
   -0.948358    -0.984713     0.356682     -2.70944     -3.60277     -1.26053     -1.20427     -1.61388      1.17316    -0.578764
   -0.948358    -0.945572     0.329618      -2.3877     -3.06093     -1.06597    -0.964133      -1.0994       0.5791    -0.285693
   -0.948358    -0.989186      0.35978      -2.7466     -3.66547     -1.28305     -1.23217     -1.67427      1.24401    -0.613722
   -0.948358    -0.990551     0.360726     -2.75795     -3.68458     -1.28991     -1.24069     -1.69272      1.26565    -0.624437
   -0.948358    -0.993408     0.362711     -2.78175     -3.72477     -1.30436     -1.25868     -1.73199      1.31231    -0.647556
   -0.948358    -0.993799     0.362982       -2.785     -3.73024     -1.30632     -1.26112     -1.73726      1.31849    -0.650621
   -0.948358    -0.987764     0.358795     -2.73479     -3.64558      -1.2759     -1.22331     -1.65511      1.22155    -0.602614
   -0.948358    -0.988294     0.359161     -2.73919     -3.65297     -1.27856      -1.2266     -1.66219       1.2298    -0.606691
   -0.948358    -0.987295     0.358473     -2.73091     -3.63905     -1.27356     -1.22043     -1.64897      1.21454    -0.599162
   -0.948358    -0.987346     0.358507     -2.73133     -3.63975     -1.27381     -1.22073     -1.64957      1.21516    -0.599458
   -0.948358    -0.990752     0.360874     -2.75973     -3.68765     -1.29103      -1.2422     -1.69645      1.27091    -0.627143
   -0.948358    -0.990527     0.360719     -2.75786     -3.68451      -1.2899      -1.2408     -1.69343      1.26739    -0.625401
   -0.948358    -0.988364     0.359218     -2.73984     -3.65413     -1.27898     -1.22722     -1.66387      1.23243    -0.608066
   -0.948358    -0.988017     0.358977     -2.73695     -3.64925     -1.27723     -1.22503     -1.65911      1.22677     -0.60526
   -0.948358    -0.992334     0.361964     -2.77282     -3.70962     -1.29892     -1.25192     -1.71721      1.29473    -0.638904
   -0.948358     -0.99231     0.361948     -2.77263     -3.70933     -1.29881     -1.25181     -1.71703      1.29465    -0.638873
   -0.948358    -0.991958     0.361707     -2.76974     -3.70449     -1.29708     -1.24969     -1.71257      1.28966    -0.636418
   -0.948358    -0.992019     0.361751     -2.77026      -3.7054      -1.2974     -1.25011     -1.71355      1.29096    -0.637061
   -0.948358    -0.991543     0.361422     -2.76631     -3.69874     -1.29501     -1.24714     -1.70716      1.28348    -0.633365
   -0.948358    -0.991178     0.361169     -2.76327     -3.69362     -1.29317     -1.24486     -1.70222      1.27768    -0.630497
   -0.948358    -0.992146     0.361836     -2.77129     -3.70708       -1.298     -1.25082     -1.71496      1.29232    -0.637726
   -0.948358    -0.988842      0.35955     -2.74382     -3.66084     -1.28139     -1.23022     -1.67043      1.24019    -0.611919
   -0.948358    -0.990115     0.360433     -2.75443     -3.67873     -1.28782     -1.23822     -1.68783      1.26078    -0.622128
   -0.948358    -0.992226     0.361897       -2.772     -3.70835     -1.29846     -1.25144     -1.71654      1.29462    -0.638876
   -0.948358    -0.992037     0.361764     -2.77042     -3.70567      -1.2975     -1.25023     -1.71387       1.2914     -0.63728
   -0.948358    -0.992392     0.362003     -2.77328      -3.7104     -1.29919     -1.25225     -1.71788      1.29541    -0.639233
   -0.948358    -0.993752     0.362949      -2.7846     -3.72955     -1.30608     -1.26081     -1.73655      1.31757    -0.650176
   -0.948358    -0.993402     0.362704     -2.78168      -3.7246      -1.3043     -1.25859     -1.73169      1.31177    -0.647309
   -0.948358    -0.992889     0.362348     -2.77741     -3.71738      -1.3017     -1.25537     -1.72465      1.30341     -0.64318
   -0.948358    -0.987464     0.358591     -2.73232     -3.64145     -1.27442     -1.22152     -1.65138      1.21746    -0.600621
   -0.948358    -0.988597     0.359375     -2.74174     -3.65732     -1.28012     -1.22858     -1.66666      1.23537    -0.609463
   -0.948358    -0.989103     0.359731     -2.74599     -3.66453     -1.28272     -1.23186     -1.67399      1.24441    -0.613987
   -0.948358    -0.987748      0.35879      -2.7347     -3.64547     -1.27586     -1.22333     -1.65538      1.22231    -0.603037
   -0.948358    -0.987559     0.358658     -2.73312      -3.6428     -1.27491     -1.22213     -1.65275      1.21915    -0.601467
   -0.948358    -0.989135     0.359754     -2.74626     -3.66496     -1.28287     -1.23207     -1.67444      1.24495    -0.614281
   -0.948358    -0.990952     0.361016     -2.76141     -3.69054     -1.29206     -1.24351      -1.6994      1.27459    -0.628957
   -0.948358    -0.989528     0.360026     -2.74953     -3.67048     -1.28486     -1.23454     -1.67982      1.25133    -0.617441
   -0.948358    -0.992069      0.36178     -2.77059     -3.70592     -1.29758     -1.25024     -1.71354      1.29035    -0.636676
   -0.948358    -0.995283      0.36402     -2.79745     -3.75138     -1.31392     -1.27064     -1.75833      1.34408    -0.663291
   -0.948358    -0.995989     0.364513     -2.80337     -3.76141     -1.31753     -1.27515     -1.76829      1.35612    -0.669256
   -0.948358    -0.995145     0.363922     -2.79628     -3.74935     -1.31319     -1.26972     -1.75622      1.34139    -0.661962
   -0.948358    -0.995302     0.364034     -2.79762     -3.75167     -1.31403     -1.27078     -1.75867      1.34455    -0.663525
   -0.948358    -0.996138     0.364617     -2.80463     -3.76355      -1.3183     -1.27612     -1.77048      1.35884    -0.670603
   -0.948358    -0.996173      0.36464     -2.80491       -3.764     -1.31846     -1.27632     -1.77085      1.35919    -0.670781
   -0.948358    -0.995447     0.364133     -2.79881     -3.75366     -1.31474     -1.27165     -1.76051       1.3466    -0.664546
   -0.948358    -0.994543     0.363502     -2.79123     -3.74081     -1.31012     -1.26587     -1.74774      1.33114    -0.656885
   -0.948358    -0.994535     0.363497     -2.79118     -3.74075      -1.3101     -1.26586     -1.74779      1.33134    -0.656982
   -0.948358    -0.995445     0.364135     -2.79884     -3.75375     -1.31478     -1.27173     -1.76083      1.34728    -0.664879
   -0.948358    -0.995795      0.36438     -2.80178     -3.75875     -1.31657     -1.27398     -1.76585      1.35342    -0.667923
   -0.948358    -0.996566     0.364917     -2.80823     -3.76966      -1.3205     -1.27888     -1.77659      1.36629    -0.674297
   -0.948358     -0.99608      0.36458     -2.80417     -3.76282     -1.31804     -1.27582     -1.76992      1.35837    -0.670375
   -0.948358    -0.996893     0.365145     -2.81097     -3.77431     -1.32217     -1.28097     -1.78123      1.37191    -0.677085
   -0.948358    -0.996953     0.365187     -2.81147     -3.77514     -1.32247     -1.28134       -1.782      1.37277     -0.67751
   -0.948358      -0.9966     0.364939      -2.8085      -3.7701     -1.32065     -1.27907     -1.77696      1.36665    -0.674474
   -0.948358    -0.994576     0.363529     -2.79156     -3.74145     -1.31035     -1.26621     -1.74871      1.33274    -0.657678
   -0.948358    -0.994787     0.363678     -2.79335     -3.74449     -1.31145     -1.26759     -1.75184      1.33665    -0.659616
   -0.948358    -0.996396       0.3648     -2.80682      -3.7673     -1.31965     -1.27784     -1.77438      1.36377    -0.673054
   -0.948358     -0.99718     0.365346     -2.81338     -3.77839     -1.32364     -1.28281     -1.78529      1.37683    -0.679521
   -0.948358    -0.997467     0.365546     -2.81578     -3.78245     -1.32509     -1.28463     -1.78927      1.38158    -0.681876
   -0.948358    -0.997238     0.365386     -2.81386     -3.77919     -1.32392     -1.28316     -1.78603      1.37767    -0.679936
   -0.948358    -0.995012     0.363836     -2.79525     -3.74772     -1.31261     -1.26905     -1.75508      1.34061    -0.661584
   -0.948358    -0.995282     0.364024     -2.79751     -3.75155     -1.31399     -1.27078      -1.7589      1.34524     -0.66388
   -0.948358    -0.996568      0.36492     -2.80826     -3.76975     -1.32053     -1.27894     -1.77681      1.36671    -0.674511
   -0.948358    -0.997341     0.365458     -2.81473     -3.78068     -1.32446     -1.28384     -1.78756      1.37957    -0.680882
   -0.948358    -0.998062     0.365962     -2.82078     -3.79094     -1.32815     -1.28846     -1.79779      1.39199    -0.687036
   -0.948358    -0.997769     0.365757     -2.81832     -3.78678     -1.32665     -1.28659     -1.79364      1.38695     -0.68454
   -0.948358    -0.997047     0.365255     -2.81228     -3.77656     -1.32298       -1.282     -1.78359      1.37492    -0.678581
   -0.948358    -0.997464     0.365545     -2.81578     -3.78248     -1.32511     -1.28467     -1.78946      1.38202    -0.682102
   -0.948358    -0.998322     0.366143     -2.82296     -3.79462     -1.32947     -1.29011     -1.80141      1.39633    -0.689185
   -0.948358    -0.998111     0.365996     -2.82119     -3.79162     -1.32839     -1.28876     -1.79841      1.39268    -0.687374
   -0.948358    -0.997546     0.365602     -2.81645     -3.78361     -1.32551     -1.28516     -1.79047      1.38311    -0.682636
   -0.948358    -0.996749     0.365046     -2.80978     -3.77232     -1.32145      -1.2801     -1.77937      1.36982    -0.676054
   -0.948358    -0.995905      0.36446     -2.80274     -3.76041     -1.31717     -1.27476     -1.76771       1.3559    -0.669165
   -0.948358    -0.996409     0.364811     -2.80696     -3.76756     -1.31974     -1.27798     -1.77478      1.36444    -0.673394
   -0.948358    -0.997728      0.36573     -2.81799     -3.78623     -1.32645     -1.28636     -1.79319      1.38653    -0.684336
   -0.948358    -0.998257     0.366098     -2.82242     -3.79372     -1.32914     -1.28971     -1.80055      1.39534    -0.688698
   -0.948358    -0.998548     0.366301     -2.82486     -3.79786     -1.33063     -1.29157     -1.80467      1.40033    -0.691169
   -0.948358      -0.9984     0.366198     -2.82362     -3.79575     -1.32988     -1.29063     -1.80258       1.3978    -0.689914
   -0.948358    -0.997875     0.365832     -2.81923     -3.78832     -1.32721      -1.2873     -1.79527      1.38905    -0.685587
   -0.948358    -0.998006     0.365924     -2.82033     -3.79019     -1.32788     -1.28814     -1.79713      1.39131    -0.686706
   -0.948358    -0.998713     0.366416     -2.82624     -3.80019     -1.33147     -1.29262     -1.80695      1.40304     -0.69251
   -0.948358    -0.998578     0.366322     -2.82511     -3.79827     -1.33078     -1.29176     -1.80504      1.40074    -0.691371
   -0.948358    -0.996919     0.365167     -2.81124      -3.7748     -1.32235     -1.28123     -1.78197      1.37311    -0.677696
   -0.948358    -0.997045     0.365255     -2.81229     -3.77658     -1.32299     -1.28204     -1.78374      1.37526    -0.678761
   -0.948358    -0.998091     0.365984     -2.82105     -3.79141     -1.32832     -1.28869     -1.79834      1.39277    -0.687431
   -0.948358    -0.998648     0.366371      -2.8257     -3.79928     -1.33114     -1.29221     -1.80608      1.40203    -0.692012
   -0.948358     -0.99889      0.36654     -2.82774     -3.80273     -1.33238     -1.29377     -1.80952      1.40621    -0.694087
   -0.948358    -0.998806     0.366481     -2.82703     -3.80154     -1.33196     -1.29323     -1.80833      1.40476     -0.69337
   -0.948358    -0.998279     0.366115     -2.82262     -3.79408     -1.32927     -1.28989     -1.80099      1.39598    -0.689022
   -0.948358     -0.99839     0.366192     -2.82355     -3.79565     -1.32984     -1.29059     -1.80255      1.39787    -0.689959
   -0.948358    -0.999079     0.366672     -2.82932     -3.80541     -1.33335     -1.29497     -1.81215      1.40935    -0.695643
   -0.948358    -0.999011     0.366624     -2.82874     -3.80443       -1.333     -1.29452     -1.81116      1.40815    -0.695045
   -0.948358    -0.998742     0.366437     -2.82649     -3.80062     -1.33163     -1.29282     -1.80741      1.40365    -0.692815
   -0.948358    -0.998192     0.366053     -2.82189     -3.79283     -1.32883     -1.28933     -1.79976      1.39448     -0.68828
   -0.948358    -0.997351     0.365468     -2.81485     -3.78093     -1.32455     -1.28399     -1.78805      1.38046    -0.681341
   -0.948358    -0.997511      0.36558      -2.8162      -3.7832     -1.32537     -1.28501      -1.7903      1.38317    -0.682685
   -0.948358    -0.998469     0.366247     -2.82422     -3.79677     -1.33024      -1.2911     -1.80367      1.39921    -0.690626
   -0.948358    -0.998944     0.366577     -2.82819      -3.8035     -1.33266     -1.29411     -1.81028      1.40714     -0.69455
   -0.948358    -0.998997     0.366615     -2.82864     -3.80426     -1.33293     -1.29446     -1.81103      1.40804    -0.694997
   -0.948358    -0.998979     0.366602     -2.82849       -3.804     -1.33284     -1.29434     -1.81078      1.40774    -0.694847
   -0.948358    -0.998508     0.366274     -2.82455     -3.79733     -1.33044     -1.29135     -1.80422      1.39988    -0.690956
   -0.948358    -0.998518     0.366281     -2.82463     -3.79747     -1.33049     -1.29141     -1.80436      1.40004    -0.691039
   -0.948358    -0.999166     0.366732     -2.83005     -3.80664     -1.33379     -1.29552     -1.81337      1.41083    -0.696376
   -0.948358    -0.999149     0.366721     -2.82991     -3.80641     -1.33371     -1.29542     -1.81314      1.41056    -0.696242
   -0.948358    -0.997698      0.36571     -2.81776     -3.78585     -1.32632      -1.2862     -1.79292      1.38632    -0.684247
   -0.948358    -0.997723     0.365728     -2.81798     -3.78621     -1.32645     -1.28636     -1.79327      1.38674    -0.684456
   -0.948358    -0.998521     0.366283     -2.82465     -3.79751     -1.33051     -1.29143     -1.80439      1.40008    -0.691059
   -0.948358    -0.999004      0.36662      -2.8287     -3.80435     -1.33297      -1.2945     -1.81112      1.40814    -0.695048
   -0.948358    -0.998878     0.366532     -2.82764     -3.80255     -1.33232     -1.29369     -1.80934      1.40598    -0.693981
   -0.948358    -0.998952     0.366583     -2.82826      -3.8036      -1.3327     -1.29416     -1.81037      1.40723      -0.6946
   -0.948358    -0.998558     0.366308     -2.82496     -3.79802     -1.33069     -1.29166     -1.80489      1.40066    -0.691349
   -0.948358    -0.998574      0.36632      -2.8251     -3.79824     -1.33077     -1.29176      -1.8051       1.4009    -0.691469
   -0.948358    -0.998992     0.366611     -2.82859     -3.80416      -1.3329     -1.29441     -1.81091      1.40785    -0.694907
   -0.948358    -0.999089     0.366678      -2.8294     -3.80554     -1.33339     -1.29503     -1.81227      1.40949    -0.695718
   -0.948358    -0.998988     0.366608     -2.82856     -3.80411     -1.33288     -1.29439     -1.81088      1.40785    -0.694904
   -0.948358    -0.998528     0.366288     -2.82471      -3.7976     -1.33054     -1.29147     -1.80448      1.40018    -0.691109
   -0.948358    -0.997859     0.365822     -2.81911     -3.78812     -1.32714     -1.28722     -1.79514      1.38897    -0.685563
   -0.948358    -0.997979     0.365905     -2.82011     -3.78981     -1.32774     -1.28798     -1.79679      1.39093    -0.686535
   -0.948358    -0.998539     0.366295      -2.8248     -3.79774     -1.33059     -1.29153     -1.80459      1.40027    -0.691157
   -0.948358    -0.998791      0.36647      -2.8269      -3.8013     -1.33187     -1.29313     -1.80809      1.40446    -0.693229
   -0.948358    -0.994471      0.36345     -2.79062     -3.73974     -1.30974     -1.26539     -1.74663      1.32972    -0.656189
   -0.948358    -0.993168     0.362546     -2.77977     -3.72145     -1.30317     -1.25721     -1.72884      1.30869    -0.645761
   -0.948358     -0.99448     0.363461     -2.79074     -3.74003     -1.30984     -1.26555     -1.74717      1.33071    -0.656671
   -0.948358    -0.993206     0.362575     -2.78012     -3.72209     -1.30339     -1.25752     -1.72966      1.30992    -0.646373
   -0.948358    -0.993399     0.362712     -2.78175     -3.72489     -1.30441     -1.25881     -1.73259      1.31365    -0.648224
   -0.948358    -0.993574     0.362835     -2.78323     -3.72741     -1.30531     -1.25995     -1.73514      1.31679    -0.649786
   -0.948358    -0.991867     0.361643     -2.76894     -3.70318      -1.2966     -1.24904     -1.71107      1.28768    -0.635352
   -0.948358    -0.991645     0.361491     -2.76711     -3.70014     -1.29551     -1.24771     -1.70829      1.28461    -0.633838
   -0.948358    -0.993727     0.362943     -2.78452      -3.7296      -1.3061     -1.26094     -1.73735       1.3195    -0.651133
   -0.948358     -0.99157     0.361441      -2.7665     -3.69913     -1.29515     -1.24728     -1.70741       1.2837    -0.633394
   -0.948358    -0.991418     0.361336     -2.76525     -3.69703     -1.29439     -1.24635     -1.70543      1.28144    -0.632282
   -0.948358     -0.99384     0.363022     -2.78547      -3.7312     -1.30667     -1.26166     -1.73895      1.32144    -0.652096
   -0.948358    -0.995427     0.364126     -2.79872     -3.75361     -1.31473      -1.2717     -1.76095      1.34773    -0.665113
   -0.948358    -0.994124      0.36322     -2.78785     -3.73524     -1.30812     -1.26348     -1.74298      1.32634    -0.654527
   -0.948358    -0.994542     0.363511     -2.79135     -3.74116     -1.31025     -1.26614     -1.74884      1.33341    -0.658029
   -0.948358    -0.995581     0.364233     -2.80001      -3.7558     -1.31552     -1.27269     -1.76314      1.35039    -0.666431
   -0.948358    -0.993936     0.363089     -2.78627     -3.73257     -1.30717     -1.26228     -1.74033      1.32313    -0.652933
   -0.948358    -0.991475     0.361377     -2.76574     -3.69787      -1.2947     -1.24674     -1.70636      1.28268    -0.632902
   -0.948358     -0.99164     0.361493     -2.76713     -3.70022     -1.29554      -1.2478     -1.70872      1.28555     -0.63433
   -0.948358    -0.994853     0.363729     -2.79396     -3.74558     -1.31184     -1.26813     -1.75321      1.33867    -0.660641
   -0.948358     -0.99675     0.365049     -2.80982      -3.7724     -1.32148     -1.28015     -1.77958      1.37023    -0.676264
   -0.948358    -0.995024     0.363848     -2.79539     -3.74801     -1.31272     -1.26922     -1.75563      1.34159    -0.662088
   -0.948358    -0.995202     0.363972     -2.79688     -3.75053     -1.31362     -1.27035     -1.75812      1.34459    -0.663578
   -0.948358    -0.991996     0.361742      -2.7701     -3.70526     -1.29735     -1.25008     -1.71374      1.29162    -0.637347
   -0.948358    -0.992253      0.36192     -2.77225     -3.70889     -1.29866     -1.25171     -1.71731       1.2959    -0.639473
   -0.948358    -0.995337     0.364066       -2.798     -3.75243      -1.3143     -1.27121        -1.76      1.34685    -0.664697
   -0.948358    -0.997113     0.365302     -2.81286     -3.77755     -1.32334     -1.28247     -1.78471      1.37643    -0.679344
   -0.948358    -0.995559     0.364221     -2.79987     -3.75558     -1.31544     -1.27263     -1.76312      1.35061    -0.666562
   -0.948358    -0.995781     0.364376     -2.80173     -3.75872     -1.31657     -1.27404     -1.76622      1.35432    -0.668404
   -0.948358     -0.99722     0.365377     -2.81376     -3.77908     -1.32388     -1.28316     -1.78622      1.37826    -0.680248
   -0.948358    -0.995448     0.364144     -2.79894     -3.75401     -1.31487     -1.27192     -1.76157      1.34874    -0.665635
   -0.948358    -0.992694     0.362228     -2.77594     -3.71512      -1.3009      -1.2545     -1.72344      1.30324    -0.643111
   -0.948358     -0.99297     0.362419     -2.77824     -3.71901      -1.3023     -1.25625     -1.72726       1.3078    -0.645374
   -0.948358    -0.995972     0.364508     -2.80332     -3.76142     -1.31754     -1.27525     -1.76887      1.35751    -0.669984
   -0.948358    -0.997634     0.365666     -2.81723     -3.78495     -1.32599      -1.2858     -1.79203      1.38525    -0.683715
   -0.948358    -0.996115     0.364608     -2.80452     -3.76344     -1.31826     -1.27615     -1.77086      1.35989    -0.671164
   -0.948358     -0.99626     0.364709     -2.80573     -3.76549       -1.319     -1.27707     -1.77288      1.36229    -0.672356
   -0.948358    -0.993458     0.362759     -2.78232      -3.7259     -1.30477     -1.25934     -1.73402      1.31586    -0.649374
   -0.948358    -0.993742     0.362956     -2.78469      -3.7299     -1.30621     -1.26113     -1.73794      1.32053    -0.651688
   -0.948358    -0.996369     0.364785     -2.80664     -3.76703     -1.31955     -1.27776     -1.77438      1.36409    -0.673249
   -0.948358    -0.997728     0.365731     -2.81801     -3.78627     -1.32647     -1.28639     -1.79332       1.3868    -0.684487
   -0.948358     -0.99649     0.364868     -2.80765     -3.76873     -1.32016     -1.27852     -1.77604      1.36607    -0.674228
   -0.948358    -0.996628     0.364965     -2.80881     -3.77068     -1.32087      -1.2794     -1.77796      1.36833    -0.675352
   -0.948358    -0.997766     0.365757     -2.81833      -3.7868     -1.32666     -1.28663     -1.79385      1.38742    -0.684795
   -0.948358    -0.996437     0.364832     -2.80721     -3.76799      -1.3199     -1.27819     -1.77532      1.36521    -0.673803
   -0.948358    -0.994134     0.363229     -2.78796     -3.73542     -1.30819      -1.2636     -1.74333      1.32693    -0.654859
   -0.948358    -0.994416     0.363424     -2.79031     -3.73939     -1.30962     -1.26538      -1.7472      1.33153    -0.657139
   -0.948358    -0.996646     0.364977     -2.80896     -3.77092     -1.32095      -1.2795     -1.77817      1.36857     -0.67547
   -0.948358    -0.997956     0.365889     -2.81992     -3.78948     -1.32762     -1.28783     -1.79645       1.3905    -0.686323
   -0.948358    -0.991755     0.361571     -2.76806     -3.70179      -1.2961     -1.24848     -1.71012      1.28707    -0.635072
   -0.948358    -0.991781      0.36159     -2.76829     -3.70217     -1.29624     -1.24866     -1.71053      1.28759    -0.635334
   -0.948358    -0.991845     0.361637     -2.76884     -3.70313     -1.29659     -1.24912     -1.71162      1.28905    -0.636071
   -0.948358    -0.992854     0.362339     -2.77727     -3.71737      -1.3017      -1.2555     -1.72562       1.3058    -0.644375
   -0.948358    -0.992965     0.362416     -2.77819     -3.71893     -1.30227     -1.25621     -1.72716      1.30765    -0.645295
   -0.948358    -0.993256     0.362618     -2.78063     -3.72304     -1.30375     -1.25805     -1.73122      1.31252    -0.647715
   -0.948358    -0.994325     0.363362     -2.78956     -3.73812     -1.30916     -1.26481     -1.74599      1.33012    -0.656434
   -0.948358    -0.994601     0.363541     -2.79172     -3.74161     -1.31041     -1.26624     -1.74854      1.33209    -0.657381
   -0.948358    -0.994834     0.363704     -2.79368     -3.74494     -1.31161     -1.26775     -1.75189      1.33619    -0.659419
   -0.948358    -0.994192     0.363257     -2.78831     -3.73584     -1.30834     -1.26366     -1.74289      1.32536    -0.654054
   -0.948358    -0.994889     0.363742     -2.79413     -3.74569     -1.31188     -1.26807     -1.75257      1.33694    -0.659781
   -0.948358    -0.995122     0.363906      -2.7961     -3.74902     -1.31308     -1.26958     -1.75592      1.34104    -0.661816
   -0.948358    -0.994795     0.363678     -2.79337     -3.74441     -1.31142     -1.26752     -1.75142      1.33568    -0.659168
   -0.948358    -0.994169     0.363241     -2.78813     -3.73554     -1.30823     -1.26353     -1.74265      1.32513    -0.653946
   -0.948358    -0.993621     0.362858     -2.78353     -3.72774     -1.30543     -1.26002     -1.73489      1.31572    -0.649279
   -0.948358    -0.994342      0.36336     -2.78954     -3.73791     -1.30908     -1.26457     -1.74483      1.32757    -0.655134
   -0.948358    -0.998372     0.366178      -2.8234     -3.79536     -1.32974     -1.29046     -1.80222      1.39739    -0.689731
   -0.948358    -0.998656     0.366376     -2.82577     -3.79938     -1.33118     -1.29226     -1.80617      1.40212    -0.692074
   -0.948358    -0.997766     0.365756     -2.81833     -3.78678     -1.32665     -1.28661     -1.79376      1.38724    -0.684708
   -0.948358    -0.998132     0.366011     -2.82138     -3.79194     -1.32851     -1.28892     -1.79882      1.39326    -0.687688
   -0.948358    -0.998458     0.366238     -2.82411     -3.79656     -1.33017     -1.29099     -1.80336      1.39871    -0.690386
   -0.948358    -0.998786     0.366466     -2.82686     -3.80122     -1.33184     -1.29309     -1.80798      1.40429    -0.693145
   -0.948358    -0.998898     0.366545      -2.8278     -3.80282     -1.33242     -1.29381     -1.80958      1.40623    -0.694106
   -0.948358    -0.996515     0.364885     -2.80786     -3.76906     -1.32028     -1.27866     -1.77631       1.3663    -0.674348
   -0.948358    -0.994536     0.363508     -2.79132     -3.74108     -1.31023     -1.26613     -1.74884      1.33346    -0.658092
   -0.948358    -0.994428     0.363432     -2.79041     -3.73953     -1.30967     -1.26543     -1.74729      1.33155    -0.657153
   -0.948358    -0.996319     0.364748     -2.80621     -3.76626     -1.31928     -1.27741     -1.77353      1.36292    -0.672676
   -0.948358    -0.997497     0.365568     -2.81606     -3.78294     -1.32527     -1.28488     -1.78994      1.38261    -0.682419
   -0.948358    -0.989882     0.360272     -2.75249     -3.67546     -1.28665     -1.23676     -1.68466      1.25706    -0.620284
   -0.948358    -0.994413     0.363423     -2.79029     -3.73937     -1.30961     -1.26537      -1.7472      1.33157    -0.657153
   -0.948358     -0.99901     0.366624     -2.82875     -3.80443       -1.333     -1.29453      -1.8112      1.40823    -0.695091
   -0.948358    -0.998526     0.366287      -2.8247     -3.79758     -1.33054     -1.29146     -1.80446      1.40016    -0.691099
   -0.948358    -0.997722     0.365727     -2.81796     -3.78618     -1.32644     -1.28635     -1.79324      1.38669    -0.684435
   -0.948358    -0.999143     0.366716     -2.82985      -3.8063     -1.33367     -1.29537     -1.81302      1.41039    -0.696163
   -0.948358    -0.999172     0.366736      -2.8301     -3.80671     -1.33382     -1.29555     -1.81342      1.41086    -0.696396
   -0.948358    -0.999014     0.366626     -2.82878     -3.80448     -1.33302     -1.29456     -1.81125      1.40828     -0.69512
   -0.948358    -0.998525     0.366286     -2.82469     -3.79757     -1.33053     -1.29146     -1.80445      1.40014    -0.691093
   -0.948358    -0.997715     0.365722     -2.81791     -3.78609      -1.3264     -1.28631     -1.79315      1.38658    -0.684381
   -0.948358     -0.99918     0.366741     -2.83016     -3.80682     -1.33386      -1.2956     -1.81354        1.411    -0.696465
   -0.948358    -0.999171     0.366735     -2.83009      -3.8067     -1.33381     -1.29555     -1.81343      1.41088    -0.696403
   -0.948358     -0.99639     0.364799     -2.80682     -3.76733     -1.31966      -1.2779     -1.77468      1.36444    -0.673421
   -0.948358    -0.994612     0.363561     -2.79195     -3.74218     -1.31062     -1.26662     -1.74996      1.33486    -0.658781
   -0.948358    -0.996377      0.36479     -2.80671     -3.76714      -1.3196     -1.27781      -1.7745      1.36422    -0.673315
   -0.948358    -0.998718      0.36642     -2.82629     -3.80028     -1.33151     -1.29266     -1.80707      1.40323    -0.692608
   -0.948358     -0.99815     0.366025     -2.82154     -3.79225     -1.32862     -1.28906     -1.79918      1.39378    -0.687932
   -0.948358    -0.997145     0.365325     -2.81313     -3.77801      -1.3235     -1.28268     -1.78517      1.37699    -0.679621
   -0.948358     -0.99895     0.366581     -2.82823     -3.80356     -1.33268     -1.29413     -1.81029      1.40708    -0.694515
   -0.948358    -0.998919     0.366559     -2.82797     -3.80311     -1.33252     -1.29393     -1.80984      1.40652    -0.694237
   -0.948358    -0.998703     0.366409     -2.82616     -3.80006     -1.33143     -1.29256     -1.80685      1.40296    -0.692475
   -0.948358    -0.998133     0.366012      -2.8214       -3.792     -1.32853     -1.28895     -1.79892      1.39348    -0.687781
   -0.948358    -0.997124      0.36531     -2.81295     -3.77771     -1.32339     -1.28254     -1.78487      1.37663    -0.679441
   -0.948358    -0.998893     0.366541     -2.82775     -3.80274     -1.33239     -1.29377     -1.80947      1.40608    -0.694016
   -0.948358    -0.998815     0.366487      -2.8271     -3.80164     -1.33199     -1.29327     -1.80838      1.40477    -0.693368
   -0.948358    -0.995379     0.364095     -2.79836     -3.75303     -1.31452     -1.27148      -1.7606      1.34757    -0.665057
   -0.948358    -0.993193     0.362575      -2.7801     -3.72215     -1.30342     -1.25765      -1.7303      1.31139    -0.647144
   -0.948358    -0.995355     0.364079     -2.79816     -3.75269      -1.3144     -1.27133     -1.76027      1.34717     -0.66486
   -0.948358    -0.997463     0.365543     -2.81575     -3.78241     -1.32508     -1.28462     -1.78928      1.38167    -0.681918
   -0.948358    -0.996661     0.364985     -2.80904     -3.77107       -1.321     -1.27953     -1.77813      1.36831    -0.675304
   -0.948358     -0.99549      0.36417     -2.79925     -3.75451     -1.31505     -1.27211     -1.76185      1.34883     -0.66566
   -0.948358    -0.997935     0.365873     -2.81971     -3.78911     -1.32749     -1.28763      -1.7959      1.38961    -0.685854
   -0.948358    -0.997856     0.365817     -2.81904     -3.78797     -1.32708     -1.28711     -1.79474       1.3882    -0.685153
   -0.948358     -0.99743      0.36552     -2.81548     -3.78195     -1.32491     -1.28441     -1.78882       1.3811    -0.681639
   -0.948358    -0.996636     0.364968     -2.80884     -3.77072     -1.32088     -1.27937     -1.77777      1.36788    -0.675091
   -0.948358     -0.99547     0.364156     -2.79909     -3.75423     -1.31495     -1.27198     -1.76157      1.34849    -0.665488
   -0.948358    -0.997793     0.365773     -2.81851     -3.78708     -1.32676     -1.28671     -1.79386      1.38712    -0.684621
   -0.948358    -0.997628     0.365658     -2.81713     -3.78473     -1.32591     -1.28565     -1.79153      1.38432    -0.683231
   -0.948358    -0.993882     0.363051     -2.78582      -3.7318     -1.30689     -1.26193     -1.73955      1.32218    -0.652463
   -0.948358    -0.992005     0.361745     -2.77015     -3.70532     -1.29737     -1.25007     -1.71359      1.29122    -0.637127
   -0.948358    -0.993867     0.363041      -2.7857     -3.73159     -1.30681     -1.26184     -1.73934      1.32193    -0.652337
   -0.948358    -0.994834     0.363703     -2.79366     -3.74489     -1.31159      -1.2677     -1.75173      1.33587    -0.659238
   -0.948358    -0.995616      0.36425     -2.80022     -3.75604      -1.3156     -1.27272     -1.76283      1.34935    -0.665909
   -0.948358    -0.995541     0.364197     -2.79958     -3.75493      -1.3152     -1.27222     -1.76169      1.34789    -0.665192
   -0.948358    -0.994793     0.363675     -2.79332     -3.74432     -1.31138     -1.26745     -1.75117      1.33521    -0.658917
   -0.948358    -0.995254     0.363996     -2.79718     -3.75085     -1.31373     -1.27038     -1.75764      1.34301    -0.662781
   -0.948358    -0.995364     0.364073     -2.79811     -3.75243      -1.3143      -1.2711     -1.75924      1.34498     -0.66376
   -0.948358    -0.998617     0.366348     -2.82544     -3.79881     -1.33098       -1.292     -1.80558      1.40137    -0.691699
   -0.948358    -0.998168     0.366035     -2.82167     -3.79242     -1.32868     -1.28913     -1.79924       1.3937    -0.687903
   -0.948358    -0.998348      0.36616     -2.82318     -3.79497      -1.3296     -1.29027     -1.80175      1.39671    -0.689392
   -0.948358    -0.998724     0.366423     -2.82634     -3.80033     -1.33152     -1.29268     -1.80707      1.40315    -0.692581
   -0.948358    -0.998864     0.366521     -2.82752     -3.80233     -1.33224     -1.29358     -1.80907      1.40559    -0.693791
   -0.948358    -0.998956     0.366585     -2.82829     -3.80364     -1.33271     -1.29418     -1.81038      1.40719    -0.694582
   -0.948358    -0.999033     0.366639     -2.82894     -3.80474     -1.33311     -1.29467     -1.81147      1.40851    -0.695235
   -0.948358    -0.999124     0.366702      -2.8297     -3.80603     -1.33357     -1.29525     -1.81275      1.41004    -0.695991
   -0.948358    -0.999181     0.366742     -2.83017     -3.80683     -1.33386      -1.2956     -1.81353      1.41097     -0.69645
   -0.948358    -0.999207      0.36676     -2.83039     -3.80719     -1.33399     -1.29577     -1.81387      1.41136    -0.696643
   -0.948358    -0.999226     0.366773     -2.83054     -3.80746     -1.33409     -1.29589     -1.81414      1.41169    -0.696802
   -0.948358     -0.99923     0.366777     -2.83059     -3.80754     -1.33411     -1.29592     -1.81423      1.41183    -0.696871
   -0.948358    -0.999223     0.366772     -2.83053     -3.80745     -1.33408     -1.29588     -1.81415      1.41175    -0.696833
   -0.948358    -0.999119       0.3667     -2.82966     -3.80598     -1.33355     -1.29523     -1.81272      1.41005     -0.69599
   -0.948358    -0.999207      0.36676     -2.83039     -3.80721       -1.334     -1.29578     -1.81393      1.41149    -0.696703
   -0.948358     -0.99918     0.366742     -2.83017     -3.80684     -1.33386     -1.29561     -1.81356      1.41105    -0.696484
   -0.948358    -0.999148      0.36672      -2.8299     -3.80638      -1.3337      -1.2954      -1.8131      1.41048    -0.696203
   -0.948358     -0.99909     0.366679     -2.82941     -3.80555      -1.3334     -1.29503     -1.81226      1.40946    -0.695692
   -0.948358    -0.999028     0.366635     -2.82889     -3.80466     -1.33308     -1.29463     -1.81136      1.40835    -0.695143
   -0.948358    -0.998979     0.366601     -2.82847     -3.80395     -1.33282      -1.2943     -1.81063      1.40743    -0.694687
   -0.948358    -0.998936     0.366571     -2.82811     -3.80334     -1.33261     -1.29403     -1.81003       1.4067    -0.694326
   -0.948358    -0.998851     0.366512      -2.8274     -3.80214     -1.33217     -1.29349     -1.80886      1.40531    -0.693637
   -0.948358    -0.998744     0.366437      -2.8265     -3.80062     -1.33163     -1.29281     -1.80736      1.40351    -0.692744
   -0.948358     -0.99846     0.366239     -2.82412     -3.79659     -1.33018       -1.291     -1.80337      1.39872    -0.690369
   -0.948358    -0.998624     0.366354     -2.82549     -3.79892     -1.33102     -1.29204     -1.80567      1.40148    -0.691738
   -0.948358     -0.99853     0.366288     -2.82471     -3.79758     -1.33054     -1.29144     -1.80435      1.39988    -0.690944
   -0.948358    -0.998438     0.366224     -2.82393     -3.79627     -1.33006     -1.29085     -1.80303      1.39827    -0.690148
   -0.948358    -0.998271     0.366107     -2.82253     -3.79389     -1.32921     -1.28977     -1.80064      1.39535      -0.6887
   -0.948358    -0.998123     0.366003     -2.82128     -3.79176     -1.32844     -1.28882      -1.7985      1.39273      -0.6874
   -0.948358    -0.998038     0.365943     -2.82056     -3.79053       -1.328     -1.28826     -1.79724      1.39116    -0.686621
   -0.948358    -0.997942     0.365876     -2.81976     -3.78918     -1.32751     -1.28764     -1.79589      1.38951    -0.685804
   -0.948358    -0.997709     0.365714      -2.8178     -3.78587     -1.32632     -1.28616     -1.79263       1.3856    -0.683867
   -0.948358    -0.997523     0.365584     -2.81624     -3.78323     -1.32537     -1.28497     -1.79002      1.38246     -0.68231
   -0.948358    -0.997349     0.365462     -2.81478     -3.78075     -1.32448     -1.28386     -1.78756      1.37949    -0.680839
   -0.948358     -0.99713      0.36531     -2.81295     -3.77765     -1.32337     -1.28246     -1.78447      1.37574    -0.678978
   -0.948358    -0.996847     0.365112     -2.81057     -3.77361     -1.32191     -1.28064     -1.78043      1.37081    -0.676538
   -0.948358    -0.996476     0.364852     -2.80745     -3.76831     -1.32001     -1.27825     -1.77511      1.36432     -0.67332
   -0.948358    -0.997212     0.365369     -2.81367     -3.77888     -1.32381     -1.28306      -1.7859       1.3777    -0.679986
   -0.948358    -0.997826     0.365797     -2.81882     -3.78759     -1.32694     -1.28696     -1.79447      1.38798    -0.685076
   -0.948358    -0.994353     0.363379     -2.78978     -3.73846     -1.30929     -1.26495     -1.74619      1.33019    -0.656479
   -0.948358    -0.994268     0.363319     -2.78906     -3.73722     -1.30884     -1.26438     -1.74492       1.3286    -0.655691
   -0.948358    -0.996072     0.364575     -2.80414     -3.76275     -1.31801     -1.27582     -1.77002      1.35865    -0.670564
   -0.948358    -0.993384     0.362694     -2.78157     -3.72442     -1.30423     -1.25854     -1.73169      1.31196    -0.647426
   -0.948358     -0.99559     0.364232     -2.80001     -3.75566     -1.31546     -1.27256     -1.76249      1.34895    -0.665731
   -0.948358    -0.995182     0.363947      -2.7966     -3.74989     -1.31339     -1.26998     -1.75683      1.34219    -0.662394
   -0.948358    -0.999073     0.366666     -2.82925     -3.80526     -1.33329     -1.29488     -1.81187      1.40886    -0.695397
   -0.948358    -0.999202     0.366756     -2.83034     -3.80711     -1.33396     -1.29572     -1.81374      1.41116    -0.696538
   -0.948358    -0.999116     0.366695     -2.82961     -3.80587     -1.33351     -1.29516     -1.81248       1.4096    -0.695765
   -0.948358     -0.99926     0.366796     -2.83083     -3.80794     -1.33426      -1.2961      -1.8146      1.41223    -0.697067
   -0.948358    -0.999113     0.366694     -2.82959     -3.80583      -1.3335     -1.29514     -1.81245      1.40957    -0.695752
   -0.948358    -0.999003     0.366616     -2.82866     -3.80425     -1.33293     -1.29443     -1.81085       1.4076    -0.694775
   -0.948358    -0.998911     0.366552     -2.82788     -3.80293     -1.33246     -1.29383     -1.80952      1.40596    -0.693962
   -0.948358    -0.998827     0.366493     -2.82717     -3.80173     -1.33202     -1.29329     -1.80832       1.4045    -0.693237
   -0.948358     -0.99892     0.366559     -2.82797     -3.80308     -1.33251     -1.29391     -1.80973      1.40627    -0.694122
   -0.948358    -0.998806      0.36648     -2.82702     -3.80148     -1.33193     -1.29319     -1.80816      1.40441    -0.693203
   -0.948358    -0.998801     0.366476     -2.82697     -3.80139      -1.3319     -1.29315     -1.80805      1.40425     -0.69312
   -0.948358    -0.998928     0.366565     -2.82804     -3.80321     -1.33256     -1.29398     -1.80991      1.40656    -0.694268
   -0.948358    -0.998516     0.366277     -2.82458     -3.79734     -1.33045     -1.29133     -1.80404       1.3994    -0.690725
   -0.948358    -0.998502     0.366267     -2.82446     -3.79712     -1.33037     -1.29123     -1.80379      1.39907     -0.69056
   -0.948358    -0.998567     0.366312       -2.825     -3.79805      -1.3307     -1.29164     -1.80469      1.40013    -0.691082
   -0.948358      -0.9987     0.366404     -2.82611     -3.79993     -1.33138     -1.29248     -1.80655      1.40237    -0.692188
   -0.948358     -0.99851     0.366272     -2.82452     -3.79724     -1.33041     -1.29127     -1.80389      1.39917    -0.690591
   -0.948358    -0.998741     0.366434     -2.82646     -3.80054      -1.3316     -1.29276      -1.8072      1.40322    -0.692599
   -0.948358    -0.998638     0.366362     -2.82559     -3.79906     -1.33106     -1.29209      -1.8057      1.40138    -0.691686
   -0.948358     -0.99874     0.366434     -2.82646     -3.80054      -1.3316     -1.29277     -1.80723       1.4033    -0.692637
   -0.948358    -0.998826     0.366493     -2.82717     -3.80174     -1.33203      -1.2933     -1.80838      1.40463    -0.693299
   -0.948358    -0.998649     0.366369     -2.82568     -3.79921     -1.33112     -1.29215     -1.80582      1.40149    -0.691743
   -0.948358    -0.998391     0.366189     -2.82351     -3.79553      -1.3298      -1.2905     -1.80215      1.39702    -0.689526
   -0.948358    -0.997116     0.365298      -2.8128     -3.77736     -1.32326     -1.28231     -1.78403      1.37502    -0.678624
   -0.948358     -0.99762      0.36565     -2.81704     -3.78456     -1.32585     -1.28556     -1.79123       1.3838    -0.682972
   -0.948358    -0.997422     0.365512     -2.81537     -3.78172     -1.32483     -1.28428     -1.78838      1.38031    -0.681244
   -0.948358    -0.997561     0.365609     -2.81655     -3.78373     -1.32555     -1.28519     -1.79045      1.38289    -0.682524
   -0.948358    -0.997898     0.365844     -2.81937      -3.7885     -1.32727     -1.28733     -1.79515      1.38852    -0.685315
   -0.948358    -0.997713     0.365714     -2.81781     -3.78585     -1.32631     -1.28614     -1.79248      1.38526    -0.683697
   -0.948358    -0.997398     0.365494     -2.81516     -3.78136      -1.3247     -1.28411     -1.78799      1.37979    -0.680987
   -0.948358    -0.996923     0.365162     -2.81118      -3.7746     -1.32227     -1.28107     -1.78125      1.37161    -0.676938
   -0.948358     -0.99714     0.365314       -2.813     -3.77767     -1.32337     -1.28245     -1.78431      1.37529    -0.678772
   -0.948358     -0.99773     0.365726     -2.81795     -3.78608      -1.3264     -1.28624     -1.79269      1.38549    -0.683825
   -0.948358    -0.997356     0.365465     -2.81482     -3.78076     -1.32448     -1.28384     -1.78739      1.37904     -0.68063
   -0.948358    -0.998131     0.366006     -2.82132     -3.79179     -1.32845     -1.28881     -1.79839      1.39241    -0.687254
   -0.948358    -0.997406       0.3655     -2.81525     -3.78149     -1.32475     -1.28418     -1.78816      1.38003    -0.681128
   -0.948358    -0.996968     0.365194     -2.81156     -3.77524      -1.3225     -1.28137     -1.78194      1.37249     -0.67739
   -0.948358    -0.996599     0.364936     -2.80847        -3.77     -1.32062     -1.27901     -1.77673      1.36617    -0.674261
   -0.948358    -0.996341     0.364756     -2.80631     -3.76633      -1.3193     -1.27736     -1.77308      1.36175    -0.672072
   -0.948358    -0.997482     0.365553     -2.81589     -3.78258     -1.32514     -1.28468     -1.78929      1.38145    -0.681832
   -0.948358    -0.996927     0.365166     -2.81123     -3.77469      -1.3223     -1.28113     -1.78145      1.37195     -0.67713
   -0.948358    -0.997113     0.365296     -2.81279     -3.77733     -1.32325     -1.28232     -1.78406      1.37511    -0.678692
   -0.948358    -0.997155     0.365326     -2.81315     -3.77794     -1.32347      -1.2826     -1.78471      1.37593      -0.6791
   -0.948358    -0.996234     0.364682     -2.80542     -3.76483     -1.31876     -1.27669     -1.77163      1.36005    -0.671235
   -0.948358    -0.996539     0.364895     -2.80797     -3.76915     -1.32031     -1.27863     -1.77591      1.36522    -0.673792
   -0.948358    -0.996934     0.365171     -2.81129     -3.77478     -1.32233     -1.28116      -1.7815      1.37197    -0.677137
   -0.948358    -0.997381     0.365483     -2.81504     -3.78114     -1.32462     -1.28403     -1.78784      1.37966    -0.680945
   -0.948358    -0.996281     0.364715     -2.80582     -3.76551       -1.319       -1.277     -1.77233      1.36092    -0.671665
   -0.948358    -0.996652     0.364975     -2.80894     -3.77079      -1.3209     -1.27938      -1.7776      1.36733    -0.674844
   -0.948358    -0.996562     0.364911     -2.80817     -3.76951     -1.32044      -1.2788     -1.77633      1.36579    -0.674081
   -0.948358    -0.996173      0.36464     -2.80491     -3.76397     -1.31845     -1.27631      -1.7708      1.35907    -0.670752
   -0.948358    -0.997045     0.365249     -2.81223     -3.77639     -1.32291      -1.2819     -1.78318      1.37411    -0.678201
   -0.948358    -0.996985     0.365207     -2.81173     -3.77553     -1.32261     -1.28151     -1.78233      1.37309    -0.677696
   -0.948358    -0.996253     0.364696     -2.80559     -3.76513     -1.31887     -1.27684       -1.772      1.36059    -0.671507
   -0.948358    -0.995839     0.364406     -2.80211     -3.75923     -1.31674     -1.27418     -1.76611      1.35343    -0.667957
   -0.948358    -0.996125     0.364605      -2.8045     -3.76327      -1.3182     -1.27599     -1.77008      1.35818    -0.670309
   -0.948358    -0.996463     0.364841     -2.80733     -3.76807     -1.31992     -1.27815     -1.77483       1.3639    -0.673142
   -0.948358    -0.996055     0.364557     -2.80392     -3.76228     -1.31784     -1.27554     -1.76909      1.35696    -0.669703
   -0.948358    -0.996386     0.364788     -2.80669     -3.76698     -1.31953     -1.27765     -1.77374      1.36258    -0.672484
   -0.948358    -0.996899     0.365146     -2.81099     -3.77427     -1.32215     -1.28093     -1.78099      1.37135    -0.676828
   -0.948358    -0.997381     0.365483     -2.81504     -3.78113     -1.32462     -1.28402     -1.78783      1.37964    -0.680936
   -0.948358    -0.996905      0.36515     -2.81104     -3.77435     -1.32218     -1.28097     -1.78106      1.37143    -0.676867
   -0.948358    -0.997383     0.365484     -2.81505     -3.78116     -1.32463     -1.28404     -1.78785      1.37966    -0.680946
   -0.948358    -0.997709     0.365712     -2.81779     -3.78581      -1.3263     -1.28613      -1.7925      1.38532    -0.683751
   -0.948358    -0.997681     0.365693     -2.81756     -3.78542     -1.32616     -1.28595     -1.79211      1.38486    -0.683519
   -0.948358    -0.997856     0.365815     -2.81903     -3.78791     -1.32706     -1.28708     -1.79461      1.38792    -0.685036
   -0.948358    -0.997812     0.365784     -2.81866     -3.78729     -1.32683      -1.2868     -1.79399      1.38717    -0.684665
   -0.948358    -0.997651     0.365672     -2.81731       -3.785     -1.32601     -1.28577     -1.79172      1.38443    -0.683309
   -0.948358    -0.997905     0.365849     -2.81944      -3.7886     -1.32731     -1.28739     -1.79528      1.38871    -0.685425
   -0.948358    -0.998014     0.365926     -2.82036     -3.79017     -1.32787      -1.2881     -1.79687      1.39067      -0.6864
   -0.948358    -0.997888     0.365838     -2.81931     -3.78839     -1.32723      -1.2873     -1.79511      1.38856    -0.685358
   -0.948358    -0.997843     0.365807     -2.81893     -3.78775       -1.327     -1.28701     -1.79447      1.38778    -0.684972
   -0.948358    -0.997725     0.365724     -2.81794     -3.78608      -1.3264     -1.28627     -1.79285      1.38587    -0.684027
   -0.948358    -0.997798     0.365775     -2.81855     -3.78711     -1.32677     -1.28673     -1.79387      1.38709    -0.684629
   -0.948358    -0.997805      0.36578     -2.81861     -3.78722     -1.32681     -1.28678     -1.79398      1.38723      -0.6847
   -0.948358    -0.997718      0.36572     -2.81789     -3.78598     -1.32636     -1.28622     -1.79277      1.38577    -0.683977
   -0.948358    -0.997607     0.365641     -2.81695     -3.78438     -1.32579      -1.2855     -1.79114      1.38375    -0.682977
   -0.948358     -0.99768     0.365693     -2.81756     -3.78542     -1.32616     -1.28597     -1.79217      1.38499     -0.68359
   -0.948358    -0.997822     0.365792     -2.81876     -3.78747      -1.3269     -1.28689     -1.79426       1.3876    -0.684883
   -0.948358    -0.997742     0.365737     -2.81809     -3.78633     -1.32649     -1.28638     -1.79314      1.38625    -0.684214
   -0.948358    -0.997663     0.365682     -2.81743     -3.78521     -1.32609     -1.28587     -1.79199      1.38483    -0.683513
   -0.948358     -0.99767     0.365686     -2.81748      -3.7853     -1.32612     -1.28591     -1.79208      1.38493    -0.683561
   -0.948358    -0.997594     0.365633     -2.81684     -3.78421     -1.32573     -1.28543       -1.791      1.38362    -0.682915
   -0.948358    -0.997605     0.365641     -2.81693     -3.78437     -1.32578      -1.2855     -1.79115       1.3838    -0.683001
   -0.948358    -0.997461      0.36554     -2.81572     -3.78231     -1.32504     -1.28456     -1.78907      1.38124    -0.681731
   -0.948358    -0.997598     0.365636     -2.81688     -3.78429     -1.32576     -1.28546      -1.7911      1.38377    -0.682989
   -0.948358    -0.997485     0.365557     -2.81593     -3.78267     -1.32517     -1.28474     -1.78949      1.38181     -0.68202
   -0.948358    -0.997402     0.365499     -2.81523     -3.78148     -1.32475     -1.28419     -1.78827       1.3803    -0.681266
   -0.948358    -0.997428     0.365517     -2.81545     -3.78184     -1.32488     -1.28436     -1.78862      1.38072    -0.681476
   -0.948358    -0.997234     0.365382     -2.81383      -3.7791     -1.32389     -1.28313     -1.78593      1.37749    -0.679876
   -0.948358    -0.996728     0.365028     -2.80958      -3.7719      -1.3213     -1.27988     -1.77875      1.36878    -0.675563
   -0.948358    -0.996528     0.364886     -2.80786     -3.76897     -1.32024     -1.27853     -1.77563      1.36478    -0.673554
   -0.948358    -0.995998     0.364516     -2.80342     -3.76143     -1.31753     -1.27514     -1.76813      1.35569    -0.669053
   -0.948358    -0.995818      0.36439     -2.80191     -3.75887     -1.31661     -1.27399     -1.76559      1.35262    -0.667532
   -0.948358    -0.996412     0.364805     -2.80688     -3.76731     -1.31965     -1.27779     -1.77399       1.3628    -0.672572
   -0.948358     -0.99735      0.36546     -2.81476     -3.78066     -1.32445      -1.2838     -1.78727      1.37887    -0.680537
   -0.948358     -0.99702      0.36523     -2.81199     -3.77596     -1.32276     -1.28168     -1.78258      1.37318    -0.677723
   -0.948358    -0.995884     0.364436     -2.80246     -3.75981     -1.31695     -1.27441     -1.76653      1.35374    -0.668096
   -0.948358    -0.995695     0.364304     -2.80087     -3.75711     -1.31598      -1.2732     -1.76385      1.35051    -0.666496
   -0.948358    -0.996279     0.364713     -2.80577     -3.76544     -1.31897     -1.27694     -1.77213      1.36056    -0.671461
   -0.948358    -0.996915     0.365157     -2.81111     -3.77448     -1.32223     -1.28101     -1.78113      1.37145    -0.676859
   -0.948358    -0.996996     0.365214     -2.81179     -3.77564     -1.32264     -1.28153     -1.78228      1.37284    -0.677544
   -0.948358    -0.997443     0.365526     -2.81554       -3.782     -1.32493      -1.2844     -1.78862      1.38054    -0.681362
   -0.948358     -0.99749     0.365558     -2.81594     -3.78266     -1.32517      -1.2847     -1.78928      1.38134    -0.681755
   -0.948358    -0.997763     0.365749     -2.81823     -3.78655     -1.32657     -1.28644     -1.79314        1.386    -0.684067
   -0.948358    -0.996894     0.365142     -2.81093     -3.77418     -1.32212     -1.28088     -1.78083       1.3711    -0.676683
   -0.948358    -0.997416     0.365507     -2.81531     -3.78161     -1.32479     -1.28422     -1.78824      1.38008    -0.681134
   -0.948358    -0.997827     0.365794     -2.81877     -3.78747      -1.3269     -1.28686     -1.79408      1.38719    -0.684653
   -0.948358    -0.997851      0.36581     -2.81897     -3.78781     -1.32702     -1.28701     -1.79441      1.38758    -0.684849
   -0.948358    -0.998117     0.365997     -2.82121     -3.79161     -1.32839     -1.28873     -1.79822      1.39223     -0.68715
   -0.948358    -0.998133     0.366008     -2.82134     -3.79183     -1.32847     -1.28883     -1.79843      1.39248    -0.687274
   -0.948358    -0.998094      0.36598     -2.82101     -3.79126     -1.32826     -1.28857     -1.79784      1.39172    -0.686901
   -0.948358     -0.99784     0.365803     -2.81888     -3.78766     -1.32697     -1.28695     -1.79428      1.38744    -0.684778
   -0.948358    -0.998126     0.366003     -2.82128     -3.79174     -1.32843     -1.28879     -1.79836      1.39241     -0.68724
   -0.948358    -0.998366     0.366171      -2.8233     -3.79517     -1.32966     -1.29033     -1.80177      1.39655     -0.68929
   -0.948358    -0.998359     0.366166     -2.82324     -3.79505     -1.32962     -1.29028     -1.80165      1.39639    -0.689214
   -0.948358    -0.998578     0.366319     -2.82508     -3.79818     -1.33075     -1.29169     -1.80478      1.40019    -0.691097
   -0.948358     -0.99855     0.366299     -2.82484     -3.79778      -1.3306     -1.29151     -1.80437      1.39969     -0.69085
   -0.948358    -0.998306     0.366128     -2.82279     -3.79428     -1.32935     -1.28993     -1.80086      1.39539     -0.68872
   -0.948358      -0.9984     0.366195     -2.82358     -3.79565     -1.32984     -1.29055     -1.80225      1.39714    -0.689583
   -0.948358    -0.998674     0.366386     -2.82589     -3.79955     -1.33124     -1.29231     -1.80615      1.40187    -0.691932
   -0.948358     -0.99874     0.366432     -2.82644     -3.80049     -1.33158     -1.29273     -1.80708      1.40298    -0.692483
   -0.948358    -0.998698     0.366403     -2.82609     -3.79988     -1.33136     -1.29245     -1.80647      1.40223    -0.692112
   -0.948358    -0.998832     0.366497     -2.82722     -3.80181     -1.33205     -1.29332     -1.80839      1.40458    -0.693279
   -0.948358    -0.998783     0.366462      -2.8268      -3.8011      -1.3318       -1.293     -1.80769      1.40372     -0.69285
   -0.948358     -0.99839     0.366187      -2.8235     -3.79548     -1.32978     -1.29047     -1.80206      1.39685    -0.689448
   -0.948358     -0.99878      0.36646     -2.82678     -3.80106     -1.33178     -1.29299     -1.80765      1.40369    -0.692831
   -0.948358    -0.998872     0.366524     -2.82755     -3.80237     -1.33225     -1.29358     -1.80896      1.40528    -0.693623
   -0.948358     -0.99882     0.366488     -2.82711     -3.80162     -1.33199     -1.29324     -1.80822      1.40438    -0.693178
   -0.948358    -0.998771     0.366453      -2.8267     -3.80092     -1.33173     -1.29293     -1.80751      1.40352    -0.692751
   -0.948358    -0.998738     0.366431     -2.82643     -3.80046     -1.33157     -1.29272     -1.80706      1.40297    -0.692484
   -0.948358    -0.998694       0.3664     -2.82606     -3.79984     -1.33134     -1.29244     -1.80643      1.40221    -0.692104
   -0.948358    -0.998297     0.366122     -2.82272     -3.79416      -1.3293     -1.28988     -1.80075      1.39526    -0.688663
   -0.948358    -0.998913     0.366553      -2.8279     -3.80296     -1.33247     -1.29385     -1.80956      1.40602    -0.693993
   -0.948358    -0.998834     0.366498     -2.82724     -3.80183     -1.33206     -1.29334     -1.80844      1.40466    -0.693318
   -0.948358    -0.998635     0.366359     -2.82556     -3.79899     -1.33104     -1.29206     -1.80561      1.40122    -0.691617
   -0.948358      -0.9986     0.366334     -2.82527     -3.79849     -1.33086     -1.29183      -1.8051      1.40059    -0.691307
   -0.948358    -0.998493      0.36626     -2.82438     -3.79698     -1.33032     -1.29116     -1.80362      1.39883    -0.690436
   -0.948358    -0.998478     0.366249     -2.82425     -3.79676     -1.33024     -1.29106     -1.80339      1.39854    -0.690291
   -0.948358    -0.998664     0.366379     -2.82581     -3.79942     -1.33119     -1.29225     -1.80603      1.40174    -0.691876
   -0.948358    -0.998518     0.366278     -2.82459     -3.79734     -1.33045     -1.29132     -1.80398      1.39927    -0.690656
   -0.948358    -0.998232     0.366077     -2.82218     -3.79326     -1.32898     -1.28948     -1.79991      1.39432    -0.688206
   -0.948358    -0.998233     0.366078     -2.82219     -3.79328     -1.32899     -1.28949     -1.79992      1.39433    -0.688207
   -0.948358    -0.997828     0.365795     -2.81879     -3.78749     -1.32691     -1.28689     -1.79416      1.38733    -0.684741
   -0.948358    -0.997828     0.365795     -2.81879     -3.78749     -1.32691     -1.28688     -1.79415      1.38731     -0.68473
   -0.948358    -0.998258     0.366096      -2.8224     -3.79363     -1.32911     -1.28965     -1.80031      1.39483    -0.688457
   -0.948358      -0.9965     0.364867     -2.80764      -3.7686     -1.32011     -1.27838     -1.77534       1.3645    -0.673436
   -0.948358    -0.996213     0.364667     -2.80523     -3.76451     -1.31864     -1.27654     -1.77128      1.35959    -0.671002
   -0.948358    -0.996022     0.364533     -2.80363     -3.76179     -1.31767     -1.27531     -1.76856      1.35627    -0.669357
   -0.948358    -0.996164     0.364633     -2.80482     -3.76381     -1.31839     -1.27622     -1.77056      1.35868    -0.670548
   -0.948358     -0.99581     0.364385     -2.80185     -3.75876     -1.31658     -1.27395     -1.76552      1.35255    -0.667509
   -0.948358    -0.995997     0.364515     -2.80341     -3.76141     -1.31753     -1.27514     -1.76814      1.35572    -0.669079
   -0.948358    -0.996984     0.365204     -2.81169     -3.77545     -1.32257     -1.28145     -1.78208      1.37258    -0.677427
   -0.948358    -0.999209     0.366761      -2.8304     -3.80721       -1.334     -1.29577     -1.81385      1.41131    -0.696612
   -0.948358     -0.99926     0.366797     -2.83083     -3.80795     -1.33426      -1.2961     -1.81462      1.41227    -0.697089
   -0.948358    -0.999257     0.366795     -2.83081     -3.80791     -1.33425     -1.29609     -1.81458      1.41223     -0.69707
   -0.948358    -0.999204     0.366757     -2.83036     -3.80714     -1.33397     -1.29573     -1.81378      1.41122    -0.696569
   -0.948358    -0.999258     0.366796     -2.83081     -3.80793     -1.33425      -1.2961     -1.81461      1.41228    -0.697096
   -0.948358    -0.999252     0.366792     -2.83077     -3.80785     -1.33423     -1.29606     -1.81454      1.41221    -0.697058
   -0.948358    -0.999098     0.366683     -2.82946     -3.80562     -1.33342     -1.29505     -1.81224      1.40931    -0.695622
   -0.948358    -0.998973     0.366596     -2.82841     -3.80382     -1.33278     -1.29423     -1.81043      1.40708    -0.694516
   -0.948358    -0.999051      0.36665     -2.82907     -3.80494     -1.33318     -1.29474     -1.81156      1.40848    -0.695214
   -0.948358     -0.99878     0.366461     -2.82678     -3.80107     -1.33179     -1.29299     -1.80768      1.40373    -0.692854
   -0.948358    -0.998826     0.366493     -2.82717     -3.80173     -1.33203     -1.29329     -1.80834      1.40454    -0.693256
   -0.948358    -0.998888     0.366536      -2.8277     -3.80263     -1.33235      -1.2937     -1.80926      1.40569    -0.693823
   -0.948358    -0.998924     0.366561     -2.82799     -3.80313     -1.33253     -1.29393     -1.80976      1.40631    -0.694129
   -0.948358    -0.999104     0.366687     -2.82951     -3.80571     -1.33346     -1.29509     -1.81235      1.40946    -0.695694
   -0.948358    -0.998847     0.366507     -2.82735     -3.80203     -1.33213     -1.29343     -1.80866      1.40496    -0.693462
   -0.948358    -0.998992     0.366609     -2.82857     -3.80412     -1.33288     -1.29437     -1.81077      1.40757    -0.694756
   -0.948358    -0.999015     0.366625     -2.82877     -3.80445       -1.333     -1.29452      -1.8111      1.40797    -0.694952
   -0.948358    -0.999079     0.366671     -2.82931     -3.80538     -1.33334     -1.29495     -1.81206      1.40917    -0.695547
   -0.948358    -0.999097     0.366683     -2.82946     -3.80562     -1.33342     -1.29505      -1.8123      1.40945     -0.69569
   -0.948358    -0.999176     0.366738     -2.83012     -3.80675     -1.33383     -1.29556     -1.81341      1.41078    -0.696349
   -0.948358    -0.999143     0.366716     -2.82985     -3.80629     -1.33367     -1.29536     -1.81299      1.41032    -0.696119
   -0.948358    -0.999155     0.366724     -2.82995     -3.80646     -1.33373     -1.29543     -1.81315      1.41051    -0.696212
   -0.948358    -0.999196     0.366752     -2.83029     -3.80705     -1.33394      -1.2957     -1.81375      1.41126    -0.696585
   -0.948358    -0.999207      0.36676     -2.83039     -3.80721       -1.334     -1.29577     -1.81391      1.41144    -0.696675
   -0.948358    -0.999236      0.36678     -2.83063     -3.80761     -1.33414     -1.29595     -1.81429      1.41187    -0.696889
   -0.948358    -0.999217     0.366767     -2.83047     -3.80735     -1.33405     -1.29584     -1.81406      1.41164    -0.696775
   -0.948358    -0.999227     0.366774     -2.83055     -3.80749      -1.3341      -1.2959     -1.81419      1.41179    -0.696849
   -0.948358    -0.999249      0.36679     -2.83074     -3.80781     -1.33421     -1.29604     -1.81451      1.41217    -0.697037
   -0.948358    -0.999241     0.366784     -2.83068      -3.8077     -1.33417     -1.29599      -1.8144      1.41204    -0.696974
   -0.948358     -0.99926     0.366797     -2.83083     -3.80795     -1.33426      -1.2961     -1.81462      1.41228    -0.697091
   -0.948358    -0.998642     0.366365     -2.82565     -3.79915      -1.3311     -1.29215     -1.80586      1.40164    -0.691833
   -0.948358    -0.998839     0.366503      -2.8273     -3.80196     -1.33211     -1.29341     -1.80868      1.40508    -0.693534
   -0.948358     -0.99882     0.366489     -2.82714     -3.80168     -1.33201     -1.29329      -1.8084      1.40475     -0.69337
   -0.948358    -0.998603     0.366338     -2.82532     -3.79859      -1.3309      -1.2919     -1.80531      1.40098    -0.691505
   -0.948358    -0.998938     0.366572     -2.82813     -3.80337     -1.33261     -1.29405     -1.81009       1.4068    -0.694388
   -0.948358    -0.998928     0.366566     -2.82805     -3.80324     -1.33257     -1.29399     -1.80996      1.40665    -0.694314
   -0.948358    -0.998485     0.366256     -2.82433     -3.79691     -1.33029     -1.29114     -1.80366      1.39899    -0.690524
   -0.948358    -0.998463     0.366239     -2.82413     -3.79658     -1.33017     -1.29098     -1.80328      1.39848    -0.690269
   -0.948358    -0.998445     0.366226     -2.82397      -3.7963     -1.33007     -1.29086     -1.80298      1.39808    -0.690068
   -0.948358    -0.998305     0.366129     -2.82281     -3.79433     -1.32936     -1.28997     -1.80103      1.39574    -0.688911
   -0.948358    -0.998854     0.366512      -2.8274     -3.80212     -1.33216     -1.29347     -1.80873      1.40502    -0.693498
   -0.948358     -0.99887     0.366523     -2.82754     -3.80235     -1.33225     -1.29357     -1.80896      1.40531    -0.693643
   -0.948358    -0.999059     0.366656     -2.82914     -3.80506     -1.33322      -1.2948     -1.81169      1.40864    -0.695291
   -0.948358    -0.999058     0.366655     -2.82912     -3.80504     -1.33322     -1.29479     -1.81167      1.40862    -0.695283
   -0.948358    -0.999046     0.366647     -2.82903     -3.80489     -1.33316     -1.29472     -1.81154       1.4085    -0.695226
   -0.948358    -0.999174     0.366736      -2.8301     -3.80671     -1.33382     -1.29554     -1.81336      1.41071    -0.696316
   -0.948358    -0.999159     0.366726     -2.82998      -3.8065     -1.33374     -1.29545     -1.81315      1.41045    -0.696191
   -0.948358     -0.99917     0.366734     -2.83008     -3.80667      -1.3338     -1.29553     -1.81336      1.41074    -0.696337
   -0.948358    -0.999163     0.366729     -2.83002     -3.80657     -1.33377     -1.29548     -1.81325      1.41061    -0.696272
   -0.948358    -0.999092     0.366679     -2.82942     -3.80555      -1.3334     -1.29503     -1.81223      1.40937    -0.695655
   -0.948358    -0.999129     0.366705     -2.82973     -3.80609     -1.33359     -1.29527     -1.81279      1.41008    -0.696011
   -0.948358    -0.999126     0.366704     -2.82971     -3.80605     -1.33358     -1.29526     -1.81275      1.41003    -0.695986
   -0.948358    -0.999008     0.366621     -2.82872     -3.80437     -1.33297      -1.2945     -1.81109      1.40803    -0.694996
   -0.948358    -0.999001     0.366616     -2.82866     -3.80427     -1.33294     -1.29446       -1.811      1.40792    -0.694942
   -0.948358    -0.999004     0.366618     -2.82868     -3.80431     -1.33295     -1.29447     -1.81101       1.4079    -0.694932
   -0.948358    -0.999056     0.366655     -2.82913     -3.80506     -1.33322     -1.29481     -1.81178      1.40886    -0.695407
   -0.948358    -0.999051     0.366651     -2.82908     -3.80498      -1.3332     -1.29478     -1.81171      1.40878    -0.695367
   -0.948358    -0.998866     0.366522     -2.82751     -3.80233     -1.33224     -1.29357     -1.80899      1.40541    -0.693685
   -0.948358    -0.998824     0.366493     -2.82717     -3.80174     -1.33203     -1.29331     -1.80844      1.40478    -0.693371
   -0.948358    -0.998837     0.366501     -2.82727     -3.80193      -1.3321     -1.29339     -1.80862      1.40501    -0.693485
   -0.948358    -0.998893      0.36654     -2.82774     -3.80271     -1.33238     -1.29374     -1.80937      1.40587    -0.693912
   -0.948358    -0.998739     0.366434     -2.82646     -3.80055      -1.3316     -1.29277     -1.80727      1.40338    -0.692677
   -0.948358    -0.998739     0.366433     -2.82645     -3.80054      -1.3316     -1.29277     -1.80726      1.40338    -0.692678
   -0.948358    -0.998848     0.366508     -2.82735     -3.80205     -1.33214     -1.29344     -1.80868        1.405    -0.693482
   -0.948358     -0.99865      0.36637     -2.82569     -3.79922     -1.33112     -1.29216     -1.80584      1.40151    -0.691749
   -0.948358    -0.998368     0.366172     -2.82332     -3.79519     -1.32967     -1.29034     -1.80181       1.3966    -0.689316
   -0.948358    -0.998656     0.366374     -2.82574      -3.7993     -1.33115     -1.29219      -1.8059      1.40158    -0.691786
   -0.948358    -0.998216     0.366066     -2.82204     -3.79303      -1.3289     -1.28937     -1.79965      1.39399    -0.688024
   -0.948358    -0.998256     0.366094     -2.82237      -3.7936      -1.3291     -1.28963     -1.80023      1.39469    -0.688372
   -0.948358    -0.998117     0.365998     -2.82121     -3.79163     -1.32839     -1.28874     -1.79828      1.39233    -0.687202
   -0.948358    -0.998171     0.366035     -2.82166      -3.7924     -1.32867     -1.28909     -1.79904      1.39327    -0.687665
   -0.948358    -0.998435      0.36622     -2.82389     -3.79618     -1.33003      -1.2908     -1.80284      1.39792    -0.689973
   -0.948358    -0.998033     0.365939     -2.82051     -3.79043     -1.32796      -1.2882     -1.79707      1.39085    -0.686468
   -0.948358    -0.998146     0.366018     -2.82146     -3.79206     -1.32855     -1.28894     -1.79873      1.39292    -0.687492
   -0.948358    -0.998198     0.366054      -2.8219      -3.7928     -1.32881     -1.28927     -1.79946      1.39381    -0.687935
   -0.948358    -0.998275     0.366109     -2.82255     -3.79392     -1.32922     -1.28978     -1.80063      1.39528    -0.688664
   -0.948358    -0.998316     0.366138      -2.8229      -3.7945     -1.32943     -1.29005     -1.80121      1.39598    -0.689009
   -0.948358    -0.998489     0.366259     -2.82435     -3.79697     -1.33031     -1.29116     -1.80366      1.39896    -0.690485
   -0.948358    -0.998404     0.366199     -2.82364     -3.79577     -1.32988     -1.29062      -1.8025      1.39759    -0.689807
   -0.948358     -0.99843     0.366218     -2.82386     -3.79614     -1.33002     -1.29079     -1.80287      1.39803    -0.690025
   -0.948358    -0.998531     0.366288     -2.82471     -3.79758     -1.33053     -1.29144     -1.80432      1.39982    -0.690915
   -0.948358    -0.998548       0.3663     -2.82485     -3.79783     -1.33062     -1.29155     -1.80456      1.40011    -0.691056
   -0.948358    -0.998596     0.366333     -2.82525      -3.7985     -1.33086     -1.29185     -1.80521      1.40086    -0.691427
   -0.948358    -0.998584     0.366325     -2.82515     -3.79834     -1.33081     -1.29178     -1.80509      1.40076     -0.69138
   -0.948358    -0.998595     0.366333     -2.82525     -3.79851     -1.33087     -1.29186     -1.80524      1.40094    -0.691472
   -0.948358    -0.998656     0.366376     -2.82576     -3.79937     -1.33118     -1.29225      -1.8061      1.40198    -0.691985
   -0.948358    -0.998648      0.36637      -2.8257     -3.79926     -1.33114      -1.2922       -1.806      1.40186    -0.691924
   -0.948358    -0.998662      0.36638     -2.82581     -3.79945      -1.3312     -1.29227     -1.80615      1.40201    -0.691997
   -0.948358    -0.997888     0.365838      -2.8193     -3.78839     -1.32723     -1.28728     -1.79507      1.38847    -0.685288
   -0.948358    -0.997696     0.365704     -2.81768     -3.78566     -1.32625     -1.28606      -1.7924      1.38528    -0.683708
   -0.948358    -0.997712     0.365716     -2.81782      -3.7859     -1.32633     -1.28617     -1.79263      1.38558    -0.683854
   -0.948358    -0.997938     0.365873     -2.81971     -3.78909     -1.32748      -1.2876     -1.79577      1.38932    -0.685711
   -0.948358    -0.997543     0.365598     -2.81641      -3.7835     -1.32547     -1.28509     -1.79026      1.38273    -0.682441
   -0.948358    -0.997531     0.365589      -2.8163     -3.78333     -1.32541     -1.28502      -1.7901      1.38254    -0.682347
   -0.948358    -0.997951     0.365881     -2.81982     -3.78926     -1.32754     -1.28767      -1.7959      1.38944    -0.685767
   -0.948358    -0.997757     0.365745     -2.81818     -3.78648     -1.32654     -1.28642     -1.79311      1.38601    -0.684071
   -0.948358    -0.996394     0.364793     -2.80674     -3.76707     -1.31956     -1.27768     -1.77376      1.36254    -0.672442
   -0.948358    -0.996465     0.364843     -2.80734     -3.76809     -1.31993     -1.27814     -1.77478      1.36378    -0.673055
   -0.948358     -0.99594     0.364476     -2.80293     -3.76062     -1.31724     -1.27478     -1.76737      1.35482    -0.668618
   -0.948358    -0.996053     0.364555     -2.80388     -3.76224     -1.31783     -1.27551     -1.76898      1.35677    -0.669583
   -0.948358    -0.996853     0.365114     -2.81059     -3.77362     -1.32192     -1.28063     -1.78033      1.37055    -0.676409
   -0.948358    -0.995807     0.364383     -2.80182     -3.75874     -1.31657     -1.27393      -1.7655      1.35254    -0.667491
   -0.948358    -0.996105     0.364592     -2.80432     -3.76298     -1.31809     -1.27585     -1.76975      1.35774    -0.670061
   -0.948358    -0.996205     0.364662     -2.80516     -3.76441     -1.31861     -1.27649     -1.77116      1.35945     -0.67091
   -0.948358    -0.996755     0.365046     -2.80978     -3.77226     -1.32143     -1.28003     -1.77902      1.36903    -0.675656
   -0.948358    -0.996815     0.365088     -2.81028     -3.77311     -1.32173     -1.28041     -1.77986      1.37005    -0.676159
   -0.948358    -0.997118       0.3653     -2.81283     -3.77743     -1.32329     -1.28235     -1.78416      1.37525    -0.678736
   -0.948358    -0.997061     0.365261     -2.81236     -3.77664       -1.323       -1.282     -1.78342      1.37441    -0.678321
   -0.948358    -0.997094     0.365284     -2.81264     -3.77711     -1.32317     -1.28221     -1.78388      1.37497    -0.678596
   -0.948358    -0.997445      0.36553     -2.81559     -3.78211     -1.32497     -1.28447     -1.78889      1.38106    -0.681617
   -0.948358    -0.997423     0.365514      -2.8154      -3.7818     -1.32486     -1.28433     -1.78858       1.3807    -0.681439
   -0.948358     -0.99745     0.365532     -2.81562     -3.78216     -1.32499     -1.28449      -1.7889      1.38103      -0.6816
   -0.948358    -0.997305     0.365431     -2.81441     -3.78011     -1.32425     -1.28357     -1.78689      1.37864    -0.680415
   -0.948358    -0.997279     0.365414      -2.8142     -3.77976     -1.32412     -1.28341     -1.78654      1.37823    -0.680211
   -0.948358    -0.997296     0.365425     -2.81433     -3.77997      -1.3242      -1.2835     -1.78671      1.37837    -0.680284
   -0.948358    -0.999055     0.366653     -2.82911     -3.80502     -1.33321     -1.29479     -1.81172      1.40877    -0.695359
   -0.948358    -0.998265     0.366102     -2.82247     -3.79377     -1.32916     -1.28972      -1.8005      1.39515    -0.688619
   -0.948358    -0.997685     0.365697     -2.81762     -3.78553      -1.3262     -1.28602     -1.79234      1.38528    -0.683738
   -0.948358    -0.997966     0.365893     -2.81996     -3.78951     -1.32763     -1.28781     -1.79625      1.38997    -0.686057
   -0.948358    -0.998068     0.365964     -2.82082     -3.79096     -1.32815     -1.28846     -1.79769      1.39172     -0.68692
   -0.948358    -0.997621     0.365654     -2.81709     -3.78466     -1.32589     -1.28564     -1.79156      1.38444    -0.683321
   -0.948358    -0.997939     0.365875     -2.81975     -3.78915      -1.3275     -1.28766     -1.79598      1.38973    -0.685941
   -0.948358    -0.994622     0.363565     -2.79201     -3.74221     -1.31063     -1.26661     -1.74978      1.33437    -0.658546
   -0.948358    -0.994644      0.36358     -2.79219     -3.74252     -1.31074     -1.26675     -1.75007       1.3347     -0.65871
   -0.948358    -0.994647     0.363581     -2.79221     -3.74254     -1.31075     -1.26675     -1.75007      1.33467    -0.658696
   -0.948358      -0.9962     0.364663      -2.8052     -3.76452     -1.31865     -1.27661      -1.7717       1.3606    -0.671526
   -0.948358    -0.996184     0.364652     -2.80507      -3.7643     -1.31857     -1.27651     -1.77151      1.36039    -0.671421
   -0.948358    -0.994649     0.363577     -2.79215     -3.74236     -1.31068     -1.26661     -1.74945      1.33338    -0.658037
   -0.948358    -0.995155     0.363929     -2.79639     -3.74953     -1.31326     -1.26983     -1.75654      1.34191    -0.662256
   -0.948358    -0.995731     0.364332     -2.80122     -3.75773     -1.31621     -1.27352      -1.7647      1.35181    -0.667164
   -0.948358    -0.995409     0.364107     -2.79853     -3.75316     -1.31457     -1.27147     -1.76019      1.34639    -0.664478
   -0.948358    -0.995487     0.364161     -2.79917     -3.75424     -1.31495     -1.27194     -1.76119      1.34751    -0.665028
   -0.948358    -0.995948     0.364484     -2.80304     -3.76081     -1.31732      -1.2749     -1.76775      1.35547    -0.668976
   -0.948358     -0.99633      0.36475     -2.80624     -3.76625     -1.31927     -1.27735     -1.77318      1.36209    -0.672254
   -0.948358    -0.996097     0.364588      -2.8043     -3.76295     -1.31808     -1.27587     -1.76992      1.35818    -0.670318
   -0.948358    -0.995166     0.363938      -2.7965     -3.74973     -1.31333     -1.26993     -1.75682      1.34234    -0.662478
   -0.948358    -0.994288     0.363325     -2.78914     -3.73726     -1.30885     -1.26432     -1.74443      1.32737     -0.65506
   -0.948358    -0.993478     0.362761     -2.78237     -3.72579     -1.30473     -1.25917     -1.73311      1.31377    -0.648329
   -0.948358     -0.99365     0.362881     -2.78382     -3.72826     -1.30562     -1.26029     -1.73565      1.31693    -0.649896
   -0.948358    -0.993818        0.363     -2.78525      -3.7307     -1.30649     -1.26141     -1.73816      1.32008    -0.651463
   -0.948358    -0.994505     0.363478     -2.79097     -3.74038     -1.30997     -1.26573     -1.74759      1.33127    -0.656995
   -0.948358    -0.997139     0.365318     -2.81306     -3.77784     -1.32344     -1.28258     -1.78484      1.37638    -0.679335
   -0.948358    -0.997156     0.365329     -2.81319     -3.77805     -1.32351     -1.28267     -1.78501      1.37653     -0.67941
   -0.948358    -0.997154     0.365328     -2.81318     -3.77804     -1.32351     -1.28267     -1.78501      1.37656    -0.679422
   -0.948358    -0.996211     0.364671     -2.80529     -3.76468     -1.31871     -1.27668     -1.77184      1.36073    -0.671592
   -0.948358    -0.997104     0.365293     -2.81276     -3.77731     -1.32325     -1.28234     -1.78427      1.37562     -0.67896
   -0.948358    -0.997543     0.365599     -2.81643     -3.78353     -1.32548     -1.28513      -1.7904      1.38299    -0.682602
   -0.948358    -0.997542     0.365598     -2.81642     -3.78352     -1.32548     -1.28513      -1.7904      1.38301    -0.682614
   -0.948358    -0.997172     0.365341     -2.81333      -3.7783      -1.3236     -1.28279     -1.78528       1.3769     -0.67959
   -0.948358    -0.995911     0.364461     -2.80277      -3.7604     -1.31717     -1.27475     -1.76756      1.35553    -0.669014
   -0.948358    -0.996724     0.365027     -2.80957      -3.7719      -1.3213     -1.27991     -1.77888       1.3691    -0.675729
   -0.948358    -0.996946     0.365182     -2.81143     -3.77506     -1.32244     -1.28133     -1.78202       1.3729    -0.677612
   -0.948358    -0.996106     0.364597     -2.80441     -3.76317     -1.31816       -1.276     -1.77032      1.35889    -0.670676
   -0.948358    -0.995477     0.364157     -2.79913     -3.75421     -1.31494     -1.27197     -1.76141      1.34808    -0.665324
   -0.948358    -0.996308     0.364737     -2.80608     -3.76598     -1.31918     -1.27725       -1.773      1.36198    -0.672202
   -0.948358    -0.997113     0.365298     -2.81282     -3.77741     -1.32328     -1.28238     -1.78431      1.37561     -0.67895
   -0.948358    -0.997318     0.365441     -2.81454     -3.78032     -1.32433     -1.28368      -1.7872      1.37911    -0.680682
   -0.948358    -0.994612     0.363557     -2.79192     -3.74204     -1.31057     -1.26652     -1.74954      1.33399    -0.658358
   -0.948358     -0.99445     0.363443     -2.79055     -3.73972     -1.30974     -1.26548     -1.74721      1.33115    -0.656948
   -0.948358    -0.994127     0.363218     -2.78785     -3.73513     -1.30809     -1.26341     -1.74263      1.32557    -0.654185
   -0.948358    -0.997655     0.365676     -2.81737     -3.78511     -1.32605     -1.28584     -1.79195      1.38484    -0.683517
   -0.948358    -0.997717      0.36572     -2.81789       -3.786     -1.32637     -1.28624     -1.79283      1.38591    -0.684049
   -0.948358     -0.99781     0.365785     -2.81867     -3.78732     -1.32685     -1.28683     -1.79415      1.38751    -0.684842
   -0.948358    -0.997547     0.365601     -2.81647     -3.78359     -1.32551     -1.28516     -1.79049      1.38314    -0.682678
   -0.948358     -0.99747     0.365547     -2.81582     -3.78249     -1.32511     -1.28466     -1.78935      1.38172    -0.681975
   -0.948358    -0.997574      0.36562     -2.81669     -3.78396     -1.32564     -1.28532      -1.7908      1.38344    -0.682828
   -0.948358    -0.997699     0.365707     -2.81773     -3.78573     -1.32627     -1.28612     -1.79255      1.38556    -0.683873
   -0.948358    -0.997771     0.365757     -2.81834     -3.78676     -1.32664     -1.28658     -1.79357      1.38678     -0.68448
   -0.948358    -0.997252     0.365395     -2.81398     -3.77937     -1.32399     -1.28325     -1.78623      1.37792    -0.680091
   -0.948358    -0.997433     0.365522     -2.81551     -3.78196     -1.32492     -1.28442     -1.78881      1.38103    -0.681635
   -0.948358    -0.996731     0.365032     -2.80962     -3.77198     -1.32133     -1.27993     -1.77891      1.36907    -0.675711
   -0.948358    -0.996904     0.365151     -2.81106     -3.77442     -1.32221     -1.28103     -1.78131      1.37194    -0.677134
   -0.948358    -0.997346      0.36546     -2.81477      -3.7807     -1.32447     -1.28385     -1.78755      1.37949    -0.680868
   -0.948358    -0.997506     0.365572     -2.81611     -3.78298     -1.32528     -1.28488     -1.78981      1.38223    -0.682229
   -0.948358    -0.995669      0.36429     -2.80072     -3.75689      -1.3159     -1.27315     -1.76395        1.351    -0.666765
   -0.948358    -0.994916     0.363765     -2.79442     -3.74623     -1.31208     -1.26837     -1.75345       1.3384    -0.660532
   -0.948358    -0.996503     0.364872      -2.8077     -3.76871     -1.32016     -1.27846     -1.77561      1.36501    -0.673698
   -0.948358    -0.997035     0.365243     -2.81216     -3.77628     -1.32288     -1.28186     -1.78314      1.37415    -0.678224
   -0.948358    -0.997543     0.365599     -2.81643     -3.78354     -1.32549     -1.28514     -1.79044      1.38308    -0.682651
   -0.948358     -0.99783     0.365799     -2.81884     -3.78761     -1.32695     -1.28696     -1.79444      1.38787    -0.685018
   -0.948358    -0.997991     0.365911     -2.82018     -3.78989     -1.32777     -1.28798     -1.79667      1.39052    -0.686332
   -0.948358    -0.998121     0.366002     -2.82128     -3.79174     -1.32843     -1.28882     -1.79852      1.39278    -0.687449
   -0.948358    -0.995618     0.364252     -2.80026     -3.75608     -1.31561     -1.27276     -1.76295      1.34957    -0.666043
   -0.948358    -0.997628     0.365658     -2.81714     -3.78472     -1.32591     -1.28566     -1.79155      1.38434    -0.683272
   -0.948358    -0.997936     0.365872     -2.81972      -3.7891     -1.32748     -1.28763     -1.79588      1.38957    -0.685861
   -0.948358    -0.606033    0.0909544    -0.483079     0.536711     0.129175     0.420992      1.07446    -0.672918     -1.24208
   -0.948358    -0.577471    0.0635078    -0.502013     0.520253     0.119683     0.450821      1.08636    -0.615911     -1.24104
   -0.948358    -0.643091     0.126755    -0.455848     0.549448     0.139165     0.375598      1.04863      -0.7426     -1.21966
   -0.948358    -0.556566    0.0435835    -0.513531     0.505593     0.111884      0.47117      1.09267    -0.573672     -1.23601
   -0.948358    -0.593773     0.072922     -0.59362     0.568698     0.142666     0.388219      1.03131    -0.647261     -1.15453
   -0.948358    -0.622949     0.100618    -0.582484     0.594607     0.155155     0.354839      1.01467     -0.70452     -1.15926
   -0.948358    -0.611618    0.0845245    -0.677768     0.615491     0.165312     0.327437     0.973952     -0.67424      -1.0632
   -0.948358    -0.638704     0.110809    -0.660069     0.645917     0.177891     0.300349     0.961876    -0.727205     -1.09006
   -0.948358    -0.672652     0.143017     -0.65111     0.677892     0.193112     0.254816     0.931439    -0.790572      -1.0835
   -0.948358    -0.658477     0.134628    -0.565135     0.618024     0.167971     0.309687     0.987141    -0.772184     -1.14809
   -0.948358    -0.573178    0.0534437    -0.600226     0.546103     0.132732     0.409583      1.04003    -0.606447     -1.14143
   -0.948358    -0.593673    0.0670628    -0.689842     0.589528     0.155591     0.342682     0.978792    -0.639494     -1.03171
   -0.948358    -0.639838     0.105017     -0.78238     0.688938     0.198846     0.245294     0.892177    -0.708686    -0.954002
   -0.948358    -0.664512     0.129485    -0.758939     0.723597     0.211664     0.223313     0.883496    -0.756867    -0.998205
   -0.948358    -0.816084     0.264054    -0.934421     0.849507     0.283359    -0.103843      0.54383    -0.951949    -0.581828
   -0.948358    -0.819925     0.277277    -0.747746     0.672953     0.220645   -0.0557521      0.61703      -1.0039    -0.606815
   -0.948358    -0.813933     0.269951    -0.778468     0.738086     0.241535   -0.0503192     0.621281    -0.989321    -0.657093
   -0.948358     -0.81258     0.260472    -0.939995     0.895088     0.297575   -0.0970519     0.549647     -0.94095    -0.627261
   -0.948358    -0.817753     0.265475    -0.936956     0.809494     0.270922    -0.109659     0.537612    -0.957394    -0.537669
   -0.948358    -0.824102     0.282467     -0.72477      0.61497     0.201994   -0.0597019     0.613636     -1.01439    -0.560916
   -0.948358    -0.804891     0.260116    -0.801777      0.79804     0.259984   -0.0368441     0.633984    -0.970161    -0.717749
   -0.948358    -0.805364     0.253153    -0.948996     0.942029     0.311708   -0.0838967     0.562088     -0.92457    -0.681817
   -0.948358    -0.816787     0.255926     -1.11799      1.10026     0.371106    -0.164264     0.438816    -0.860688    -0.577873
   -0.948358    -0.819202     0.257707     -1.12831      1.08188     0.366075    -0.173706     0.426702     -0.86182    -0.540371
   -0.948358    -0.817557     0.264623    -0.948986     0.772097     0.259358    -0.114824     0.530897    -0.957989    -0.491811
   -0.948358    -0.827044     0.286012     -0.71062     0.561875     0.184979   -0.0635917      0.60977      -1.0222    -0.515316
   -0.948358    -0.819802     0.257609     -1.14148      1.06503     0.361374    -0.180692     0.416499    -0.858926    -0.505536
   -0.948358    -0.818729     0.255602     -1.16039      1.04661     0.356138    -0.186461     0.407003    -0.852885    -0.467851
   -0.948358    -0.816548     0.263405    -0.952647      0.73413     0.247128    -0.115187     0.531057    -0.960573     -0.45885
   -0.948358    -0.813023     0.255759     -1.03873     0.805741     0.273014    -0.137114     0.491727    -0.922191    -0.430003
   -0.948358    -0.803578     0.243142     -1.10975     0.831173      0.28284    -0.144853     0.469859    -0.882848    -0.389251
   -0.948358    -0.802624     0.245896      -1.0316     0.675549     0.229306    -0.117698     0.518467    -0.928433    -0.362953
   -0.948358    -0.815511     0.263803    -0.923553     0.635249     0.214083    -0.106437     0.545289    -0.974232    -0.408686
   -0.948358    -0.816425     0.252173      -1.1853      1.04564     0.356629    -0.192144     0.394692    -0.838025    -0.438074
   -0.948358    -0.810317     0.243992     -1.23319      1.06671     0.364705    -0.199133     0.375061    -0.805228     -0.40534
   -0.948358    -0.793669     0.230862     -1.16688     0.883232     0.300862    -0.147481     0.453353    -0.840675    -0.379114
   -0.948358     -0.78827     0.229036     -1.09272     0.705454     0.239739    -0.113006     0.512477    -0.887704    -0.346651
   -0.948358    -0.802032     0.247901    -0.977931      0.55032     0.186647     -0.10041     0.548187    -0.956038     -0.32688
   -0.948358    -0.817553     0.269109    -0.856551     0.506294     0.170344   -0.0915809     0.570564     -1.00136    -0.365068
   -0.948358     -0.82262     0.275964    -0.821328     0.580339     0.194011   -0.0896705     0.572069     -1.00074    -0.437053
   -0.948358    -0.826671     0.283662    -0.746806      0.46864     0.156051   -0.0770179     0.593287     -1.02578    -0.402057
   -0.948358    -0.762912     0.248938     -0.27983     0.495014      0.13875     0.204746     0.895314    -0.908235     -1.02391
   -0.948358    -0.725032     0.209689    -0.341856     0.525441     0.143246     0.266283     0.960661    -0.868525     -1.11256
   -0.948358    -0.798838     0.286634    -0.217273     0.453414      0.13029     0.139324     0.816595    -0.931872    -0.913164
   -0.948358    -0.689507     0.172998    -0.401821     0.546356     0.145109     0.315102      1.00476    -0.820305     -1.17019
   -0.948358    -0.735272     0.210381    -0.496259     0.617939     0.179291     0.198982     0.898616    -0.902114     -1.05238
   -0.948358    -0.768143     0.243539    -0.459056     0.593791     0.176388     0.143218     0.842247     -0.94582     -0.97019
   -0.948358    -0.743953     0.209501    -0.661318     0.730907      0.22267     0.129915     0.821776    -0.908355    -0.977175
   -0.948358    -0.771616     0.236497    -0.647041     0.718413     0.223064    0.0803829     0.773149    -0.950261    -0.906262
   -0.948358    -0.793133     0.257765    -0.632659     0.689407     0.217155     0.039396     0.729666    -0.979914    -0.827177
   -0.948358    -0.796037     0.271928     -0.42574     0.556834     0.168649    0.0911851      0.78407     -0.97615    -0.873641
   -0.948358    -0.702014     0.177119    -0.532373     0.628099     0.177726     0.249035     0.942447    -0.849796     -1.10712
   -0.948358    -0.712937     0.180373    -0.658885     0.715096     0.212133     0.186464     0.874243    -0.859396     -1.03535
   -0.948358    -0.750004     0.209501    -0.769817     0.815815     0.254963    0.0828631     0.762524    -0.897871    -0.922685
   -0.948358    -0.776273     0.232057    -0.816369     0.854029     0.273436    0.0179675     0.691129    -0.926015    -0.839257
   -0.948358    -0.723007     0.171325     -1.01858     0.966995     0.310536    0.0334766     0.657473    -0.765617    -0.778162
   -0.948358    -0.692134     0.149121    -0.879193     0.826859     0.254688     0.134849     0.783469    -0.771468    -0.891485
   -0.948358    -0.676469     0.132906    -0.905818     0.799243     0.245697     0.144093     0.782575    -0.737995    -0.838744
   -0.948358    -0.712143     0.159555     -1.04633     0.934901      0.30092    0.0357631     0.650902     -0.73989    -0.713423
   -0.948358    -0.742508     0.191099    -0.993528     0.992218     0.319745    0.0148651     0.649078    -0.806884    -0.813387
   -0.948358    -0.714213     0.170708    -0.865268      0.85644     0.266381     0.108255     0.765703    -0.812548    -0.910084
   -0.948358    -0.665117     0.124198    -0.867784     0.762959     0.230593     0.175368     0.817417    -0.730686    -0.872651
   -0.948358    -0.671419     0.126338    -0.938699     0.781589     0.241926     0.135147     0.766028    -0.722051    -0.770739
   -0.948358    -0.755777     0.193474     -1.20656      1.15392     0.384005   -0.0933175     0.479967    -0.713223    -0.613108
   -0.948358    -0.759837     0.198509     -1.18326      1.16612     0.386964   -0.0887004     0.491763    -0.729562    -0.658093
   -0.948358    -0.754352     0.210244    -0.835568     0.871107     0.275996    0.0524008     0.721783    -0.886392    -0.885715
   -0.948358    -0.764972     0.213135    -0.979803      1.00485     0.326486   -0.0173326     0.622775    -0.847915    -0.801903
   -0.948358    -0.782862     0.231059    -0.961779      0.99042     0.323947   -0.0433399      0.60155    -0.883757    -0.771564
   -0.948358    -0.796179     0.244061    -0.955674     0.971719     0.319916   -0.0670978     0.578509    -0.907103    -0.727354
   -0.948358    -0.793551     0.248831     -0.81066     0.832284     0.269278   -0.0152748     0.656552    -0.951744    -0.775332
   -0.948358    -0.729001     0.185348    -0.852553     0.864888     0.270734    0.0894976     0.752311    -0.840416    -0.909247
   -0.948358    -0.783261      0.22257     -1.14739      1.18557       0.3944    -0.110966     0.483451    -0.785913    -0.695387
   -0.948358     -0.79448     0.233875     -1.13486       1.1766     0.392665    -0.126194     0.472171    -0.810473    -0.680922
   -0.948358    -0.682224     0.133464    -0.996675     0.797656     0.252075    0.0948587     0.717719     -0.72377    -0.683492
   -0.948358    -0.719001     0.163344     -1.09998     0.945967     0.308528   0.00197344     0.605055    -0.729682    -0.629032
   -0.948358    -0.645707     0.105578    -0.871976     0.707729     0.211698     0.196468     0.831605    -0.699988    -0.822372
   -0.948358    -0.656035     0.111895    -0.933237     0.713552     0.219273     0.155186     0.784706    -0.705959    -0.718724
   -0.948358    -0.702289      0.14865     -1.06716     0.795672     0.258274    0.0362051     0.652255    -0.741704    -0.554957
   -0.948358    -0.737279     0.177376      -1.1641     0.958966     0.318584   -0.0523226     0.540527    -0.738353    -0.522392
   -0.948358    -0.759923     0.195727     -1.24121       1.1616     0.388976    -0.115086     0.448407     -0.70234     -0.55733
   -0.948358    -0.780468     0.216773     -1.19648      0.91558     0.311127    -0.135263     0.458247     -0.80633    -0.388797
   -0.948358    -0.759416     0.196522     -1.20023     0.945695     0.318756    -0.101525     0.488544    -0.767245    -0.435224
   -0.948358    -0.735488     0.177145     -1.12217     0.763209     0.254524   -0.0358736     0.579874    -0.791414    -0.421237
   -0.948358    -0.768386     0.208164     -1.12896     0.737976     0.249803   -0.0915906     0.526684    -0.844674    -0.358379
   -0.948358    -0.794913     0.226064     -1.30088      1.14584      0.39137    -0.197425     0.355531    -0.738471    -0.403986
   -0.948358    -0.785589     0.216968      -1.3053      1.16507     0.396665    -0.183157     0.367271    -0.718379    -0.427558
   -0.948358    -0.719284     0.163401     -1.08474     0.678545      0.22435   0.00240275     0.628198    -0.792006    -0.417655
   -0.948358    -0.759201     0.200523     -1.10245      0.65424     0.220797   -0.0673051     0.560676    -0.853987    -0.341904
   -0.948358    -0.720617     0.165152     -1.07212      0.61743      0.20441   0.00457899      0.63667    -0.809014    -0.386166
   -0.948358    -0.686611     0.135357     -1.02666     0.642512     0.207012    0.0721224     0.702308    -0.756453    -0.487334
   -0.948358    -0.687308     0.135968     -1.02354     0.582734     0.188385    0.0715065     0.706526    -0.770266    -0.438987
   -0.948358    -0.722692     0.167699     -1.05679     0.531967     0.176574   0.00661435     0.646717    -0.831379    -0.340781
   -0.948358    -0.761458     0.204068     -1.07188      0.56132     0.189629   -0.0607823     0.577086     -0.88004    -0.310069
   -0.948358    -0.683775     0.133123     -1.02127     0.679049     0.217603    0.0789567      0.70628    -0.744655    -0.530463
   -0.948358     -0.68106     0.130716       -1.005     0.482437     0.155727    0.0862329     0.728596    -0.781475    -0.380552
   -0.948358    -0.622835    0.0883545    -0.793923     0.652016     0.186236     0.259787     0.898084    -0.677799    -0.908541
   -0.948358    -0.650619     0.106897    -0.929532     0.683268     0.209288      0.16263     0.792062    -0.701499    -0.696092
   -0.948358    -0.664762     0.118149    -0.969037     0.703055     0.219508      0.12718     0.754029    -0.715226    -0.644428
   -0.948358    -0.784643     0.227686     -1.04605      0.57152     0.194065   -0.0915293     0.548496    -0.915893     -0.31048
   -0.948358    -0.804103     0.235941     -1.27798      1.11533     0.381592    -0.204835     0.355356    -0.767404    -0.395311
   -0.948358    -0.771391     0.204536     -1.28385      1.17461     0.396899    -0.151171     0.402196    -0.701109    -0.486617
   -0.948358    -0.804151     0.243733     -1.12153      1.15388      0.38633    -0.139436      0.46291    -0.834381    -0.656005
   -0.948358     -0.81125     0.250779     -1.11562      1.12891     0.379242    -0.151502     0.452366    -0.850497    -0.622747
   -0.948358    -0.807967     0.272669    -0.619217     0.651362     0.207223    0.0100132       0.6966    -0.998629    -0.753418
   -0.948358    -0.814917     0.291111    -0.405235     0.518661      0.15928    0.0526948     0.738362    -0.993636    -0.786835
   -0.948358    -0.720754      0.18269    -0.753319     0.785403     0.239742     0.139607     0.817719    -0.855186    -0.976136
   -0.948358    -0.690468     0.154483    -0.747601     0.752273      0.22407     0.190187     0.861072    -0.804869     -1.00518
   -0.948358    -0.770205     0.209257     -1.16565      1.18286     0.392631   -0.0969455     0.490219    -0.754289    -0.687252
   -0.948358    -0.825133     0.314537    -0.168896     0.411679     0.120403    0.0875176     0.748899    -0.940294    -0.812255
   -0.948358    -0.830368     0.258502     -1.34622      1.34899     0.462881    -0.274757     0.249934    -0.724947    -0.436057
   -0.948358    -0.827874     0.255189     -1.36515       1.3422     0.461295    -0.278402     0.240541    -0.711422    -0.406599
   -0.948358    -0.824959     0.250803      -1.3997      1.36999     0.471448    -0.286847     0.219934    -0.682797    -0.384577
   -0.948358    -0.821355     0.246087     -1.42771      1.40267     0.482807    -0.291503     0.204646    -0.655309    -0.376265
   -0.948358     -0.81671     0.241104     -1.43997      1.42145     0.488846    -0.288345     0.202406    -0.636536    -0.380765
   -0.948358    -0.812449     0.236926     -1.44235      1.43072     0.491394    -0.281798     0.207731    -0.626939    -0.392443
   -0.948358    -0.805696     0.230827     -1.43557      1.44223     0.493842    -0.267229     0.223291    -0.617048    -0.424311
   -0.948358    -0.801469     0.227531     -1.42076      1.44754     0.494157    -0.253637      0.24065    -0.616518    -0.459857
   -0.948358    -0.799089     0.226189     -1.40116      1.44274     0.491227    -0.241059     0.259731    -0.624592    -0.492354
   -0.948358    -0.817545     0.248122     -1.30703      1.38585     0.470776    -0.232818     0.305065    -0.723903    -0.562404
   -0.948358    -0.823233      0.25384     -1.30065      1.36438     0.464518    -0.241506     0.298587    -0.738862    -0.538218
   -0.948358    -0.827688     0.257663     -1.30984       1.3541     0.462368    -0.254163     0.282693     -0.74141    -0.503232
   -0.948358     -0.81002     0.239655     -1.33581      1.42222      0.48266    -0.230761     0.295317    -0.687568    -0.565172
   -0.948358    -0.801851     0.230775     -1.35912      1.43198     0.485837    -0.226778      0.29008     -0.65787    -0.550651
   -0.948358    -0.798862      0.22708     -1.37727      1.43527     0.487487    -0.229989     0.279724    -0.640508    -0.527232
   -0.948358    -0.830096     0.259074     -1.32933      1.36158     0.466044    -0.266732     0.262951    -0.731999    -0.473747
   -0.948358    -0.940438     0.326368     -2.34319      2.97307      1.04947    -0.921455     -1.02371     0.456561     0.314464
   -0.948358    -0.939594     0.325782     -2.33652      2.96135      1.04524    -0.916603     -1.01351     0.446119     0.307883
   -0.948358    -0.927189     0.317343     -2.23477      2.79235      0.98377    -0.843467    -0.860512     0.290607     0.201088
   -0.948358    -0.928686     0.318378     -2.24661      2.81305     0.991254    -0.852012    -0.878305     0.308567     0.212414
   -0.948358    -0.938422     0.324947     -2.32788      2.94625      1.03976    -0.910183     -1.00021     0.432845      0.29919
   -0.948358    -0.925049     0.315823     -2.21916      2.76507     0.973885    -0.831954    -0.836962     0.267606     0.186124
   -0.948358    -0.938738     0.325107     -2.33197      2.95252      1.04204    -0.912777     -1.00588     0.439073     0.303401
   -0.948358    -0.924636      0.31544      -2.2185      2.76308     0.973153    -0.830849    -0.835097     0.266572     0.185242
   -0.948358    -0.940647     0.326372      -2.3486      2.98022       1.0521    -0.924529     -1.03073     0.464813     0.320618
   -0.948358    -0.942983     0.327956      -2.3681      3.01297      1.06399    -0.938514     -1.06021     0.495173     0.340983
   -0.948358    -0.930114     0.319073     -2.26559      2.84197      1.00176    -0.863905    -0.904218     0.336934     0.231571
   -0.948358    -0.927134     0.317071     -2.24068          2.8      0.98654    -0.846288    -0.867536     0.299878     0.207185
   -0.948358    -0.946308      0.33024     -2.39507      3.05855      1.08055    -0.958089     -1.10146     0.537594     0.369534
   -0.948358    -0.934206     0.321883     -2.29845      2.89787      1.02204    -0.887621    -0.953733     0.387097     0.264803
   -0.948358     -0.93316     0.321159     -2.29021      2.88361      1.01687    -0.881646    -0.941283     0.374527     0.256681
   -0.948358     -0.94546     0.329655     -2.38827      3.04696      1.07634    -0.953147     -1.09107     0.526945     0.362463
   -0.948358    -0.940507     0.326412     -2.34389      2.97461      1.05001    -0.921922     -1.02475      0.45775     0.314815
   -0.948358    -0.928899     0.318517     -2.24856      2.81692     0.992627    -0.853346    -0.881197     0.311702     0.213777
   -0.948358    -0.929034     0.318586     -2.25036      2.82043     0.993869    -0.854464    -0.883726     0.314639      0.21492
   -0.948358    -0.940818      0.32661     -2.34683      2.97976      1.05187    -0.923939     -1.02908     0.462371     0.317521
   -0.948358    -0.941856     0.327271     -2.35668      2.99624      1.05784     -0.93072     -1.04359     0.477704     0.327369
   -0.948358    -0.941224     0.326861     -2.35089      2.98665      1.05436    -0.926682     -1.03499     0.468688     0.321378
   -0.948358    -0.929149     0.318614     -2.25273      2.82468     0.995375    -0.855818    -0.886869     0.318431     0.216562
   -0.948358    -0.929769     0.318995     -2.25889       2.8348     0.999039    -0.859974    -0.895735      0.32778     0.222619
   -0.948358    -0.944128     0.328789     -2.37617      3.02826      1.06949    -0.944604     -1.07292     0.508014      0.34829
   -0.948358    -0.931504     0.320114     -2.27466      2.86036      1.00833    -0.870905    -0.918733     0.351438     0.238846
   -0.948358    -0.933237     0.321253     -2.28982       2.8847       1.0172    -0.881556    -0.941034     0.374168     0.254928
   -0.948358    -0.946411     0.330333     -2.39538      3.05975      1.08096    -0.958445     -1.10221     0.538356     0.369548
   -0.948358    -0.947191     0.330858       -2.402      3.07041      1.08485    -0.963187     -1.11221     0.548631     0.376918
   -0.948358    -0.934263     0.321938     -2.29856      2.89865       1.0223    -0.887777    -0.954065      0.38744     0.264528
   -0.948358    -0.838031     0.255475     -1.58956      1.69497      0.58643      -0.3865    0.0282243    -0.505549    -0.322462
   -0.948358    -0.878985     0.284593     -1.85496      2.15491     0.752637    -0.575518    -0.319935    -0.226778    -0.143424
   -0.948358    -0.901588     0.299785     -2.03397      2.45505      0.86132    -0.699827     -0.56722   0.00439038   0.00812644
   -0.948358     -0.90585     0.302447     -2.07359       2.5207     0.885047    -0.726246    -0.621444     0.058177    0.0421548
   -0.948358     -0.88041     0.285187     -1.87565      2.18828     0.764605    -0.587604    -0.345529    -0.199709     -0.12825
   -0.948358    -0.879079     0.285159     -1.84333      2.14076     0.747517    -0.570529    -0.308648    -0.240237    -0.152421
   -0.948358    -0.901738     0.300097     -2.02961      2.44988     0.859448    -0.698002    -0.562542  -0.00200796   0.00386735
   -0.948358    -0.880308     0.284874     -1.88125      2.19799     0.767986    -0.589911    -0.351286    -0.191961    -0.126208
   -0.948358    -0.861203     0.272236     -1.72994      1.93985      0.67494    -0.487819    -0.153653    -0.368509    -0.233436
   -0.948358    -0.861523     0.273192     -1.71404      1.91696     0.666848    -0.481543    -0.138946    -0.387042    -0.241476
   -0.948358    -0.841152     0.258936     -1.57835      1.67585     0.580159    -0.387388    0.0328231    -0.522447      -0.3191
   -0.948358    -0.842747     0.261276     -1.55942      1.65127     0.571553    -0.382345    0.0466386    -0.543423    -0.326715
   -0.948358    -0.843721     0.263333     -1.53359      1.62377       0.5616    -0.373346      0.06702    -0.568376    -0.343817
   -0.948358    -0.861828     0.274209     -1.69669       1.8969     0.659583    -0.474548    -0.123145    -0.405958    -0.254422
   -0.948358    -0.860768      0.27137     -1.74147      1.95979     0.681858    -0.492104    -0.164773    -0.352862    -0.230031
   -0.948358    -0.845594     0.265588     -1.52439      1.63114     0.563735    -0.372539    0.0705435    -0.575555    -0.361233
   -0.948358    -0.862824     0.275454      -1.6906      1.89923     0.660136    -0.473521    -0.119867    -0.411506    -0.265072
   -0.948358    -0.880043     0.286142     -1.84278      2.14687     0.749571    -0.571991    -0.310737    -0.239914    -0.156158
   -0.948358    -0.903522     0.301449      -2.0402      2.47048     0.866856    -0.706271    -0.578866    0.0128906    0.0122468
   -0.948358    -0.882101     0.285864     -1.90117      2.23411     0.780832    -0.602204    -0.376886    -0.165638    -0.114383
   -0.948358    -0.859969     0.270317     -1.74931      1.97912      0.68832    -0.494007     -0.17176    -0.339976    -0.233808
   -0.948358    -0.909444     0.304814     -2.10451      2.57337     0.904083    -0.747673    -0.665817     0.102695    0.0701686
   -0.948358     -0.83474     0.252246     -1.59256      1.71366     0.592098     -0.38182     0.030088     -0.49313    -0.339165
   -0.948358    -0.881323     0.285922     -1.88201      2.22315     0.776163    -0.591734    -0.356175    -0.184921    -0.144022
   -0.948358    -0.908712     0.304527     -2.09393      2.56416     0.900445    -0.741194    -0.652687    0.0900153    0.0545032
   -0.948358    -0.908135     0.304285     -2.08526      2.55082     0.895623    -0.735952    -0.641209     0.077325    0.0463866
   -0.948358    -0.880283     0.285712     -1.86162      2.19294     0.765292    -0.580635    -0.332645    -0.209994    -0.159224
   -0.948358    -0.882155     0.286169      -1.8964      2.24269     0.783302    -0.599953    -0.373527    -0.166703    -0.130454
   -0.948358    -0.910613     0.305699     -2.11198      2.59206     0.910615    -0.753287    -0.677552     0.114696    0.0722742
   -0.948358      -0.9078     0.304164     -2.07975      2.54189     0.892422    -0.732741    -0.634155    0.0694549    0.0420339
   -0.948358    -0.880036     0.285806     -1.85292       2.1789     0.760313    -0.576252    -0.322777    -0.221542    -0.164435
   -0.948358    -0.858521     0.271645     -1.68448      1.91979      0.66572    -0.462204    -0.106688    -0.405668    -0.304901
   -0.948358    -0.859025     0.271028     -1.71208      1.95915     0.679794    -0.475283    -0.135337    -0.373237    -0.287079
   -0.948358    -0.843016     0.264495     -1.49339      1.61804     0.557609    -0.354222     0.102147    -0.596788    -0.408426
   -0.948358    -0.845391     0.265907     -1.51349      1.63596     0.564677    -0.367117    0.0800493    -0.582165    -0.384686
   -0.948358    -0.860729      0.27437     -1.66879      1.88429     0.653928    -0.459879   -0.0953822    -0.429713    -0.296374
   -0.948358    -0.862474      0.27548     -1.68245      1.89844     0.659399    -0.469085    -0.111723    -0.417903    -0.280124
   -0.948358    -0.840745     0.262726     -1.48423      1.61509     0.555872    -0.346022      0.11426    -0.600407     -0.42659
   -0.948358    -0.859701     0.273476     -1.66681       1.8872     0.654597     -0.45697    -0.091635    -0.429261    -0.305102
   -0.948358    -0.879596     0.285957     -1.83739      2.14872     0.749799    -0.568557    -0.304887    -0.243491    -0.169125
   -0.948358    -0.880249     0.286406     -1.84179      2.15208     0.751203    -0.571822    -0.310679    -0.239428    -0.161956
   -0.948358    -0.906252     0.303315     -2.06188      2.51057     0.881228    -0.721495    -0.610096    0.0437599    0.0287764
   -0.948358    -0.905378     0.302744     -2.05416      2.49645      0.87617    -0.716232    -0.599099    0.0325214    0.0228674
   -0.948358    -0.879628     0.285839     -1.84158      2.15863     0.753186    -0.570438    -0.309662     -0.23695    -0.169615
   -0.948358     -0.90706     0.303796     -2.07023      2.52555      0.88658    -0.726907    -0.621563    0.0557959     0.034913
   -0.948358    -0.832401     0.250567     -1.58132      1.72466     0.594638    -0.372389    0.0429046    -0.494313    -0.373088
   -0.948358    -0.831377     0.250389     -1.56303      1.71288     0.589749    -0.362395    0.0611345    -0.508843    -0.397572
   -0.948358    -0.859425     0.269889     -1.74866      1.99423     0.693008    -0.492559    -0.171714    -0.334651    -0.248661
   -0.948358    -0.858526     0.269546     -1.73614      1.98301     0.688622    -0.485223    -0.157743    -0.346753    -0.264399
   -0.948358    -0.858725     0.270063      -1.7285      1.97741      0.68645    -0.482087    -0.150808    -0.354716    -0.273332
   -0.948358    -0.831866     0.251488     -1.54869      1.70349     0.586046    -0.356826    0.0731295    -0.522188    -0.413965
   -0.948358    -0.833428     0.251144     -1.59016      1.72513     0.595423    -0.378249    0.0335124    -0.489503    -0.355676
   -0.948358    -0.859523     0.269874     -1.75056      1.98921     0.691533     -0.49368    -0.173063    -0.335017    -0.240786
   -0.948358    -0.883206      0.28658     -1.91152      2.25937     0.789598    -0.608906    -0.391501    -0.149477    -0.112849
   -0.948358    -0.882632     0.286326     -1.90414      2.25201     0.786767    -0.604446     -0.38281    -0.157328    -0.122056
   -0.948358    -0.912477     0.306876     -2.12888      2.61692     0.919754    -0.764827    -0.701063     0.137589    0.0904772
   -0.948358    -0.912266     0.306772     -2.12626      2.61413     0.918685    -0.763139     -0.69757     0.134098    0.0867528
   -0.948358    -0.882727     0.286215     -1.90844      2.25015     0.786427    -0.606661    -0.386686     -0.15465    -0.112204
   -0.948358    -0.911864     0.306445     -2.12424      2.60786      0.91652    -0.761487    -0.694128     0.130603    0.0870697
   -0.948358    -0.838263     0.260361     -1.48423      1.62346     0.558168    -0.341194     0.118862    -0.595063    -0.440047
   -0.948358    -0.858982     0.272469     -1.67499      1.90428     0.660355    -0.459023   -0.0983581    -0.417599    -0.307201
   -0.948358    -0.836587     0.258471     -1.49133      1.63694     0.562582    -0.341047     0.115263    -0.584044    -0.443316
   -0.948358    -0.834157     0.254677      -1.5258      1.68315     0.578684    -0.350875    0.0894995    -0.546703    -0.431446
   -0.948358     -0.97853     0.352569       -2.658      3.49839      1.24079     -1.15224     -1.51806     0.978171     0.675237
   -0.948358    -0.967848     0.345158     -2.56995      3.35091      1.18704     -1.08689     -1.37648     0.826175     0.569711
   -0.948358    -0.973784      0.34927     -2.61883      3.43265      1.21683     -1.12309     -1.45467     0.909735     0.627785
   -0.948358    -0.982591     0.355391      -2.6917      3.55495      1.26141     -1.17738     -1.57296      1.03785     0.716664
   -0.948358    -0.975006     0.350129     -2.62889      3.44971      1.22305     -1.13068     -1.47142     0.928205     0.640526
   -0.948358    -0.963354     0.342051     -2.53287        3.289      1.16448      -1.0595     -1.31742     0.763225     0.525953
   -0.948358    -0.962721     0.341602     -2.52794      3.28058      1.16141     -1.05578     -1.30939     0.754689     0.520087
   -0.948358    -0.967349     0.344807     -2.56591      3.34401      1.18453     -1.08384     -1.36977     0.818824      0.56468
   -0.948358    -0.975774     0.350652     -2.63529      3.46021      1.22688     -1.13533      -1.4813     0.938495     0.647787
   -0.948358    -0.984064     0.356415     -2.70392      3.57544      1.26888     -1.18649     -1.59286      1.05948     0.731692
   -0.948358    -0.988914     0.359793     -2.74425      3.64329      1.29362     -1.21668      -1.6591      1.13201     0.781969
   -0.948358    -0.986003     0.357769     -2.72006      3.60267      1.27881     -1.19861     -1.61956       1.0889     0.752049
   -0.948358    -0.959876     0.339694      -2.5035      3.24021      1.14673     -1.03829     -1.27225     0.716006     0.493527
   -0.948358    -0.968498     0.345648     -2.57482      3.35942      1.19016     -1.09091     -1.38574     0.837028     0.577414
   -0.948358    -0.968048      0.34534     -2.57105      3.35309      1.18786     -1.08815     -1.37982     0.830769     0.573142
   -0.948358    -0.960554     0.340154     -2.50923      3.24982      1.15022     -1.04244     -1.28112     0.725347     0.499871
   -0.948358    -0.969409     0.346273     -2.58241      3.37211      1.19478     -1.09647     -1.39769     0.849703     0.586139
   -0.948358     -0.97711     0.351614     -2.64623      3.47904      1.23375     -1.14389     -1.50082     0.961091     0.663454
   -0.948358    -0.976502     0.351195     -2.64117      3.47056      1.23066     -1.14017     -1.49278     0.952502     0.657537
   -0.948358    -0.968464     0.345631     -2.57445      3.35875      1.18992     -1.09071     -1.38539       0.8368     0.577416
   -0.948358    -0.959952     0.339752     -2.50403      3.24103      1.14703     -1.03874     -1.27328     0.717187     0.494512
   -0.948358      -0.9815     0.354646     -2.68267      3.54001      1.25597     -1.17081     -1.55905      1.02343      0.70662
   -0.948358    -0.988177     0.359289     -2.73822      3.63332      1.28998     -1.21231     -1.64995       1.1227     0.775485
   -0.948358    -0.986365     0.358031     -2.72314      3.60803      1.28076     -1.20108     -1.62541      1.09602     0.756985
   -0.948358    -0.983525     0.356047     -2.69946      3.56811      1.26621     -1.18325     -1.58602      1.05242     0.726733
   -0.948358    -0.990248     0.360728     -2.75544      3.66223      1.30052     -1.22516     -1.67802      1.15325     0.796681
   -0.948358    -0.985277     0.357277      -2.7141      3.59286      1.27524     -1.19435     -1.61075      1.08013     0.745969
   -0.948358    -0.978965     0.352892     -2.66164      3.50482      1.24314     -1.15524     -1.52529     0.987175     0.681479
   -0.948358    -0.992545     0.362326     -2.77459      3.69439      1.31225     -1.23947     -1.70941       1.1876     0.820517
   -0.948358     -0.99142     0.361543     -2.76521      3.67864       1.3065     -1.23246     -1.69403      1.17077     0.808835
   -0.948358    -0.989435     0.360156      -2.7486      3.65059      1.29628     -1.21993     -1.66625      1.13985     0.787417
   -0.948358    -0.992724      0.36245     -2.77607      3.69688      1.31315     -1.24058     -1.71183      1.19023     0.822351
   -0.948358     -0.95289     0.334895     -2.44571      3.14359      1.11155    -0.996012      -1.1818     0.620744     0.427969
   -0.948358    -0.947029     0.330875     -2.39743      3.06319      1.08228    -0.960794     -1.10687     0.542516      0.37386
   -0.948358    -0.947072       0.3309     -2.39787       3.0642      1.08263    -0.961074     -1.10748     0.543187     0.373967
   -0.948358    -0.952841     0.334858     -2.44536      3.14321       1.1114    -0.995718     -1.18116     0.620068     0.427224
   -0.948358     -0.95272     0.334771     -2.44449      3.14119       1.1107    -0.995096     -1.17987      0.61877      0.42694
   -0.948358    -0.946563     0.330548      -2.3938      3.05669      1.07993    -0.958135     -1.10126     0.536734      0.37032
   -0.948358    -0.947423     0.331129     -2.40108      3.06975      1.08463    -0.963305     -1.11225     0.548215     0.377045
   -0.948358    -0.953632     0.335395     -2.45203      3.15443      1.11548     -1.00053     -1.19141     0.630802     0.434437
   -0.948358    -0.960508     0.340138      -2.5086      3.24853      1.14977     -1.04214     -1.28061     0.725016     0.500128
   -0.948358    -0.969628     0.346436     -2.58409       3.3748      1.19578     -1.09786      -1.4009     0.853483     0.589087
   -0.948358    -0.969908     0.346627     -2.58644      3.37863      1.19718     -1.09958     -1.40459     0.857376     0.591877
   -0.948358    -0.960595     0.340193     -2.50945       3.2497      1.15021     -1.04274     -1.28191     0.726401     0.501316
   -0.948358    -0.976984     0.351532     -2.64515      3.47721      1.23309     -1.14316     -1.49936     0.959725     0.662616
   -0.948358    -0.978221      0.35239     -2.65542      3.49439      1.23936      -1.1508     -1.51599     0.977725     0.675148
   -0.948358    -0.958652     0.338778     -2.49482      3.22509       1.1412      -1.0313     -1.25689     0.699181     0.481631
   -0.948358    -0.953677     0.335337      -2.4544      3.15767      1.11664     -1.00158     -1.19354     0.632891     0.435546
   -0.948358    -0.952566     0.334565     -2.44551      3.14262      1.11116    -0.995036     -1.17963     0.618411     0.425687
   -0.948358     -0.95751     0.337986      -2.4856      3.20954      1.13554     -1.02451     -1.24237     0.683947     0.471193
   -0.948358     -0.95812     0.338417     -2.49038      3.21785      1.13856     -1.02808     -1.25003     0.692039     0.476543
   -0.948358    -0.952973     0.334861      -2.4485      3.14808      1.11314    -0.997318     -1.18451     0.623538     0.428881
   -0.948358    -0.951901     0.334106     -2.44014      3.13349      1.10785     -0.99111     -1.17131     0.609778     0.419892
   -0.948358    -0.956889     0.337556     -2.48055        3.201      1.13244      -1.0208     -1.23449     0.675713     0.465613
   -0.948358    -0.962651     0.341547     -2.52748      3.27957      1.16105     -1.05539     -1.30851     0.753655     0.519568
   -0.948358    -0.963215     0.341939     -2.53206      3.28733      1.16387     -1.05878     -1.31581     0.761423      0.52486
   -0.948358    -0.953834     0.335499     -2.45448      3.15852      1.11694     -1.00202     -1.19453     0.633993     0.436156
   -0.948358    -0.948565     0.331875     -2.41137      3.08688      1.09085    -0.970516      -1.1276     0.564311     0.387688
   -0.948358    -0.950441     0.333137     -2.42739      3.11329      1.10046    -0.982012     -1.15201     0.589734     0.405248
   -0.948358    -0.955768     0.336811      -2.4708      3.18553      1.12678     -1.01384     -1.21974     0.660405     0.454448
   -0.948358    -0.953412     0.335224     -2.45069      3.15227      1.11468    -0.999374     -1.18892     0.628169      0.43225
   -0.948358    -0.947898     0.331436     -2.40545      3.07709      1.08729    -0.966344     -1.11874     0.555055      0.38146
   -0.948358    -0.962146     0.341234     -2.52268      3.27217      1.15835     -1.05215     -1.30182     0.747003     0.514718
   -0.948358    -0.984332     0.356624     -2.70626      3.57974      1.27045     -1.18856     -1.59821       1.0667     0.736668
   -0.948358    -0.977915     0.352168     -2.65292      3.49023      1.23783     -1.14882     -1.51144     0.972404     0.671263
   -0.948358    -0.983656     0.356158     -2.70064      3.57034      1.26703     -1.18442     -1.58926      1.05714     0.730054
   -0.948358    -0.970651     0.347126     -2.59275      3.38938      1.20107     -1.10405     -1.41399     0.866994     0.598078
   -0.948358    -0.983364     0.355957     -2.69822      3.56628      1.26555     -1.18264     -1.58544      1.05309     0.727269
   -0.948358    -0.983959     0.356371     -2.70317       3.5746      1.26859     -1.18635      -1.5936      1.06205     0.733499
   -0.948358    -0.977475     0.351871     -2.64924      3.48409       1.2356     -1.14619     -1.50591     0.966768     0.667455
   -0.948358    -0.964369     0.342766     -2.54111      3.30226      1.16935     -1.06578     -1.33119     0.778268     0.537205
   -0.948358    -0.976465     0.351148     -2.64096      3.46975      1.23037     -1.13977      -1.4914     0.950149     0.656117
   -0.948358      -0.9793      0.35311     -2.66443      3.50911      1.24471     -1.15714     -1.52898     0.990411     0.683939
   -0.948358    -0.970597     0.347074     -2.59256      3.38851      1.20077      -1.1038     -1.41332     0.866057     0.597872
   -0.948358    -0.972461     0.348377     -2.60782      3.41418      1.21013     -1.11524     -1.43827     0.893129     0.616684
   -0.948358    -0.983356     0.355934     -2.69811      3.56575      1.26536     -1.18234     -1.58423      1.05083     0.725831
   -0.948358    -0.985823     0.357645     -2.71859      3.60013      1.27789     -1.19755     -1.61734      1.08663     0.750594
   -0.948358    -0.981731     0.354796     -2.68458      3.54294      1.25704      -1.1721     -1.56151      1.02552      0.70822
   -0.948358    -0.974167     0.349542     -2.62202       3.4379      1.21876     -1.12555      -1.4602     0.915995     0.632345
   -0.948358    -0.964749     0.343019     -2.54445      3.30782      1.17137     -1.06815     -1.33623     0.783548     0.540755
   -0.948358    -0.958176     0.338489     -2.49028      3.21718      1.13837     -1.02839     -1.25104     0.693625     0.478747
   -0.948358    -0.969441     0.346299     -2.58264      3.37216      1.19482     -1.09672     -1.39833     0.850544     0.587207
   -0.948358    -0.979295     0.353132     -2.66435       3.5093      1.24479     -1.15742     -1.53035     0.993178     0.685913
   -0.948358    -0.979027     0.352943     -2.66214      3.50553      1.24342     -1.15574     -1.52661     0.988998     0.683041
   -0.948358    -0.969403     0.346268     -2.58239      3.37166      1.19464     -1.09649     -1.39776     0.849823     0.586733
   -0.948358    -0.960313     0.339987     -2.50735      3.24598      1.14886     -1.04112     -1.27839     0.722614     0.498797
   -0.948358    -0.985769     0.357627     -2.71824      3.59979      1.27777     -1.19758     -1.61812      1.08871     0.752095
   -0.948358    -0.986222     0.357941     -2.72201      3.60611      1.28008     -1.20038      -1.6242      1.09527     0.756642
   -0.948358    -0.979071     0.352978     -2.66249       3.5062      1.24366     -1.15605     -1.52739     0.990019     0.683706
   -0.948358    -0.986086     0.357849     -2.72087      3.60425       1.2794     -1.19956      -1.6225      1.09356     0.755442
   -0.948358    -0.987487     0.358819     -2.73254      3.62379      1.28652     -1.20822     -1.64134      1.11392      0.76956
   -0.948358    -0.980836     0.354195     -2.67718      3.53072       1.2526     -1.16689     -1.55083      1.01511     0.701128
   -0.948358    -0.961066     0.340498     -2.51362      3.25712      1.15287     -1.04558      -1.2878     0.732306     0.504586
   -0.948358    -0.953078     0.335008     -2.44761      3.14712      1.11281    -0.997242     -1.18439     0.623439     0.429192
   -0.948358     -0.97249     0.348394     -2.60802      3.41489      1.21036     -1.11531      -1.4383     0.892952     0.616065
   -0.948358    -0.983768     0.356241     -2.70158      3.57192      1.26761     -1.18519     -1.59112      1.05945      0.73174
   -0.948358    -0.984187     0.356532     -2.70506      3.57775      1.26974     -1.18779     -1.59681      1.06564     0.736058
   -0.948358    -0.985135      0.35719     -2.71296        3.591      1.27457     -1.19368     -1.60968      1.07967     0.745794
   -0.948358    -0.984103     0.356472     -2.70437      3.57661      1.26932     -1.18726     -1.59563      1.06432     0.735096
   -0.948358    -0.959017     0.339051     -2.49754      3.22924      1.14275     -1.03354     -1.26192     0.704871      0.48633
   -0.948358    -0.967116     0.344649     -2.56398      3.34056      1.18329      -1.0825     -1.36703     0.816131     0.563172
   -0.948358    -0.960995     0.340407     -2.51388      3.25663      1.15271     -1.04546     -1.28734       0.7315     0.504544
   -0.948358    -0.953529     0.335259     -2.45278      3.15434      1.11547     -1.00066     -1.19173     0.631232     0.435458
   -0.948358    -0.952646     0.334676     -2.44501      3.14144      1.11079    -0.995173      -1.1801     0.619135     0.427347
   -0.948358    -0.968675     0.345724     -2.57683      3.36219      1.19116     -1.09191     -1.38719     0.837382     0.577654
   -0.948358    -0.962251      0.34127     -2.52422      3.27403      1.15904       -1.053      -1.3034     0.748294     0.515953
   -0.948358    -0.968514     0.345613     -2.57551      3.35992      1.19034     -1.09095     -1.38515     0.835258     0.576265
   -0.948358    -0.990092     0.360621     -2.75418      3.66005      1.29973     -1.22425     -1.67611      1.15131     0.795431
   -0.948358    -0.990707     0.361047     -2.75928      3.66861      1.30285     -1.22803     -1.68433      1.16016     0.801553
   -0.948358    -0.991626     0.361686     -2.76693      3.68148      1.30754     -1.23375     -1.69686      1.17386     0.811041
   -0.948358     -0.98743     0.358762     -2.73195      3.62259      1.28607     -1.20752     -1.63914      1.11039     0.767045
   -0.948358    -0.989581     0.360266     -2.74993      3.65292      1.29713     -1.22109     -1.66924      1.14388     0.790297
   -0.948358    -0.980529     0.353978     -2.67463       3.5264      1.25102     -1.16494     -1.54648       1.0102     0.697727
   -0.948358    -0.988202     0.359312     -2.73848      3.63372      1.29014      -1.2126     -1.65078      1.12397     0.776516
   -0.948358    -0.988842     0.359755     -2.74379      3.64262      1.29338     -1.21653     -1.65933      1.13318     0.782895
   -0.948358    -0.981011     0.354309     -2.67864      3.53308      1.25345     -1.16788     -1.55277      1.01684      0.70231
   -0.948358    -0.989157     0.359978     -2.74645      3.64714      1.29503     -1.21858     -1.66396       1.1385     0.786583
   -0.948358    -0.970066     0.346723     -2.58794       3.3809        1.198     -1.10055      -1.4065      0.85909     0.593144
   -0.948358      -0.9604      0.34004     -2.50823      3.24735      1.14936     -1.04171     -1.27963     0.723884     0.499689
   -0.948358    -0.988447     0.359485     -2.74053      3.63721      1.29141     -1.21418     -1.65436      1.12809     0.779377
   -0.948358     -0.95275     0.334761     -2.44548      3.14234      1.11112    -0.995609     -1.18097     0.619944     0.427944
   -0.948358    -0.952494       0.3346     -2.44303      3.13844       1.1097    -0.993932     -1.17742     0.616251     0.425375
   -0.948358    -0.946449     0.330422      -2.3941      3.05644      1.07985    -0.958061     -1.10125     0.537009       0.3708
   -0.948358    -0.946129     0.330227     -2.39085      3.05131      1.07798    -0.955866     -1.09655     0.532034     0.367357
   -0.948358     -0.98765     0.358914     -2.73377      3.62564      1.28718     -1.20886     -1.64204      1.11348     0.769174
   -0.948358     -0.98914     0.359951     -2.74615      3.64647      1.29477      -1.2181     -1.66225      1.13548     0.784397
   -0.948358    -0.983631     0.356115     -2.70033      3.56941      1.26668     -1.18383     -1.58707      1.05322     0.727376
   -0.948358    -0.975678     0.350587      -2.6345      3.45885      1.22639     -1.13476     -1.48008     0.937207     0.646947
   -0.948358    -0.991702     0.361738     -2.76756      3.68253      1.30792      -1.2342      -1.6978      1.17481     0.811687
   -0.948358    -0.992476     0.362277       -2.774      3.69339      1.31188     -1.23903     -1.70842      1.18647     0.819754
   -0.948358    -0.955262     0.336439     -2.46722      3.17857      1.12428      -1.0111     -1.21388     0.654267     0.451056
   -0.948358    -0.949785     0.332653     -2.42286      3.10442      1.09728     -0.97855     -1.14473     0.582268      0.40123
   -0.948358    -0.947723     0.331251     -2.40568      3.07559       1.0868    -0.966168     -1.11853     0.555139     0.382922
   -0.948358    -0.985517     0.357455     -2.71613      3.59631      1.27651     -1.19604     -1.61483      1.08524     0.749669
   -0.948358    -0.946209     0.330243     -2.39251      3.05368      1.07884    -0.956817     -1.09868      0.53446     0.369005
   -0.948358     -0.99091     0.361194     -2.76102      3.67168      1.30397     -1.22941     -1.68758       1.1641     0.804203
   -0.948358    -0.989574     0.360267      -2.7499      3.65304      1.29718     -1.22114     -1.66955      1.14456     0.790658
   -0.948358    -0.994361     0.363594     -2.78979      3.72002      1.32159     -1.25092     -1.73477      1.21575      0.84004
   -0.948358    -0.993942     0.363303      -2.7863      3.71419      1.31947     -1.24833     -1.72913      1.20965     0.835804
   -0.948358    -0.988657     0.359631     -2.74227      3.64023      1.29251     -1.21546     -1.65714      1.13108     0.781313
   -0.948358     -0.98806     0.359218     -2.73731      3.63192      1.28948     -1.21178     -1.64916      1.12248     0.775361
   -0.948358    -0.987638     0.358927     -2.73381      3.62606      1.28734      -1.2092     -1.64357      1.11651     0.771234
   -0.948358    -0.987615     0.358912     -2.73362      3.62575      1.28723     -1.20908     -1.64335      1.11634     0.771132
   -0.948358    -0.991349     0.361509     -2.76477      3.67807      1.30631     -1.23239     -1.69455      1.17249     0.810137
   -0.948358    -0.991571     0.361663     -2.76662      3.68115      1.30743     -1.23375     -1.69751      1.17568     0.812345
   -0.948358    -0.988524     0.359546     -2.74121      3.63852      1.29189     -1.21479       -1.656      1.13036     0.780895
   -0.948358    -0.988967     0.359854      -2.7449      3.64471      1.29415     -1.21755     -1.66204      1.13698     0.785489
   -0.948358    -0.993112     0.362726      -2.7794      3.70253      1.31522     -1.24317     -1.71783      1.19731     0.827313
   -0.948358    -0.993154     0.362754     -2.77973      3.70306      1.31541     -1.24339     -1.71823      1.19762     0.827519
   -0.948358    -0.992826     0.362532     -2.77706      3.69867      1.31382     -1.24151     -1.71442      1.19398     0.825025
   -0.948358    -0.992753      0.36248     -2.77644       3.6976      1.31342     -1.24102     -1.71327       1.1926     0.824066
   -0.948358    -0.992009     0.361966     -2.77027      3.68728      1.30967     -1.23647     -1.70344      1.18212     0.816808
   -0.948358    -0.992376     0.362221     -2.77332       3.6924      1.31153     -1.23874      -1.7084      1.18749     0.820534
   -0.948358    -0.992947     0.362613     -2.77804      3.70026       1.3144     -1.24218     -1.71573      1.19514     0.825816
   -0.948358     -0.98949     0.360218     -2.74927      3.65204      1.29682     -1.22081      -1.6692      1.14481     0.790928
   -0.948358    -0.990912     0.361206     -2.76113      3.67195      1.30408     -1.22967     -1.68861      1.16601     0.805643
   -0.948358    -0.993055     0.362694     -2.77899      3.70194      1.31501     -1.24298     -1.71772      1.19772     0.827621
   -0.948358    -0.992858     0.362556     -2.77734      3.69915      1.31399     -1.24174     -1.71495      1.19462      0.82547
   -0.948358    -0.993219     0.362798     -2.78025      3.70394      1.31573     -1.24377       -1.719      1.19836     0.828025
   -0.948358    -0.994159     0.363452     -2.78809      3.71713      1.32054     -1.24963     -1.73187      1.21248     0.837787
   -0.948358    -0.994364     0.363595      -2.7898      3.72003       1.3216     -1.25092     -1.73472      1.21564     0.839971
   -0.948358      -0.9937     0.363132     -2.78426      3.71068      1.31819     -1.24676     -1.72557      1.20555     0.832997
   -0.948358    -0.987837     0.359067     -2.73547      3.62887      1.28837     -1.21047     -1.64646       1.1198     0.773544
   -0.948358    -0.988907     0.359808     -2.74438      3.64381      1.29382     -1.21709     -1.66086      1.13539     0.784325
   -0.948358      -0.9882     0.359321     -2.73851      3.63398      1.29023     -1.21277     -1.65153      1.12544      0.77747
   -0.948358      -0.9896     0.360295     -2.75019      3.65361      1.29739      -1.2215     -1.67072      1.14649     0.792068
   -0.948358    -0.987977     0.359165     -2.73665      3.63085      1.28909     -1.21137     -1.64844      1.12203     0.775098
   -0.948358    -0.989828     0.360453     -2.75209      3.65677      1.29855     -1.22292     -1.67382      1.14986     0.794435
   -0.948358    -0.990252     0.360748     -2.75563      3.66272      1.30071     -1.22556     -1.67962      1.15621     0.798843
   -0.948358    -0.991685     0.361744     -2.76758      3.68283      1.30804     -1.23451     -1.69929      1.17781     0.813808
   -0.948358    -0.992577     0.362353     -2.77491      3.69502      1.31248     -1.23979     -1.71035      1.18903     0.821496
   -0.948358    -0.998856     0.366739     -2.82757       3.7838      1.34486      -1.2795     -1.79846      1.28717     0.889605
   -0.948358    -0.999168     0.366957     -2.83019      3.78822      1.34647     -1.28147     -1.80282        1.292     0.892949
   -0.948358    -0.998891     0.366763     -2.82785      3.78428      1.34503      -1.2797     -1.79888      1.28757     0.889881
   -0.948358    -0.998558      0.36653     -2.82506      3.77957      1.34331      -1.2776     -1.79423      1.28242     0.886315
   -0.948358    -0.999076     0.366893     -2.82941      3.78693        1.346      -1.2809     -1.80158      1.29068     0.892034
   -0.948358    -0.999357     0.367089     -2.83177       3.7909      1.34745     -1.28267      -1.8055      1.29501     0.895037
   -0.948358    -0.999321     0.367064     -2.83147      3.79038      1.34726     -1.28243     -1.80495      1.29436     0.894586
   -0.948358    -0.999063     0.366882     -2.82929       3.7867      1.34591     -1.28078     -1.80127      1.29022     0.891717
   -0.948358     -0.99867     0.366608     -2.82599      3.78112      1.34388     -1.27829     -1.79573      1.28403     0.887428
   -0.948358    -0.998362     0.366394     -2.82342      3.77679       1.3423     -1.27636     -1.79145       1.2793     0.884151
   -0.948358    -0.997957     0.366111     -2.82002      3.77108      1.34022     -1.27382     -1.78586      1.27314      0.87988
   -0.948358    -0.998227       0.3663     -2.82229      3.77491      1.34162     -1.27553     -1.78969      1.27744     0.882865
   -0.948358    -0.995135     0.364145      -2.7964      3.73129      1.32571     -1.25608      -1.7467      1.22985     0.849883
   -0.948358    -0.995075     0.364102      -2.7959      3.73042      1.32539     -1.25568     -1.74578      1.22877     0.849136
   -0.948358    -0.995428     0.364347     -2.79884      3.73537       1.3272     -1.25789     -1.75062      1.23408     0.852813
   -0.948358    -0.995193     0.364186     -2.79689      3.73213      1.32602     -1.25646     -1.74756      1.23086     0.850582
   -0.948358    -0.997064      0.36549     -2.81255       3.7585      1.33563     -1.26821      -1.7735      1.25951     0.870434
   -0.948358    -0.996839     0.365332     -2.81066       3.7553      1.33447     -1.26678      -1.7703       1.2559     0.867933
   -0.948358    -0.995448     0.364361       -2.799      3.73565       1.3273     -1.25801     -1.75088      1.23435     0.852997
   -0.948358    -0.996959     0.365415     -2.81165      3.75696      1.33507     -1.26751     -1.77189      1.25762     0.869127
   -0.948358    -0.996974     0.365425     -2.81178      3.75717      1.33515      -1.2676     -1.77208       1.2578     0.869251
   -0.948358    -0.995446     0.364359     -2.79898       3.7356      1.32728     -1.25798     -1.75081      1.23424     0.852924
   -0.948358    -0.996205     0.364884     -2.80528      3.74615      1.33113     -1.26264     -1.76087        1.245     0.860368
   -0.948358    -0.996512     0.365098     -2.80785      3.75049      1.33271     -1.26458     -1.76517      1.24978     0.863678
   -0.948358    -0.995956     0.364709     -2.80318       3.7426      1.32983     -1.26104     -1.75729      1.24094     0.857549
   -0.948358    -0.995437     0.364346     -2.79883      3.73526      1.32716     -1.25776     -1.75002      1.23286     0.851948
   -0.948358    -0.996864     0.365345     -2.81082      3.75551      1.33454     -1.26683      -1.7702      1.25546     0.867618
   -0.948358    -0.997097     0.365508     -2.81277       3.7588      1.33574      -1.2683     -1.77346      1.25907     0.870122
   -0.948358    -0.996727     0.365249     -2.80966      3.75354      1.33382     -1.26594     -1.76819      1.25313     0.866003
   -0.948358    -0.996283     0.364938     -2.80593      3.74723      1.33152     -1.26311     -1.76187      1.24604     0.861082
   -0.948358    -0.995588     0.364451     -2.80009      3.73738      1.32793      -1.2587     -1.75206      1.23506     0.853465
   -0.948358    -0.994976     0.364024     -2.79496      3.72873      1.32477     -1.25483     -1.74349      1.22553     0.846857
   -0.948358    -0.995087     0.364102      -2.7959      3.73033      1.32535     -1.25556     -1.74515      1.22747     0.848206
   -0.948358    -0.995957     0.364711      -2.8032      3.74265      1.32985     -1.26108     -1.75742      1.24118     0.857721
   -0.948358     -0.99445     0.363659     -2.79059      3.72138      1.32209     -1.25158      -1.7364      1.21785     0.841549
   -0.948358    -0.994286     0.363543     -2.78919      3.71902      1.32123     -1.25051     -1.73396      1.21504     0.839592
   -0.948358    -0.994199     0.363481     -2.78845      3.71775      1.32077     -1.24993     -1.73264      1.21348     0.838506
   -0.948358    -0.994617     0.363777       -2.792      3.72378      1.32297     -1.25267     -1.73889      1.22074     0.843559
   -0.948358      -0.9953     0.364253     -2.79771      3.73338      1.32647     -1.25694     -1.74826      1.23102     0.850674
   -0.948358    -0.997892     0.366066     -2.81948      3.77015      1.33988      -1.2734     -1.78491      1.27205     0.879123
   -0.948358    -0.997256     0.365624     -2.81416      3.76123      1.33663     -1.26943     -1.77622      1.26256      0.87255
   -0.948358    -0.998468     0.366469     -2.82432      3.77834      1.34287     -1.27707     -1.79311      1.28128     0.885524
   -0.948358    -0.997912     0.366079     -2.81964      3.77041      1.33998     -1.27351     -1.78514      1.27228     0.879284
   -0.948358    -0.997917     0.366083     -2.81968      3.77048         1.34     -1.27354      -1.7852      1.27232     0.879313
   -0.948358     -0.99829     0.366343      -2.8228      3.77575      1.34192     -1.27589      -1.7904       1.2781     0.883315
   -0.948358    -0.998299     0.366349     -2.82288      3.77587      1.34197     -1.27594     -1.79051       1.2782     0.883385
   -0.948358    -0.997871      0.36605     -2.81929      3.76982      1.33976     -1.27324     -1.78452      1.27156     0.878783
   -0.948358    -0.996989     0.365435      -2.8119      3.75738      1.33522     -1.26769     -1.77226      1.25798     0.869378
   -0.948358    -0.997927      0.36609     -2.81976      3.77063      1.34005     -1.27361     -1.78537      1.27254     0.879468
   -0.948358    -0.996887     0.365364     -2.81105      3.75592      1.33469     -1.26704      -1.7708      1.25633     0.868231
   -0.948358    -0.997718     0.365943     -2.81801      3.76765      1.33897     -1.27227     -1.78236      1.26914     0.877105
   -0.948358    -0.997514       0.3658     -2.81628      3.76475      1.33791     -1.27097     -1.77947      1.26589     0.874853
   -0.948358    -0.996674     0.365215     -2.80925      3.75289      1.33359     -1.26569     -1.76778      1.25294      0.86588
   -0.948358    -0.998082     0.366197     -2.82105      3.77279      1.34084     -1.27456     -1.78743      1.27474     0.880991
   -0.948358    -0.997891     0.366063     -2.81944      3.77007      1.33985     -1.27335     -1.78472      1.27171      0.87889
   -0.948358    -0.997082     0.365498     -2.81266      3.75862      1.33568     -1.26823     -1.77336      1.25906      0.87012
   -0.948358    -0.996255     0.364922     -2.80574      3.74695      1.33142     -1.26303     -1.76185       1.2463     0.861277
   -0.948358    -0.995226     0.364204     -2.79713      3.73246      1.32614     -1.25657     -1.74763      1.23063     0.850417
   -0.948358    -0.995403     0.364329     -2.79862      3.73499      1.32706      -1.2577     -1.75016      1.23348     0.852398
   -0.948358    -0.994914     0.363986     -2.79451      3.72803      1.32452     -1.25458     -1.74319      1.22563     0.846953
   -0.948358    -0.998468     0.366466     -2.82429      3.77825      1.34283     -1.27701     -1.79286      1.28081     0.885196
   -0.948358    -0.998422     0.366434      -2.8239       3.7776       1.3426     -1.27671      -1.7922      1.28007     0.884682
   -0.948358    -0.998338     0.366375      -2.8232       3.7764      1.34216     -1.27618     -1.79101      1.27874     0.883757
   -0.948358    -0.998231     0.366301     -2.82231       3.7749      1.34161     -1.27551     -1.78953       1.2771     0.882626
   -0.948358    -0.998293     0.366345     -2.82283      3.77579      1.34194     -1.27591     -1.79046      1.27818     0.883371
   -0.948358    -0.998549     0.366523     -2.82497       3.7794      1.34326     -1.27752     -1.79401       1.2821     0.886091
   -0.948358    -0.998545      0.36652     -2.82494      3.77934      1.34323     -1.27749     -1.79392      1.28198     0.886007
   -0.948358    -0.998465     0.366464     -2.82426       3.7782      1.34282     -1.27698     -1.79279      1.28072     0.885132
   -0.948358    -0.998198     0.366278     -2.82203      3.77443      1.34144     -1.27529     -1.78904      1.27653     0.882229
   -0.948358    -0.998024     0.366156     -2.82056      3.77196      1.34054     -1.27419     -1.78658      1.27377     0.880316
   -0.948358    -0.997679     0.365915     -2.81766      3.76706      1.33875       -1.272      -1.7817       1.2683     0.876521
   -0.948358    -0.997507     0.365795     -2.81622      3.76463      1.33787     -1.27091      -1.7793      1.26564     0.874679
   -0.948358     -0.99827     0.366328     -2.82263      3.77544      1.34181     -1.27575     -1.79004      1.27764     0.882993
   -0.948358    -0.998115      0.36622     -2.82133      3.77324      1.34101     -1.27476     -1.78784      1.27517     0.881285
   -0.948358    -0.995713     0.364542     -2.80118      3.73925      1.32861     -1.25957     -1.75415      1.23764     0.855273
   -0.948358    -0.996439     0.365048     -2.80726       3.7495      1.33235     -1.26414     -1.76426      1.24886     0.863047
   -0.948358    -0.997807     0.366004     -2.81874      3.76887      1.33941      -1.2728     -1.78348      1.27028      0.87789
   -0.948358    -0.997273      0.36563     -2.81424      3.76128      1.33664     -1.26941     -1.77591      1.26179     0.872008
   -0.948358    -0.998568     0.366537     -2.82514      3.77968      1.34336     -1.27765     -1.79429      1.28242     0.886308
   -0.948358    -0.998288     0.366341     -2.82279      3.77573      1.34191     -1.27588     -1.79039      1.27811     0.883326
   -0.948358    -0.998838     0.366725      -2.8274       3.7835      1.34475     -1.27935     -1.79806      1.28662     0.889218
   -0.948358    -0.998721     0.366643     -2.82642      3.78184      1.34414     -1.27861      -1.7964      1.28475      0.88792
   -0.948358     -0.99598     0.364725     -2.80337      3.74292      1.32995     -1.26117     -1.75755      1.24117     0.857701
   -0.948358    -0.996632     0.365181     -2.80885      3.75217      1.33332     -1.26531     -1.76676      1.25147     0.864845
   -0.948358    -0.996416     0.365029     -2.80703      3.74908      1.33219     -1.26393     -1.76365      1.24797     0.862411
   -0.948358    -0.995906     0.364673     -2.80274      3.74185      1.32956     -1.26069     -1.75644      1.23988     0.856802
   -0.948358     -0.99563      0.36448     -2.80044      3.73796      1.32814     -1.25895     -1.75259       1.2356     0.853836
   -0.948358    -0.997501     0.365789     -2.81615       3.7645      1.33782     -1.27084     -1.77909      1.26532     0.874453
   -0.948358    -0.997035     0.365463     -2.81224      3.75788       1.3354     -1.26788     -1.77248       1.2579     0.869307
   -0.948358     -0.99825     0.366314     -2.82245      3.77514       1.3417     -1.27561     -1.78972      1.27725     0.882724
   -0.948358    -0.997998     0.366137     -2.82033      3.77156      1.34039       -1.274     -1.78614      1.27323     0.879935
   -0.948358     -0.99839     0.366412     -2.82364      3.77715      1.34243     -1.27651     -1.79174      1.27954     0.884316
   -0.948358    -0.998444     0.366449     -2.82409       3.7779      1.34271     -1.27685     -1.79248      1.28036     0.884878
   -0.948358     -0.99836      0.36639     -2.82338       3.7767      1.34227     -1.27631     -1.79128        1.279     0.883939
   -0.948358    -0.998496     0.366486     -2.82452      3.77864      1.34297     -1.27717     -1.79321      1.28117     0.885444
   -0.948358    -0.998663     0.366603     -2.82593      3.78102      1.34384     -1.27824     -1.79558      1.28383     0.887283
   -0.948358    -0.998719     0.366641     -2.82639      3.78178      1.34412     -1.27858     -1.79631       1.2846     0.887816
   -0.948358    -0.998567     0.366535     -2.82512      3.77964      1.34334     -1.27762     -1.79421      1.28228      0.88621
   -0.948358    -0.998804     0.366701     -2.82711        3.783      1.34456     -1.27912     -1.79751      1.28595      0.88875
   -0.948358    -0.999195     0.366975      -2.8304      3.78857       1.3466     -1.28162     -1.80311      1.29226     0.893128
   -0.948358    -0.998982     0.366825      -2.8286      3.78553      1.34549     -1.28025     -1.80006      1.28882     0.890741
   -0.948358    -0.994997     0.364038     -2.79513      3.72901      1.32487     -1.25495     -1.74371      1.22573     0.846988
   -0.948358    -0.999485     0.367178     -2.83284       3.7927       1.3481     -1.28347     -1.80727      1.29697     0.896396
   -0.948358    -0.999424     0.367135     -2.83233      3.79183      1.34779     -1.28308     -1.80638      1.29594     0.895683
   -0.948358    -0.995721     0.364545      -2.8012      3.73928      1.32862     -1.25953      -1.7539      1.23709     0.854838
   -0.948358     -0.99652     0.365105     -2.80792      3.75065      1.33277     -1.26463     -1.76532      1.24999     0.863778
   -0.948358    -0.995796     0.364598     -2.80185       3.7404      1.32903     -1.26005     -1.75513      1.23861     0.855885
   -0.948358    -0.996041     0.364769     -2.80389      3.74382      1.33027     -1.26157     -1.75843      1.24218     0.858366
   -0.948358     -0.99671     0.365237     -2.80951      3.75333      1.33374     -1.26583     -1.76796      1.25292     0.865812
   -0.948358    -0.996652     0.365198     -2.80904      3.75255      1.33346     -1.26549     -1.76727      1.25223     0.865335
   -0.948358    -0.995817     0.364614     -2.80203      3.74073      1.32915      -1.2602     -1.75551      1.23909     0.856222
   -0.948358    -0.995069     0.364091     -2.79575      3.73012      1.32528     -1.25545     -1.74491      1.22721     0.847978
   -0.948358    -0.995103     0.364112     -2.79601      3.73052      1.32542     -1.25562      -1.7452      1.22738     0.848105
   -0.948358    -0.997084     0.365501     -2.81268       3.7587       1.3357     -1.26825     -1.77343      1.25917      0.87015
   -0.948358    -0.996283     0.364942     -2.80596       3.7474      1.33158     -1.26321     -1.76229      1.24684     0.861603
   -0.948358    -0.995938       0.3647     -2.80306      3.74249      1.32979       -1.261     -1.75735      1.24126     0.857728
   -0.948358    -0.997131     0.365532     -2.81305      3.75932      1.33593     -1.26852     -1.77398       1.2597     0.870515
   -0.948358    -0.997484     0.365779     -2.81602      3.76433      1.33776     -1.27077     -1.77899      1.26533     0.874424
   -0.948358    -0.997417     0.365733     -2.81547      3.76341      1.33742     -1.27036     -1.77813      1.26444     0.873807
   -0.948358    -0.996577     0.365148     -2.80844      3.75157       1.3331     -1.26508     -1.76647      1.25154      0.86486
   -0.948358    -0.995245     0.364218     -2.79728      3.73277      1.32625     -1.25669      -1.7479      1.23094     0.850574
   -0.948358    -0.995034     0.364069     -2.79549      3.72974      1.32514     -1.25532     -1.74478      1.22735     0.848079
   -0.948358    -0.997714     0.365941     -2.81796      3.76762      1.33896     -1.27225     -1.78232      1.26912     0.877054
   -0.948358    -0.996904     0.365377     -2.81119      3.75621       1.3348     -1.26716     -1.77108      1.25669     0.868437
   -0.948358    -0.995761      0.36458     -2.80162      3.74011      1.32892     -1.25998     -1.75524      1.23919     0.856299
   -0.948358    -0.995479     0.364383     -2.79925      3.73611      1.32747     -1.25819     -1.75125      1.23473     0.853202
   -0.948358    -0.997776     0.365984     -2.81848      3.76848      1.33927     -1.27262     -1.78313      1.26996     0.877637
   -0.948358    -0.998015      0.36615     -2.82048      3.77186       1.3405     -1.27414     -1.78649      1.27372     0.880244
   -0.948358    -0.997882     0.366058     -2.81937         3.77      1.33982     -1.27331     -1.78469      1.27176     0.878888
   -0.948358     -0.99708       0.3655     -2.81267      3.75871      1.33571     -1.26827     -1.77357      1.25947     0.870364
   -0.948358    -0.998032     0.366165     -2.82065      3.77218      1.34062      -1.2743     -1.78697      1.27443     0.880747
   -0.948358    -0.997572     0.365844      -2.8168      3.76568      1.33825      -1.2714     -1.78051      1.26723     0.875751
   -0.948358    -0.998324     0.366368      -2.8231      3.77628      1.34212     -1.27613     -1.79096      1.27879     0.883762
   -0.948358    -0.998634     0.366584      -2.8257      3.78067      1.34372     -1.27809     -1.79533      1.28368     0.887161
   -0.948358    -0.996952     0.365412     -2.81161      3.75695      1.33507     -1.26751     -1.77197      1.25784     0.869242
   -0.948358     -0.99641     0.365034     -2.80707      3.74929      1.33227     -1.26409     -1.76437      1.24939      0.86338
   -0.948358    -0.997266      0.36563     -2.81423      3.76134      1.33667     -1.26946      -1.7762      1.26242     0.872411
   -0.948358    -0.998095     0.366207     -2.82117      3.77303      1.34093     -1.27467     -1.78771      1.27515     0.881237
   -0.948358    -0.998681     0.366616     -2.82609      3.78132      1.34395     -1.27837     -1.79592      1.28428     0.887574
   -0.948358      -0.9989      0.36677     -2.82793      3.78443      1.34509     -1.27977     -1.79903      1.28778         0.89
   -0.948358    -0.998838     0.366727     -2.82742      3.78357      1.34478     -1.27939     -1.79823      1.28693     0.889411
   -0.948358    -0.998303     0.366354     -2.82294      3.77603      1.34202     -1.27603      -1.7908      1.27871     0.883715
   -0.948358      -0.9986     0.366562     -2.82543      3.78023      1.34356     -1.27791     -1.79498      1.28339     0.886964
   -0.948358    -0.998458     0.366463     -2.82424      3.77823      1.34283     -1.27701     -1.79299      1.28116     0.885414
   -0.948358    -0.998989     0.366832     -2.82868       3.7857      1.34555     -1.28034     -1.80035       1.2893     0.891056
   -0.948358    -0.999146     0.366942        -2.83      3.78793      1.34636     -1.28134     -1.80256      1.29177     0.892773
   -0.948358    -0.997627     0.365883     -2.81727       3.7665      1.33855     -1.27178     -1.78145      1.26841     0.876581
   -0.948358    -0.997492     0.365789     -2.81614      3.76458      1.33785     -1.27092     -1.77954      1.26628     0.875101
   -0.948358    -0.999169     0.366958     -2.83019      3.78824      1.34648     -1.28147     -1.80284      1.29204     0.892957
   -0.948358    -0.999314     0.367059     -2.83141      3.79029      1.34723     -1.28239     -1.80488      1.29431     0.894533
   -0.948358    -0.999252     0.367016     -2.83089      3.78943      1.34691     -1.28201     -1.80406      1.29343     0.893928
   -0.948358     -0.99869     0.366624     -2.82618       3.7815      1.34402     -1.27848     -1.79625       1.2848     0.887946
   -0.948358    -0.999017     0.366853     -2.82893      3.78614      1.34571     -1.28055     -1.80086      1.28995     0.891517
   -0.948358     -0.99889     0.366765     -2.82787      3.78434      1.34506     -1.27975     -1.79908      1.28796     0.890138
   -0.948358    -0.999424     0.367136     -2.83234      3.79187       1.3478     -1.28311     -1.80649      1.29616     0.895824
   -0.948358    -0.999518     0.367202     -2.83313      3.79321      1.34829      -1.2837     -1.80782      1.29766     0.896859
   -0.948358    -0.998137      0.36624     -2.82156      3.77372      1.34118     -1.27501     -1.78861      1.27638     0.882111
   -0.948358    -0.997953     0.366111     -2.82001      3.77111      1.34023     -1.27384     -1.78602      1.27351      0.88012
   -0.948358    -0.998796     0.366699     -2.82708      3.78301      1.34457     -1.27915     -1.79775      1.28648     0.889109
   -0.948358    -0.999353     0.367086     -2.83174      3.79086      1.34743     -1.28265     -1.80548      1.29503     0.895033
   -0.948358    -0.999631     0.367281     -2.83407      3.79479      1.34887     -1.28441     -1.80936      1.29932     0.898014
   -0.948358     -0.99971     0.367335     -2.83474      3.79591      1.34927     -1.28491     -1.81048      1.30059     0.898892
   -0.948358    -0.999581     0.367246     -2.83366      3.79411      1.34862     -1.28411     -1.80872      1.29866     0.897559
   -0.948358    -0.999104     0.366914     -2.82966      3.78737      1.34616      -1.2811     -1.80208      1.29131     0.892464
   -0.948358    -0.999176     0.366964     -2.83027      3.78839      1.34653     -1.28156     -1.80309      1.29243     0.893242
   -0.948358    -0.999153     0.366948     -2.83008      3.78806      1.34641     -1.28141     -1.80277      1.29208     0.892996
   -0.948358    -0.999625     0.367277     -2.83403      3.79472      1.34884     -1.28438     -1.80933      1.29934      0.89803
   -0.948358    -0.999652     0.367296     -2.83426       3.7951      1.34898     -1.28455     -1.80971      1.29975     0.898317
   -0.948358    -0.998383     0.366411     -2.82362      3.77719      1.34245     -1.27656     -1.79204      1.28018     0.884756
   -0.948358    -0.998346     0.366385     -2.82331      3.77666      1.34226     -1.27633     -1.79152      1.27961     0.884359
   -0.948358    -0.999794     0.367395     -2.83545      3.79711      1.34971     -1.28545     -1.81168      1.30193     0.899823
   -0.948358    -0.999821     0.367413     -2.83567      3.79749      1.34985     -1.28561     -1.81204      1.30233     0.900101
   -0.948358    -0.999665     0.367305     -2.83437      3.79529      1.34905     -1.28463     -1.80988      1.29994     0.898448
   -0.948358    -0.999183     0.366968     -2.83032      3.78847      1.34656      -1.2816     -1.80317      1.29251     0.893302
   -0.948358    -0.999269     0.367028     -2.83104      3.78968        1.347     -1.28213     -1.80434      1.29378     0.894186
   -0.948358    -0.999225     0.366998     -2.83068      3.78907      1.34678     -1.28186     -1.80375      1.29315     0.893744
   -0.948358    -0.999624     0.367276     -2.83402      3.79469      1.34883     -1.28437     -1.80929      1.29927     0.897989
   -0.948358    -0.999562     0.367232      -2.8335      3.79381      1.34851     -1.28398     -1.80841      1.29829     0.897309
   -0.948358    -0.998673     0.366613     -2.82605      3.78127      1.34394     -1.27838     -1.79604      1.28458      0.88781
   -0.948358    -0.998536     0.366517      -2.8249      3.77933      1.34323     -1.27752     -1.79414      1.28249      0.88636
   -0.948358    -0.999194     0.366976     -2.83041      3.78863      1.34662     -1.28166     -1.80332      1.29267     0.893413
   -0.948358    -0.999653     0.367296     -2.83427      3.79512      1.34899     -1.28456     -1.80971      1.29975     0.898315
   -0.948358    -0.999761     0.367372     -2.83517      3.79663      1.34954     -1.28523     -1.81119      1.30137     0.899439
   -0.948358    -0.999676     0.367312     -2.83445      3.79542       1.3491     -1.28469     -1.80999      1.30003     0.898514
   -0.948358    -0.999484     0.367178     -2.83284      3.79271      1.34811     -1.28348     -1.80731      1.29705     0.896449
   -0.948358    -0.999229        0.367     -2.83071      3.78911       1.3468     -1.28188     -1.80377      1.29313     0.893736
   -0.948358    -0.995105     0.364112     -2.79601       3.7305      1.32541      -1.2556      -1.7451      1.22718     0.847975
   -0.948358    -0.994979     0.364029     -2.79501       3.7289      1.32483     -1.25492      -1.7438      1.22609     0.847204
   -0.948358    -0.993669     0.363115     -2.78404      3.71041      1.31809     -1.24666     -1.72553      1.20583     0.833148
   -0.948358    -0.993809     0.363218     -2.78528      3.71257      1.31888     -1.24768     -1.72804      1.20903     0.835378
   -0.948358    -0.993647     0.363103      -2.7839      3.71021      1.31802      -1.2466     -1.72555      1.20608     0.833329
   -0.948358    -0.994001     0.363353     -2.78689       3.7153      1.31988     -1.24891      -1.7308      1.21217      0.83756
   -0.948358     -0.99199     0.361951     -2.77008      3.68699      1.30956     -1.23628      -1.7029      1.18131     0.816154
   -0.948358    -0.992313     0.362172     -2.77274      3.69143      1.31117     -1.23823     -1.70706      1.18566     0.819161
   -0.948358    -0.994172     0.363473     -2.78833      3.71773      1.32077        -1.25     -1.73325      1.21493     0.839478
   -0.948358    -0.991807     0.361826     -2.76857       3.6845      1.30865      -1.2352     -1.70064      1.17903     0.814583
   -0.948358    -0.991917     0.361901     -2.76948      3.68601       1.3092     -1.23586     -1.70204      1.18049     0.815591
   -0.948358    -0.995914     0.364687      -2.8029      3.74227      1.32971     -1.26094     -1.75739      1.24159     0.857967
   -0.948358    -0.994295     0.363559     -2.78936      3.71947       1.3214     -1.25078     -1.73498      1.21687     0.840826
   -0.948358    -0.995042     0.364081     -2.79563      3.73004      1.32526     -1.25551     -1.74549      1.22859      0.84896
   -0.948358    -0.994608     0.363778     -2.79199      3.72392      1.32302     -1.25278     -1.73942      1.22184      0.84428
   -0.948358    -0.992086     0.362023     -2.77092      3.68847       1.3101     -1.23699     -1.70469      1.18365     0.817805
   -0.948358    -0.991898     0.361891     -2.76934      3.68581      1.30913      -1.2358     -1.70202      1.18066     0.815726
   -0.948358    -0.994404     0.363636     -2.79028      3.72103      1.32197     -1.25148     -1.73655      1.21863     0.842052
   -0.948358    -0.996074     0.364799     -2.80425      3.74454      1.33054     -1.26196     -1.75966      1.24414     0.859737
   -0.948358    -0.997311     0.365663     -2.81462      3.76203      1.33692     -1.26978       -1.777      1.26344      0.87313
   -0.948358    -0.995379     0.364317     -2.79845       3.7348      1.32699     -1.25764      -1.7502      1.23383     0.852598
   -0.948358    -0.995765     0.364586     -2.80169      3.74025      1.32898     -1.26008      -1.7556      1.23983     0.856768
   -0.948358     -0.99557      0.36445     -2.80005      3.73749      1.32797     -1.25885     -1.75287       1.2368     0.854667
   -0.948358    -0.992781     0.362508     -2.77674      3.69826      1.31367     -1.24137     -1.71439      1.19442      0.82529
   -0.948358    -0.992504     0.362314     -2.77442      3.69436      1.31225     -1.23963     -1.71054      1.19016     0.822333
   -0.948358    -0.997702     0.365936     -2.81791      3.76757      1.33894     -1.27226     -1.78251       1.2696     0.877408
   -0.948358    -0.995909     0.364686     -2.80289      3.74228      1.32972     -1.26098     -1.75761      1.24206     0.858316
   -0.948358      -0.9964     0.365029     -2.80701       3.7492      1.33224     -1.26408     -1.76445      1.24965     0.863587
   -0.948358    -0.996155     0.364858     -2.80495      3.74575      1.33098     -1.26254     -1.76104      1.24588     0.860966
   -0.948358    -0.993564     0.363053     -2.78329      3.70928      1.31769     -1.24629     -1.72523      1.20638     0.833591
   -0.948358    -0.993284     0.362858     -2.78094      3.70533      1.31625     -1.24453     -1.72135       1.2021      0.83062
   -0.948358    -0.996035     0.364774     -2.80395      3.74405      1.33037     -1.26178     -1.75937      1.24401     0.859673
   -0.948358    -0.997815     0.366015     -2.81885      3.76916      1.33952     -1.27297     -1.78409      1.27136     0.878631
   -0.948358    -0.998271     0.366333     -2.82268      3.77561      1.34187     -1.27585     -1.79048      1.27845     0.883554
   -0.948358    -0.996607     0.365173     -2.80874      3.75212      1.33331     -1.26538     -1.76733      1.25284     0.865798
   -0.948358    -0.996923     0.365393     -2.81139      3.75658      1.33493     -1.26737     -1.77172      1.25768      0.86916
   -0.948358    -0.996766     0.365284     -2.81007      3.75437      1.33413     -1.26638     -1.76955      1.25528     0.867496
   -0.948358    -0.994419     0.363649     -2.79044       3.7213      1.32207     -1.25165     -1.73702      1.21937     0.842606
   -0.948358    -0.994116     0.363438      -2.7879      3.71704      1.32052     -1.24975     -1.73285      1.21477     0.839418
   -0.948358    -0.998395     0.366419     -2.82372      3.77734      1.34251     -1.27663     -1.79219      1.28035     0.884871
   -0.948358    -0.997041     0.365475     -2.81237      3.75823      1.33554     -1.26811     -1.77335      1.25947     0.870404
   -0.948358    -0.997336      0.36568     -2.81484      3.76237      1.33705     -1.26995      -1.7774      1.26392     0.873492
   -0.948358    -0.997181     0.365573     -2.81354       3.7602      1.33625     -1.26898     -1.77527      1.26159     0.871873
   -0.948358     -0.99514      0.36415     -2.79646      3.73142      1.32576     -1.25615     -1.74692      1.23022     0.850137
   -0.948358    -0.994852      0.36395     -2.79405      3.72737      1.32428     -1.25435     -1.74296      1.22588     0.847126
   -0.948358    -0.997121     0.365531     -2.81304      3.75936      1.33595     -1.26861     -1.77445      1.26069     0.871246
   -0.948358    -0.998437     0.366448     -2.82407      3.77793      1.34272     -1.27689     -1.79277      1.28098      0.88531
   -0.948358    -0.998663     0.366606     -2.82596      3.78111      1.34388     -1.27831     -1.79587      1.28438      0.88767
   -0.948358    -0.997364       0.3657     -2.81507      3.76276      1.33719     -1.27012     -1.77776       1.2643     0.873756
   -0.948358    -0.992162     0.362074     -2.77154       3.6895      1.31047     -1.23743     -1.70557      1.18449     0.818372
   -0.948358      -0.9922       0.3621     -2.77186      3.69003      1.31067     -1.23767     -1.70612      1.18513     0.818818
   -0.948358    -0.992323     0.362188     -2.77291      3.69182      1.31132     -1.23849     -1.70802      1.18735     0.820378
   -0.948358    -0.993408     0.362944     -2.78198      3.70707      1.31688      -1.2453     -1.72303      1.20393     0.831884
   -0.948358    -0.993538     0.363035     -2.78306       3.7089      1.31755     -1.24611     -1.72483      1.20592     0.833267
   -0.948358    -0.993884     0.363276     -2.78596      3.71377      1.31932     -1.24829     -1.72964      1.21124     0.836964
   -0.948358    -0.995013     0.364062      -2.7954      3.72965      1.32511     -1.25536     -1.74521      1.22838     0.848853
   -0.948358    -0.995357     0.364289     -2.79814      3.73407      1.32672     -1.25721     -1.74869      1.23122      0.85079
   -0.948358    -0.995636     0.364484     -2.80047      3.73802      1.32816     -1.25897      -1.7526      1.23556     0.853798
   -0.948358     -0.99506     0.364081     -2.79564      3.72986      1.32518     -1.25531     -1.74447      1.22648     0.847498
   -0.948358    -0.994434     0.363644     -2.79041      3.72104      1.32197     -1.25139     -1.73582      1.21695     0.840899
   -0.948358     -0.99959     0.367252     -2.83373      3.79421      1.34865     -1.28415     -1.80878      1.29867      0.89757
   -0.948358     -0.99528     0.364247     -2.79763      3.73338      1.32647     -1.25702     -1.74882      1.23229     0.851574
   -0.948358    -0.990653     0.361026     -2.75897      3.66834      1.30276     -1.22806      -1.6851       1.1622     0.802998
   -0.948358    -0.995115     0.364133     -2.79625      3.73108      1.32563       -1.256     -1.74661      1.22991     0.849919
   -0.948358    -0.999191     0.366974     -2.83039      3.78859      1.34661     -1.28165     -1.80328      1.29263     0.893385
   -0.948358    -0.999674     0.367311     -2.83444      3.79541      1.34909     -1.28469        -1.81      1.30006     0.898535
   -0.948358     -0.99984     0.367426     -2.83582      3.79774      1.34994     -1.28572     -1.81227      1.30256     0.900266
   -0.948358    -0.999806     0.367403     -2.83555      3.79727      1.34977     -1.28552     -1.81182      1.30206     0.899916
   -0.948358    -0.998392     0.366417      -2.8237      3.77731      1.34249     -1.27662     -1.79215       1.2803     0.884841
   -0.948358    -0.999189     0.366973     -2.83038      3.78857       1.3466     -1.28164     -1.80326      1.29261      0.89337
   -0.948358    -0.999676     0.367312     -2.83446      3.79544       1.3491      -1.2847     -1.81003       1.3001     0.898562
   -0.948358    -0.999835     0.367423     -2.83579      3.79767      1.34992      -1.2857     -1.81222      1.30251     0.900232
   -0.948358    -0.999844     0.367429     -2.83586       3.7978      1.34996     -1.28575     -1.81234      1.30263     0.900313
   -0.948358    -0.998384     0.366412     -2.82363       3.7772      1.34245     -1.27657     -1.79204      1.28018     0.884756
   -0.948358    -0.997068     0.365494      -2.8126      3.75862      1.33568     -1.26828     -1.77372      1.25988     0.870688
   -0.948358    -0.995304     0.364265     -2.79784      3.73375      1.32661     -1.25719     -1.74924      1.23281     0.851928
   -0.948358    -0.997054     0.365484     -2.81248      3.75842       1.3356     -1.26819     -1.77352      1.25967     0.870538
   -0.948358    -0.998752     0.366668     -2.82671      3.78239      1.34434     -1.27887     -1.79713      1.28579     0.888631
   -0.948358    -0.999326     0.367068     -2.83151      3.79048      1.34729     -1.28248      -1.8051      1.29459     0.894733
   -0.948358    -0.999528     0.367208      -2.8332      3.79332      1.34833     -1.28374     -1.80787      1.29764     0.896845
   -0.948358    -0.999562     0.367232     -2.83349      3.79381      1.34851     -1.28396     -1.80837      1.29821     0.897236
   -0.948358    -0.997738     0.365961     -2.81821      3.76808      1.33913     -1.27249     -1.78302      1.27017     0.877806
   -0.948358    -0.998734     0.366655     -2.82655      3.78213      1.34425     -1.27876     -1.79687       1.2855     0.888428
   -0.948358    -0.999309     0.367056     -2.83137      3.79024      1.34721     -1.28237     -1.80486      1.29433     0.894549
   -0.948358    -0.999426     0.367137     -2.83235      3.79189      1.34781      -1.2831     -1.80646      1.29607     0.895753
   -0.948358    -0.999498     0.367187     -2.83295       3.7929      1.34817     -1.28355     -1.80745      1.29717     0.896519
   -0.948358    -0.997715     0.365945     -2.81802      3.76775      1.33901     -1.27234      -1.7827      1.26981     0.877556
   -0.948358    -0.995958      0.36472      -2.8033      3.74297      1.32997     -1.26129     -1.75829      1.24283     0.858848
   -0.948358     -0.99376     0.363189     -2.78492      3.71202      1.31869      -1.2475     -1.72788      1.20928     0.835591
   -0.948358    -0.995933     0.364703     -2.80309      3.74261      1.32984     -1.26113     -1.75794      1.24244     0.858577
   -0.948358    -0.997176     0.365567     -2.81347      3.76007       1.3362     -1.26888     -1.77493      1.26099      0.87142
   -0.948358    -0.998007     0.366146     -2.82043      3.77178      1.34047     -1.27411     -1.78646      1.27374     0.880263
   -0.948358    -0.998401      0.36642     -2.82372      3.77733       1.3425     -1.27658     -1.79192      1.27977     0.884439
   -0.948358    -0.998503     0.366491     -2.82458      3.77878      1.34302     -1.27723     -1.79338      1.28142     0.885584
   -0.948358    -0.995981     0.364734     -2.80346      3.74322      1.33006     -1.26137     -1.75834      1.24266     0.858711
   -0.948358    -0.997151     0.365549     -2.81326       3.7597      1.33607     -1.26872     -1.77456      1.26058     0.871137
   -0.948358    -0.997973     0.366122     -2.82014       3.7713       1.3403     -1.27389     -1.78598       1.2732     0.879887
   -0.948358    -0.998186      0.36627     -2.82192      3.77429      1.34139     -1.27522      -1.7889      1.27641      0.88211
   -0.948358    -0.998335     0.366374     -2.82317       3.7764      1.34216     -1.27616     -1.79099      1.27873     0.883719
   -0.948358     -0.99596     0.364719     -2.80329      3.74292      1.32995     -1.26124     -1.75804      1.24233      0.85848
   -0.948358    -0.994343     0.363593     -2.78977      3.72016      1.32165     -1.25109     -1.73567      1.21765     0.841371
   -0.948358    -0.992424     0.362256     -2.77373      3.69318      1.31181     -1.23907     -1.70919      1.18848     0.821142
   -0.948358    -0.994326     0.363581     -2.78963      3.71993      1.32157     -1.25099     -1.73544      1.21739     0.841188
   -0.948358     -0.99547     0.364368     -2.79908      3.73567       1.3273     -1.25791     -1.75023      1.23291     0.851945
   -0.948358    -0.995502      0.36439     -2.79934      3.73611      1.32746     -1.25811     -1.75067      1.23338     0.852281
   -0.948358    -0.996188     0.364869      -2.8051      3.74582        1.331     -1.26245     -1.76032      1.24415     0.859741
   -0.948358     -0.99621     0.364886      -2.8053      3.74619      1.33114     -1.26262     -1.76074      1.24471     0.860122
   -0.948358    -0.996103      0.36481     -2.80439      3.74462      1.33057     -1.26192     -1.75915      1.24286     0.858857
   -0.948358    -0.995956     0.364707     -2.80315      3.74253       1.3298     -1.26098     -1.75704      1.24049     0.857208
   -0.948358     -0.99636      0.36499     -2.80655      3.74827       1.3319     -1.26356      -1.7628      1.24697     0.861718
   -0.948358    -0.999562     0.367232     -2.83349      3.79379       1.3485     -1.28396     -1.80834      1.29816     0.897215
   -0.948358    -0.999719     0.367342     -2.83481      3.79602      1.34932     -1.28496     -1.81058      1.30067     0.898955
   -0.948358    -0.999647     0.367291      -2.8342        3.795      1.34894      -1.2845     -1.80955      1.29952     0.898161
   -0.948358    -0.999801     0.367399      -2.8355      3.79719      1.34974     -1.28548     -1.81173      1.30195     0.899842
   -0.948358    -0.999856     0.367437     -2.83596      3.79796      1.35002     -1.28582     -1.81248      1.30278     0.900417
   -0.948358     -0.99989     0.367461     -2.83624      3.79844       1.3502     -1.28603     -1.81294      1.30326     0.900751
   -0.948358    -0.999874     0.367449     -2.83611      3.79821      1.35011     -1.28593     -1.81271      1.30301     0.900573
   -0.948358    -0.999874      0.36745     -2.83611      3.79823      1.35012     -1.28594     -1.81277      1.30312     0.900647
   -0.948358    -0.999887     0.367459     -2.83622       3.7984      1.35018     -1.28602     -1.81293      1.30328     0.900758
   -0.948358    -0.999757     0.367369     -2.83514      3.79659      1.34952     -1.28521     -1.81116      1.30135     0.899421
   -0.948358    -0.999818     0.367411     -2.83565      3.79745      1.34983     -1.28559       -1.812      1.30227      0.90006
   -0.948358     -0.99985     0.367433     -2.83591      3.79789         1.35     -1.28579     -1.81243      1.30275     0.900396
   -0.948358    -0.999781     0.367385     -2.83534      3.79692      1.34964     -1.28536     -1.81147      1.30168     0.899646
   -0.948358    -0.999648     0.367292     -2.83421      3.79501      1.34895      -1.2845     -1.80955       1.2995     0.898132
   -0.948358    -0.999716      0.36734     -2.83479      3.79599       1.3493     -1.28494     -1.81053      1.30062      0.89891
   -0.948358    -0.999552     0.367224      -2.8334      3.79364      1.34845     -1.28388     -1.80816      1.29792     0.897035
   -0.948358    -0.999597     0.367256     -2.83377      3.79428      1.34868     -1.28417     -1.80879      1.29863     0.897527
   -0.948358    -0.999339     0.367076     -2.83162      3.79065      1.34735     -1.28255     -1.80521      1.29466     0.894776
   -0.948358    -0.999451     0.367154     -2.83255      3.79222      1.34793     -1.28325     -1.80676      1.29639     0.895972
   -0.948358    -0.999045     0.366871     -2.82914      3.78648      1.34584     -1.28069     -1.80109      1.29008     0.891597
   -0.948358    -0.999116      0.36692     -2.82974      3.78749       1.3462     -1.28113     -1.80207      1.29117     0.892352
   -0.948358    -0.999214     0.366989     -2.83056      3.78887      1.34671     -1.28175     -1.80345       1.2927     0.893417
   -0.948358     -0.99902     0.366853     -2.82893      3.78612       1.3457     -1.28052      -1.8007      1.28962      0.89128
   -0.948358     -0.99869     0.366622     -2.82615      3.78142      1.34399     -1.27841     -1.79598      1.28429     0.887578
   -0.948358    -0.998847     0.366732     -2.82748      3.78366      1.34481     -1.27942     -1.79824      1.28685     0.889354
   -0.948358    -0.998523     0.366504     -2.82474      3.77902      1.34311     -1.27733     -1.79355      1.28153     0.885662
   -0.948358    -0.998623     0.366574     -2.82558      3.78044      1.34363     -1.27797     -1.79497      1.28312     0.886764
   -0.948358    -0.998066     0.366186     -2.82091      3.77258      1.34076     -1.27445     -1.78718      1.27446     0.880757
   -0.948358    -0.998253     0.366316     -2.82248      3.77522      1.34173     -1.27563     -1.78979      1.27736      0.88277
   -0.948358    -0.997889     0.366062     -2.81942      3.77006      1.33985     -1.27333     -1.78468      1.27167     0.878824
   -0.948358    -0.997667     0.365907     -2.81755      3.76691       1.3387     -1.27192     -1.78154      1.26815      0.87638
   -0.948358    -0.997032     0.365462     -2.81221      3.75787       1.3354     -1.26786     -1.77247      1.25792     0.869284
   -0.948358    -0.997389     0.365712     -2.81522      3.76297      1.33726     -1.27015     -1.77759       1.2637     0.873294
   -0.948358    -0.999776      0.36738     -2.83527      3.79679      1.34959     -1.28528     -1.81123      1.30129     0.899373
   -0.948358    -0.999748     0.367361     -2.83504      3.79641      1.34945     -1.28512     -1.81087      1.30091     0.899111
   -0.948358      -0.9997     0.367327     -2.83463      3.79571       1.3492      -1.2848     -1.81015      1.30008     0.898534
   -0.948358    -0.999819     0.367411     -2.83564      3.79743      1.34983     -1.28558     -1.81192      1.30212     0.899948
   -0.948358    -0.999546      0.36722     -2.83334      3.79353      1.34841     -1.28383     -1.80799      1.29766     0.896856
   -0.948358     -0.99946     0.367159     -2.83261      3.79229      1.34795     -1.28326     -1.80672       1.2962     0.895843
   -0.948358    -0.999467     0.367164     -2.83267      3.79239      1.34799     -1.28331      -1.8068      1.29628     0.895898
   -0.948358    -0.999565     0.367232      -2.8335      3.79378       1.3485     -1.28393     -1.80819      1.29784     0.896982
   -0.948358    -0.999504      0.36719     -2.83299      3.79293      1.34819     -1.28356     -1.80741      1.29701     0.896416
   -0.948358    -0.999737     0.367353     -2.83495      3.79624      1.34939     -1.28505     -1.81072      1.30073     0.898997
   -0.948358    -0.999596     0.367255     -2.83376      3.79424      1.34866     -1.28415      -1.8087      1.29845     0.897414
   -0.948358    -0.999783     0.367386     -2.83534      3.79691      1.34964     -1.28535     -1.81141      1.30154     0.899556
   -0.948358     -0.99973     0.367348     -2.83489      3.79614      1.34936     -1.28499     -1.81058      1.30056     0.898874
   -0.948358     -0.99955     0.367222     -2.83337      3.79356      1.34842     -1.28384       -1.808      1.29763     0.896842
   -0.948358    -0.999386     0.367107     -2.83199      3.79123      1.34757      -1.2828     -1.80567      1.29501     0.895026
   -0.948358    -0.999271     0.367027     -2.83102       3.7896      1.34697     -1.28207     -1.80405      1.29321     0.893782
   -0.948358    -0.999262     0.367021     -2.83095      3.78951      1.34694     -1.28202     -1.80397      1.29316     0.893732
   -0.948358    -0.999036     0.366863     -2.82905      3.78629      1.34577     -1.28058     -1.80078      1.28959     0.891256
   -0.948358    -0.999107     0.366913     -2.82965       3.7873      1.34613     -1.28103     -1.80177      1.29069     0.892015
   -0.948358    -0.999088       0.3669      -2.8295      3.78706      1.34604     -1.28093     -1.80157      1.29052     0.891903
   -0.948358    -0.998774      0.36668     -2.82685      3.78257      1.34441     -1.27891     -1.79703      1.28535     0.888313
   -0.948358    -0.998867     0.366744     -2.82762      3.78387      1.34488     -1.27949     -1.79831      1.28678     0.889303
   -0.948358    -0.999007     0.366842      -2.8288      3.78585      1.34561     -1.28038     -1.80029      1.28899     0.890837
   -0.948358    -0.999268     0.367025       -2.831      3.78957      1.34696     -1.28205     -1.80401      1.29317     0.893739
   -0.948358    -0.998055     0.366176     -2.82079      3.77234      1.34067     -1.27433     -1.78679      1.27385     0.880336
   -0.948358    -0.997431      0.36574     -2.81555       3.7635      1.33745     -1.27037     -1.77799      1.26401      0.87351
   -0.948358    -0.997686     0.365918     -2.81769      3.76711      1.33877     -1.27198     -1.78157        1.268     0.876279
   -0.948358     -0.99771     0.365936      -2.8179      3.76748       1.3389     -1.27216     -1.78201      1.26856     0.876665
   -0.948358    -0.996658     0.365199     -2.80905      3.75252      1.33345     -1.26545     -1.76703      1.25171     0.864978
   -0.948358    -0.997084     0.365496     -2.81262      3.75854      1.33564     -1.26814     -1.77301      1.25838     0.869603
   -0.948358    -0.997541     0.365816     -2.81646      3.76502      1.33801     -1.27104     -1.77946      1.26559     0.874607
   -0.948358    -0.998006     0.366141     -2.82037      3.77162      1.34041       -1.274     -1.78605      1.27298     0.879732
   -0.948358    -0.998092     0.366201     -2.82109      3.77282      1.34085     -1.27454     -1.78722      1.27424     0.880622
   -0.948358    -0.997681     0.365913     -2.81763      3.76698      1.33872     -1.27192     -1.78137      1.26768     0.876069
   -0.948358    -0.997828     0.366016     -2.81887      3.76907      1.33948     -1.27286     -1.78347      1.27004     0.877707
   -0.948358    -0.997703     0.365928     -2.81782      3.76729      1.33883     -1.27206     -1.78168      1.26803     0.876307
   -0.948358    -0.996721     0.365242     -2.80957      3.75337      1.33376     -1.26583     -1.76783      1.25255     0.865574
   -0.948358    -0.996914     0.365377      -2.8112      3.75611      1.33476     -1.26706     -1.77059      1.25565     0.867732
   -0.948358      -0.9971     0.365507     -2.81277      3.75876      1.33572     -1.26825     -1.77324      1.25864     0.869805
   -0.948358    -0.997348      0.36568     -2.81484      3.76227        1.337     -1.26982     -1.77674      1.26255      0.87252
   -0.948358    -0.997894     0.366063     -2.81945      3.77005      1.33984     -1.27331     -1.78453      1.27131       0.8786
   -0.948358    -0.998392     0.366412     -2.82363      3.77712      1.34242     -1.27648     -1.79161      1.27928      0.88413
   -0.948358    -0.998188     0.366269     -2.82192      3.77422      1.34136     -1.27518      -1.7887      1.27599     0.881847
   -0.948358    -0.998441     0.366446     -2.82405      3.77783      1.34268      -1.2768     -1.79234      1.28012     0.884712
   -0.948358    -0.998542     0.366517     -2.82489      3.77925       1.3432     -1.27743     -1.79373      1.28165     0.885767
   -0.948358    -0.998394     0.366413     -2.82365      3.77714      1.34243     -1.27649      -1.7916      1.27924     0.884098
   -0.948358    -0.998133      0.36623     -2.82145      3.77342      1.34107     -1.27482     -1.78788      1.27505     0.881192
   -0.948358    -0.997691     0.365921     -2.81773      3.76715      1.33878     -1.27201     -1.78162      1.26803     0.876325
   -0.948358     -0.99696      0.36541      -2.8116       3.7568      1.33501     -1.26738     -1.77135      1.25659      0.86839
   -0.948358    -0.997334     0.365672     -2.81475      3.76212      1.33695     -1.26977     -1.77667      1.26256     0.872538
   -0.948358    -0.997423     0.365734     -2.81549      3.76337      1.33741     -1.27033     -1.77792      1.26395     0.873501
   -0.948358    -0.997063     0.365482     -2.81246      3.75826      1.33554     -1.26804      -1.7728      1.25821     0.869513
   -0.948358    -0.997743     0.365958     -2.81818      3.76792      1.33907     -1.27237     -1.78247      1.26908     0.877057
   -0.948358      -0.9978     0.365998     -2.81867      3.76874      1.33936     -1.27273     -1.78328      1.26998     0.877681
   -0.948358    -0.997895     0.366065     -2.81946      3.77008      1.33985     -1.27333     -1.78459      1.27142     0.878681
   -0.948358    -0.997699     0.365927     -2.81781      3.76728      1.33883     -1.27207     -1.78178      1.26825     0.876477
   -0.948358     -0.99701     0.365445     -2.81201       3.7575      1.33526     -1.26769     -1.77202      1.25732     0.868895
   -0.948358      -0.9969     0.365368     -2.81109      3.75594       1.3347       -1.267     -1.77048      1.25559     0.867694
   -0.948358    -0.997301     0.365649     -2.81446      3.76163      1.33677     -1.26954     -1.77612      1.26189     0.872062
   -0.948358     -0.99723     0.365599     -2.81386      3.76062       1.3364     -1.26909     -1.77511      1.26075     0.871275
   -0.948358    -0.997148     0.365541     -2.81317      3.75945      1.33597     -1.26856     -1.77395      1.25944     0.870367
   -0.948358    -0.996831     0.365319     -2.81051      3.75496      1.33434     -1.26655     -1.76948      1.25446     0.866915
   -0.948358    -0.997654     0.365895     -2.81742      3.76662      1.33859     -1.27177     -1.78109      1.26743     0.875905
   -0.948358    -0.998132     0.366229     -2.82144       3.7734      1.34106     -1.27481     -1.78786      1.27502     0.881169
   -0.948358    -0.998134     0.366231     -2.82146      3.77344      1.34108     -1.27483     -1.78789      1.27505     0.881189
   -0.948358    -0.997657     0.365897     -2.81745      3.76667      1.33861     -1.27179     -1.78113      1.26748     0.875937
   -0.948358     -0.99842     0.366431     -2.82386      3.77751      1.34256     -1.27665     -1.79197      1.27965     0.884379
   -0.948358    -0.998582     0.366545     -2.82523      3.77982       1.3434     -1.27769      -1.7943      1.28228     0.886208
   -0.948358     -0.99876      0.36667     -2.82673      3.78236      1.34433     -1.27883     -1.79684      1.28514     0.888188
   -0.948358    -0.998628     0.366577     -2.82562      3.78047      1.34364     -1.27798     -1.79492      1.28297      0.88668
   -0.948358    -0.998605     0.366561     -2.82543      3.78016      1.34353     -1.27784     -1.79466      1.28272     0.886511
   -0.948358    -0.998654     0.366595     -2.82584      3.78085      1.34378     -1.27815     -1.79535      1.28349     0.887046
   -0.948358     -0.99848     0.366475     -2.82439      3.77841      1.34289     -1.27707     -1.79296      1.28086     0.885229
   -0.948358    -0.998567     0.366535     -2.82512      3.77963      1.34334     -1.27761     -1.79417      1.28221     0.886159
   -0.948358    -0.998561     0.366531     -2.82506      3.77955      1.34331     -1.27758     -1.79408       1.2821     0.886083
   -0.948358    -0.998487     0.366479     -2.82444       3.7785      1.34292     -1.27711     -1.79304      1.28095      0.88529
   -0.948358     -0.99837     0.366397     -2.82345      3.77682      1.34231     -1.27635     -1.79134      1.27901     0.883944
   -0.948358    -0.998433     0.366442     -2.82399      3.77773      1.34265     -1.27677     -1.79228       1.2801     0.884699
   -0.948358    -0.998426     0.366437     -2.82393      3.77763      1.34261     -1.27672     -1.79219         1.28      0.88463
   -0.948358    -0.998369     0.366397     -2.82345      3.77682      1.34231     -1.27636     -1.79137      1.27907     0.883985
   -0.948358    -0.998358     0.366389     -2.82336      3.77667      1.34226     -1.27629     -1.79122      1.27891     0.883875
   -0.948358    -0.998209     0.366284      -2.8221      3.77453      1.34148     -1.27533     -1.78905      1.27644     0.882159
   -0.948358    -0.998183     0.366266     -2.82188      3.77417      1.34135     -1.27517     -1.78871      1.27608     0.881913
   -0.948358     -0.99816      0.36625     -2.82169      3.77385      1.34123     -1.27502      -1.7884      1.27573     0.881669
   -0.948358    -0.997047      0.36547     -2.81231        3.758      1.33545      -1.2679     -1.77245      1.25772     0.869152
   -0.948358    -0.996473     0.365068     -2.80749      3.74986      1.33248     -1.26426     -1.76433      1.24863     0.862845
   -0.948358    -0.996658     0.365198     -2.80904      3.75248      1.33343     -1.26543     -1.76694      1.25154     0.864866
   -0.948358    -0.997166     0.365553     -2.81331      3.75969      1.33606     -1.26866     -1.77413       1.2596     0.870453
   -0.948358    -0.996908     0.365373     -2.81114      3.75604      1.33473     -1.26702      -1.7705      1.25556     0.867649
   -0.948358    -0.996392     0.365011     -2.80681       3.7487      1.33205     -1.26374     -1.76317      1.24733      0.86195
   -0.948358    -0.996581     0.365144      -2.8084      3.75138      1.33303     -1.26494     -1.76584      1.25031     0.864017
   -0.948358     -0.99802      0.36615     -2.82048      3.77179      1.34048     -1.27407     -1.78618      1.27307       0.8798
   -0.948358    -0.997629     0.365877      -2.8172      3.76627      1.33846      -1.2716     -1.78069      1.26695     0.875548
   -0.948358    -0.997542     0.365816     -2.81647      3.76504      1.33801     -1.27105     -1.77946      1.26558     0.874604
   -0.948358    -0.998115     0.366217     -2.82129      3.77316      1.34098     -1.27469     -1.78757      1.27467     0.880903
   -0.948358    -0.998061      0.36618     -2.82084      3.77241       1.3407     -1.27435     -1.78682      1.27384     0.880327
   -0.948358    -0.998029     0.366157     -2.82057      3.77195      1.34053     -1.27415     -1.78637      1.27333     0.879978
   -0.948358    -0.997516     0.365798     -2.81625      3.76467      1.33788     -1.27089      -1.7791      1.26518     0.874325
   -0.948358    -0.998421     0.366431     -2.82386       3.7775      1.34256     -1.27663     -1.79188      1.27947      0.88424
   -0.948358    -0.998479     0.366472     -2.82435      3.77834      1.34286     -1.27701     -1.79275      1.28048     0.884937
   -0.948358    -0.998451     0.366453     -2.82412      3.77795      1.34272     -1.27684     -1.79236      1.28006     0.884644
   -0.948358    -0.998754     0.366665     -2.82667      3.78226      1.34429     -1.27877     -1.79667       1.2849     0.887999
   -0.948358    -0.998736     0.366652     -2.82651        3.782       1.3442     -1.27865     -1.79642      1.28462     0.887806
   -0.948358    -0.998743     0.366657     -2.82658       3.7821      1.34424      -1.2787     -1.79653      1.28476     0.887906
   -0.948358     -0.99846     0.366459      -2.8242      3.77808      1.34277      -1.2769      -1.7925      1.28023      0.88476
   -0.948358    -0.998743     0.366656     -2.82657      3.78207      1.34423     -1.27868     -1.79645      1.28461     0.887803
   -0.948358    -0.998984     0.366825      -2.8286      3.78552      1.34548     -1.28023     -1.79993      1.28856     0.890538
   -0.948358    -0.998987     0.366828     -2.82863      3.78557       1.3455     -1.28025     -1.79999      1.28864     0.890593
   -0.948358    -0.999181     0.366963     -2.83026      3.78832       1.3465     -1.28148     -1.80273      1.29169     0.892715
   -0.948358    -0.999207     0.366981     -2.83047      3.78868      1.34664     -1.28165     -1.80309      1.29211     0.893005
   -0.948358    -0.999309     0.367053     -2.83134      3.79015      1.34717      -1.2823     -1.80457      1.29378      0.89416
   -0.948358    -0.999019      0.36685      -2.8289      3.78602      1.34567     -1.28046     -1.80045      1.28915     0.890951
   -0.948358    -0.998962      0.36681     -2.82841      3.78518      1.34536     -1.28007     -1.79956       1.2881     0.890227
   -0.948358    -0.999343     0.367077     -2.83162      3.79061      1.34734     -1.28251     -1.80502      1.29426     0.894495
   -0.948358    -0.999383     0.367105     -2.83196      3.79119      1.34755     -1.28277     -1.80559      1.29491     0.894949
   -0.948358    -0.999441     0.367145     -2.83244        3.792      1.34785     -1.28313      -1.8064      1.29581     0.895577
   -0.948358     -0.99949     0.367179     -2.83286       3.7927       1.3481     -1.28345     -1.80711      1.29661     0.896128
   -0.948358    -0.999527     0.367206     -2.83317      3.79324       1.3483     -1.28369     -1.80765      1.29722     0.896552
   -0.948358    -0.999421     0.367131     -2.83227      3.79172      1.34775     -1.28301     -1.80613      1.29552     0.895371
   -0.948358    -0.999056     0.366875      -2.8292      3.78651      1.34585     -1.28067      -1.8009       1.2896      0.89127
   -0.948358    -0.999439     0.367144     -2.83243      3.79197      1.34784     -1.28312     -1.80638      1.29579     0.895562
   -0.948358    -0.999488     0.367178     -2.83284      3.79267      1.34809     -1.28344     -1.80708      1.29658     0.896113
   -0.948358    -0.999369     0.367095     -2.83184      3.79099      1.34748     -1.28268     -1.80539      1.29468     0.894796
   -0.948358    -0.999413     0.367126     -2.83222      3.79161      1.34771     -1.28296     -1.80603       1.2954     0.895293
   -0.948358    -0.999509     0.367193     -2.83302      3.79298      1.34821     -1.28358      -1.8074      1.29695     0.896371
   -0.948358    -0.999578     0.367241      -2.8336      3.79396      1.34856     -1.28401     -1.80838      1.29805     0.897131
   -0.948358    -0.998976      0.36682     -2.82853      3.78539      1.34544     -1.28017     -1.79978      1.28835     0.890401
   -0.948358    -0.999282     0.367034     -2.83111      3.78974      1.34702     -1.28213     -1.80416      1.29331     0.893844
   -0.948358    -0.999319      0.36706     -2.83142      3.79027      1.34722     -1.28236      -1.8047      1.29391     0.894264
   -0.948358     -0.99918     0.366962     -2.83025       3.7883       1.3465     -1.28148     -1.80273      1.29171      0.89274
   -0.948358    -0.999198     0.366976     -2.83041      3.78857       1.3466      -1.2816     -1.80301      1.29203     0.892961
   -0.948358    -0.999226     0.366995     -2.83064      3.78895      1.34674     -1.28178      -1.8034      1.29248     0.893272
   -0.948358     -0.99935     0.367082     -2.83168      3.79072      1.34738     -1.28256     -1.80514      1.29442     0.894617
   -0.948358    -0.998824     0.366713     -2.82725      3.78322      1.34464      -1.2792     -1.79762      1.28593     0.888724
   -0.948358    -0.998942     0.366796     -2.82825      3.78492      1.34526     -1.27997     -1.79936      1.28792     0.890116
   -0.948358    -0.998945     0.366799     -2.82828      3.78497      1.34528     -1.27999     -1.79942        1.288     0.890171
   -0.948358    -0.998551     0.366522     -2.82496      3.77936      1.34324     -1.27747     -1.79379      1.28167     0.885781
   -0.948358    -0.998545     0.366518     -2.82491      3.77928      1.34321     -1.27744     -1.79372       1.2816     0.885734
   -0.948358    -0.998987     0.366828     -2.82864      3.78557       1.3455     -1.28027     -1.80004      1.28872      0.89067
   -0.948358     -0.99844     0.366444     -2.82402      3.77777      1.34266     -1.27676     -1.79217       1.2798      0.88448
   -0.948358    -0.998151     0.366242     -2.82159      3.77367      1.34116     -1.27493     -1.78811      1.27529     0.881355
   -0.948358    -0.997716     0.365938     -2.81794      3.76749      1.33891     -1.27216     -1.78195      1.26838     0.876563
   -0.948358    -0.997257     0.365617     -2.81408      3.76099      1.33654     -1.26925     -1.77547      1.26114     0.871541
   -0.948358    -0.996978     0.365422     -2.81174      3.75703      1.33509     -1.26748     -1.77153      1.25673     0.868482
   -0.948358    -0.996778     0.365282     -2.81006      3.75419      1.33406      -1.2662     -1.76868      1.25353     0.866261
   -0.948358    -0.996539     0.365115     -2.80805       3.7508      1.33282     -1.26468     -1.76528      1.24969     0.863596
   -0.948358    -0.999867     0.367444     -2.83604      3.79809      1.35007     -1.28587     -1.81257      1.30282     0.900438
   -0.948358     -0.99991     0.367474     -2.83641      3.79872       1.3503     -1.28616     -1.81322      1.30358      0.90097
   -0.948358    -0.999911     0.367475     -2.83642      3.79874      1.35031     -1.28617     -1.81324       1.3036     0.900981
   -0.948358    -0.999869     0.367445     -2.83606      3.79812      1.35008     -1.28589     -1.81259      1.30284     0.900456
   -0.948358    -0.999902      0.36747     -2.83635      3.79862      1.35026     -1.28612     -1.81314      1.30352     0.900929
   -0.948358    -0.999907     0.367473     -2.83639      3.79869      1.35029     -1.28615     -1.81321      1.30359     0.900976
   -0.948358    -0.999899     0.367467     -2.83631      3.79856      1.35024     -1.28608     -1.81305      1.30338     0.900824
   -0.948358    -0.999846     0.367429     -2.83586      3.79779      1.34996     -1.28574     -1.81226      1.30246     0.900187
   -0.948358    -0.999777     0.367381     -2.83529      3.79681       1.3496     -1.28529     -1.81126      1.30131     0.899394
   -0.948358    -0.999762     0.367371     -2.83516      3.79659      1.34952      -1.2852     -1.81104      1.30107     0.899226
   -0.948358    -0.999663     0.367301     -2.83432      3.79517        1.349     -1.28456      -1.8096      1.29943     0.898086
   -0.948358    -0.999636     0.367282     -2.83409      3.79478      1.34886     -1.28438     -1.80921      1.29898     0.897778
   -0.948358     -0.99972     0.367341      -2.8348      3.79599       1.3493     -1.28493     -1.81044      1.30038     0.898751
   -0.948358    -0.999412     0.367125     -2.83221      3.79161       1.3477     -1.28296     -1.80604      1.29543      0.89531
   -0.948358    -0.999511     0.367195     -2.83304      3.79303      1.34822      -1.2836     -1.80748      1.29709     0.896461
   -0.948358    -0.999468     0.367165     -2.83268      3.79242        1.348     -1.28333     -1.80688      1.29641     0.895987
   -0.948358     -0.99964     0.367286     -2.83414      3.79488       1.3489     -1.28443     -1.80937      1.29924     0.897949
   -0.948358    -0.999614     0.367267     -2.83391      3.79451      1.34876     -1.28427     -1.80899      1.29882     0.897661
   -0.948358    -0.999725     0.367346     -2.83486       3.7961      1.34934     -1.28499     -1.81061      1.30066     0.898939
   -0.948358    -0.999706     0.367332      -2.8347      3.79583      1.34925     -1.28487     -1.81034      1.30037     0.898736
   -0.948358    -0.999786     0.367388     -2.83537      3.79698      1.34966     -1.28538      -1.8115      1.30167     0.899643
   -0.948358    -0.999772     0.367379     -2.83526      3.79678      1.34959     -1.28529     -1.81131      1.30147       0.8995
   -0.948358    -0.999842     0.367427     -2.83584      3.79777      1.34995     -1.28574      -1.8123      1.30258     0.900273
   -0.948358    -0.999831      0.36742     -2.83575      3.79761       1.3499     -1.28567     -1.81214      1.30242     0.900158
   -0.948358    -0.999876     0.367451     -2.83613      3.79825      1.35013     -1.28595     -1.81275      1.30306     0.900605
   -0.948358    -0.999866     0.367444     -2.83604      3.79811      1.35008     -1.28589     -1.81264      1.30297     0.900544
   -0.948358    -0.999856     0.367437     -2.83596      3.79797      1.35003     -1.28583     -1.81251      1.30283     0.900444
   -0.948358    -0.999882     0.367456     -2.83618      3.79835      1.35016       -1.286     -1.81288      1.30324      0.90073
   -0.948358     -0.99989     0.367461     -2.83625      3.79846       1.3502     -1.28604     -1.81298      1.30335     0.900807
   -0.948358    -0.999903      0.36747     -2.83635      3.79862      1.35026     -1.28611     -1.81312      1.30348     0.900895
   -0.948358    -0.999308     0.367053     -2.83135      3.79016      1.34718     -1.28233     -1.80468        1.294     0.894334
   -0.948358    -0.999515     0.367199     -2.83309      3.79312      1.34826     -1.28365     -1.80765      1.29735     0.896653
   -0.948358    -0.999534     0.367212     -2.83325      3.79338      1.34835     -1.28377      -1.8079      1.29763     0.896848
   -0.948358    -0.999344     0.367079     -2.83165      3.79068      1.34737     -1.28256     -1.80519      1.29457     0.894731
   -0.948358    -0.999626     0.367276     -2.83403      3.79469      1.34883     -1.28436     -1.80923      1.29914     0.897895
   -0.948358    -0.999636     0.367283     -2.83411      3.79484      1.34888     -1.28443     -1.80937      1.29929        0.898
   -0.948358    -0.999612     0.367266     -2.83391      3.79449      1.34876     -1.28427       -1.809      1.29885     0.897693
   -0.948358    -0.999497     0.367185     -2.83293      3.79284      1.34815     -1.28352     -1.80733      1.29695     0.896379
   -0.948358    -0.999227     0.366996     -2.83066      3.78899      1.34675      -1.2818     -1.80349      1.29264      0.89339
   -0.948358    -0.999174     0.366959     -2.83022      3.78825      1.34648     -1.28147     -1.80275      1.29181     0.892812
   -0.948358    -0.999212     0.366986     -2.83053      3.78878      1.34667      -1.2817     -1.80325      1.29233     0.893175
   -0.948358     -0.99916     0.366949     -2.83009      3.78803       1.3464     -1.28137      -1.8025      1.29149     0.892593
   -0.948358    -0.999026     0.366856     -2.82897      3.78613      1.34571     -1.28052     -1.80063      1.28942     0.891155
   -0.948358    -0.999532     0.367209     -2.83321       3.7933      1.34832     -1.28372     -1.80773      1.29733     0.896632
   -0.948358    -0.999731     0.367349     -2.83489      3.79615      1.34936       -1.285     -1.81059      1.30057     0.898879
   -0.948358    -0.999832      0.36742     -2.83575       3.7976      1.34989     -1.28566     -1.81208      1.30227     0.900059
   -0.948358    -0.999844     0.367428     -2.83585      3.79777      1.34995     -1.28573     -1.81224      1.30245     0.900185
   -0.948358    -0.999842     0.367427     -2.83584      3.79776      1.34995     -1.28573     -1.81226      1.30251     0.900228
   -0.948358    -0.999849     0.367432     -2.83589      3.79785      1.34998     -1.28577     -1.81235      1.30261     0.900301
   -0.948358    -0.999809     0.367404     -2.83556      3.79729      1.34978     -1.28552     -1.81181      1.30202     0.899892
   -0.948358    -0.999809     0.367405     -2.83557       3.7973      1.34978     -1.28553     -1.81183      1.30204     0.899906
   -0.948358    -0.999687     0.367319     -2.83454      3.79556      1.34915     -1.28475     -1.81011      1.30013     0.898582
   -0.948358    -0.999693     0.367323     -2.83459      3.79565      1.34918     -1.28479     -1.81019      1.30021      0.89864
   -0.948358    -0.999737     0.367354     -2.83496      3.79628      1.34941     -1.28507     -1.81082      1.30093     0.899134
   -0.948358    -0.999742     0.367358       -2.835      3.79635      1.34943      -1.2851     -1.81088      1.30099     0.899181
   -0.948358    -0.999698     0.367327     -2.83463      3.79571       1.3492     -1.28482     -1.81023      1.30024     0.898657
   -0.948358    -0.999508     0.367193     -2.83302      3.79301      1.34821     -1.28359      -1.8075      1.29715     0.896499
   -0.948358    -0.999437     0.367144     -2.83243      3.79202      1.34785     -1.28316     -1.80654      1.29612     0.895787
   -0.948358    -0.999424     0.367135     -2.83232      3.79183      1.34779     -1.28307     -1.80635       1.2959     0.895635
   -0.948358    -0.999478     0.367172     -2.83277      3.79258      1.34806     -1.28341     -1.80708      1.29668     0.896172
   -0.948358    -0.999335     0.367073     -2.83158      3.79058      1.34733     -1.28252     -1.80513      1.29456     0.894705
   -0.948358    -0.999336     0.367074     -2.83159      3.79059      1.34733     -1.28252     -1.80514      1.29456     0.894706
   -0.948358    -0.999334     0.367072     -2.83156      3.79055      1.34732      -1.2825     -1.80506      1.29445     0.894625
   -0.948358    -0.999344     0.367079     -2.83164      3.79067      1.34736     -1.28255     -1.80516      1.29452     0.894676
   -0.948358    -0.999442     0.367147     -2.83247      3.79206      1.34787     -1.28317     -1.80653      1.29603     0.895722
   -0.948358    -0.999464     0.367162     -2.83265      3.79237      1.34798     -1.28331     -1.80683      1.29637      0.89596
   -0.948358    -0.998984     0.366826      -2.8286      3.78553      1.34549     -1.28023     -1.79996      1.28861     0.890574
   -0.948358    -0.999273     0.367028     -2.83104      3.78964      1.34699     -1.28208     -1.80407      1.29324     0.893785
   -0.948358    -0.999284     0.367035     -2.83112      3.78979      1.34704     -1.28214     -1.80421      1.29339     0.893889
   -0.948358    -0.998827     0.366716     -2.82729      3.78331      1.34468     -1.27924     -1.79775      1.28614     0.888858
   -0.948358    -0.998723     0.366644     -2.82641      3.78183      1.34414     -1.27858     -1.79629      1.28452     0.887737
   -0.948358    -0.998641     0.366586     -2.82572      3.78066      1.34371     -1.27806     -1.79511      1.28319     0.886811
   -0.948358    -0.998794     0.366694     -2.82701      3.78286      1.34451     -1.27904     -1.79734      1.28574     0.888579
   -0.948358    -0.998741     0.366656     -2.82657       3.7821      1.34424     -1.27871     -1.79659      1.28489     0.887992
   -0.948358    -0.998901     0.366769     -2.82792       3.7844      1.34508     -1.27974     -1.79893      1.28756     0.889847
   -0.948358    -0.998857     0.366739     -2.82756      3.78378      1.34485     -1.27947     -1.79831      1.28688     0.889371
   -0.948358    -0.999018     0.366851     -2.82891      3.78607      1.34569     -1.28049     -1.80062      1.28949     0.891184
   -0.948358    -0.998989     0.366831     -2.82867      3.78567      1.34554     -1.28031     -1.80022      1.28905     0.890879
   -0.948358    -0.999134     0.366932     -2.82989      3.78772      1.34629     -1.28124     -1.80228      1.29137     0.892492
   -0.948358    -0.999116      0.36692     -2.82973      3.78747       1.3462     -1.28112     -1.80203       1.2911     0.892304
   -0.948358    -0.999188      0.36697     -2.83034      3.78848      1.34656     -1.28157     -1.80301      1.29216     0.893041
   -0.948358    -0.999183     0.366967      -2.8303      3.78843      1.34655     -1.28155     -1.80299      1.29218     0.893053
   -0.948358    -0.999172     0.366959     -2.83021      3.78827      1.34649     -1.28148     -1.80284      1.29201     0.892936
   -0.948358    -0.999238     0.367006     -2.83077      3.78921      1.34683      -1.2819     -1.80377      1.29305     0.893658
   -0.948358    -0.999247     0.367012     -2.83084      3.78933      1.34687     -1.28196     -1.80389      1.29318     0.893744
   -0.948358    -0.999253     0.367015     -2.83088       3.7894       1.3469     -1.28198     -1.80393       1.2932     0.893758
   -0.948358    -0.998527     0.366507     -2.82477      3.77907      1.34313     -1.27735     -1.79356       1.2815     0.885642
   -0.948358    -0.998269     0.366327     -2.82261      3.77544      1.34181     -1.27573     -1.78998      1.27755     0.882899
   -0.948358    -0.998254     0.366316     -2.82248      3.77521      1.34172     -1.27563     -1.78975      1.27728     0.882715
   -0.948358    -0.998475     0.366471     -2.82434      3.77834      1.34286     -1.27702     -1.79283      1.28068     0.885069
   -0.948358    -0.998076     0.366192     -2.82099       3.7727      1.34081     -1.27451     -1.78728      1.27455     0.880819
   -0.948358    -0.998091     0.366203     -2.82112      3.77292      1.34089      -1.2746     -1.78749      1.27478     0.880976
   -0.948358    -0.998121     0.366223     -2.82136      3.77331      1.34103     -1.27477     -1.78784      1.27511     0.881208
   -0.948358    -0.998212     0.366286     -2.82212      3.77459       1.3415     -1.27534     -1.78907      1.27644     0.882132
   -0.948358    -0.998503     0.366489     -2.82456       3.7787        1.343     -1.27718     -1.79315        1.281     0.885291
   -0.948358    -0.998557     0.366527     -2.82502      3.77947      1.34328     -1.27752     -1.79392      1.28185     0.885887
   -0.948358    -0.998335     0.366372     -2.82314      3.77631      1.34212      -1.2761     -1.79074      1.27825      0.88339
   -0.948358     -0.99838     0.366403     -2.82352      3.77695      1.34236     -1.27639     -1.79137      1.27896     0.883882
   -0.948358    -0.997012     0.365446     -2.81202      3.75752      1.33527     -1.26769     -1.77198      1.25723     0.868805
   -0.948358    -0.996546      0.36512     -2.80811      3.75093      1.33287     -1.26474     -1.76544      1.24993     0.863747
   -0.948358    -0.996421     0.365033     -2.80706      3.74915      1.33222     -1.26394     -1.76366      1.24794     0.862364
   -0.948358    -0.996793     0.365294     -2.81019      3.75445      1.33415     -1.26632     -1.76898      1.25393     0.866517
   -0.948358    -0.996693     0.365224     -2.80935      3.75303      1.33363     -1.26568     -1.76757      1.25235     0.865422
   -0.948358    -0.997386     0.365709     -2.81518      3.76289      1.33723      -1.2701     -1.77743      1.26345     0.873117
   -0.948358    -0.997324     0.365666     -2.81466      3.76201      1.33691     -1.26971     -1.77656      1.26248     0.872445
   -0.948358    -0.997652     0.365896     -2.81742      3.76668      1.33861      -1.2718     -1.78125      1.26777     0.876114
   -0.948358    -0.997614     0.365869      -2.8171      3.76614      1.33841     -1.27156     -1.78072      1.26718     0.875708
   -0.948358    -0.997966     0.366116     -2.82007      3.77115      1.34024     -1.27381     -1.78575      1.27284     0.879631
   -0.948358    -0.997988     0.366131     -2.82025      3.77146      1.34036     -1.27395     -1.78604      1.27316     0.879858
   -0.948358    -0.997819     0.366013     -2.81883      3.76907      1.33948     -1.27288     -1.78366       1.2705     0.878009
   -0.948358    -0.997846     0.366032     -2.81906      3.76944      1.33962     -1.27305     -1.78403       1.2709     0.878287
   -0.948358    -0.998003     0.366141     -2.82037      3.77164      1.34042     -1.27403     -1.78619      1.27328     0.879937
   -0.948358    -0.997861     0.366041     -2.81917      3.76963      1.33969     -1.27312     -1.78417      1.27102     0.878369
   -0.948358    -0.999746      0.36736     -2.83504       3.7964      1.34945     -1.28512     -1.81091        1.301     0.899184
   -0.948358    -0.956868     0.474158     0.376215   -0.0216117   -0.0045642    -0.151979     0.307352    -0.742141  -0.00937734
   -0.948358    -0.957217     0.475013     0.384702   -0.0429403   -0.0106972    -0.151181     0.305869    -0.740106    0.0379926
   -0.948358    -0.976425     0.501304     0.510028   -0.0365334  -0.00862315    -0.182011     0.224904    -0.654993    0.0377954
   -0.948358    -0.976969     0.501713     0.508064   -0.0179985  -0.00336735    -0.184103     0.222638    -0.652995  -0.00652195
   -0.948358    -0.957827     0.476989     0.407384   -0.0746671   -0.0197141    -0.148135     0.302999    -0.730801     0.113321
   -0.948358    -0.975039     0.500474     0.518446   -0.0651916   -0.0166871    -0.176026     0.230325    -0.654545     0.109376
   -0.948358    -0.994062     0.525234     0.620668   -0.0342001  -0.00775021    -0.212474     0.146591    -0.573782    0.0450907
   -0.948358    -0.994987     0.526114     0.620328   -0.0164039  -0.00277432    -0.215426     0.142597    -0.570466 -0.000953351
   -0.948358     -0.97725     0.501988      0.50812  0.000445111   0.00186708    -0.184937     0.221509    -0.649945   -0.0501575
   -0.948358     -0.95718     0.474464     0.376271  0.000247628   0.00174429    -0.152895     0.306106    -0.738816   -0.0564805
   -0.948358    -0.955807      0.47639     0.429577    -0.108317   -0.0291168    -0.137428     0.310389    -0.722466     0.199047
   -0.948358    -0.972277     0.498829     0.535279   -0.0963258   -0.0252928    -0.164122     0.241008    -0.649474      0.19322
   -0.948358    -0.968284     0.496006     0.552295    -0.118739   -0.0312759    -0.148472     0.256583    -0.643282     0.261247
   -0.948358    -0.990386      0.52349     0.650364   -0.0878866   -0.0225019    -0.194861     0.160755     -0.56396     0.196131
   -0.948358     -0.99269     0.524487     0.630191   -0.0601738   -0.0149543    -0.206234     0.151935    -0.572107     0.115413
   -0.948358     -1.06329      0.62907        1.208   -0.0682101   -0.0151612    -0.304646      -0.1963   -0.0840321     0.282036
   -0.948358      -1.0451     0.606962      1.13732   -0.0764217   -0.0173416    -0.261266    -0.108504    -0.156259     0.300196
   -0.948358      -1.0497     0.613913      1.17713   -0.0696019   -0.0155019    -0.266893    -0.131397    -0.117754     0.285729
   -0.948358     -1.06893     0.636964      1.24665   -0.0626035   -0.0136513    -0.314093    -0.224246   -0.0455556     0.270464
   -0.948358     -1.02372     0.581166      1.05651   -0.0865898   -0.0200106    -0.210726  -0.00828886    -0.235798     0.323549
   -0.948358     -1.02622     0.585622      1.08888   -0.0800302   -0.0182256    -0.211238   -0.0212662    -0.205437     0.309872
   -0.948358     -1.05598     0.622684      1.21975   -0.0617097    -0.013431    -0.277365    -0.162125   -0.0753138     0.265407
   -0.948358     -1.07342     0.643263      1.27768   -0.0574511   -0.0122911    -0.321499    -0.246385   -0.0142967     0.257855
   -0.948358     -1.06025     0.623735      1.16988   -0.0730619   -0.0165379    -0.303656     -0.18059    -0.119896     0.287521
   -0.948358     -1.04295     0.602356      1.09714   -0.0820614   -0.0189659    -0.263609   -0.0965648    -0.193237     0.306246
   -0.948358       -1.025     0.577022     0.970855   -0.0950494   -0.0228002    -0.234187  -0.00813326    -0.309614     0.314435
   -0.948358     -1.00283     0.549136     0.868651    -0.110195   -0.0270115    -0.186557    0.0949535    -0.402694     0.341949
   -0.948358    -0.999415     0.548775     0.915343    -0.108213   -0.0259761    -0.165573     0.105881    -0.365427     0.361932
   -0.948358     -1.02277     0.577445      1.01215   -0.0935673   -0.0220655    -0.217768  -0.00107558    -0.275524      0.33025
   -0.948358     -1.02657     0.576191     0.932935   -0.0913535   -0.0221715    -0.247681   -0.0129925    -0.338019     0.283005
   -0.948358     -1.00579     0.549527     0.828976    -0.105356   -0.0262005    -0.204517    0.0847235    -0.430807     0.303786
   -0.948358    -0.982258     0.523153     0.771423    -0.126224    -0.031501    -0.144005     0.187353    -0.486247     0.369988
   -0.948358    -0.979548     0.524528     0.834539    -0.121897    -0.029608    -0.121931      0.19356    -0.436675     0.392065
   -0.948358    -0.998233      0.55057     0.961591   -0.0998711   -0.0234503    -0.151563     0.107039    -0.324899      0.35521
   -0.948358     -1.04429     0.601293      1.05907    -0.083336   -0.0195619    -0.276774    -0.100762    -0.224883     0.292785
   -0.948358      -1.0608     0.622217      1.13671   -0.0743599   -0.0170529    -0.313345    -0.182015    -0.148316     0.277784
   -0.948358     -1.06473     0.625133      1.12159   -0.0703238   -0.0161449    -0.330106    -0.200729    -0.157062     0.252883
   -0.948358     -1.04533     0.600332      1.02737   -0.0804748    -0.019035    -0.287388    -0.104012    -0.249796      0.26813
   -0.948358     -1.00076     0.557088      1.02576   -0.0826446   -0.0187994    -0.144755    0.0917572    -0.265718     0.316078
   -0.948358     -1.00605     0.564848      1.06772   -0.0708451   -0.0158012    -0.151726    0.0664423    -0.224869     0.280738
   -0.948358     -1.03921      0.60406      1.18211   -0.0590404    -0.012791     -0.23125   -0.0840814    -0.113756     0.251151
   -0.948358     -1.03134     0.593365      1.13311   -0.0702535   -0.0156531    -0.217436   -0.0466385    -0.162419     0.284659
   -0.948358    -0.975336      0.52689     0.934711   -0.0957512   -0.0220737   -0.0865516     0.201854    -0.347625     0.350626
   -0.948358    -0.974893     0.528154     0.960915   -0.0846466   -0.0192083   -0.0791329     0.201375     -0.32226     0.319239
   -0.948358      -1.0134     0.574771       1.1125   -0.0580175   -0.0126096    -0.164599    0.0321416    -0.180365     0.238356
   -0.948358     -1.04775     0.615088      1.22612   -0.0491188    -0.010299     -0.24842    -0.124193   -0.0692416     0.218719
   -0.948358     -1.06326     0.632394      1.26213   -0.0535167   -0.0113215    -0.291116    -0.197327   -0.0321742     0.241568
   -0.948358    -0.998488     0.552126     0.982196   -0.0947416   -0.0220339    -0.147677     0.104366     -0.30598     0.344889
   -0.948358    -0.977038     0.525579     0.888831    -0.110881   -0.0262116    -0.102202     0.199019    -0.390076     0.383987
   -0.948358     -1.02731     0.574866     0.900018   -0.0838544   -0.0204314    -0.257287   -0.0144668    -0.361632     0.244426
   -0.948358     -1.00849     0.550295     0.799201   -0.0950024   -0.0237452    -0.219402    0.0748692    -0.450016     0.256364
   -0.948358    -0.985492     0.519787     0.667249    -0.109436   -0.0281597    -0.176266     0.180305    -0.557581     0.266874
   -0.948358    -0.980608     0.516847     0.696062     -0.12489   -0.0319165    -0.155203     0.198848    -0.541502     0.329556
   -0.948358     -1.04861     0.602504      1.01062   -0.0726484   -0.0171293    -0.301975    -0.118753    -0.259273     0.231616
   -0.948358     -1.02963      0.57575     0.877741   -0.0703673   -0.0169857    -0.269574   -0.0236134    -0.375155     0.191806
   -0.948358     -1.00826     0.547564     0.758634   -0.0800783   -0.0199733    -0.227404    0.0780717    -0.476966     0.197821
   -0.948358    -0.955005     0.488961     0.645026    -0.150814   -0.0383793   -0.0888746     0.304415    -0.588377     0.414261
   -0.948358    -0.954934     0.494902         0.74    -0.139785   -0.0342847   -0.0680269     0.297844    -0.515884     0.433433
   -0.948358    -0.927347     0.462283     0.641991    -0.160805   -0.0396515   -0.0078119     0.408828    -0.592633     0.485086
   -0.948358    -0.952842     0.497143     0.806252    -0.124433   -0.0295697   -0.0471083     0.300174    -0.460037     0.419688
   -0.948358    -0.942291     0.488072     0.821438    -0.113719   -0.0264355   -0.0119624     0.338501    -0.443531     0.400764
   -0.948358    -0.933721     0.474909     0.743946    -0.135466   -0.0322358  -0.00397815     0.376989     -0.50991     0.450084
   -0.948358    -0.944566     0.497265     0.929285   -0.0568744   -0.0124705   0.00631326     0.320078    -0.336799     0.218151
   -0.948358    -0.942742     0.493123     0.892341    -0.080557   -0.0180476   0.00301318     0.330056    -0.375001     0.303664
   -0.948358     -1.10744      0.68779      1.46074  -0.00571265  0.000687764    -0.390935    -0.414819     0.188545    0.0494153
   -0.948358     -1.08455      0.66066      1.38374  -0.00587435  0.000412339    -0.331939    -0.300605     0.103292    0.0419432
   -0.948358     -1.08423     0.660317      1.38317   -0.0026318   0.00118836     -0.33101    -0.299054     0.103711    0.0254795
   -0.948358     -1.10639     0.686566      1.45763  -0.00249949   0.00145542    -0.388093    -0.409522     0.186174    0.0318669
   -0.948358      -1.1074     0.687664      1.45939   -0.0103497 -0.000436383    -0.391102    -0.414484     0.185419    0.0740214
   -0.948358     -1.08359     0.659445      1.37917   -0.0109998 -0.000828019    -0.329848    -0.295894    0.0967811    0.0671869
   -0.948358     -1.06137      0.63338      1.30757   -0.0063338  6.61564e-05    -0.273084    -0.188962    0.0226544      0.03663
   -0.948358     -1.06183     0.633952      1.30957  -0.00283114  0.000904742    -0.274122    -0.191149    0.0258074    0.0199446
   -0.948358     -1.08408     0.660146      1.38281  9.96714e-05   0.00184325    -0.330584    -0.298304     0.104243    0.0116485
   -0.948358     -1.10624     0.686394      1.45726  4.37751e-05   0.00207036    -0.387661    -0.408746     0.186656    0.0181953
   -0.948358     -1.03513     0.602606      1.22171   -0.0144551  -0.00211036    -0.207841     -0.06692   -0.0662116    0.0661606
   -0.948358      -1.0594     0.630976      1.29957   -0.0122948  -0.00137026    -0.268556    -0.179668    0.0126598    0.0642907
   -0.948358     -1.05638     0.627211       1.2863   -0.0197587  -0.00317569    -0.261779    -0.165196  -0.00315764    0.0981857
   -0.948358     -1.03049     0.596902      1.20221   -0.0242009  -0.00443901    -0.197646   -0.0459402    -0.087566     0.107858
   -0.948358     -1.03804     0.606119      1.23294  -0.00737209 -0.000413551     -0.21459   -0.0803497   -0.0529958    0.0345632
   -0.948358     -1.08171      0.65705      1.37008   -0.0173062  -0.00236034    -0.325785    -0.286667    0.0852498    0.0973359
   -0.948358     -1.05311     0.622977      1.26915   -0.0287815  -0.00534929    -0.255333    -0.149909   -0.0225452     0.137221
   -0.948358      -1.0255     0.590512      1.17715   -0.0360432   -0.0072689    -0.187743   -0.0232754    -0.114409     0.156597
   -0.948358    -0.993326      0.55391      1.08741   -0.0299898  -0.00606108    -0.106614     0.117799    -0.195832     0.120831
   -0.948358    -0.999862      0.56182      1.11325   -0.0180289  -0.00324327    -0.121002    0.0893426    -0.169078    0.0713776
   -0.948358     -1.07104     0.631514      1.12466   -0.0626216   -0.0141892    -0.350774    -0.232344    -0.147476     0.220516
   -0.948358     -1.07542     0.635825      1.12468   -0.0542432   -0.0120224    -0.365693    -0.254527    -0.141557     0.187123
   -0.948358     -1.05177     0.604977      1.00056   -0.0627608   -0.0145956     -0.31466    -0.133312     -0.26315     0.192163
   -0.948358     -1.09623     0.660468      1.19167    -0.025002    -0.004159    -0.422047    -0.364999   -0.0582456    0.0877611
   -0.948358     -1.08385     0.644095      1.12391   -0.0227191  -0.00368118     -0.39486    -0.298019    -0.127057      0.07051
   -0.948358     -1.06455     0.619423       1.0315   -0.0368647   -0.0076476    -0.350351    -0.197109    -0.222582     0.106906
   -0.948358     -1.08471     0.646044       1.1419   -0.0358094  -0.00712921    -0.393678    -0.303107    -0.114042     0.120346
   -0.948358     -1.10407     0.670149      1.22318   -0.0119666 -0.000642315    -0.442146    -0.407793    -0.020066    0.0430187
   -0.948358     -1.07431     0.631387      1.06984   -0.0182529   -0.0025856    -0.374715    -0.247623    -0.178889    0.0485021
   -0.948358     -1.04689     0.595895     0.930786   -0.0342506  -0.00715211    -0.313985    -0.106482    -0.315991    0.0841954
   -0.948358     -1.07761     0.637649      1.11909   -0.0462873  -0.00995159    -0.374556    -0.265726    -0.142236     0.155343
   -0.948358     -1.05366     0.606145     0.989498    -0.051459   -0.0116382     -0.32336    -0.141828    -0.268207      0.15022
   -0.948358     -1.11135     0.679445      1.25712  -0.00278139   0.00184478     -0.46017    -0.449166    0.0209799     0.011603
   -0.948358     -1.09463     0.657717      1.17246  -0.00783171  0.000370025    -0.421081    -0.356389   -0.0716088    0.0226359
   -0.948358    -0.946638     0.500696     0.951751   -0.0384056  -0.00824676   0.00541274     0.310408    -0.312128     0.145122
   -0.948358    -0.948692     0.503565     0.966005   -0.0236524  -0.00492772   0.00273514     0.301913    -0.296069    0.0843336
   -0.948358    -0.985559     0.544128      1.05061   -0.0464562  -0.00993088   -0.0912468     0.151393     -0.23283      0.18582
   -0.948358    -0.952074     0.507626     0.979204   -0.0121129  -0.00231977  -0.00435381     0.288293     -0.28195    0.0358949
   -0.948358     -1.00341     0.566066       1.1266  -0.00913252  -0.00115816    -0.128952    0.0740092    -0.154451    0.0333606
   -0.948358     -1.03953     0.607889      1.23823  -0.00323051   0.00057702    -0.218147   -0.0871554   -0.0465425    0.0158512
   -0.948358     -1.00641     0.569554      1.13631  -0.00387902  8.27518e-05    -0.136035    0.0612328    -0.144287    0.0108274
   -0.948358      -1.0394     0.607758      1.23802  0.000311489   0.00141011    -0.217797   -0.0865906   -0.0456471 -0.000570527
   -0.948358      -1.0617     0.633811      1.30931  0.000210038   0.00162747    -0.273758    -0.190529     0.026504   0.00527677
   -0.948358    -0.956732     0.512966     0.993324  -0.00508754 -0.000699365   -0.0153012     0.269315    -0.268215    0.0064844
   -0.948358    -0.977418     0.533137      1.00081   -0.0670209   -0.0148563   -0.0775406      0.18823    -0.282999      0.26179
   -0.948358     -1.01791     0.580723      1.13795    -0.049772   -0.0105906     -0.17295    0.0112506    -0.154423      0.20853
   -0.948358    -0.940587     0.488132     0.847192    -0.101632   -0.0232616  -0.00104115     0.342175    -0.418398     0.369075
   -0.948358     -1.02633     0.569579      0.82996   -0.0529459   -0.0124467    -0.269317  -0.00599872    -0.409872      0.12737
   -0.948358     -1.00741     0.544453      0.72177   -0.0592493   -0.0144516    -0.232515    0.0841211    -0.501017      0.12774
   -0.948358     -1.03913     0.586662      0.90423   -0.0513804   -0.0118323    -0.294469   -0.0687039      -0.3452     0.135063
   -0.948358      -1.0266     0.568887     0.814517   -0.0326489   -0.0069401    -0.273477  -0.00631663    -0.417534    0.0647716
   -0.948358      -1.0074     0.543266     0.702627     -0.03475  -0.00773858    -0.236568     0.085109    -0.510288    0.0566958
   -0.948358    -0.956535      0.51276     0.993059  0.000471954  0.000543499   -0.0147499     0.270141    -0.266822   -0.0175605
   -0.948358     -1.00625     0.569394      1.13609  0.000382064   0.00106755    -0.135603     0.061898    -0.143214  -0.00815907
   -0.948358     -1.10669     0.686674      1.45466   -0.0157709  -0.00175703    -0.389811    -0.410708     0.178369     0.101976
   -0.948358     -1.10576     0.685404      1.44877   -0.0202283  -0.00284728    -0.388082    -0.405856     0.170478     0.124239
   -0.948358     -1.08164     0.656689      1.36532   -0.0238754  -0.00394134    -0.326788    -0.286293    0.0786115     0.128655
   -0.948358     -1.07441     0.647567      1.33174   -0.0336749  -0.00636662    -0.310907    -0.251171    0.0412963     0.169121
   -0.948358     -1.09592     0.673145      1.40605   -0.0303209  -0.00538516    -0.365162    -0.356521     0.121437     0.166752
   -0.948358     -1.08751     0.662532       1.3671   -0.0382517  -0.00738942    -0.346461    -0.315128    0.0787231     0.196124
   -0.948358     -1.06862     0.639961      1.29999   -0.0428289  -0.00863837    -0.299523    -0.223285    0.0072813      0.20402
   -0.948358     -1.10198      0.68072      1.43286   -0.0241108  -0.00382326     -0.37912    -0.386846      0.15202     0.141148
   -0.948358     -1.08352     0.657219      1.34407   -0.0437852  -0.00878346    -0.338827    -0.295694    0.0541542     0.215975
   -0.948358     -1.06608      0.63647      1.28359   -0.0474768  -0.00980102    -0.295134    -0.210956   -0.0100759     0.220921
   -0.948358     -1.04908     0.617481      1.24369   -0.0402664  -0.00813275    -0.248494    -0.131029   -0.0500103     0.183791
   -0.948358     -1.08601       0.6464      1.12679  -0.00353883   0.00143936     -0.40169    -0.309489    -0.117882   0.00319161
   -0.948358     -1.11261     0.681064      1.26319   0.00153373   0.00299419    -0.463247    -0.456351    0.0289892  -0.00398457
   -0.948358     -1.08591     0.646261        1.126   0.00123106     0.002707    -0.401557    -0.308977    -0.117503   -0.0136597
   -0.948358     -1.05622     0.607422     0.969396  -0.00936281 -0.000354641     -0.33633    -0.153283    -0.273333    0.0092475
   -0.948358     -1.03012      0.57301     0.825739   -0.0128703   -0.0015153    -0.282324   -0.0228553    -0.403327   0.00726644
   -0.948358     -1.07757     0.649049      1.30573   -0.0520732    -0.010898    -0.328459    -0.266732    0.0143275       0.2426
   -0.948358     -1.08029      0.65279      1.32349   -0.0484589  -0.00997022    -0.333119    -0.279948    0.0326521     0.231542
   -0.948358     -1.00977     0.545962     0.708915   -0.0156401  -0.00244217     -0.24268    0.0743809    -0.501105   0.00471983
   -0.948358      -1.0581     0.609823     0.978498   0.00115983   0.00249295    -0.340528    -0.162721    -0.262554    -0.023854
   -0.948358      -1.0304     0.573293     0.825786  0.000909252   0.00225238    -0.283231    -0.024117     -0.40049   -0.0330741
   -0.948358     -1.01013     0.546316     0.709089  0.000525029   0.00203406    -0.243748    0.0728572    -0.497884   -0.0392103
   -0.948358    -0.995197     0.526287     0.619843    0.0004119   0.00193064    -0.216176     0.141749    -0.567835   -0.0440473
   -0.948358     -1.08411     0.660179      1.38285   0.00282883   0.00250001     -0.33068    -0.298436     0.105208  -0.00214807
   -0.948358     -1.10626     0.686415      1.45729   0.00259951   0.00269039     -0.38772    -0.408819     0.187595   0.00451088
   -0.948358    -0.994989     0.526117     0.620387    0.0173089   0.00664999    -0.215404     0.142697    -0.564705   -0.0872408
   -0.948358    -0.976961     0.501702     0.508066    0.0189246   0.00710299    -0.184059     0.222779    -0.647185   -0.0938521
   -0.948358    -0.956857     0.474136     0.376057    0.0220515   0.00802573    -0.151981     0.307413    -0.735785    -0.103525
   -0.948358     -1.01021     0.546548     0.711542    0.0165246    0.0064526     -0.24348    0.0724413    -0.493182   -0.0827005
   -0.948358     -1.03056     0.573614     0.828481     0.014548   0.00597133    -0.283147   -0.0248839    -0.395767   -0.0729988
   -0.948358     -1.05675     0.608142     0.972722    0.0115882   0.00528759    -0.337273    -0.155672     -0.26624   -0.0577267
   -0.948358     -1.06169     0.633792      1.30917   0.00325702   0.00235331    -0.273762    -0.190468    0.0273579  -0.00940466
   -0.948358     -1.03937     0.607712      1.23777   0.00386157   0.00224661    -0.217764   -0.0864362   -0.0447781   -0.0170276
   -0.948358     -1.11133      0.67942      1.25704   0.00580046    0.0041095    -0.460219    -0.449395    0.0235943   -0.0203369
   -0.948358     -1.08628     0.646759      1.12833   0.00603989   0.00398732    -0.402267     -0.31093    -0.114041   -0.0303628
   -0.948358     -1.00629     0.569415      1.13597   0.00464059   0.00205477    -0.135728    0.0618125    -0.142076   -0.0271396
   -0.948358    -0.956757      0.51299     0.993375    0.0060291   0.00179153   -0.0153619     0.269289    -0.264981   -0.0415682
   -0.948358    -0.976344       0.5012     0.509705     0.037389    0.0123088    -0.181802     0.225451     -0.64352    -0.137947
   -0.948358    -0.957193     0.474969     0.384433    0.0435253    0.0141821    -0.151144     0.306096    -0.727539      -0.1502
   -0.948358    -0.993973      0.52512     0.620313    0.0350681    0.0115806    -0.212246     0.147204    -0.562224    -0.133231
   -0.948358    -0.974896     0.500292     0.517948    0.0660975    0.0203007    -0.175614     0.231408      -0.6339    -0.208871
   -0.948358    -0.957742      0.47687     0.407009    0.0753967    0.0231646     -0.14786     0.303815    -0.708661    -0.223617
   -0.948358    -0.972075     0.498578     0.534722     0.096753    0.0285955    -0.163488     0.242634    -0.618005    -0.290261
   -0.948358    -0.955544     0.476073     0.428975     0.109091    0.0324056    -0.136539      0.31253    -0.689906    -0.307499
   -0.948358    -0.992556     0.524316     0.629763    0.0613231    0.0187762    -0.205825     0.153052    -0.551561     -0.20311
   -0.948358    -0.990208     0.523268     0.649872    0.0882973    0.0259418    -0.194311     0.162228    -0.532844    -0.280311
   -0.948358    -0.968063      0.49573      0.55171     0.119158     0.034372    -0.147778     0.258461    -0.602932    -0.356373
   -0.948358     -1.06297     0.628627       1.2064    0.0692004    0.0190249    -0.303907    -0.193992   -0.0476804    -0.290841
   -0.948358     -1.06831     0.636164      1.24381    0.0637615    0.0175947    -0.312703    -0.220609   -0.0122929    -0.273694
   -0.948358     -1.04948     0.613615      1.17615    0.0704578    0.0189798    -0.266377    -0.129627   -0.0799926    -0.298552
   -0.948358     -1.04479     0.606535      1.13568    0.0774449    0.0208667    -0.260634    -0.106294    -0.116654    -0.319638
   -0.948358     -1.07093     0.640223      1.26812     0.059202    0.0163849     -0.31547     -0.23365    0.0100844    -0.258346
   -0.948358     -1.05551     0.622074      1.21769    0.0627274     0.016994    -0.276283    -0.159224   -0.0416787    -0.272075
   -0.948358     -1.02603     0.585342       1.0877    0.0809753    0.0212753    -0.210941   -0.0196975    -0.163508    -0.335664
   -0.948358     -1.02347     0.580817      1.05528    0.0874896    0.0230894      -0.2102  -0.00629725    -0.191943    -0.354294
   -0.948358     -1.04252     0.601794       1.0952    0.0830892    0.0225752    -0.262625   -0.0936885    -0.152854    -0.332148
   -0.948358     -1.05978     0.623107      1.16757    0.0741656    0.0204793    -0.302603    -0.177544   -0.0830783    -0.302733
   -0.948358     -1.02239     0.576965      1.01072     0.094456    0.0252782    -0.216859   0.00157804    -0.230693    -0.368019
   -0.948358    -0.999114     0.548374     0.914147     0.108974    0.0287511    -0.164867      0.10823    -0.315141    -0.412394
   -0.948358     -1.00249     0.548694     0.867373      0.11107    0.0301226    -0.185711    0.0974815    -0.354714    -0.399562
   -0.948358     -1.02463     0.576476     0.968366    0.0960402    0.0263122    -0.233481  -0.00543779    -0.267096    -0.358083
   -0.948358    -0.998032     0.550289     0.960744     0.100621    0.0260024    -0.151136     0.108816    -0.275507    -0.398458
   -0.948358     -0.97932     0.524209     0.833568     0.122522    0.0320077    -0.121426     0.195603    -0.381338    -0.452382
   -0.948358     -0.98197     0.522778     0.770449     0.126899     0.034252     -0.14327      0.18966    -0.433351    -0.439448
   -0.948358     -1.00553     0.549165     0.827751     0.106219    0.0295771    -0.203868    0.0868686    -0.387472    -0.366622
   -0.948358     -1.02619     0.575695     0.931476     0.092362     0.025872    -0.246664   -0.0102403    -0.298813     -0.33278
   -0.948358     -1.04377     0.600601      1.05662    0.0845038    0.0234154    -0.275548   -0.0973626    -0.186385    -0.324873
   -0.948358     -1.06279     0.624549      1.14337    0.0741659    0.0208573    -0.318391    -0.191165    -0.103436    -0.293526
   -0.948358     -1.04831     0.603944      1.03896     0.079361    0.0224973    -0.294504    -0.117808    -0.201063    -0.297568
   -0.948358     -1.06898     0.630413      1.14004    0.0689602    0.0198415    -0.340046    -0.221551    -0.103962    -0.267765
   -0.948358     -1.03127     0.593254       1.1328    0.0709423    0.0186361    -0.217252   -0.0455303    -0.123807    -0.302983
   -0.948358     -1.03926     0.604089      1.18208    0.0598391    0.0158777    -0.231412   -0.0836754   -0.0796635    -0.262294
   -0.948358     -1.00597     0.564731      1.06753     0.071577     0.018187    -0.151554    0.0673896    -0.185761    -0.308027
   -0.948358     -1.00067     0.556891       1.0244     0.083848    0.0213057    -0.144944    0.0926115    -0.221927     -0.35053
   -0.948358     -1.06105     0.629739      1.25421    0.0550033    0.0150535    -0.285703    -0.186207  -0.00804557    -0.243413
   -0.948358     -1.04592       0.6129      1.21974    0.0505396    0.0136232    -0.244012    -0.115284   -0.0458306    -0.225578
   -0.948358     -1.01349     0.574844      1.11264    0.0588197    0.0150898     -0.16488     0.032264     -0.14702    -0.259059
   -0.948358    -0.974897     0.528085     0.960224    0.0856069    0.0210428    -0.079426     0.201965    -0.277177    -0.361002
   -0.948358    -0.975309     0.526792     0.934075    0.0965727    0.0239933   -0.0867085     0.202705    -0.298163    -0.396071
   -0.948358    -0.998323     0.551861     0.981011    0.0956907    0.0245703    -0.147507     0.105811     -0.25814      -0.3853
   -0.948358     -0.97686     0.525319      0.88802     0.111565    0.0283301    -0.101878      0.20069     -0.33603    -0.436245
   -0.948358      -1.0083     0.550008     0.798027    0.0957115    0.0272981    -0.218951    0.0765785    -0.412585    -0.322632
   -0.948358     -1.02921     0.577255      0.90915    0.0834656    0.0239282    -0.261275   -0.0226663    -0.318214    -0.294715
   -0.948358     -1.05223     0.607071      1.02749    0.0714997    0.0207394    -0.310037    -0.135961    -0.210635    -0.264109
   -0.948358    -0.980411      0.51658     0.695337     0.125429    0.0348817    -0.154659     0.200695    -0.493138    -0.408191
   -0.948358    -0.985284     0.519512     0.666488     0.109957    0.0314009    -0.175676     0.182091    -0.517397    -0.349068
   -0.948358     -1.00808     0.547344     0.758412    0.0815487    0.0238846    -0.226723    0.0798039    -0.446715    -0.271156
   -0.948358     -1.03236     0.579212     0.891048    0.0691342    0.0204258    -0.275353    -0.036124    -0.334465     -0.24301
   -0.948358    -0.954784     0.494632     0.738683     0.140451    0.0362787   -0.0678917     0.299542    -0.454165    -0.504692
   -0.948358    -0.954762      0.48867     0.644777     0.151054    0.0405952   -0.0881049     0.306654    -0.528141    -0.498059
   -0.948358    -0.927268     0.462102     0.641094     0.161295    0.0410881  -0.00784677      0.41027    -0.522859    -0.566789
   -0.948358    -0.952775     0.496996     0.805579     0.125042    0.0312055   -0.0471357     0.301409    -0.400302    -0.481562
   -0.948358     -1.08426      0.66033      1.38297   0.00607741   0.00328372    -0.331147    -0.299113     0.106464   -0.0185489
   -0.948358     -1.10713     0.687431      1.45992   0.00581045   0.00347985     -0.39006    -0.413177     0.191731   -0.0125282
   -0.948358     -1.06106     0.633028      1.30669   0.00681007   0.00319321      -0.2723    -0.187484    0.0259931   -0.0266271
   -0.948358     -1.08304     0.658809      1.37766    0.0112528   0.00451692    -0.328352    -0.293083     0.102612   -0.0447988
   -0.948358     -1.10682     0.686994      1.45785    0.0104573   0.00460616    -0.389475    -0.411435     0.191096   -0.0374871
   -0.948358     -1.02977     0.596072      1.20027    0.0247765   0.00708066    -0.195683   -0.0421548    -0.074956     -0.11467
   -0.948358     -1.05543     0.626094      1.28324    0.0206802   0.00644142    -0.259473    -0.160757   0.00677944   -0.0932969
   -0.948358     -1.05885     0.630335      1.29795     0.012844   0.00460752    -0.267142    -0.176984    0.0190601   -0.0558839
   -0.948358     -1.03452     0.601896      1.21988    0.0153387   0.00489931    -0.206357     -0.06416   -0.0586728   -0.0708949
   -0.948358     -1.02448     0.589327      1.17408    0.0370133   0.00992506    -0.185179   -0.0182265    -0.095845    -0.168704
   -0.948358     -1.05184     0.621485      1.26508    0.0297148   0.00857366    -0.252179    -0.143761  -0.00836587    -0.135217
   -0.948358      -1.0808     0.655993      1.36744    0.0177404   0.00605714    -0.323387    -0.282139    0.0941598   -0.0771921
   -0.948358     -1.03771     0.605745      1.23199   0.00808082   0.00322169      -0.2138   -0.0788988   -0.0490492   -0.0368373
   -0.948358    -0.999495     0.561391      1.11224    0.0187095   0.00523597    -0.119973    0.0914227    -0.159511    -0.090695
   -0.948358    -0.993285      0.55385      1.08721    0.0309941   0.00800451    -0.106631     0.118045    -0.178035    -0.144725
   -0.948358     -1.07488     0.636416      1.14324    0.0618239    0.0182248    -0.359399    -0.251452   -0.0986334    -0.237271
   -0.948358     -1.05487     0.608963      1.01618    0.0621278    0.0184801    -0.321331    -0.148206    -0.220733    -0.227998
   -0.948358     -1.07866     0.640042      1.14173    0.0544162    0.0164575    -0.372707    -0.270847   -0.0986475    -0.207092
   -0.948358     -1.08688     0.648915      1.15415    0.0372268    0.0121561    -0.398169    -0.314029    -0.084865    -0.141706
   -0.948358     -1.06638     0.621852        1.042    0.0381748    0.0123732     -0.35403    -0.206039    -0.196314    -0.144046
   -0.948358     -1.08516     0.645835      1.13135    0.0248411    0.0089423    -0.397615    -0.304761     -0.10862   -0.0967207
   -0.948358     -1.09784     0.662609      1.20079    0.0272183   0.00961691    -0.425475    -0.373418   -0.0363347    -0.103956
   -0.948358     -1.08033     0.641208      1.13385    0.0469115    0.0146053    -0.380305    -0.279376    -0.105761    -0.177658
   -0.948358     -1.05611     0.609345       1.0027    0.0517306    0.0158699     -0.32845    -0.153658    -0.233469    -0.190322
   -0.948358     -1.04827     0.597731     0.938708    0.0356395    0.0116877    -0.316778    -0.113219     -0.29418    -0.135356
   -0.948358      -1.0753     0.632709      1.07566     0.020352    0.0077172    -0.376689    -0.252518    -0.164807   -0.0825594
   -0.948358     -1.10459     0.670841      1.22614    0.0146568   0.00638175     -0.44335    -0.410845  -0.00995272   -0.0559951
   -0.948358     -1.09549     0.658877      1.17786    0.0105295   0.00523506    -0.422555    -0.360177   -0.0630247   -0.0434057
   -0.948358    -0.948736     0.503598     0.966023    0.0246384   0.00587293   0.00258562     0.301969    -0.282183    -0.122951
   -0.948358    -0.946757     0.500806     0.951987    0.0391698   0.00914028   0.00513174     0.310449    -0.290013    -0.184853
   -0.948358      -1.0032     0.565822      1.12603    0.0098552   0.00322541    -0.128375    0.0751627    -0.149518   -0.0508822
   -0.948358    -0.952122     0.507672     0.979295    0.0130501   0.00331362  -0.00447465      0.28826    -0.274653   -0.0726856
   -0.948358    -0.944682     0.497352     0.929302    0.0576793    0.0133933   0.00591946     0.320175    -0.304734    -0.261202
   -0.948358    -0.985593     0.544141      1.05058    0.0473373    0.0117382   -0.0914198     0.151612    -0.206032     -0.21436
   -0.948358     -0.94284     0.493165     0.892015    0.0814301    0.0190746   0.00250447     0.330262    -0.331211    -0.352277
   -0.948358    -0.977465     0.533142      1.00056     0.067921    0.0165963   -0.0778428     0.188528    -0.245696    -0.297501
   -0.948358     -0.94064     0.488105     0.846565     0.102477    0.0243968  -0.00149743     0.342693    -0.365618    -0.424082
   -0.948358     -1.01807     0.580889      1.13834    0.0506019     0.013131    -0.173392    0.0110465    -0.125164    -0.225519
   -0.948358    -0.942283     0.488005     0.821117     0.114294    0.0276527   -0.0121182     0.339403    -0.386223    -0.459373
   -0.948358     -1.00758     0.544664     0.722703    0.0594149    0.0181224    -0.232804    0.0836894    -0.478142    -0.202707
   -0.948358     -1.02803      0.57181     0.839469    0.0530492    0.0163155    -0.272638   -0.0137239    -0.380877    -0.188505
   -0.948358     -1.00824     0.544368     0.707364    0.0348621    0.0114784    -0.238167    0.0813949     -0.49372    -0.133468
   -0.948358     -1.02766     0.570293     0.820768     0.033839    0.0111872    -0.275461   -0.0111141    -0.399399    -0.130399
   -0.948358     -1.04115     0.589308     0.915302    0.0516207    0.0158872    -0.298557   -0.0782065    -0.314042    -0.186793
   -0.948358     -1.10584     0.685699      1.45243    0.0159032   0.00592208    -0.387435    -0.406257      0.18705   -0.0664425
   -0.948358     -1.08042     0.655277      1.36181    0.0243723   0.00766573    -0.323567    -0.280189    0.0908001    -0.109648
   -0.948358      -1.1047     0.684175      1.44591    0.0204524   0.00702127    -0.385127      -0.4003     0.181546    -0.090117
   -0.948358     -1.06671      0.63771      1.29396    0.0438023     0.012278    -0.294607    -0.213664     0.027724    -0.197764
   -0.948358     -1.08554      0.66022      1.36109    0.0390886    0.0113841    -0.341285    -0.305141    0.0972943    -0.178381
   -0.948358     -1.09441     0.671404      1.40192    0.0307177    0.0094181    -0.361036     -0.34873     0.137324     -0.14076
   -0.948358     -1.07273     0.645599       1.3266    0.0345012    0.0100467    -0.306563    -0.242817    0.0577245    -0.157044
   -0.948358     -1.06396     0.633948      1.27644    0.0487758    0.0134961    -0.289834    -0.200373    0.0118683    -0.218579
   -0.948358     -1.08131     0.654616      1.33719    0.0447483    0.0127593    -0.333039    -0.284431    0.0746512    -0.202677
   -0.948358     -1.10078     0.679347      1.42969    0.0243911   0.00793869    -0.375813    -0.380632      0.16519    -0.110025
   -0.948358     -1.04748     0.615593      1.23858    0.0413223    0.0113462    -0.244472    -0.123153   -0.0304628    -0.186486
   -0.948358     -1.07503     0.646001      1.29694    0.0535298    0.0149421    -0.322037    -0.253764    0.0369757    -0.237529
   -0.948358     -1.07782     0.649864      1.31529    0.0497631    0.0139988     -0.32685    -0.267479    0.0542587    -0.222924
   -0.948358    -0.933673     0.474778     0.743306     0.136024    0.0334839  -0.00409685     0.378147    -0.445482    -0.518776
   -0.948358      -1.2158     0.815966      1.78728  0.000410777   0.00357531    -0.719129     -1.08092     0.682059    0.0495301
   -0.948358      -1.2154      0.81543      1.78491 -0.000542325     0.003329    -0.718258     -1.07856     0.678662    0.0544192
   -0.948358     -1.21533     0.815338      1.78467 -0.000651962   0.00329992    -0.718004     -1.07801     0.678184    0.0549849
   -0.948358     -1.21578      0.81595      1.78736   0.00034055   0.00355675    -0.719011     -1.08072     0.682018    0.0499194
   -0.948358     -1.21583     0.815976      1.78683  0.000596649   0.00362474    -0.719459     -1.08142     0.681917    0.0484739
   -0.948358     -1.21547     0.815491      1.78476 -0.000389111   0.00337001    -0.718625     -1.07922     0.678832    0.0535654
   -0.948358     -1.21378     0.813295      1.77664  -0.00193211   0.00295877    -0.714036     -1.06805     0.666572    0.0609033
   -0.948358     -1.21366     0.813152      1.77627  -0.00204277   0.00292884    -0.713637     -1.06718     0.665861      0.06146
   -0.948358     -1.21528     0.815304      1.78495  -0.00074705    0.0032739    -0.717677     -1.07746     0.678179    0.0555415
   -0.948358     -1.21585     0.816039      1.78771  0.000897962   0.00369986    -0.719185     -1.08115       0.6827    0.0469343
   -0.948358     -1.21585     0.816019      1.78719  0.000887094   0.00369861    -0.719425     -1.08146     0.682355    0.0469391
   -0.948358     -1.21584     0.816029       1.7877   0.00149991   0.00385363    -0.719153     -1.08109     0.682894     0.043671
   -0.948358     -1.21585     0.816032      1.78757   0.00143685   0.00383803    -0.719243     -1.08123     0.682817    0.0440016
   -0.948358     -1.21586     0.816015      1.78696  0.000941488   0.00371331    -0.719556     -1.08164     0.682237    0.0466192
   -0.948358     -1.21579      0.81599      1.78798  0.000415785   0.00357454    -0.718797     -1.08049     0.682501    0.0495809
   -0.948358     -1.21584     0.816056      1.78812  0.000901824   0.00369965    -0.718995     -1.08091     0.682974    0.0469569
   -0.948358     -1.19676     0.790193      1.67676   0.00135434   0.00367986    -0.673984    -0.960192       0.5328    0.0327307
   -0.948358     -1.19651     0.789873       1.6757  0.000473989   0.00345015    -0.673274    -0.958598     0.531135    0.0369178
   -0.948358     -1.19673     0.790166      1.67679  0.000528881   0.00346642    -0.673872    -0.960046     0.532637    0.0367607
   -0.948358     -1.19702     0.790524      1.67802   0.00135399    0.0036821    -0.674652    -0.961829     0.534512    0.0328561
   -0.948358      -1.1954     0.788419      1.67009   0.00135566   0.00366759     -0.67039    -0.951441     0.523746    0.0320724
   -0.948358     -1.19517     0.788127      1.66911  0.000517724   0.00344903     -0.66975    -0.949994     0.522201    0.0360391
   -0.948358      -1.1961     0.789369       1.6742 -0.000284623   0.00324972    -0.672076    -0.956027     0.528939    0.0404773
   -0.948358     -1.19637      0.78973      1.67556 -0.000264729   0.00325742    -0.672804    -0.957805     0.530796    0.0405214
   -0.948358     -1.19718      0.79075      1.67902  0.000523864   0.00346922    -0.675044    -0.962927      0.53567    0.0370119
   -0.948358     -1.19745     0.791087      1.68015   0.00135329   0.00368586    -0.675784    -0.964607      0.53743    0.0330709
   -0.948358     -1.19668     0.790101      1.67663   0.00217529   0.00389018    -0.673697    -0.959663     0.532868    0.0287378
   -0.948358     -1.19645     0.789805      1.67552   0.00223092   0.00390238     -0.67309    -0.958192     0.531383    0.0283631
   -0.948358     -1.19462     0.787453      1.66701 -0.000365417    0.0032151    -0.668194    -0.946585     0.519162    0.0401225
   -0.948358     -1.19473     0.787677      1.66894  -0.00158841   0.00289806    -0.668139    -0.947392     0.521519     0.046311
   -0.948358     -1.19507     0.788125      1.67067  -0.00159126   0.00290045    -0.669029     -0.94959     0.523856    0.0465113
   -0.948358     -1.19688     0.790385      1.67803 -0.000207787    0.0032768    -0.674132    -0.961042     0.534169    0.0404986
   -0.948358     -1.19285     0.785244      1.65997  -0.00190209   0.00279912    -0.663147    -0.935396     0.509319    0.0468713
   -0.948358     -1.19367     0.786403      1.66552  -0.00283691   0.00256302    -0.664909    -0.940671     0.516486    0.0520665
   -0.948358     -1.19431     0.787233      1.66864  -0.00276819   0.00258676    -0.666585    -0.944745      0.52072    0.0520793
   -0.948358     -1.19595     0.789264      1.67491  -0.00146645   0.00294097    -0.671355    -0.955218     0.529653    0.0463552
   -0.948358     -1.19111     0.783106      1.65353  -0.00342777   0.00238563    -0.658074    -0.924393     0.500152    0.0535967
   -0.948358     -1.19348     0.786243      1.66606  -0.00368369    0.0023404    -0.664018    -0.939421     0.516799    0.0563103
   -0.948358       -1.194     0.786924      1.66866  -0.00364368   0.00235557    -0.665373    -0.942744     0.520306    0.0564136
   -0.948358      -1.1955     0.788774      1.67433  -0.00254731    0.0026552    -0.669757    -0.952371     0.528492    0.0516272
   -0.948358     -1.18986     0.781596      1.64938  -0.00471774   0.00203781    -0.654277    -0.916404     0.493981    0.0594121
   -0.948358     -1.19335     0.786181       1.6672  -0.00458951   0.00210274    -0.663193    -0.938495     0.517775    0.0609456
   -0.948358     -1.19418     0.787249      1.67114  -0.00443013   0.00215181    -0.665384    -0.943761     0.523148    0.0606184
   -0.948358     -1.19547     0.788813      1.67543  -0.00323152   0.00247646    -0.669357    -0.952164     0.529638    0.0551486
   -0.948358     -1.18867     0.780159      1.64535  -0.00583509   0.00173554    -0.650698    -0.908808      0.48797    0.0643722
   -0.948358     -1.19356     0.786572      1.67027  -0.00550242   0.00186608    -0.663156    -0.939638     0.521195    0.0658425
   -0.948358     -1.19455     0.787852      1.67513  -0.00537628   0.00190782    -0.665714    -0.945889     0.527778     0.065806
   -0.948358     -1.19547     0.788887      1.67679  -0.00394096   0.00229119    -0.668952    -0.952038     0.531051    0.0588437
   -0.948358     -1.18572     0.776505      1.63402  -0.00791336   0.00116671    -0.642146     -0.88996     0.471589    0.0730184
   -0.948358     -1.19289     0.785983       1.6719    -0.007644   0.00130034     -0.65991    -0.934626     0.521194    0.0767514
   -0.948358     -1.19578      0.78965      1.68443  -0.00645392   0.00163669    -0.667991    -0.953348     0.539157    0.0723724
   -0.948358     -1.19546     0.788983      1.67864  -0.00482042   0.00206129    -0.668379    -0.951795     0.532895    0.0634597
   -0.948358     -1.18208     0.772043      1.62091   -0.0108182  0.000376293    -0.631314    -0.866513     0.451961    0.0854387
   -0.948358     -1.19313     0.786383      1.67477  -0.00819067   0.00115935    -0.659927    -0.935611     0.524016    0.0799865
   -0.948358     -1.19696      0.79119      1.69035  -0.00625645   0.00169833    -0.671028    -0.960843     0.547264    0.0721422
   -0.948358      -1.1958     0.789491      1.68143   -0.0052584   0.00194979    -0.668945    -0.953853     0.536297    0.0659879
   -0.948358     -1.18227      0.77272      1.62952   -0.0136823 -0.000367934     -0.62917    -0.865444     0.458211     0.101385
   -0.948358     -1.20019     0.795561      1.70936  -0.00646163   0.00167052    -0.678358    -0.980454     0.571543    0.0758904
   -0.948358     -1.20045     0.795842      1.70951  -0.00607991   0.00177308    -0.679461    -0.982534     0.572524    0.0738768
   -0.948358      -1.2055     0.802117      1.72885  -0.00344284   0.00250878    -0.694662     -1.01666     0.602677    0.0625631
   -0.948358     -1.20652     0.803288      1.73101  -0.00237801   0.00279794    -0.698258     -1.02375     0.606772    0.0573647
   -0.948358     -1.19327     0.786953      1.68254   -0.0103508  0.000594906    -0.657735    -0.934042     0.529626    0.0925925
   -0.948358      -1.1998     0.795301      1.71196   -0.0077841   0.00131959    -0.675663    -0.976255     0.571852    0.0834171
   -0.948358     -1.20659     0.803938      1.74142  -0.00484597    0.0021445    -0.694984     -1.02138     0.615988    0.0718237
   -0.948358     -1.20685     0.804235      1.74208  -0.00464428   0.00219976    -0.695868     -1.02324     0.617347    0.0708171
   -0.948358     -1.20617     0.803512      1.74175  -0.00550525   0.00196665     -0.69292      -1.0176       0.6146    0.0755031
   -0.948358     -1.21045     0.808973      1.76054  -0.00354235   0.00251457    -0.705112     -1.04628     0.643092    0.0674622
   -0.948358     -1.21057     0.809107      1.76077  -0.00342454   0.00254662     -0.70556     -1.04719     0.643689    0.0668434
   -0.948358     -1.20744     0.804963      1.74412  -0.00427441   0.00230202    -0.697769     -1.02743     0.620859    0.0690976
   -0.948358     -1.20215     0.797989       1.7166  -0.00534453   0.00198048    -0.684384    -0.993866     0.583167    0.0709551
   -0.948358     -1.21045     0.809043       1.7618  -0.00376955   0.00245371    -0.704629     -1.04573     0.643909      0.06891
   -0.948358     -1.21053     0.809033      1.76017  -0.00336061   0.00256349    -0.705609     -1.04711     0.643141    0.0664033
   -0.948358     -1.21356     0.813067      1.77656  -0.00220093   0.00288569    -0.713083      -1.0662     0.665678    0.0623763
   -0.948358     -1.21375     0.813234      1.77605  -0.00186834   0.00297587    -0.714136     -1.06806     0.666074    0.0604704
   -0.948358     -1.20316     0.798842       1.7134  -0.00240525   0.00276127    -0.689637     -1.00194     0.582344    0.0553872
   -0.948358     -1.19926     0.793462      1.68932  0.000889874   0.00358263     -0.68051    -0.976357     0.549929    0.0362668
   -0.948358     -1.19952     0.793801      1.69055   0.00134446   0.00370232    -0.681215    -0.978037     0.551745    0.0341602
   -0.948358     -1.19713     0.790685      1.67885   0.00217741   0.00389476    -0.674868     -0.96254       0.5359    0.0289413
   -0.948358     -1.19854     0.792555      1.68616  0.000107469   0.00337372    -0.678551      -0.9718     0.545397    0.0397963
   -0.948358     -1.19874     0.792803      1.68703  0.000245533   0.00341127    -0.679084    -0.973048     0.546633    0.0392073
   -0.948358     -1.19844     0.792464      1.68633 -0.000559003   0.00319976    -0.678134    -0.971226     0.545496    0.0431058
   -0.948358     -1.19839     0.792385      1.68589 -0.000403408   0.00323972    -0.678038    -0.970871     0.544929    0.0422919
   -0.948358     -1.19903     0.793293      1.69032  -0.00131958   0.00300716    -0.679412    -0.975092     0.550808     0.047313
   -0.948358     -1.19862     0.792734       1.6878  -0.00099752   0.00308733    -0.678472    -0.972446     0.547436    0.0454382
   -0.948358     -1.19939      0.79381      1.69289  -0.00178875   0.00288816     -0.68016    -0.977456     0.554224    0.0499366
   -0.948358     -1.20096     0.795905      1.70137  -0.00202055   0.00284188    -0.684136    -0.987673     0.565856    0.0520578
   -0.948358     -1.21533     0.815294      1.78377 -0.000533765   0.00333245    -0.718375     -1.07845     0.677591    0.0542252
   -0.948358     -1.21565      0.81571      1.78532  0.000239566   0.00353337    -0.719241     -1.08056     0.680083    0.0502261
   -0.948358     -1.21586     0.816025      1.78708   0.00124991   0.00379195    -0.719524     -1.08162     0.682455    0.0449651
   -0.948358     -1.21577     0.815861      1.78574  0.000946219    0.0037158     -0.71964     -1.08144     0.681056    0.0464669
   -0.948358     -1.21577     0.816043      1.78931  0.000883176    0.0036901    -0.718175     -1.07968     0.683503    0.0471779
   -0.948358     -1.21557     0.815889      1.79034  0.000647659   0.00362278    -0.716827     -1.07736     0.683319    0.0485663
   -0.948358      -1.2156      0.81592      1.79034  0.000858074   0.00367714    -0.716962     -1.07763     0.683516    0.0474116
   -0.948358     -1.21579      0.81606      1.78916  0.000886685   0.00369195    -0.718351     -1.07997     0.683493    0.0471439
   -0.948358     -1.21558     0.815891      1.79028  0.000602017   0.00361138    -0.716873     -1.07743     0.683284    0.0488116
   -0.948358     -1.21536     0.815679      1.79047  0.000458917   0.00356958    -0.715795      -1.0754      0.68251    0.0496158
   -0.948358     -1.21542     0.815746      1.79067  0.000844291   0.00366864    -0.715971     -1.07579     0.682992    0.0475089
   -0.948358     -1.21559     0.815912      1.79042   0.00106487   0.00372947    -0.716875     -1.07748     0.683593    0.0462807
   -0.948358      -1.2156      0.81592      1.79039   0.00111222   0.00374186    -0.716934     -1.07758     0.683628     0.046018
   -0.948358     -1.21571     0.815987      1.78951  0.000587984   0.00361275    -0.717797       -1.079     0.683284    0.0488124
   -0.948358     -1.21535     0.815665      1.79042  0.000397161   0.00355374    -0.715769     -1.07533     0.682414    0.0499511
   -0.948358     -1.21469     0.814901      1.78908 -0.000527185   0.00330662    -0.713203     -1.06998     0.678582    0.0549097
   -0.948358     -1.21477     0.814999      1.78946 -0.000355715   0.00335102    -0.713394     -1.07045     0.679178    0.0540041
   -0.948358     -1.21486     0.815098      1.78957  -0.00031162   0.00336398    -0.713772     -1.07122     0.679622    0.0537712
   -0.948358     -1.21473     0.814937      1.78909 -0.000527209   0.00330733    -0.713358     -1.07028      0.67873    0.0549104
   -0.948358     -1.21446     0.814648      1.78886  -0.00054349   0.00329794    -0.712207     -1.06798       0.6775     0.054981
   -0.948358     -1.21506     0.815358      1.79042  0.000234215   0.00350559    -0.714388     -1.07265     0.681171    0.0508444
   -0.948358     -1.21514     0.815437      1.79039  0.000188795   0.00349577    -0.714758     -1.07336     0.681453    0.0510945
   -0.948358     -1.21511     0.815395      1.79006 -5.58184e-05   0.00343369    -0.714784     -1.07332     0.681064    0.0524098
   -0.948358     -1.21476     0.814973      1.78904 -0.000556556   0.00330077     -0.71355     -1.07064     0.678836    0.0550651
   -0.948358     -1.21468     0.814881      1.78889 -0.000608315   0.00328618    -0.713233     -1.06998     0.678403    0.0553366
   -0.948358     -1.21465     0.814842      1.78877  -0.00065584   0.00327369    -0.713139     -1.06977     0.678184    0.0555856
   -0.948358     -1.21516     0.815389      1.78902 -0.000461018   0.00333401    -0.715439      -1.0743     0.680467    0.0545196
   -0.948358     -1.21514     0.815422      1.78996 -0.000103211   0.00342255    -0.714972     -1.07366      0.68111    0.0526595
   -0.948358     -1.21522     0.815534      1.79058  0.000435865   0.00356018    -0.715071     -1.07402     0.681991    0.0497499
   -0.948358     -1.19254     0.788537      1.72736   -0.0134245 -0.000269854     -0.63586    -0.904395     0.548729     0.124395
   -0.948358     -1.18968     0.785212      1.72051   -0.0145209 -0.000583127    -0.625706    -0.883381     0.533484     0.131173
   -0.948358     -1.19279     0.789157      1.73415   -0.0111064  0.000307667    -0.634281    -0.903349     0.554472     0.112843
   -0.948358      -1.1955     0.792295       1.7402   -0.0105502  0.000485702    -0.644135    -0.923583     0.568512      0.10933
   -0.948358     -1.18975     0.784948      1.71409   -0.0158956 -0.000919619     -0.62869    -0.887319     0.530017     0.136353
   -0.948358     -1.18663     0.781257      1.70564   -0.0174588  -0.00135155    -0.617979    -0.864857     0.512784     0.145489
   -0.948358     -1.18639     0.781396      1.71294   -0.0155754 -0.000890748    -0.613923    -0.859215     0.516374     0.138152
   -0.948358     -1.18925     0.785058      1.72594   -0.0115807  0.000140765    -0.621727    -0.877669     0.536611     0.115993
   -0.948358     -1.19577     0.792875       1.7459  -0.00770523   0.00119684    -0.643095     -0.92331     0.574148    0.0937181
   -0.948358     -1.19826     0.795731      1.75096  -0.00778089   0.00121496    -0.652358    -0.942163     0.586506    0.0941121
   -0.948358     -1.19782     0.794967      1.74513  -0.00992544  0.000676393    -0.652719    -0.941221     0.580651      0.10543
   -0.948358      -1.1952     0.791668      1.73418   -0.0122192   6.9346e-05     -0.64524    -0.924042     0.563465     0.117337
   -0.948358     -1.19188     0.788352       1.7364  -0.00790153   0.00109363    -0.629527    -0.895383     0.554459     0.094622
   -0.948358     -1.19786     0.795427      1.75306  -0.00560077   0.00175258    -0.649727    -0.937846     0.587213    0.0816687
   -0.948358      -1.2004     0.798353      1.75834  -0.00576689   0.00174956     -0.65918    -0.957177      0.59997    0.0828197
   -0.948358     -1.20012     0.797835      1.75415  -0.00777607   0.00124515    -0.659572    -0.956745     0.595648    0.0938702
   -0.948358     -1.19381     0.790699      1.74302  -0.00572515   0.00166362    -0.635563     -0.90858     0.566482    0.0818326
   -0.948358     -1.19972     0.797678       1.7591  -0.00356019   0.00229077    -0.655763    -0.950961     0.598749    0.0698913
   -0.948358      -1.2022     0.800527      1.76403  -0.00411374   0.00219053    -0.665123    -0.970067     0.611004    0.0734818
   -0.948358     -1.20192     0.800047      1.76046  -0.00616742   0.00167376    -0.665293    -0.969397     0.607041    0.0850298
   -0.948358     -1.19573     0.793029      1.74938  -0.00329434   0.00229878    -0.641693    -0.921874     0.578432    0.0674412
   -0.948358     -1.20066     0.798822      1.76223  -0.00193767   0.00271193    -0.658794    -0.957583     0.604895    0.0603813
   -0.948358     -1.20363     0.802238      1.76832  -0.00265815   0.00257777    -0.669934    -0.980436     0.619726    0.0652291
   -0.948358     -1.20338     0.801813      1.76526  -0.00481389   0.00203457    -0.670021    -0.979763     0.616127    0.0775221
   -0.948358      -1.2009     0.799136       1.7634  0.000602304   0.00335448     -0.65944    -0.959149     0.607607    0.0450682
   -0.948358     -1.20399     0.802726      1.77036  0.000646946   0.00341573    -0.670797    -0.982674     0.623748     0.045728
   -0.948358     -1.20573      0.80472      1.77381  0.000670417   0.00345114    -0.677424    -0.996327     0.632737    0.0460671
   -0.948358     -1.20551     0.804407      1.77236  -0.00188473   0.00280335    -0.676961    -0.995037     0.629959    0.0610109
   -0.948358     -1.19617     0.793575      1.75112  -0.00160739   0.00272777    -0.642989    -0.924825     0.581875    0.0572003
   -0.948358     -1.19635     0.793808      1.75194  0.000550227   0.00327204    -0.643502    -0.926031      0.58399    0.0439328
   -0.948358     -1.20068     0.798861      1.76243   0.00313439    0.0039906    -0.658849    -0.957739     0.607227    0.0295821
   -0.948358     -1.20364     0.802262       1.7685   0.00396141   0.00425035    -0.669946    -0.980514     0.622605    0.0257462
   -0.948358     -1.19295     0.788765      1.72347   -0.0141721 -0.000445745    -0.639392    -0.910091      0.54822     0.126778
   -0.948358     -1.18705     0.781433      1.70056   -0.0179407  -0.00146076    -0.622068    -0.871332     0.512042     0.145237
   -0.948358     -1.18349      0.77718      1.68983   -0.0198631  -0.00198613    -0.610437    -0.846639     0.492149     0.155742
   -0.948358     -1.18366     0.777831      1.69898    -0.018713  -0.00170382    -0.607302    -0.842996       0.4973     0.153718
   -0.948358     -1.18489     0.778566      1.68849   -0.0193863   -0.0018447    -0.617374    -0.859432     0.497408     0.150415
   -0.948358     -1.18053     0.773261      1.67366   -0.0217506  -0.00248861    -0.603887    -0.830341     0.472657     0.162165
   -0.948358     -1.18352     0.776615      1.67846   -0.0201895  -0.00205798    -0.615366    -0.853121     0.487108     0.151851
   -0.948358      -1.1782     0.770049      1.65831   -0.0229771  -0.00281795    -0.599878    -0.819025     0.456379     0.164224
   -0.948358     -1.17551     0.767196      1.65688   -0.0243334    -0.003192    -0.588504    -0.797475     0.445114     0.174873
   -0.948358     -1.17981     0.772823       1.6796    -0.021766  -0.00250681    -0.598085    -0.820834     0.472239     0.166715
   -0.948358      -1.1908     0.785957      1.71259   -0.0158399  -0.00088711    -0.634113    -0.897248     0.533626     0.134171
   -0.948358     -1.18914     0.783748      1.70331   -0.0170014  -0.00119511     -0.63045    -0.887935     0.522155     0.138623
   -0.948358     -1.18815      0.78234      1.69609   -0.0176373  -0.00136293    -0.628963    -0.883288     0.514591     0.140157
   -0.948358     -1.18287     0.775548      1.67101   -0.0204115  -0.00211709    -0.615522    -0.851515     0.481007     0.150409
   -0.948358     -1.17688     0.768062      1.64658   -0.0234179   -0.0029397    -0.598797    -0.814009     0.445717     0.162513
   -0.948358      -1.1717     0.762062      1.63406   -0.0261685  -0.00368955    -0.581102    -0.778139     0.420167     0.177867
   -0.948358      -1.1834     0.776041      1.66994   -0.0199683  -0.00199689    -0.618333    -0.856507     0.482675     0.146917
   -0.948358     -1.17807     0.769228      1.64524   -0.0224244    -0.002673    -0.604614    -0.824423     0.449701     0.155154
   -0.948358     -1.18679     0.780059      1.67948   -0.0178918  -0.00143041    -0.629701    -0.880399     0.501203      0.13608
   -0.948358     -1.18232     0.774276      1.65754   -0.0197984  -0.00195867     -0.61857    -0.853688     0.472523     0.141918
   -0.948358     -1.17067     0.759789      1.61154   -0.0256686  -0.00357092    -0.585418    -0.780019      0.40507     0.165379
   -0.948358     -1.16852     0.757656      1.61286   -0.0273341  -0.00401431    -0.575705     -0.76278     0.398287     0.177266
   -0.948358     -1.18774     0.781647      1.69087   -0.0178179  -0.00140927    -0.629311    -0.882614     0.510475     0.139349
   -0.948358      -1.1903     0.786631      1.73466  -0.00323282   0.00223838    -0.623452    -0.884068     0.550871     0.065689
   -0.948358     -1.19043      0.78681      1.73543  -0.00142208   0.00269315    -0.623779    -0.884962     0.552752    0.0543819
   -0.948358     -1.20467     0.803353      1.76888  -0.00384966   0.00229676     -0.67452    -0.989389     0.623811    0.0721667
   -0.948358     -1.20607     0.804991      1.77213  -0.00309233   0.00251022    -0.679716     -1.00028     0.631725     0.067979
   -0.948358      -1.2052     0.803895      1.76865  -0.00452423   0.00213743     -0.67709    -0.994278     0.625628    0.0759376
   -0.948358     -1.20391     0.802358        1.765  -0.00543448   0.00188893    -0.672615    -0.984675      0.61795    0.0809378
   -0.948358     -1.20686     0.805819      1.77222  -0.00376027   0.00235714    -0.683366     -1.00737     0.634848    0.0717029
   -0.948358     -1.20547     0.804143      1.76796  -0.00503101   0.00201609    -0.678649    -0.997104     0.626215    0.0786705
   -0.948358     -1.20423      0.80268      1.76474  -0.00580011   0.00180335    -0.674217    -0.987685     0.618996    0.0829109
   -0.948358     -1.20263     0.800789      1.76066  -0.00654952   0.00159051    -0.668456    -0.975515     0.609882    0.0870112
   -0.948358     -1.20678     0.805638      1.77031  -0.00457338   0.00215363    -0.683808     -1.00772     0.633207    0.0760512
   -0.948358     -1.20552     0.804176      1.76753  -0.00524703    0.0019634    -0.679082    -0.997825     0.626129    0.0798207
   -0.948358     -1.20443      0.80288      1.76463  -0.00599603   0.00175787    -0.675179    -0.989505     0.619674    0.0839634
   -0.948358     -1.20294     0.801118      1.76059  -0.00673602   0.00154977    -0.669969    -0.978405       0.6111    0.0879447
   -0.948358     -1.20658     0.805378      1.76942  -0.00484984   0.00208133    -0.683228     -1.00636     0.631767    0.0775337
   -0.948358     -1.20539     0.803985      1.76652  -0.00560817   0.00187142    -0.678887    -0.997178     0.624893    0.0817565
   -0.948358     -1.20445      0.80288      1.76421  -0.00622217   0.00170184     -0.67545    -0.989906     0.619435    0.0851868
   -0.948358     -1.20302     0.801184      1.76025  -0.00689126   0.00151278    -0.670484    -0.979306     0.611196    0.0887337
   -0.948358     -1.20638     0.805126      1.76855  -0.00510332   0.00201494    -0.682669     -1.00505     0.630377    0.0788836
   -0.948358     -1.20306     0.801206      1.75986  -0.00703432   0.00147815     -0.67083    -0.979873     0.611113    0.0894587
   -0.948358     -1.16011     0.749032      1.61295   -0.0306398  -0.00492535    -0.539552    -0.697406     0.369728     0.208567
   -0.948358     -1.16391     0.753858      1.63071   -0.0293291  -0.00456375    -0.548327    -0.717079     0.389684     0.207112
   -0.948358     -1.16683     0.757467      1.64243   -0.0283033  -0.00428065    -0.555957    -0.733491     0.404554     0.204296
   -0.948358     -1.16476      0.75475      1.63109   -0.0290626  -0.00448853    -0.551895    -0.723733     0.393035     0.204102
   -0.948358     -1.15941     0.748276      1.61212    -0.030758  -0.00496132    -0.536928    -0.692501     0.367107     0.209927
   -0.948358     -1.16323     0.753049      1.62866   -0.0295251  -0.00461909    -0.546244    -0.712854     0.386499     0.208041
   -0.948358     -1.16544     0.755815      1.63813   -0.0287627  -0.00440866    -0.551748    -0.724867     0.397881     0.206491
   -0.948358     -1.16771     0.758638      1.64759   -0.0279351   -0.0041812    -0.557531    -0.737438     0.409614     0.204368
   -0.948358     -1.16958     0.760895      1.65399    -0.027127  -0.00396134    -0.563001    -0.748941     0.419217     0.200593
   -0.948358     -1.16934      0.76046      1.65028   -0.0271968   -0.0039796    -0.563642    -0.749441     0.417264     0.198536
   -0.948358      -1.1632     0.752649       1.6214   -0.0296743  -0.00465526    -0.549318    -0.716971     0.383826     0.203409
   -0.948358     -1.15656     0.744478      1.59533   -0.0319327  -0.00528097    -0.531792    -0.679535     0.350589     0.209578
   -0.948358      -1.1725     0.764583      1.66695   -0.0255651  -0.00354396    -0.570323    -0.765371     0.435653     0.195054
   -0.948358     -1.17318     0.765324      1.66776   -0.0251711  -0.00343763    -0.573051    -0.770738     0.438974      0.19176
   -0.948358     -1.16986     0.761323      1.65674   -0.0269807  -0.00392302    -0.562993    -0.749469     0.421172     0.201329
   -0.948358     -1.17229     0.764385      1.66737   -0.0256558  -0.00356948     -0.56917     -0.76327     0.434839     0.196421
   -0.948358     -1.17489     0.767622      1.67793   -0.0237913   -0.0030786     -0.57628    -0.779057     0.450031     0.187471
   -0.948358     -1.17576     0.768647      1.68028   -0.0231342  -0.00290481    -0.579248     -0.78526      0.45491     0.183255
   -0.948358     -1.17359     0.765726      1.66716   -0.0249562  -0.00337819     -0.57524     -0.77479     0.440712     0.189066
   -0.948358     -1.16892     0.759796      1.64563   -0.0273478  -0.00401992    -0.563909    -0.749022      0.41423     0.196677
   -0.948358     -1.17679      0.77007      1.68712    -0.021564  -0.00250449    -0.581026     -0.79038      0.46281     0.176331
   -0.948358     -1.17754     0.770989       1.6897   -0.0207311  -0.00228829    -0.583413    -0.795615     0.467566     0.171353
   -0.948358     -1.17446      0.76713      1.67704   -0.0240614  -0.00315096    -0.574707    -0.775865     0.447775     0.189413
   -0.948358     -1.17635     0.769543      1.68578   -0.0219777  -0.00261267    -0.579575    -0.787273     0.460176     0.178889
   -0.948358     -1.17716     0.770616      1.69003   -0.0203184  -0.00219077    -0.581641    -0.792505     0.466707     0.169691
   -0.948358     -1.17813     0.771865      1.69432   -0.0183731  -0.00169499    -0.584502    -0.799345     0.474298     0.158268
   -0.948358     -1.17825     0.771819      1.69144   -0.0202206  -0.00215231    -0.585927    -0.800829     0.471525     0.167915
   -0.948358     -1.17644     0.769402      1.68128   -0.0227288  -0.00279526     -0.58192    -0.790587     0.458371     0.180025
   -0.948358     -1.10782     0.686496      1.43364    -0.037511  -0.00706009    -0.399311    -0.416702       0.1521     0.205974
   -0.948358     -1.10686     0.684815      1.42137     -0.04135  -0.00802415    -0.399394    -0.412615     0.139714     0.220085
   -0.948358     -1.09373     0.668906       1.3717    -0.045129  -0.00905725    -0.366824    -0.346572      0.08495     0.226504
   -0.948358     -1.09613     0.672346      1.38958   -0.0407629  -0.00795067    -0.370337    -0.358112     0.103594       0.2115
   -0.948358     -1.11559     0.695891      1.46254   -0.0357662  -0.00656871    -0.418846    -0.456132     0.184409     0.204082
   -0.948358       -1.115      0.69472      1.45272   -0.0390166  -0.00738274     -0.41959    -0.453992     0.174714     0.216321
   -0.948358     -1.10775     0.685326      1.41526   -0.0441444  -0.00872373    -0.404334    -0.418057     0.134762     0.229996
   -0.948358     -1.09233      0.66661      1.35657   -0.0488284   -0.0100018    -0.366022    -0.340022    0.0697704     0.238274
   -0.948358     -1.10044     0.678055      1.41392    -0.035237  -0.00655379    -0.378764    -0.379202     0.129782     0.191525
   -0.948358     -1.11045     0.690122      1.45074   -0.0329635   -0.0059162    -0.403897    -0.429603     0.170748     0.188321
   -0.948358     -1.15343     0.739818      1.56817   -0.0337163  -0.00576257    -0.529232     -0.66809     0.326769     0.206872
   -0.948358     -1.15471     0.741745      1.57968   -0.0329839  -0.00556376    -0.530189    -0.672826     0.336976     0.208027
   -0.948358      -1.1617     0.750414      1.60817   -0.0304064  -0.00485249    -0.548367    -0.712221     0.372958     0.201048
   -0.948358     -1.16089     0.749126      1.59963   -0.0308457  -0.00497139    -0.548312    -0.709996     0.366067     0.199355
   -0.948358     -1.14426     0.728372      1.52934   -0.0371488  -0.00671116    -0.506022    -0.617267     0.279339     0.214909
   -0.948358     -1.14694      0.73214      1.54829   -0.0356795   -0.0063103    -0.510125    -0.629711     0.298153     0.214513
   -0.948358     -1.15575     0.743287       1.5885   -0.0323916  -0.00540409    -0.531123    -0.676698     0.344739     0.208832
   -0.948358     -1.16241     0.751499      1.61495    -0.030036  -0.00475299    -0.548617    -0.714258     0.378409     0.202327
   -0.948358       -1.168     0.758321      1.63539   -0.0278053  -0.00414092    -0.564342    -0.747639     0.407024     0.193698
   -0.948358      -1.1673     0.757202      1.62781   -0.0281709  -0.00423851    -0.564464    -0.746108     0.401246     0.191976
   -0.948358      -1.1604     0.748183      1.59147   -0.0311336  -0.00505024    -0.549385    -0.709784     0.360158     0.196809
   -0.948358     -1.15237     0.738018      1.55515   -0.0343331  -0.00593476    -0.529535    -0.664884     0.315766     0.204306
   -0.948358     -1.15442     0.743686      1.61941   -0.0199103  -0.00232158    -0.515101    -0.658881     0.367802     0.157437
   -0.948358     -1.14783     0.735642       1.5943   -0.0224508  -0.00300951    -0.497889    -0.622946     0.336347     0.166628
   -0.948358     -1.13447     0.719593      1.54701   -0.0218128  -0.00297435    -0.462895    -0.552862     0.281525     0.152041
   -0.948358     -1.14305     0.730048       1.5796   -0.0180535  -0.00197052    -0.485108    -0.598967      0.32179     0.137445
   -0.948358     -1.16392     0.755109      1.65328   -0.0216946  -0.00267439    -0.540063    -0.709158     0.406997      0.17682
   -0.948358     -1.16094     0.751459      1.64182   -0.0229182  -0.00300524    -0.532155    -0.692421      0.39209     0.181471
   -0.948358     -1.14483     0.731875      1.58123   -0.0249585  -0.00365468    -0.490496    -0.606663     0.320028      0.17763
   -0.948358     -1.12872     0.712478      1.52308   -0.0258352  -0.00401218    -0.448826    -0.522769     0.252888     0.168466
   -0.948358      -1.1236     0.706578      1.50881   -0.0219874  -0.00311529    -0.434646    -0.496631     0.237658     0.144916
   -0.948358     -1.13346     0.718585      1.54647   -0.0168867   -0.0017754    -0.459778    -0.548585     0.283283     0.124126
   -0.948358     -1.15373     0.742958      1.61803   -0.0148722  -0.00108243    -0.513763    -0.657735     0.370768     0.125803
   -0.948358     -1.16062      0.75119       1.6418   -0.0179565  -0.00177833    -0.531959    -0.693826     0.397287     0.150119
   -0.948358      -1.1643     0.755645      1.65414   -0.0129549 -0.000498923     -0.54327    -0.718012     0.419168     0.119844
   -0.948358     -1.16694     0.758787      1.66331   -0.0164188  -0.00133277    -0.549855    -0.730597     0.427047     0.144131
   -0.948358     -1.16938     0.761703      1.67209   -0.0190724  -0.00196909    -0.555809    -0.742063     0.434692     0.163546
   -0.948358     -1.16669      0.75848       1.6633   -0.0203573  -0.00231586    -0.547811    -0.725449     0.421083      0.17052
   -0.948358       -1.145     0.732519      1.58819   -0.0121909 -0.000509257    -0.490304     -0.61096     0.335794     0.104007
   -0.948358      -1.1615     0.752322      1.64483  -0.00999041   0.00020651    -0.535803    -0.703423     0.409581    0.0993537
   -0.948358     -1.17151     0.764235      1.67726   -0.0126012  -0.00033197    -0.564287    -0.760739     0.451955     0.120585
   -0.948358     -1.17134     0.764021      1.67725   -0.0159839  -0.00117748    -0.562808    -0.756943     0.447247     0.143155
   -0.948358     -1.17262     0.765535      1.68166   -0.0179677  -0.00165904    -0.565909    -0.762703     0.450507      0.15711
   -0.948358     -1.17177      0.76455      1.68003   -0.0198626  -0.00214186    -0.562396      -0.7552     0.444319     0.170213
   -0.948358     -1.17129     0.763967      1.67777   -0.0180917  -0.00170441    -0.561814    -0.754439     0.444429     0.157619
   -0.948358     -1.17278     0.765729      1.68226   -0.0183486  -0.00175246    -0.566249    -0.763288     0.450746     0.159781
   -0.948358     -1.17199     0.764812      1.68081   -0.0201319  -0.00220682     -0.56293    -0.756209      0.44495     0.172175
   -0.948358     -1.17117     0.763855       1.6787   -0.0207468  -0.00236899    -0.560139    -0.750459     0.440542     0.176314
   -0.948358     -1.17337      0.76642      1.68331   -0.0161486  -0.00119608     -0.56894    -0.769264     0.456178     0.144799
   -0.948358     -1.15563      0.74534      1.62549  -0.00463873   0.00146611    -0.519698    -0.671497     0.387792    0.0628885
   -0.948358     -1.13889     0.725303      1.56842  -0.00498533   0.00119702    -0.473923    -0.579211     0.315508    0.0580589
   -0.948358     -1.13779     0.724008      1.56492   -0.0020908   0.00189516    -0.470952    -0.573461      0.31251    0.0404563
   -0.948358     -1.15321      0.74246      1.61746  -0.00188162   0.00211914     -0.51306    -0.658257     0.378849    0.0448217
   -0.948358     -1.15812     0.748298      1.63363  -0.00743247  0.000802981    -0.526557    -0.685076     0.396789     0.081536
   -0.948358     -1.14143     0.728309      1.57665  -0.00844073  0.000375703    -0.480771    -0.592525     0.323877    0.0797791
   -0.948358     -1.11966     0.702331      1.50239  -0.00543526  0.000882609    -0.422835    -0.477494     0.236445    0.0527141
   -0.948358     -1.11856     0.701046      1.49902  -0.00235572   0.00162094    -0.419867    -0.471858     0.233688     0.035175
   -0.948358     -1.13768     0.723881      1.56464  0.000145103    0.0024423    -0.470642    -0.572899     0.313082    0.0271707
   -0.948358     -1.15319     0.742434      1.61744  0.000225043   0.00263858    -0.512986    -0.658159     0.379758    0.0316875
   -0.948358     -1.16691     0.758843        1.663  -0.00175559   0.00231044    -0.551847    -0.737051     0.440201    0.0488485
   -0.948358     -1.16884     0.761126      1.66909  -0.00444224   0.00166637     -0.55737    -0.748097     0.447269    0.0667728
   -0.948358     -1.17498     0.768468      1.68887  -0.00161764   0.00244289    -0.575596     -0.78559     0.477587    0.0507287
   -0.948358     -1.17632     0.770039      1.69287  -0.00423107   0.00180897    -0.579532    -0.793424     0.482113    0.0679752
   -0.948358     -1.17759     0.771521      1.69641  -0.00712688   0.00110338    -0.583296    -0.800666     0.485687    0.0869501
   -0.948358     -1.17085     0.763498      1.67538  -0.00702468   0.00104827    -0.563056    -0.759339     0.454393    0.0840923
   -0.948358     -1.16688     0.758811      1.66295  0.000295859   0.00281876    -0.551774    -0.736961     0.441114     0.035715
   -0.948358     -1.17499     0.768478      1.68897  0.000356152   0.00293398    -0.575602    -0.785669     0.478629    0.0380339
   -0.948358     -1.18297     0.777969      1.71356  -0.00139363   0.00260042    -0.599964    -0.835702     0.515846    0.0519003
   -0.948358     -1.18354      0.77862      1.71492  -0.00374549   0.00202092    -0.601777      -0.8392     0.517033    0.0670603
   -0.948358     -1.17216     0.765031      1.67933   -0.0100297  0.000315822    -0.566637    -0.766077     0.457612      0.10401
   -0.948358     -1.12296     0.706102      1.51117   -0.0142436  -0.00123094    -0.431957    -0.493947     0.243087     0.103033
   -0.948358     -1.12186     0.704884      1.50889   -0.0098965 -0.000181531    -0.428794    -0.488642     0.242249    0.0784071
   -0.948358     -1.12374     0.703583      1.45584   -0.0434834  -0.00846671    -0.450901    -0.504186     0.187478     0.231188
   -0.948358     -1.13067     0.712059      1.48266   -0.0412263  -0.00784389    -0.468688    -0.541358     0.219365     0.226407
   -0.948358     -1.12375     0.702819      1.44268    -0.044916   -0.0088516    -0.454858    -0.506114     0.176741     0.231557
   -0.948358     -1.11477     0.691727      1.40594   -0.0483355  -0.00979022    -0.432473    -0.458396     0.134224     0.238827
   -0.948358     -1.13092     0.712904      1.49291   -0.0398827  -0.00749303    -0.466381    -0.540798     0.227689     0.224904
   -0.948358      -1.1369     0.720198      1.51578   -0.0381348  -0.00700609    -0.481808    -0.572917     0.255031     0.221567
   -0.948358     -1.13844     0.721646      1.51394   -0.0385805  -0.00711331     -0.48842    -0.583296     0.256594     0.220875
   -0.948358     -1.13349     0.714934       1.4835   -0.0412115  -0.00783267    -0.479139    -0.558554     0.224675     0.223679
   -0.948358     -1.12105     0.698685      1.41811   -0.0467275  -0.00936219     -0.45202    -0.493293      0.15282     0.231124
   -0.948358     -1.11088     0.685983      1.37435   -0.0508811   -0.0105075     -0.42715    -0.439085     0.102737     0.239614
   -0.948358     -1.10075     0.674467      1.34949    -0.053679   -0.0112515    -0.397586    -0.384874    0.0699551      0.25007
   -0.948358     -1.10886     0.685317      1.39668   -0.0487257  -0.00990378    -0.413656    -0.426051     0.119557     0.241777
   -0.948358     -1.12793     0.704457       1.3993   -0.0399534  -0.00766699    -0.483318    -0.537469     0.151522     0.187135
   -0.948358      -1.1178      0.69258      1.36957   -0.0467196  -0.00947369    -0.453835    -0.479508     0.109682     0.213219
   -0.948358     -1.12802     0.705631      1.41796   -0.0427662  -0.00835399    -0.478134    -0.535261     0.164898     0.206783
   -0.948358     -1.13834     0.717835      1.44943    -0.036303  -0.00661874    -0.508459    -0.596123     0.210537     0.181187
   -0.948358     -1.11301     0.685299      1.32737   -0.0453713  -0.00922506    -0.447846    -0.455211    0.0696724     0.195198
   -0.948358     -1.10274     0.673355      1.29835   -0.0527741   -0.0111907    -0.418265    -0.398284    0.0301419     0.222972
   -0.948358     -1.11208     0.686418      1.36164   -0.0504033   -0.0104257     -0.43501     -0.44689    0.0940512      0.23091
   -0.948358     -1.12223     0.699262      1.40803    -0.046235  -0.00926175    -0.459283    -0.501421     0.146702     0.223321
   -0.948358     -1.13721     0.717351      1.46076   -0.0392042  -0.00734965    -0.500515    -0.586453     0.215356      0.20002
   -0.948358     -1.14707     0.729019      1.49078   -0.0331606  -0.00572318    -0.529894    -0.645908     0.260402       0.1752
   -0.948358     -1.14643      0.72751      1.47568   -0.0306378  -0.00509155    -0.532158    -0.644898     0.249003     0.158691
   -0.948358     -1.13612     0.714246      1.42606   -0.0340644  -0.00608122    -0.506949    -0.585858     0.189562     0.164527
   -0.948358     -1.15246     0.734795      1.49606   -0.0261164  -0.00386962    -0.549999    -0.682424     0.279716     0.140221
   -0.948358     -1.14241     0.721841       1.4478    -0.029313  -0.00479695    -0.524907    -0.623351     0.220182     0.146479
   -0.948358     -1.12776     0.702863      1.37494   -0.0332317  -0.00596544    -0.489785    -0.539844     0.134871     0.150249
   -0.948358     -1.12135     0.695191      1.35367    -0.038746  -0.00744927    -0.471613    -0.502762     0.105663     0.170659
   -0.948358     -1.15495     0.738471      1.51643    -0.027793  -0.00427332    -0.553348    -0.694636     0.299279     0.153086
   -0.948358     -1.16299       0.7483      1.54547   -0.0224489  -0.00281911    -0.576866    -0.745371     0.342739     0.131315
   -0.948358     -1.16258     0.747306      1.53523   -0.0195476  -0.00207322    -0.578527      -0.7449     0.334984      0.11521
   -0.948358     -1.15073     0.732055      1.47884   -0.0232657  -0.00315233    -0.548505    -0.674205     0.264039      0.12339
   -0.948358     -1.08288      0.65278      1.28186   -0.0604115   -0.0130737    -0.352819    -0.293508   -0.0051965     0.264873
   -0.948358     -1.08864     0.660653       1.3182   -0.0559217   -0.0118588     -0.36337    -0.322327    0.0318454     0.256427
   -0.948358     -1.09671     0.668371      1.31451   -0.0568173   -0.0121383    -0.392581    -0.364716    0.0355879     0.251833
   -0.948358      -1.0778     0.645262      1.24048   -0.0649113   -0.0143348    -0.345786    -0.267914   -0.0457557     0.270013
   -0.948358     -1.09131     0.664659        1.341   -0.0523106   -0.0109021    -0.366632    -0.335377    0.0546054     0.248151
   -0.948358     -1.11103     0.688648      1.41659   -0.0458898  -0.00915311    -0.415799    -0.436123     0.139029     0.235948
   -0.948358     -1.09715     0.667588      1.29437   -0.0568225   -0.0122135    -0.399406    -0.367817    0.0192571     0.242822
   -0.948358     -1.07818     0.643919      1.21261    -0.065645     -0.01465    -0.353922    -0.269505   -0.0694826     0.260769
   -0.948358     -1.08444     0.650135      1.21359   -0.0608354   -0.0134653     -0.37527    -0.301697   -0.0618259     0.236959
   -0.948358     -1.09281      0.65945      1.23082   -0.0533825   -0.0115225    -0.400362    -0.346277   -0.0365968     0.207627
   -0.948358     -1.09905     0.666416      1.24378   -0.0461116  -0.00961034    -0.419216    -0.380051   -0.0168527      0.17949
   -0.948358     -1.16825     0.753897      1.55004   -0.0117114  1.72931e-05    -0.596634    -0.780916      0.36018    0.0803611
   -0.948358     -1.15384     0.735012      1.47574   -0.0113983 -3.73087e-05    -0.561561    -0.694972     0.270154    0.0693135
   -0.948358     -1.12904     0.702971      1.35511   -0.0173604  -0.00182825    -0.500073    -0.549544     0.125261    0.0796787
   -0.948358     -1.16106     0.744853      1.51942   -0.0160758  -0.00118702    -0.577311    -0.737394     0.319931    0.0960947
   -0.948358     -1.17366     0.760735      1.57324  -0.00881306   0.00082203     -0.61152    -0.814919      0.39228    0.0697136
   -0.948358     -1.16527     0.749725      1.53002  -0.00825249  0.000889918    -0.590785     -0.76388     0.338507     0.061948
   -0.948358     -1.14409     0.722184      1.42442  -0.00911534  0.000468345    -0.538349    -0.637729     0.210438    0.0535115
   -0.948358     -1.11248     0.681257      1.26868   -0.0158907  -0.00159969    -0.461236    -0.455017    0.0284211    0.0631194
   -0.948358     -1.11621     0.686653      1.29655   -0.0246322  -0.00385861    -0.467877    -0.476186    0.0554095     0.100995
   -0.948358     -1.14237     0.720805      1.43042   -0.0214962  -0.00277677     -0.53006     -0.62624     0.209487     0.107839
   -0.948358     -1.17252     0.759724      1.57558   -0.0135578 -0.000424301    -0.606386     -0.80722     0.391795    0.0922863
   -0.948358     -1.17757     0.766003       1.5956   -0.0101545  0.000508484    -0.620682    -0.838939     0.420088    0.0787843
   -0.948358     -1.18895     0.784979      1.72979  -0.00611104   0.00150127    -0.619327    -0.874944     0.541704    0.0832871
   -0.948358     -1.18331     0.778297      1.71348  -0.00686895   0.00123873    -0.601118    -0.837264     0.513248    0.0868026
   -0.948358     -1.18298     0.777984      1.71369  0.000413807   0.00305158    -0.599971    -0.835784     0.516825    0.0403457
   -0.948358     -1.19047     0.786873      1.73574  0.000488895   0.00317224    -0.623875    -0.885253      0.55399    0.0423733
   -0.948358      -1.1962     0.793619      1.75134   0.00270928   0.00381297    -0.643054    -0.925003     0.583952    0.0304954
   -0.948358     -1.18709     0.782694      1.72314  -0.00889896  0.000781025    -0.613565     -0.86224      0.52957     0.100134
   -0.948358     -1.17157     0.762417      1.64345     -0.02627  -0.00371912    -0.576637    -0.772212     0.423901      0.18409
   -0.948358     -1.17757     0.770291      1.67554   -0.0228492  -0.00280514     -0.58969    -0.804037     0.461126      0.17442
   -0.948358     -1.18557     0.780749      1.71646   -0.0123036 -8.79815e-05    -0.609168     -0.85183     0.517835     0.120483
   -0.948358     -1.18225     0.776909      1.70835   -0.0118082 -6.61158e-06    -0.597988    -0.829336     0.502653     0.117479
   -0.948358     -1.18256     0.777341      1.71019  -0.00984179  0.000487751    -0.598873    -0.831832     0.506519     0.105307
   -0.948358     -1.17905     0.773145      1.69939   -0.0120325 -0.000101795    -0.587714     -0.80837     0.487294     0.118516
   -0.948358     -1.17751     0.771364      1.69544   -0.0106497  0.000224358     -0.58288    -0.798972     0.481698     0.109495
   -0.948358     -1.18219     0.776751      1.70691   -0.0137756 -0.000497995     -0.59798    -0.828493     0.499717     0.129499
   -0.948358     -1.14314       0.7278      1.53918    -0.036357  -0.00650857    -0.498237    -0.607037     0.283724     0.217845
   -0.948358      -1.1498     0.735942      1.56462   -0.0343533  -0.00594893    -0.515751    -0.643804     0.315276      0.21333
   -0.948358     -1.14273     0.725869      1.51248   -0.0381101  -0.00698026    -0.505568    -0.611353     0.264106       0.2128
   -0.948358     -1.13149     0.711768       1.4635   -0.0425246  -0.00820137    -0.477688    -0.549719     0.205732     0.222369
   -0.948358     -1.14205     0.724293      1.49685   -0.0382742  -0.00704465    -0.507981    -0.610519     0.251549      0.20683
   -0.948358     -1.13201     0.711629       1.4522   -0.0422864  -0.00816057    -0.483099    -0.554845     0.198136     0.215537
   -0.948358     -1.15203     0.736915      1.54155   -0.0343087  -0.00594184    -0.532893     -0.66668     0.306139     0.197718
   -0.948358     -1.14596      0.72846      1.50066   -0.0357556  -0.00638222    -0.522256    -0.635957     0.263791     0.192454
   -0.948358     -1.15442     0.738424      1.52517   -0.0304403  -0.00495222     -0.54826    -0.688484      0.30294     0.169237
   -0.948358      -1.1544     0.739114      1.53793   -0.0323155  -0.00542274    -0.543812    -0.684639     0.310668      0.18356
   -0.948358     -1.16181     0.747858      1.55936   -0.0276359   -0.0041611    -0.566971    -0.731836     0.346229     0.162364
   -0.948358     -1.16208     0.747629      1.55018   -0.0253239  -0.00356762    -0.571361    -0.736912     0.342023     0.147449
   -0.948358      -1.1732     0.761407       1.5933    -0.018874  -0.00179796    -0.603253    -0.807438     0.405308      0.12189
   -0.948358     -1.16902     0.756573      1.58354   -0.0230108  -0.00290531     -0.58881    -0.778242      0.38455     0.142292
   -0.948358     -1.18175     0.772474      1.63484   -0.0162101  -0.00103015    -0.624927     -0.85923     0.459171     0.115849
   -0.948358     -1.17211     0.759576      1.58044   -0.0165631  -0.00120913    -0.603057    -0.802949     0.393713     0.107947
   -0.948358     -1.13943     0.724961      1.55492   -0.0298302  -0.00490431     -0.47835    -0.578693     0.289287     0.196829
   -0.948358     -1.13809     0.723102      1.54581    -0.031912  -0.00543147    -0.476224     -0.57244     0.279615     0.204669
   -0.948358     -1.12659     0.708999      1.50009   -0.0350132  -0.00629601    -0.447714    -0.513038     0.227585     0.208671
   -0.948358     -1.12541     0.707875      1.50095   -0.0328786  -0.00577585    -0.443108    -0.506179      0.22761     0.198939
   -0.948358     -1.15182     0.740069      1.60246   -0.0277301  -0.00427711    -0.509867    -0.643763      0.34464     0.198017
   -0.948358     -1.14791     0.735121      1.58448    -0.029707  -0.00480098    -0.500818    -0.623678     0.324245     0.203371
   -0.948358     -1.13816     0.722916      1.54145   -0.0335414  -0.00583657    -0.477897    -0.573803      0.27596     0.210917
   -0.948358     -1.12946     0.712149      1.50516   -0.0363838  -0.00661597    -0.456828     -0.52904     0.235025     0.215503
   -0.948358     -1.11888     0.699492      1.46838   -0.0377036  -0.00702621    -0.429062    -0.473754     0.192167     0.213819
   -0.948358     -1.12562     0.708467      1.50725   -0.0297219  -0.00499453    -0.442084     -0.50682     0.234368     0.184961
   -0.948358     -1.14085     0.726869      1.56341   -0.0277743  -0.00438389    -0.481063    -0.585832      0.29898     0.188349
   -0.948358     -1.11629      0.69718      1.47253   -0.0315898   -0.0055315    -0.418519    -0.459134     0.195096     0.186423
   -0.948358     -1.11699     0.698354      1.48059   -0.0274204  -0.00450224    -0.418797    -0.462525     0.204443     0.167402
   -0.948358      -1.1576     0.747323       1.6281   -0.0246224  -0.00345725    -0.523672     -0.67414     0.374886     0.187896
   -0.948358     -1.15473     0.743728      1.61559   -0.0261589  -0.00386284      -0.5167    -0.658889     0.359916     0.193138
   -0.948358     -1.17042     0.762969      1.67703   -0.0227399   -0.0028737    -0.557066    -0.743722     0.434578     0.189848
   -0.948358     -1.17033     0.762863      1.67673   -0.0231727   -0.0029822    -0.556722    -0.742858     0.433577     0.192653
   -0.948358     -1.17157     0.764357      1.68112   -0.0231426  -0.00296298    -0.560103    -0.749799     0.439178     0.193499
   -0.948358     -1.17157     0.764348      1.68114   -0.0233722  -0.00302026    -0.559999    -0.749511     0.438819     0.195064
   -0.948358     -1.17027     0.762772      1.67637   -0.0234461  -0.00305076    -0.556521    -0.742313     0.432842     0.194295
   -0.948358     -1.15925      0.74937      1.63501   -0.0237264  -0.00322077    -0.527793    -0.683081      0.38346     0.184526
   -0.948358     -1.17058     0.763168      1.67739   -0.0220208  -0.00269282    -0.557826    -0.745477     0.436301     0.184996
   -0.948358     -1.17171       0.7645      1.68072   -0.0214667  -0.00254329    -0.561359    -0.752747      0.44199     0.181643
   -0.948358     -1.17157     0.764358      1.68095   -0.0227127  -0.00285571    -0.560321     -0.75036     0.439785     0.190461
   -0.948358     -1.10289     0.670578      1.24961   -0.0396729  -0.00791525    -0.431498    -0.401359  -0.00546973     0.153987
   -0.948358     -1.13456     0.711143      1.39962   -0.0275258  -0.00442051    -0.508745    -0.579836     0.168397     0.129401
   -0.948358     -1.10869     0.677422      1.26753   -0.0322861  -0.00593555    -0.447892    -0.433747    0.0189125     0.127201
   -0.948358     -1.16977     0.762154      1.67432   -0.0237002  -0.00311838    -0.555236    -0.739525     0.430197     0.195287
   -0.948358     -1.17147     0.764225      1.68075   -0.0235014  -0.00305331    -0.559706    -0.748854     0.438173     0.195812
   -0.948358     -1.17127     0.763985      1.67998    -0.023609  -0.00308184     -0.55919    -0.747737     0.437126     0.196281
   -0.948358     -1.16876       0.7609       1.6701   -0.0241202  -0.00323162      -0.5527    -0.734034     0.424986     0.196586
   -0.948358     -1.16174     0.752187      1.64079    -0.026264  -0.00382554    -0.535284    -0.696665     0.390142     0.200335
   -0.948358     -1.15633      0.74544      1.61746   -0.0281111  -0.00433131    -0.522202    -0.668299     0.362981      0.20368
   -0.948358     -1.16601     0.757499      1.65879   -0.0248946  -0.00344831    -0.545801    -0.719276     0.411368     0.197844
   -0.948358      -1.1641     0.755083      1.64999   -0.0258583  -0.00370369    -0.541366    -0.709394     0.401209     0.200557
   -0.948358     -1.15892     0.748609      1.62754   -0.0276544  -0.00419497    -0.528836     -0.68216     0.374982     0.203895
   -0.948358     -1.15147     0.739332      1.59568   -0.0300006  -0.00484281    -0.510805    -0.643283     0.338304     0.207279
   -0.948358     -1.14485      0.73121      1.56947   -0.0314604  -0.00526257    -0.494141    -0.608401     0.307757     0.207932
   -0.948358     -1.17481     0.768134      1.68718   -0.0135869 -0.000540029    -0.574136    -0.780423     0.465848     0.127956
   -0.948358     -1.17637     0.769991      1.69186   -0.0117642 -6.71747e-05    -0.579234    -0.791256     0.475125     0.116408
   -0.948358     -1.17606     0.769582      1.69065   -0.0143491 -0.000715782    -0.577883    -0.787758     0.470567     0.133124
   -0.948358     -1.17415     0.767327      1.68552   -0.0163586  -0.00123977    -0.571295    -0.773935     0.459388      0.14632
   -0.948358     -1.17354     0.765529      1.66426   -0.0250054  -0.00338915    -0.576358    -0.776323     0.439681     0.187246
   -0.948358     -1.16858     0.759218      1.64134   -0.0275097  -0.00406253    -0.564284    -0.748832     0.411444     0.195118
   -0.948358     -1.17689     0.769855      1.68081   -0.0226199  -0.00276135    -0.584236    -0.794884     0.460215     0.178039
   -0.948358     -1.17311     0.764806      1.65888   -0.0252906  -0.00346271    -0.576821    -0.776055     0.436092     0.185886
   -0.948358     -1.15035     0.736835      1.57078   -0.0338515  -0.00581639    -0.515669     -0.64526     0.320274     0.213755
   -0.948358     -1.17964     0.773812      1.70073   -0.0129046 -0.000312225    -0.589554    -0.811808     0.488954     0.124107
   -0.948358     -1.17832     0.772248      1.69695   -0.0135212 -0.000482125     -0.58525    -0.802884     0.482013     0.127931
   -0.948358     -1.17798     0.771873      1.69624   -0.0126802 -0.000276316    -0.584251    -0.801142     0.481513     0.122525
   -0.948358     -1.17996     0.774116      1.70071   -0.0148025 -0.000781923    -0.590575    -0.813123     0.487869     0.135966
   -0.948358     -1.17883     0.772788      1.69768   -0.0153261 -0.000926461    -0.586785    -0.805298     0.481932     0.139362
   -0.948358     -1.17633     0.769894      1.69136   -0.0148783 -0.000844703    -0.578647     -0.78913     0.471132     0.136607
   -0.948358     -1.13501     0.718158      1.51309   -0.0380171  -0.00698787    -0.475425    -0.561595     0.249644       0.2218
   -0.948358      -1.1406     0.725009      1.53511   -0.0363739  -0.00652985    -0.489609    -0.591393      0.27562     0.218996
   -0.948358     -1.14377     0.728957      1.54864   -0.0353176  -0.00623798    -0.497325    -0.608066     0.291153     0.217335
   -0.948358     -1.14041     0.724543      1.53013   -0.0369933  -0.00668988    -0.490629    -0.591718     0.271921      0.21947
   -0.948358     -1.12389     0.704605      1.47078   -0.0410761  -0.00784191    -0.446879    -0.502584     0.199872     0.226885
   -0.948358     -1.12886     0.710867      1.49323   -0.0389901  -0.00727753    -0.458459    -0.528062     0.224709     0.222972
   -0.948358     -1.13911     0.723412       1.5333   -0.0361373  -0.00648082    -0.484403    -0.582193     0.271477     0.218668
   -0.948358     -1.14322     0.728427      1.54909   -0.0350932  -0.00618575    -0.494959    -0.604163      0.29026     0.217213
   -0.948358     -1.17184     0.764656      1.68116   -0.0215663   -0.0025668    -0.561704    -0.753415     0.442438     0.182389
   -0.948358      -1.1717     0.764512      1.68137    -0.022764   -0.0028672    -0.560681     -0.75107     0.440288     0.190877
   -0.948358     -1.17213     0.765001      1.68201   -0.0216098  -0.00257454    -0.562595    -0.755181     0.443669     0.182736
   -0.948358     -1.17192     0.764768      1.68201   -0.0227584  -0.00286357    -0.561342    -0.752394     0.441245     0.190896
   -0.948358     -1.17165     0.764452      1.68138   -0.0231751  -0.00297028    -0.560327    -0.750238     0.439486     0.193757
   -0.948358     -1.17214     0.764998      1.68133   -0.0202719  -0.00224014    -0.563337    -0.756991     0.445459       0.1732
   -0.948358     -1.17161     0.764396      1.68126   -0.0233805  -0.00302191    -0.560118    -0.749748     0.438986     0.195135
   -0.948358     -1.17195     0.764797      1.68217   -0.0230838  -0.00294445    -0.561277     -0.75216     0.440895     0.193162
   -0.948358     -1.17184     0.764661      1.68181   -0.0233818  -0.00301974    -0.560878     -0.75124      0.43997     0.195085
   -0.948358     -1.17151     0.764272      1.68088   -0.0235045  -0.00305372    -0.559817    -0.749079     0.438343     0.195857
   -0.948358     -1.17301     0.765996      1.68299   -0.0186125  -0.00181591    -0.566844    -0.764411     0.451412     0.161636
   -0.948358     -1.17376     0.766869      1.68523   -0.0194709  -0.00202211    -0.568879    -0.768222     0.453583     0.167562
   -0.948358      -1.1727     0.765656      1.68312   -0.0207725  -0.00235922    -0.564831    -0.759845      0.44726     0.176804
   -0.948358     -1.17441     0.767633       1.6863   -0.0167546  -0.00133574    -0.571998     -0.77523     0.460055      0.14901
   -0.948358     -1.17133     0.764059       1.6802   -0.0236098  -0.00308145    -0.559358    -0.748081     0.437402      0.19634
   -0.948358     -1.17159     0.764352      1.68082    -0.023602  -0.00307681    -0.560189     -0.74972     0.438505     0.196237
   -0.948358      -1.1712     0.763873      1.67922     -0.02381  -0.00313197    -0.559197    -0.747555     0.436428     0.197071
   -0.948358     -1.17051     0.763035      1.67671   -0.0239313  -0.00316864    -0.557306     -0.74362     0.433129     0.197234
   -0.948358     -1.17041     0.762908      1.67637   -0.0239185  -0.00316649    -0.557003    -0.743014      0.43268     0.197089
   -0.948358     -1.16466      0.75575      1.65194   -0.0258395  -0.00369395    -0.542868    -0.712451     0.403638     0.200917
   -0.948358     -1.15988     0.749758      1.63091   -0.0275961  -0.00417189     -0.53141      -0.6874     0.379162     0.204381
   -0.948358     -1.16469     0.755764      1.65164    -0.025982  -0.00372887    -0.543098    -0.712758     0.403446     0.201505
   -0.948358     -1.15992     0.749789      1.63059   -0.0277531   -0.0042103    -0.531719    -0.687834     0.378997     0.205006
   -0.948358     -1.15454      0.74303      1.60658   -0.0297043  -0.00474236    -0.519021    -0.659997     0.351691     0.208275
   -0.948358     -1.15306     0.741238      1.60124   -0.0298744  -0.00479764    -0.515071    -0.651922     0.345137     0.207901
   -0.948358      -1.1682     0.760171      1.66718   -0.0246007  -0.00335554    -0.551487    -0.731141     0.421564     0.198418
   -0.948358     -1.16837     0.760373       1.6677   -0.0246335  -0.00336201    -0.551989    -0.732133     0.422266     0.198694
   -0.948358     -1.17675     0.770357      1.69224   -0.0165194  -0.00124947    -0.579748    -0.790765     0.470868     0.147246
   -0.948358     -1.17513     0.768463      1.68829   -0.0180091  -0.00164082    -0.573969    -0.778767     0.461612     0.157372
   -0.948358     -1.14961      0.73673      1.58261   -0.0319111  -0.00533486    -0.508157    -0.635317     0.325567     0.212152
   -0.948358     -1.14744     0.734096      1.57457   -0.0322989  -0.00544996    -0.502463    -0.623596     0.315831     0.212237
   -0.948358     -1.15648     0.745441      1.61483   -0.0291285  -0.00458212    -0.523735    -0.670149     0.361207     0.207573
   -0.948358     -1.15192     0.739615      1.59262   -0.0311812  -0.00513297    -0.513701    -0.647322     0.336962     0.211229
   -0.948358     -1.14581      0.73181      1.56296   -0.0337704  -0.00583231    -0.500212    -0.616709     0.304758     0.215167
   -0.948358     -1.14291     0.728273      1.55199    -0.034407  -0.00601548    -0.492673    -0.601107     0.291603     0.215785
   -0.948358     -1.14524     0.731436      1.56667   -0.0326089  -0.00554578    -0.496601     -0.61167     0.306228     0.212015
   -0.948358     -1.14886     0.735652      1.57683   -0.0326593  -0.00552859     -0.50728    -0.632312     0.320202     0.213602
   -0.948358     -1.14602     0.731951       1.5617   -0.0340872  -0.00591015     -0.50151    -0.618573     0.304363     0.215781
   -0.948358      -1.1342     0.717601      1.51759   -0.0367435  -0.00667057    -0.470768    -0.555257     0.251565     0.218839
   -0.948358      -1.1402     0.725123      1.54439   -0.0344234  -0.00604108    -0.484742    -0.585828     0.281299     0.214843
   -0.948358     -1.12276      0.70382      1.47662   -0.0388882  -0.00729462    -0.440821    -0.494795     0.203229     0.220226
   -0.948358     -1.11826     0.698224      1.45735   -0.0406485  -0.00777021    -0.430131    -0.471868      0.18187     0.223659
   -0.948358     -1.17953      0.77348      1.69753   -0.0176416  -0.00149508    -0.589469    -0.809502     0.481646     0.153095
   -0.948358     -1.17874     0.772583       1.6959   -0.0178359  -0.00155343    -0.586643    -0.803835     0.477843      0.15471
   -0.948358     -1.17811     0.771933      1.69564   -0.0160717   -0.0011213    -0.584332    -0.800085     0.477606     0.144163
   -0.948358     -1.18115     0.775355       1.7012   -0.0170751  -0.00133318    -0.595239    -0.821216     0.489876     0.148952
   -0.948358     -1.17877     0.772376       1.6918   -0.0201235  -0.00212101    -0.588131    -0.805071     0.473826     0.166509
   -0.948358     -1.17003     0.762407      1.67416   -0.0242838  -0.00326002    -0.556308    -0.741245       0.4303     0.198354
   -0.948358     -1.16762     0.759407      1.66397   -0.0250858  -0.00348051    -0.550338     -0.72834     0.418071     0.200017
   -0.948358     -1.17243     0.763723      1.65139   -0.0257281  -0.00357659    -0.577083    -0.774885     0.430574     0.184566
   -0.948358     -1.16608     0.755431      1.61809   -0.0287421   -0.0043936    -0.563128    -0.741298     0.392402       0.1911
   -0.948358     -1.17713     0.769979      1.67841   -0.0226975  -0.00277562      -0.5864     -0.79847     0.460402     0.176295
   -0.948358     -1.16709     0.756459        1.618   -0.0283023   -0.0042731    -0.567502    -0.749218     0.395844     0.187142
   -0.948358     -1.16081     0.748141      1.58301   -0.0308316  -0.00497499     -0.55423    -0.715985     0.356482     0.190183
   -0.948358     -1.17682     0.767136      1.63038    -0.021936  -0.00255689    -0.604925    -0.820984     0.437597     0.147623
   -0.948358     -1.16241     0.749312       1.5745   -0.0291218   -0.0045302    -0.564123    -0.731272     0.356938     0.175396
   -0.948358     -1.16904     0.757094      1.59271   -0.0248145  -0.00336831    -0.585517    -0.774924     0.389448     0.154715
   -0.948358     -1.17793     0.768095      1.62681   -0.0199869  -0.00204337    -0.611202    -0.831583     0.440182     0.135221
   -0.948358     -1.18703     0.779438      1.66305   -0.0150944 -0.000695611    -0.637376     -0.89037     0.494351     0.115339
   -0.948358     -1.18331     0.775104      1.65382   -0.0181828  -0.00153023    -0.624482     -0.86375     0.474853     0.131059
   -0.948358     -1.19101     0.784722      1.68463   -0.0140738 -0.000398608    -0.646747    -0.913971     0.521492     0.113961
   -0.948358     -1.19421     0.788469      1.69267   -0.0114174  0.000322115    -0.658001    -0.937459     0.538875     0.100301
   -0.948358     -1.18875     0.781229      1.66309   -0.0124355  1.25884e-05    -0.645089    -0.904835     0.501464     0.100498
   -0.948358     -1.17995     0.773699      1.69359   -0.0198155  -0.00202867    -0.592732    -0.814162     0.479465     0.163535
   -0.948358     -1.18145      0.77534      1.69518   -0.0194638  -0.00192049    -0.598879    -0.826151     0.486398     0.159653
   -0.948358     -1.18361     0.778185      1.70669   -0.0163555  -0.00112202    -0.603979    -0.838959     0.502238      0.14368
   -0.948358     -1.14256     0.727161      1.53825   -0.0363892  -0.00652057    -0.496258    -0.603438     0.281846     0.218258
   -0.948358     -1.14989     0.736326      1.57006   -0.0338909  -0.00582981    -0.514053    -0.642277     0.318667     0.214222
   -0.948358     -1.15724     0.739191      1.48849  -0.00669434   0.00122188    -0.571178    -0.715665     0.288224    0.0503081
   -0.948358     -1.15062     0.730464      1.45359   -0.0024383    0.0022731    -0.555229    -0.676141     0.247441    0.0285119
   -0.948358       -1.136     0.711466       1.3808  -0.00230304   0.00218082    -0.519301    -0.590147     0.161301    0.0211401
   -0.948358     -1.10745     0.686929      1.44665   -0.0286849  -0.00489129    -0.394489    -0.414284     0.166421     0.166664
   -0.948358     -1.11919     0.701468      1.49594    -0.018423  -0.00228457    -0.422655    -0.474324     0.224265     0.123037
   -0.948358     -1.11378      0.69482      1.47413   -0.0228839  -0.00342159    -0.409365    -0.446419     0.198222     0.142694
   -0.948358     -1.18809     0.781364      1.67855   -0.0165245  -0.00106222    -0.635983    -0.892019     0.506308     0.127163
   -0.948358     -1.19221      0.78675       1.6995   -0.0147958 -0.000583048    -0.646128    -0.916801     0.533703     0.121811
   -0.948358      -1.1945     0.789341      1.70343   -0.0129454 -7.93854e-05    -0.654977    -0.934671     0.545413     0.111396
   -0.948358     -1.21195     0.811742      1.78373   -0.0013173   0.00305851    -0.702463     -1.04759      0.66369    0.0587686
   -0.948358     -1.21222     0.812112      1.78533  -0.00024793   0.00333254    -0.703075     -1.04921     0.666132    0.0529246
   -0.948358     -1.21426     0.814461      1.78933  2.16425e-05   0.00343632    -0.711058     -1.06587     0.677143    0.0518902
   -0.948358       -1.214     0.814124      1.78799 -0.000701529   0.00324979    -0.710414     -1.06425     0.675041    0.0557654
   -0.948358     -1.20959     0.809023      1.77899  -0.00194429    0.0028596    -0.693319      -1.0285      0.65077     0.061867
   -0.948358     -1.20957     0.809069      1.78023  -0.00061476   0.00319374     -0.69271     -1.02764     0.651866    0.0544115
   -0.948358     -1.21236     0.812291      1.78598  0.000771719   0.00359344    -0.703462     -1.05014     0.667468    0.0472454
   -0.948358     -1.21437     0.814603      1.78988   0.00081189    0.0036387    -0.711337     -1.06656     0.678208    0.0475452
   -0.948358     -1.21441     0.814622      1.78943 -9.94732e-05   0.00340848    -0.711716     -1.06718     0.677772    0.0525773
   -0.948358     -1.21436      0.81453       1.7887 -0.000559918   0.00329183    -0.711776      -1.0671     0.676967    0.0550556
   -0.948358     -1.21375     0.813785      1.78659  -0.00121165   0.00311773    -0.709804     -1.06268     0.672994    0.0584346
   -0.948358      -1.2115     0.811147      1.78118  -0.00230135   0.00280478    -0.701457     -1.04494     0.660056    0.0639782
   -0.948358     -1.20427     0.801975      1.75029  -0.00799952   0.00127574     -0.68057    -0.996189     0.611069    0.0918645
   -0.948358     -1.20385     0.801567      1.75087   -0.0081987    0.0012159     -0.67837    -0.992091     0.609546    0.0933265
   -0.948358     -1.20613     0.804476      1.76106  -0.00657974   0.00165111    -0.684695     -1.00702     0.624979    0.0856707
   -0.948358     -1.20707     0.805574      1.76321  -0.00606949   0.00179515    -0.688216     -1.01442     0.630298     0.082907
   -0.948358     -1.19939     0.795805      1.72964   -0.0108357  0.000501253     -0.66658    -0.963797     0.579285     0.104637
   -0.948358     -1.20083     0.797733      1.73791   -0.0100772  0.000705759    -0.669747    -0.972059     0.589658      0.10196
   -0.948358     -1.20368     0.801446      1.75198  -0.00821284   0.00120683    -0.677097     -0.98992     0.609378    0.0937783
   -0.948358     -1.20545     0.803689      1.75961  -0.00693102   0.00155143    -0.682122     -1.00165     0.621209     0.087604
   -0.948358     -1.20818     0.807128      1.77089  -0.00471736   0.00214447    -0.690133     -1.02016     0.639461    0.0765416
   -0.948358     -1.20908     0.808155      1.77248  -0.00437257   0.00224712    -0.693707     -1.02754     0.644297    0.0746336
   -0.948358     -1.20767     0.806277      1.76473  -0.00573177   0.00188976    -0.690373     -1.01901      0.63375    0.0811201
   -0.948358     -1.20564     0.803575       1.7536  -0.00714249   0.00151373    -0.685568     -1.00675     0.618867    0.0872436
   -0.948358     -1.18223     0.771852      1.61488  -0.00741522   0.00126498    -0.633716    -0.868343     0.447084    0.0681932
   -0.948358     -1.18528     0.775686      1.62777  -0.00580644   0.00171216    -0.642139    -0.887504     0.464888    0.0620791
   -0.948358     -1.18803     0.779124      1.63882  -0.00397798   0.00221401    -0.649949    -0.904917     0.480378    0.0545725
   -0.948358     -1.17829     0.766609      1.59359  -0.00669014   0.00141768    -0.624076    -0.843871     0.419954    0.0622007
   -0.948358     -1.19062     0.782351      1.64919  -0.00214074   0.00271639    -0.657276    -0.921228     0.494816     0.046857
   -0.948358     -1.19267     0.784923      1.65755 -0.000445705    0.0031761    -0.663064    -0.934164     0.506421    0.0395339
   -0.948358     -1.18657     0.777098      1.62952  -0.00236468   0.00262054    -0.646702    -0.895671     0.468647    0.0458141
   -0.948358     -1.18344     0.773151      1.61629  -0.00431401   0.00208411    -0.638037    -0.876045     0.450579    0.0536266
   -0.948358     -1.19341     0.785845      1.66057  0.000554387    0.0034421    -0.665124     -0.93878     0.510711    0.0350097
   -0.948358     -1.18873     0.779812       1.6386 -0.000705653   0.00307168    -0.652665    -0.909166     0.481115    0.0388514
   -0.948358     -1.19373     0.786258      1.66203   0.00135634   0.00365226    -0.665997    -0.940807     0.512873    0.0312899
   -0.948358     -1.18851     0.779498      1.63695   0.00136222   0.00360495    -0.652242     -0.90773     0.479489    0.0288831
   -0.948358     -1.18877     0.779842      1.63832  0.000388284    0.0033556    -0.652902    -0.909401     0.481033    0.0336252
   -0.948358     -1.19512     0.788065      1.66895   0.00219264   0.00388032    -0.669583    -0.949627     0.522453    0.0279247
   -0.948358     -1.19336     0.785789      1.66043   0.00215933   0.00385558     -0.66497    -0.938441     0.510959    0.0272874
   -0.948358     -1.16731     0.752204      1.53713  -0.00497578   0.00176272    -0.596759    -0.776493      0.34905    0.0480369
   -0.948358      -1.1629     0.746383      1.51387  -0.00208633    0.0024749    -0.586018    -0.749743     0.321172    0.0328311
   -0.948358     -1.14745     0.726317      1.43744   0.00145847   0.00326155    -0.547469    -0.657277     0.229145    0.0105875
   -0.948358     -1.13276     0.707246      1.36447   0.00166127    0.0031909    -0.511445    -0.571253     0.143296   0.00369244
   -0.948358     -1.18438     0.774209      1.61806  -0.00145368    0.0028369    -0.641208    -0.881904     0.453914    0.0403106
   -0.948358     -1.18294     0.772293      1.61038 -3.04956e-05   0.00319262    -0.637607    -0.872812     0.444326    0.0328852
   -0.948358     -1.17636     0.763793      1.57892 -0.000894807    0.0029075    -0.620493    -0.832015     0.403523     0.033814
   -0.948358     -1.17856     0.766711      1.59069   -0.0028148     0.002429    -0.625896    -0.845662     0.417987    0.0438351
   -0.948358     -1.18201     0.771091      1.60579   0.00136417   0.00354509    -0.635246    -0.867048     0.438767    0.0259772
   -0.948358     -1.17514     0.762204      1.57271    0.0013601   0.00348106    -0.617458    -0.824518     0.396259    0.0229652
   -0.948358     -1.18098     0.769912      1.60349  -0.00380677    0.0021934    -0.631884    -0.860695     0.434114    0.0498179
   -0.948358     -1.17242     0.758918       1.5636  -0.00621784   0.00148643     -0.60939    -0.807727     0.381897    0.0565799
   -0.948358     -1.20778     0.807053      1.77752  0.000702131   0.00349512    -0.685434      -1.0128     0.643314    0.0464296
   -0.948358     -1.20762     0.806846      1.77663   -0.0010793   0.00304246    -0.685083     -1.01188     0.641477    0.0567082
   -0.948358     -1.20981      0.80937      1.78113  0.000735498   0.00353969    -0.693477     -1.02938     0.653915    0.0467681
   -0.948358     -1.20802     0.807237       1.7761  -0.00231144   0.00273991    -0.687184     -1.01581     0.642407    0.0637389
   -0.948358     -1.20554     0.804462      1.77263   0.00323048   0.00409797    -0.677052    -0.995285     0.632344    0.0308356
   -0.948358     -1.20766     0.806895      1.77684   0.00248505   0.00394629    -0.685175     -1.01212     0.643169    0.0359826
   -0.948358     -1.20961     0.809123      1.78045   0.00207458   0.00387705    -0.692818     -1.02791     0.653214    0.0390099
   -0.948358     -1.21225     0.812157      1.78552   0.00179724   0.00385329    -0.703165     -1.04944     0.667166    0.0414098
   -0.948358     -1.20116     0.798986      1.75535  -0.00782492   0.00125038    -0.663898    -0.965346     0.600546    0.0938783
   -0.948358     -1.20966     0.808995      1.77701   -0.0031316    0.0025642    -0.694499     -1.03027     0.649592    0.0683033
   -0.948358     -1.20836     0.807535      1.77503  -0.00330119   0.00249847    -0.689227     -1.01948     0.642905     0.069204
   -0.948358      -1.2144     0.814572      1.78859 -0.000646889   0.00327097    -0.712043     -1.06758     0.677058    0.0555232
   -0.948358     -1.21284     0.812609      1.78239  -0.00226826   0.00283901    -0.707264     -1.05659     0.666402    0.0637906
   -0.948358     -1.21091     0.810312      1.77699  -0.00340146   0.00252216    -0.700451     -1.04187     0.654882    0.0695541
   -0.948358     -1.20501     0.802728      1.74981  -0.00748833   0.00142121    -0.684265     -1.00322     0.614172    0.0885106
   -0.948358     -1.20328     0.800372      1.73933  -0.00824323    0.0012161    -0.680589    -0.993337     0.601225    0.0908509
   -0.948358     -1.19988     0.796115      1.72587   -0.0101084  0.000701897    -0.670412    -0.970177     0.579635    0.0992413
   -0.948358     -1.20225     0.799301      1.73943  -0.00910127  0.000977829    -0.675753    -0.984041     0.596734    0.0961302
   -0.948358     -1.20934       0.8081      1.76599  -0.00496387    0.0021167    -0.697736     -1.03365     0.641766    0.0765364
   -0.948358     -1.20841     0.806796      1.75977  -0.00546276   0.00198405    -0.695955     -1.02851     0.634275    0.0782827
   -0.948358     -1.20173     0.798203       1.7288  -0.00857257   0.00112276    -0.677766    -0.985055     0.589109    0.0907358
   -0.948358     -1.19706     0.792327      1.70969   -0.0109712  0.000458679    -0.664106    -0.953752     0.559455     0.101006
   -0.948358     -1.19775     0.793616      1.72055   -0.0116098  0.000290191    -0.662785    -0.954126      0.56768     0.107232
   -0.948358     -1.21015     0.809222      1.77146  -0.00433144   0.00228209    -0.699187     -1.03793      0.64832    0.0738973
   -0.948358     -1.21247     0.812069      1.77943  -0.00286582   0.00268587     -0.70677     -1.05483      0.66297    0.0666837
   -0.948358     -1.21201     0.811407       1.7758  -0.00334686   0.00256214    -0.706161     -1.05265     0.658848    0.0687984
   -0.948358     -1.21466     0.814848      1.78875 -0.000663191     0.003272    -0.713177     -1.06984     0.678197    0.0556236
   -0.948358     -1.21097     0.809869      1.76739   -0.0039179   0.00241379    -0.704738     -1.04756     0.649412    0.0706255
   -0.948358     -1.21053     0.809203      1.76339  -0.00391937   0.00241339    -0.704336     -1.04564     0.645196    0.0699916
   -0.948358     -1.20615     0.803611      1.74399  -0.00593145   0.00185266     -0.69195     -1.01641     0.615882    0.0782424
   -0.948358     -1.20722     0.805135      1.75176   -0.0058553   0.00187708    -0.693731     -1.02202     0.624753    0.0791192
   -0.948358     -1.21368     0.813333      1.77925  -0.00227419    0.0028631    -0.712548     -1.06596     0.667906    0.0631896
   -0.948358     -1.21351     0.813034      1.77705  -0.00231449    0.0028543    -0.712623     -1.06547     0.665774    0.0630804
   -0.948358      -1.2002      0.79603      1.71782  -0.00852668   0.00112626    -0.675192    -0.977077     0.576835     0.088505
   -0.948358     -1.21147     0.810627      1.77173  -0.00371939   0.00246514    -0.705317     -1.04989     0.654128    0.0702255
   -0.948358     -1.19101     0.785536      1.70028   -0.0158763 -0.000877717    -0.640279    -0.905857     0.528781     0.129127
   -0.948358     -1.19917     0.796504      1.74758  -0.00956131  0.000788793    -0.657936    -0.951849      0.58762     0.103073
   -0.948358     -1.19716     0.793962      1.73911   -0.0112879  0.000330658    -0.652175    -0.938577     0.574323      0.11193
   -0.948358     -1.19479     0.790129      1.71274   -0.0135934 -0.000253182    -0.652436    -0.932272      0.55103     0.117762
   -0.948358     -1.21473     0.814931      1.78888 -0.000632229   0.00328117    -0.713468     -1.07044     0.678581    0.0554645
   -0.948358     -1.21441      0.81445      1.78608  -0.00137402   0.00309196    -0.713132     -1.06901     0.675339    0.0592022
   -0.948358     -1.20777      0.80676      1.77194  -0.00426593   0.00224837    -0.687778     -1.01586     0.638424    0.0742933
   -0.948358     -1.20728     0.806167      1.77058  -0.00462405   0.00215028    -0.686013     -1.01207     0.635441    0.0762307
   -0.948358     -1.20806     0.807095      1.77254  -0.00413705   0.00228574     -0.68889     -1.01817     0.640029    0.0735865
   -0.948358     -1.20774     0.806648      1.77053  -0.00470723   0.00213872    -0.688205     -1.01632     0.637379    0.0765376
   -0.948358     -1.20736     0.806212      1.76969  -0.00488553   0.00208759    -0.686796     -1.01336     0.635269    0.0775013
   -0.948358     -1.20705     0.805881      1.76971  -0.00484592   0.00209116    -0.685299     -1.01045     0.633924    0.0773949
   -0.948358     -1.19355     0.789291      1.72167   -0.0142526 -0.000453781    -0.642888    -0.916293     0.549784     0.125926
   -0.948358     -1.19207     0.787348      1.71382   -0.0153048 -0.000733135    -0.639442     -0.90772     0.539653      0.13027
   -0.948358     -1.20147     0.799302      1.75518  -0.00795207   0.00122455     -0.66541    -0.968208     0.601713    0.0943962
   -0.948358     -1.19981     0.797215       1.7485  -0.00938796   0.00084267    -0.660492    -0.956996     0.590806      0.10188
   -0.948358     -1.19813     0.795084      1.74124   -0.0108299    0.0004601    -0.655766    -0.946013     0.579599     0.109179
   -0.948358     -1.19524     0.791495      1.73018   -0.0129108 -9.86989e-05    -0.647079    -0.926495     0.561357     0.119834
   -0.948358     -1.19524     0.791355      1.72737   -0.0132413 -0.000178015    -0.648294    -0.928083     0.559887     0.120687
   -0.948358     -1.19401     0.789736      1.72088    -0.014175 -0.000425357    -0.645371    -0.920827     0.551353     0.124738
   -0.948358     -1.19142     0.786421      1.70898   -0.0157642 -0.000853497    -0.638515    -0.904727     0.534588     0.131556
   -0.948358     -1.19372     0.789287      1.71812   -0.0144353 -0.000492207    -0.645189    -0.919778     0.548755     0.125438
   -0.948358     -1.19491     0.790845      1.72417    -0.013666  -0.00028638    -0.648116    -0.926902     0.556784     0.122273
   -0.948358     -1.19479     0.790631      1.72254   -0.0138191 -0.000324783    -0.648236    -0.926715     0.555442     0.122658
   -0.948358     -1.19399     0.789537      1.71756   -0.0143257 -0.000459238    -0.646661    -0.922448     0.549643     0.124359
   -0.948358      -1.1914     0.786267      1.70651    -0.015794 -0.000858294    -0.639451     -0.90589     0.533353     0.130739
   -0.948358     -1.19646     0.792329      1.72166   -0.0127584 -2.60796e-05    -0.656354    -0.942076     0.562475     0.114889
   -0.948358     -1.20799     0.806944      1.77116    -0.004573   0.00217659    -0.689124     -1.01827      0.63884    0.0758247
   -0.948358     -1.19563     0.791482      1.72197   -0.0133452 -0.000189509    -0.652396    -0.934561     0.558941     0.118983
   -0.948358     -1.19394     0.789296      1.71392   -0.0143052  -0.00044988    -0.647973    -0.924031     0.547761     0.122895
   -0.948358     -1.19496     0.790779      1.72202   -0.0137694 -0.000308565    -0.649235    -0.928499     0.555925     0.122037
   -0.948358     -1.19649     0.792608      1.72644   -0.0128362 -5.25318e-05    -0.654459    -0.939661     0.564808     0.117002
   -0.948358     -1.19741     0.793604      1.72718    -0.012245  0.000112108    -0.658403    -0.947435     0.569259     0.113153
   -0.948358     -1.20351     0.801294      1.75247  -0.00823867   0.00119607    -0.676096    -0.988114     0.608898    0.0941394
   -0.948358     -1.20511     0.803303       1.7591  -0.00707648   0.00150873    -0.680721    -0.998799     0.619428    0.0884587
   -0.948358     -1.20344     0.801236      1.75281  -0.00822777   0.00119674    -0.675605    -0.987255     0.608766    0.0942047
   -0.948358     -1.20494     0.803132      1.75905  -0.00711773   0.00149519     -0.67999    -0.997367     0.618699     0.088752
   -0.948358     -1.20688     0.805564      1.76684  -0.00554957   0.00191553    -0.685769     -1.01062     0.631524    0.0808381
   -0.948358     -1.20721     0.805942      1.76749  -0.00540869   0.00195661    -0.687042     -1.01326     0.633321    0.0800617
   -0.948358     -1.20161     0.798819       1.7431  -0.00959027  0.000834623    -0.671195    -0.976201     0.595688     0.100259
   -0.948358     -1.20176     0.799089      1.74521    -0.009452  0.000868762    -0.671013    -0.976401     0.597428    0.0999977
   -0.948358     -1.19813     0.794576      1.73147   -0.0118172  0.000226462    -0.659916    -0.951451     0.574485     0.111636
   -0.948358     -1.19837      0.79492      1.73319   -0.0116652  0.000266548    -0.660314    -0.952659     0.576385     0.111172
   -0.948358     -1.20181      0.79919      1.74614  -0.00938298  0.000885527    -0.670852    -0.976333     0.598128    0.0998442
   -0.948358      -1.1956       0.7916      1.72499   -0.0134097 -0.000211041    -0.650921    -0.932473     0.560073     0.120563
   -0.948358     -1.19693      0.79319      1.72885   -0.0125624  2.07417e-05    -0.655462    -0.942203     0.567875      0.11595
   -0.948358     -1.19577     0.791999      1.72911   -0.0129284 -9.25231e-05    -0.650005      -0.9318     0.563033     0.119057
   -0.948358     -1.19549     0.791573      1.72654   -0.0133172 -0.000191962    -0.649779     -0.93068     0.560414     0.120654
   -0.948358     -1.19542     0.791432       1.7253   -0.0134522 -0.000225421    -0.649965    -0.930716      0.55946     0.121061
   -0.948358     -1.19994     0.797352      1.74851  -0.00937709  0.000847824    -0.661094    -0.958156     0.591372     0.101723
   -0.948358     -1.19825     0.795209      1.74114   -0.0108176    0.0004656     -0.65639    -0.947187     0.580088     0.108964
   -0.948358     -1.19657     0.793082      1.73395    -0.012168  0.000106115    -0.651641    -0.936196     0.568998     0.115714
   -0.948358     -1.20156      0.79938      1.75489  -0.00804096   0.00120439    -0.665953    -0.969178     0.601913    0.0947803
   -0.948358     -1.20666     0.805294      1.76617  -0.00569097   0.00187653    -0.684998     -1.00894     0.630161    0.0815748
   -0.948358     -1.20711     0.805906      1.76888  -0.00507344   0.00203652    -0.685959     -1.01152     0.633701    0.0784845
   -0.948358     -1.19683     0.793376      1.73449   -0.0120384  0.000142442    -0.652593    -0.938158     0.570373     0.114929
   -0.948358     -1.19613     0.792415      1.72998   -0.0127536 -4.36475e-05    -0.651273    -0.934443     0.564972     0.118063
   -0.948358     -1.20683     0.805609      1.76888  -0.00505201    0.0020362    -0.684625     -1.00893     0.632483    0.0784721
   -0.948358     -1.20692     0.805674      1.76827  -0.00521358   0.00199835    -0.685318     -1.01011     0.632511    0.0792158
   -0.948358     -1.20653      0.80514      1.76589  -0.00575174     0.001859    -0.684491     -1.00788     0.629424    0.0819067
   -0.948358     -1.19703     0.793598      1.73458   -0.0119656  0.000164295     -0.65352    -0.939959     0.571319      0.11435
   -0.948358     -1.19993     0.797306      1.74774  -0.00950087  0.000817839    -0.661402    -0.958549     0.590932     0.102188
   -0.948358     -1.19823     0.795136      1.74022   -0.0109418   0.00043529     -0.65667    -0.947485     0.579497     0.109378
   -0.948358     -1.20155     0.799339       1.7543  -0.00817669   0.00117105    -0.666157    -0.969419     0.601532    0.0954104
   -0.948358     -1.21578     0.816007       1.7885  0.000494704   0.00359311    -0.718534     -1.08014     0.682844    0.0492108
   -0.948358     -1.21523     0.815357        1.787  -0.00077052   0.00326162    -0.716596     -1.07598     0.679351    0.0559546
   -0.948358     -1.21523     0.815416      1.78815 -0.000607688   0.00330031    -0.716125     -1.07539     0.680141    0.0552116
   -0.948358     -1.21528     0.815352      1.78598  -0.00076615   0.00326635    -0.717236     -1.07691     0.678853     0.055788
   -0.948358     -1.21387     0.813652      1.78157  -0.00213551     0.002897    -0.712476     -1.06648     0.670162    0.0627768
   -0.948358     -1.21419     0.814119      1.78407  -0.00177779   0.00298918    -0.712952      -1.0681     0.673105     0.061156
   -0.948358     -1.21583     0.816062      1.78848  0.000896295   0.00369702    -0.718795     -1.08063     0.683173    0.0470236
   -0.948358     -1.21529       0.8156      1.79043  0.000322996   0.00353336    -0.715466     -1.07475     0.682145    0.0503609
   -0.948358     -1.21573     0.816023      1.78965     0.001166   0.00376064    -0.717871     -1.07919     0.683695    0.0456613
   -0.948358     -1.21582     0.816066      1.78873   0.00129466   0.00379798    -0.718654     -1.08044     0.683465    0.0448808
   -0.948358     -1.21583     0.816053      1.78823   0.00139517   0.00382531    -0.718917      -1.0808     0.683207    0.0442883
   -0.948358     -1.15907     0.741385       1.4946   0.00131335    0.0033246    -0.576483     -0.72662     0.298458    0.0161388
   -0.948358     -1.18874     0.779798      1.63822   0.00233061   0.00385669    -0.652773    -0.909118     0.481422    0.0244272
   -0.948358      -1.2143     0.814513      1.78953   0.00159612   0.00383802    -0.711165     -1.06613     0.678024    0.0431382
   -0.948358      -1.2146     0.814859      1.79023  0.000812952   0.00364316    -0.712261     -1.06846     0.679359    0.0475897
   -0.948358      -1.2147     0.814898      1.78887 -0.000621674    0.0032832    -0.713324     -1.07015     0.678456    0.0554072
   -0.948358     -1.15056     0.730401      1.45358   0.00525017     0.004274     -0.55499    -0.675682     0.249394  -0.00410039
   -0.948358     -1.13637     0.711976      1.38325   0.00550347   0.00422283    -0.519937    -0.591874     0.165483   -0.0104682
   -0.948358     -1.17629      0.76372      1.57878   0.00362293   0.00407625    -0.620275    -0.831551     0.404566    0.0132353
   -0.948358     -1.16281     0.746278      1.51362   0.00479415   0.00426004     -0.58574    -0.749154     0.322782   0.00259509
   -0.948358      -1.1829     0.772246       1.6103   0.00276054   0.00391365     -0.63746    -0.872499      0.44497    0.0199181
   -0.948358     -1.15936     0.748754      1.62218   -0.0294321   -0.0046316    -0.532613    -0.687238     0.372179     0.209785
   -0.948358     -1.15937     0.748651      1.61992   -0.0298307  -0.00473089    -0.533572    -0.688341     0.370885     0.210426
   -0.948358     -1.16613     0.757455      1.65577   -0.0261321  -0.00375232    -0.547424    -0.721252     0.409281     0.202884
   -0.948358     -1.16351     0.754199      1.64481   -0.0269331  -0.00397461    -0.540898    -0.707213     0.396187     0.204266
   -0.948358     -1.17092      0.76344      1.67642   -0.0242782  -0.00324933    -0.559189    -0.746925     0.434119     0.198237
   -0.948358     -1.16934     0.761465       1.6696   -0.0249585   -0.0034324     -0.55529    -0.738384     0.425795     0.200235
   -0.948358     -1.15452     0.742205      1.59183   -0.0322459  -0.00537666    -0.524647    -0.666092     0.342904     0.212384
   -0.948358     -1.14705     0.732889      1.55981   -0.0346214   -0.0060368    -0.506386    -0.626448     0.305634     0.215859
   -0.948358     -1.15014     0.736806      1.57426     -0.03351  -0.00573108    -0.513461    -0.642318     0.321714     0.214543
   -0.948358     -1.16213     0.752454      1.63841   -0.0275423  -0.00413785    -0.537719    -0.700109     0.388869     0.205643
   -0.948358     -1.16015     0.749946       1.6292   -0.0283704  -0.00436083    -0.533169     -0.68995     0.378448     0.207282
   -0.948358     -1.16013     0.749837      1.62774   -0.0287207  -0.00444778    -0.533616    -0.690352     0.377409     0.208337
   -0.948358     -1.17552     0.768863      1.68882   -0.0200173  -0.00213756    -0.574919    -0.779852     0.460437     0.170277
   -0.948358     -1.17436     0.767542      1.68667   -0.0209141  -0.00237545    -0.570494    -0.770888     0.454173     0.177012
   -0.948358     -1.17226     0.765117      1.68208   -0.0234041  -0.00301985    -0.562656    -0.754576     0.441617      0.19442
   -0.948358     -1.17172     0.764431      1.67977   -0.0238539   -0.0031367    -0.561212    -0.751359     0.438417     0.196604
   -0.948358     -1.17262     0.765564      1.68349   -0.0222852   -0.0027379    -0.563846     -0.75746     0.444854     0.187423
   -0.948358     -1.17254     0.765467      1.68326   -0.0228868  -0.00288857    -0.563454     -0.75645     0.443655       0.1914
   -0.948358     -1.17327     0.766308      1.68471   -0.0217028  -0.00258513    -0.566342    -0.762527     0.448437     0.183073
   -0.948358     -1.17232     0.764477      1.66865    -0.025559  -0.00354583    -0.568711    -0.762682     0.435408      0.19679
   -0.948358     -1.17437     0.767061      1.67757   -0.0240364  -0.00314629    -0.574054     -0.77475     0.447587     0.189874
   -0.948358     -1.16814     0.759229      1.65055    -0.027698  -0.00411854    -0.558104    -0.739114     0.412301     0.204392
   -0.948358     -1.17015     0.761759      1.65931   -0.0267755   -0.0038697    -0.563165    -0.750322     0.423239     0.201497
   -0.948358     -1.16435     0.754497      1.63431   -0.0290984  -0.00450258     -0.54867    -0.718449     0.392576     0.207687
   -0.948358     -1.16607      0.75663      1.64146   -0.0285143  -0.00434115    -0.553015    -0.727868     0.401337     0.206373
   -0.948358     -1.17618     0.769361      1.68569   -0.0220237  -0.00262643    -0.578835    -0.785855     0.459419     0.179486
   -0.948358     -1.17698     0.770415       1.6898   -0.0204171  -0.00221778    -0.580904    -0.791048     0.465796     0.170546
   -0.948358     -1.14474     0.730101      1.55163    -0.035162  -0.00619138    -0.500107    -0.613581     0.295214     0.216977
   -0.948358      -1.1768     0.770343      1.69162   -0.0188029  -0.00181882    -0.579652    -0.789633     0.467778     0.161763
   -0.948358      -1.1185     0.700985      1.49896  6.37268e-05   0.00220961    -0.419688    -0.471573      0.23452    0.0216981
   -0.948358     -1.16284     0.752667       1.6289   -0.0295136  -0.00462012    -0.544485    -0.709717     0.385305     0.208915
   -0.948358      -1.1776     0.771248      1.69317   -0.0185541  -0.00174681    -0.582574    -0.795464     0.471637      0.15967
   -0.948358     -1.15324     0.742495      1.61765   0.00233286   0.00315907    -0.513094    -0.658359     0.380828    0.0185644
   -0.948358     -1.16689     0.758813      1.66298    0.0023463   0.00332716    -0.551759    -0.736911     0.441974     0.022581
   -0.948358     -1.13781     0.724036      1.56509   0.00238065   0.00299215    -0.470976    -0.573542     0.314481    0.0139458
   -0.948358     -1.17501     0.768504      1.68905   0.00233173   0.00342572    -0.575641    -0.785719     0.479527    0.0253189
   -0.948358     -1.11859     0.701087      1.49923   0.00248258       0.0028     -0.41992    -0.471997     0.235732   0.00824938
   -0.948358     -1.18298     0.777983      1.71367   0.00221957   0.00350242    -0.599968    -0.835742     0.517539    0.0287828
   -0.948358     -1.19045     0.786843       1.7356   0.00240433   0.00365202    -0.623822    -0.885086     0.554595    0.0302822
   -0.948358     -1.16157     0.751139      1.62464   -0.0297978  -0.00470274    -0.540836    -0.702238       0.3794     0.209775
   -0.948358     -1.16613     0.756749      1.64258   -0.0284291  -0.00431963    -0.552792      -0.7277     0.401999     0.206617
   -0.948358     -1.16834     0.759537      1.65247   -0.0275257   -0.0040741     -0.55816    -0.739631     0.413819     0.204438
   -0.948358     -1.17035     0.762056      1.66124   -0.0265899  -0.00382216    -0.563164     -0.75074     0.424736     0.201489
   -0.948358      -1.1724     0.764631      1.67003   -0.0254086  -0.00350821    -0.568455    -0.762513     0.436287     0.196787
   -0.948358     -1.17401     0.766646       1.6768   -0.0242533   -0.0032045    -0.572746      -0.7721      0.44571     0.191427
   -0.948358     -1.17578     0.768898      1.68469   -0.0223187  -0.00270457    -0.577453    -0.782987      0.45722     0.181452
   -0.948358     -1.16074     0.750169      1.62237   -0.0299048  -0.00473708    -0.538256    -0.697136     0.375842     0.210242
   -0.948358     -1.14665     0.732529      1.56055   -0.0344683  -0.00600078    -0.504515     -0.62344     0.305153     0.216112
   -0.948358     -1.16002     0.749362      1.62084   -0.0299173  -0.00474668    -0.535898     -0.69262     0.373069     0.210466
   -0.948358     -1.16478     0.755267       1.6407   -0.0284504   -0.0043382      -0.5478    -0.718315      0.39691     0.207912
   -0.948358     -1.16516     0.755683      1.64111   -0.0284816  -0.00434224    -0.549265    -0.721023     0.398258      0.20768
   -0.948358     -1.17405     0.766758      1.67811   -0.0240606  -0.00315687    -0.572365    -0.771694     0.446477     0.191167
   -0.948358      -1.1725     0.764812       1.6716    -0.025213   -0.0034592    -0.568209    -0.762411     0.437347     0.196604
   -0.948358     -1.17444      0.76728      1.68038   -0.0236067  -0.00304031    -0.573152    -0.773725      0.44917     0.189243
   -0.948358     -1.17611     0.769343      1.68671   -0.0216708   -0.0025402    -0.578127    -0.784839      0.45988     0.178147
   -0.948358      -1.1704     0.762198       1.6628   -0.0264065  -0.00377652    -0.562749    -0.750333     0.425659     0.201466
   -0.948358     -1.16818     0.759413      1.65318   -0.0274392   -0.0040545    -0.557175    -0.738001     0.413624      0.20478
   -0.948358     -1.17042     0.762273      1.66402   -0.0262434   -0.0037363    -0.562283    -0.749762     0.426287     0.201391
   -0.948358     -1.17256     0.764939      1.67286   -0.0250369  -0.00341537    -0.567928    -0.762181     0.438155     0.196382
   -0.948358     -1.16563     0.756197      1.64179   -0.0284744  -0.00433585    -0.550982    -0.724254     0.400023      0.20725
   -0.948358     -1.16801     0.759262      1.65371   -0.0273441  -0.00403284    -0.556201    -0.736365     0.413332     0.204958
   -0.948358     -1.17455     0.767456      1.68159   -0.0233352  -0.00297215    -0.573137    -0.774006     0.450265     0.188235
   -0.948358     -1.17635     0.769686      1.68828   -0.0211469  -0.00240742    -0.578635    -0.786259     0.461962     0.175459
   -0.948358      -1.1726     0.765042      1.67392   -0.0248768  -0.00337558    -0.567677    -0.761964     0.438834     0.196129
   -0.948358      -1.1744      0.76734      1.68223   -0.0232218   -0.0029463    -0.572215    -0.772443      0.45003     0.188351
   -0.948358     -1.17595     0.769264      1.68813   -0.0211574  -0.00241548      -0.5769    -0.782985     0.460346     0.176282
   -0.948358      -1.1704     0.762302      1.66492   -0.0261059  -0.00370269    -0.561821     -0.74913      0.42668     0.201294
   -0.948358     -1.16783     0.759099      1.65405   -0.0272555  -0.00401276    -0.555301    -0.734825     0.412966     0.205031
   -0.948358      -1.1704     0.762371      1.66615   -0.0259166  -0.00365609    -0.561327    -0.748515     0.427315     0.201083
   -0.948358     -1.17256     0.765049      1.67491   -0.0247136  -0.00333608    -0.567066    -0.761068     0.439167      0.19599
   -0.948358     -1.16451     0.755013      1.64106   -0.0283169  -0.00430763    -0.546531    -0.716149     0.396351     0.207883
   -0.948358     -1.16777     0.759093      1.65511   -0.0270759  -0.00396902    -0.554609     -0.73383     0.413342     0.204873
   -0.948358     -1.17277     0.765642      1.68204   -0.0233933  -0.00301035    -0.564962    -0.758859     0.443555     0.193072
   -0.948358     -1.17327     0.766276      1.68428    -0.022582  -0.00280385    -0.566314     -0.76205     0.447087     0.188532
   -0.948358      -1.1742       0.7673      1.68547   -0.0221733  -0.00269056    -0.570006    -0.769281     0.451489     0.184701
   -0.948358     -1.17344     0.766338      1.68216    -0.023318  -0.00298289    -0.567903    -0.764377     0.446217     0.191117
   -0.948358     -1.17511      0.76831      1.68671   -0.0217242  -0.00256729    -0.573618    -0.776398     0.455923      0.18072
   -0.948358       -1.174     0.766914      1.68216    -0.023278  -0.00296561     -0.57041    -0.769052     0.448385     0.189573
   -0.948358      -1.1722     0.764786      1.67699   -0.0243415   -0.0032494    -0.564576     -0.75696     0.438893      0.19616
   -0.948358     -1.17189     0.764538      1.67828   -0.0241124  -0.00319735    -0.562656    -0.753702     0.438385     0.196519
   -0.948358     -1.17067     0.763016      1.67316   -0.0247871  -0.00337624    -0.559522    -0.746822     0.431728     0.199203
   -0.948358     -1.16521     0.756193      1.64981   -0.0269621  -0.00396568    -0.545941     -0.71721     0.403272     0.205104
   -0.948358     -1.16465     0.755379      1.64526   -0.0276057   -0.0041302    -0.545424    -0.715205     0.399143     0.206545
   -0.948358     -1.16868     0.760527      1.66463   -0.0256683   -0.0036132    -0.554548    -0.735932     0.421184     0.201947
   -0.948358     -1.16819     0.759792      1.66033   -0.0262981  -0.00377305    -0.554219    -0.734354     0.417391     0.203392
   -0.948358     -1.17048     0.762644       1.6699   -0.0252948  -0.00350261    -0.560061     -0.74708     0.429481     0.200095
   -0.948358     -1.16786     0.759277      1.65695   -0.0267926  -0.00389824     -0.55421    -0.733549     0.414586     0.204416
   -0.948358     -1.16443     0.755001      1.64241   -0.0280503  -0.00424233     -0.54564    -0.714901     0.396897     0.207462
   -0.948358     -1.17041     0.762458      1.66759   -0.0256805  -0.00359794    -0.560767    -0.747831     0.428091      0.20075
   -0.948358     -1.17242     0.764953      1.67577   -0.0245643  -0.00330118    -0.566093    -0.759475     0.439098     0.196052
   -0.948358     -1.19658     0.792744      1.72728     0.014231   0.00681083    -0.654597    -0.940153     0.576022     -0.03484
   -0.948358     -1.19701     0.793313      1.72964    0.0139549   0.00674332     -0.65557    -0.942628      0.57885   -0.0332971
   -0.948358     -1.19564     0.791681      1.72568      0.01478   0.00693027    -0.650917    -0.932666     0.571569   -0.0387166
   -0.948358       -1.195     0.790868      1.72276    0.0151409   0.00701575    -0.649241    -0.928722     0.567704   -0.0408054
   -0.948358     -1.19825     0.794753       1.7324    0.0132348   0.00658401    -0.660165    -0.952181     0.585074   -0.0284209
   -0.948358     -1.19849     0.795091      1.73411    0.0130762   0.00654372    -0.660551    -0.953363     0.586863   -0.0275942
   -0.948358     -1.20333     0.801549      1.76115    0.0083944    0.0053872    -0.671552    -0.981581     0.618991 -0.000232468
   -0.948358     -1.19547     0.791518      1.72602    0.0148094   0.00693171     -0.64997    -0.930933     0.571047   -0.0391386
   -0.948358     -1.19484     0.790723      1.72329    0.0151737   0.00701743    -0.648252    -0.926959     0.567319   -0.0412952
   -0.948358     -1.19403     0.789627      1.71833    0.0157003   0.00714817    -0.646659    -0.922663     0.561818   -0.0440594
   -0.948358     -1.19573     0.791635      1.72287    0.0147425   0.00693465    -0.652569    -0.935132     0.570559    -0.037732
   -0.948358     -1.19554     0.791657      1.72725    0.0146618   0.00689163    -0.649782     -0.93089     0.571917    -0.038451
   -0.948358     -1.19496     0.790937      1.72491    0.0150068   0.00697226    -0.648135     -0.92715     0.568578   -0.0405496
   -0.948358     -1.19618     0.792499      1.73066    0.0140895   0.00675105     -0.65129    -0.934672     0.576063   -0.0351137
   -0.948358     -1.19585     0.792117      1.72992    0.0142486   0.00678511    -0.650084    -0.932176     0.574426    -0.036243
   -0.948358     -1.19408     0.789847       1.7217    0.0155033   0.00708601    -0.645418    -0.921144     0.563618   -0.0436686
   -0.948358     -1.19378     0.789393      1.71894    0.0157831   0.00715957    -0.645222    -0.920068     0.561136   -0.0449695
   -0.948358     -1.19709     0.793688      1.73525     0.013293   0.00655671    -0.653568    -0.940242     0.581853   -0.0304069
   -0.948358     -1.19688      0.79347      1.73517    0.0133587   0.00656797    -0.652645    -0.938453     0.581006   -0.0310128
   -0.948358     -1.19533     0.791488      1.72823     0.014553    0.0068544    -0.648405    -0.928531     0.571597   -0.0382238
   -0.948358     -1.20196     0.799355      1.74638    0.0108869   0.00603545    -0.671492    -0.977638     0.606649   -0.0138511
   -0.948358     -1.20202     0.799466      1.74735    0.0108097   0.00601387     -0.67135    -0.977615     0.607367   -0.0134932
   -0.948358     -1.19752     0.793774       1.7281    0.0136754   0.00669266    -0.658637    -0.948131     0.580081   -0.0308482
   -0.948358      -1.1983     0.795244       1.7409    0.0122661   0.00630808    -0.656774    -0.947877     0.589331    -0.024236
   -0.948358     -1.19833     0.795329      1.74187    0.0121348   0.00627212    -0.656516     -0.94763     0.589909   -0.0236379
   -0.948358     -1.19663     0.793178      1.73465    0.0134826   0.00659439    -0.651692    -0.936492     0.579757   -0.0319144
   -0.948358     -1.19821     0.795206      1.74198    0.0121395    0.0062696    -0.655896    -0.946466     0.589462   -0.0238278
   -0.948358     -1.20004     0.797456      1.74852    0.0108286    0.0059625     -0.66162    -0.959177     0.599855   -0.0154681
   -0.948358     -1.20005     0.797508      1.74931    0.0106931   0.00592568     -0.66133    -0.958821     0.600244   -0.0148104
   -0.948358     -1.20172     0.799563      1.75527   0.00951511    0.0056499    -0.666568    -0.970458     0.609759  -0.00731662
   -0.948358     -1.20323     0.801456      1.76132   0.00824252   0.00534575    -0.671034    -0.980634     0.618636  0.000583121
   -0.948358     -1.20172     0.799593      1.75582   0.00937296    0.0056121     -0.66634    -0.970162     0.609993  -0.00655686
   -0.948358     -1.20366     0.801532      1.75407   0.00966316   0.00574186     -0.67616    -0.988662     0.617237  -0.00645927
   -0.948358     -1.20512     0.803369      1.76007   0.00856832   0.00548063    -0.680428    -0.998492     0.626041  0.000253649
   -0.948358     -1.20373     0.801582      1.75369   0.00968154   0.00574959    -0.676639    -0.989487     0.617323   -0.0064732
   -0.948358     -1.20666     0.805324      1.76667   0.00720828   0.00515224    -0.684845     -1.00878     0.635444   0.00854429
   -0.948358     -1.20528     0.803542      1.76013   0.00853395   0.00547582    -0.681165    -0.999937     0.626739  0.000554262
   -0.948358     -1.20679     0.805475      1.76695   0.00714996   0.00513974    -0.685339     -1.00982     0.636126   0.00893418
   -0.948358     -1.20706     0.805864      1.76905   0.00665478   0.00501389    -0.685697     -1.01105      0.63815    0.0118045
   -0.948358     -1.20725     0.806088      1.76963   0.00651948   0.00498219    -0.686321     -1.01242     0.639193    0.0126465
   -0.948358     -1.20695     0.805777      1.76959   0.00648551   0.00496638    -0.684949     -1.00975     0.637903    0.0126605
   -0.948358     -1.20716     0.806042      1.77038   0.00628351   0.00491778    -0.685613     -1.01125     0.639149    0.0138971
   -0.948358     -1.20647     0.805249      1.76912   0.00652555   0.00496598    -0.682885     -1.00563     0.635647    0.0121389
   -0.948358     -1.20667       0.8055      1.76998   0.00627282     0.004904    -0.683447     -1.00694     0.636833    0.0136714
   -0.948358     -1.20542     0.804038      1.76689   0.00699873   0.00506708    -0.678927    -0.997373     0.630262   0.00886121
   -0.948358     -1.20442     0.802857      1.76437   0.00758211    0.0051981    -0.675292    -0.989672     0.624945   0.00498715
   -0.948358     -1.20557     0.804251      1.76795   0.00663682   0.00497571    -0.679179     -0.99814     0.631309    0.0110021
   -0.948358     -1.08137     0.650899       1.2756    0.0619464    0.0174536    -0.349215    -0.285362    0.0233265    -0.264071
   -0.948358     -1.08564     0.657071      1.30811    0.0575758    0.0162883    -0.355563    -0.306615    0.0543418    -0.250506
   -0.948358     -1.08274     0.649564      1.23194     0.064374    0.0184927    -0.364826    -0.292303   -0.0144376    -0.261437
   -0.948358     -1.07912     0.646808      1.24501    0.0652457     0.018438    -0.349144    -0.273949  -0.00493108    -0.271504
   -0.948358     -1.11975      0.70245      1.50293   0.00557932   0.00356818    -0.423002    -0.477895     0.241168  -0.00872818
   -0.948358     -1.09645     0.664176      1.24958    0.0532063    0.0160654    -0.408434    -0.364985    0.0105053    -0.209963
   -0.948358     -1.08861      0.65546      1.23373    0.0600133     0.017618    -0.384794    -0.323006  -0.00912916    -0.239585
   -0.948358     -1.11808     0.689148      1.30727    0.0267196    0.0095814     -0.47179     -0.48586    0.0794345    -0.100194
   -0.948358     -1.11088     0.680338      1.28005    0.0339855    0.0113957    -0.452517    -0.445207    0.0487094    -0.129774
   -0.948358     -1.11359     0.682748       1.2751    0.0186508   0.00748034    -0.463605    -0.460891    0.0436362   -0.0690064
   -0.948358     -1.14461     0.722881      1.42751    0.0117773   0.00591804    -0.539451    -0.640559     0.219548   -0.0332525
   -0.948358      -1.1536      0.73474       1.4752    0.0140345   0.00656386    -0.560804    -0.693422     0.276512    -0.040208
   -0.948358     -1.13009     0.704385      1.36124    0.0199843    0.0079296    -0.502385    -0.555417     0.141989   -0.0707122
   -0.948358     -1.15707     0.738986      1.48803   0.00944828   0.00541451    -0.570635    -0.714537     0.292146   -0.0194337
   -0.948358     -1.10547     0.674002      1.26416    0.0409436    0.0131215    -0.437014    -0.414922    0.0302309     -0.15801
   -0.948358     -1.10205     0.670368      1.26022    0.0467633    0.0145373    -0.425718     -0.39576    0.0242816    -0.182462
   -0.948358     -1.12303     0.706217      1.51203    0.0144039   0.00576536    -0.431989    -0.494224     0.254865   -0.0576606
   -0.948358      -1.1219     0.704963       1.5095    0.0100357   0.00468209    -0.428804    -0.488819     0.250446   -0.0333428
   -0.948358      -1.0985     0.675789      1.40821    0.0359152    0.0107764    -0.373578    -0.369297     0.147414    -0.165283
   -0.948358      -1.1061     0.685385      1.44326    0.0288677   0.00911792    -0.390648    -0.407106     0.182386    -0.132884
   -0.948358     -1.11347     0.694509       1.4742    0.0228954   0.00773485    -0.408213    -0.444478     0.214477    -0.103339
   -0.948358     -1.11916     0.701474      1.49672    0.0184916     0.006721    -0.422348    -0.474047     0.238752   -0.0799643
   -0.948358     -1.08841     0.661229      1.33172    0.0537391    0.0152748    -0.358996    -0.320277    0.0766019    -0.237513
   -0.948358     -1.08965     0.663465       1.3483    0.0499995    0.0142838    -0.358919    -0.326134    0.0913184    -0.223966
   -0.948358     -1.09391     0.669765      1.38313    0.0415129    0.0121328    -0.364375    -0.346703     0.123187    -0.189815
   -0.948358     -1.09126     0.666008      1.36418    0.0461171     0.013284    -0.360254    -0.333829     0.105653    -0.208808
   -0.948358     -1.21536     0.815683      1.79074   0.00136279   0.00379934    -0.715645     -1.07518      0.68298    0.0446472
   -0.948358     -1.21495     0.815226      1.79004   0.00196157   0.00394486    -0.714047     -1.07189     0.681166    0.0412367
   -0.948358     -1.21517     0.815471      1.79038   0.00171966   0.00388716    -0.714923     -1.07368     0.682154    0.0426259
   -0.948358     -1.21518     0.815496      1.79063   0.00147737   0.00382493    -0.714876     -1.07366     0.682261    0.0439873
   -0.948358     -1.21483     0.815067      1.78957   0.00218193   0.00399942    -0.713637     -1.07096     0.680447    0.0399657
   -0.948358     -1.21486     0.815101      1.78952   0.00220652   0.00400666    -0.713825     -1.07131     0.680565     0.039832
   -0.948358     -1.21522     0.815527      1.79038   0.00177558   0.00390268    -0.715179     -1.07418     0.682393    0.0423241
   -0.948358      -1.2154     0.815724      1.79064   0.00128898   0.00378177    -0.715893     -1.07563     0.683063     0.045049
   -0.948358     -1.21486     0.815116      1.78989   0.00201267   0.00395605    -0.713646     -1.07106     0.680699    0.0409291
   -0.948358     -1.21455     0.814769      1.78931   0.00218525    0.0039947    -0.712463      -1.0686      0.67918    0.0398838
   -0.948358     -1.21479      0.81503      1.78956   0.00218277   0.00399888    -0.713481     -1.07065     0.680296    0.0399542
   -0.948358     -1.21511     0.815417      1.79065   0.00142811   0.00381056    -0.714507     -1.07295     0.681944    0.0442543
   -0.948358     -1.21491     0.815199      1.79042   0.00154994   0.00383775     -0.71367     -1.07126      0.68105    0.0435394
   -0.948358      -1.2145     0.814701      1.78907   0.00228916   0.00402066    -0.712317     -1.06825     0.678859    0.0392828
   -0.948358     -1.21476     0.814983       1.7893   0.00231396   0.00403235     -0.71344      -1.0705      0.68006    0.0392057
   -0.948358     -1.21459     0.814838      1.78992   0.00169064   0.00386768    -0.712371     -1.06859     0.679493      0.04268
   -0.948358     -1.21496     0.815266      1.79068  0.000824503   0.00365319    -0.713803     -1.07158     0.681133    0.0475917
   -0.948358      -1.2147     0.814978      1.79038  0.000816415   0.00364604    -0.712699     -1.06935     0.679888     0.047592
   -0.948358     -1.21446     0.814695      1.78971    0.0017304   0.00387554     -0.71187     -1.06755      0.67886    0.0424259
   -0.948358     -1.21445     0.814648      1.78915   0.00219652   0.00399556    -0.712027     -1.06771     0.678647    0.0397928
   -0.948358     -1.21525     0.815578      1.79075   0.00123493   0.00376437    -0.715162     -1.07425     0.682533    0.0453459
   -0.948358     -1.21527       0.8156      1.79079  0.000835365   0.00366272     -0.71523     -1.07439     0.682481    0.0475623
   -0.948358     -1.21514     0.815461      1.79078  0.000830751    0.0036586    -0.714614     -1.07319     0.681938    0.0475787
   -0.948358     -1.21526     0.815587      1.79072   0.00136312   0.00379739    -0.715222     -1.07436     0.682602     0.044635
   -0.948358      -1.2154     0.815729      1.79066   0.00122711   0.00376601    -0.715901     -1.07566     0.683069    0.0453931
   -0.948358     -1.21485     0.815126      1.79015  0.000101161   0.00346771    -0.713519     -1.07088      0.68011     0.051549
   -0.948358     -1.21453     0.814764      1.78964 -5.46784e-05   0.00342213    -0.712216     -1.06821     0.678435    0.0523541
   -0.948358     -1.21477      0.81499      1.78928   0.00232234    0.0040347    -0.713482     -1.07058     0.680086      0.03916
   -0.948358     -1.21479     0.815017       1.7894   0.00226645   0.00402058    -0.713527      -1.0707     0.680215    0.0394799
   -0.948358      -1.2148     0.815034      1.78938   0.00227636   0.00402356    -0.713616     -1.07086     0.680277    0.0394269
   -0.948358     -1.21387     0.813945      1.78719   0.00283622   0.00415088    -0.710143     -1.06351     0.675382    0.0360182
   -0.948358     -1.21302     0.812844      1.78328   0.00388711   0.00441007    -0.707757      -1.0578     0.669985    0.0298137
   -0.948358     -1.21483     0.815062      1.78936   0.00227959   0.00402507    -0.713753     -1.07113     0.680383    0.0394136
   -0.948358     -1.21526     0.815525      1.78954   0.00215333   0.00400237    -0.715719     -1.07499     0.682182     0.040189
   -0.948358      -1.2146     0.814694      1.78703   0.00304696    0.0042221    -0.713626     -1.07024     0.678318    0.0350064
   -0.948358      -1.2127     0.812377       1.7806   0.00449422   0.00456547    -0.707414      -1.0564     0.667377    0.0262982
   -0.948358      -1.2141     0.814244      1.78845   0.00232099   0.00402114    -0.710665     -1.06486     0.676832    0.0389956
   -0.948358     -1.21202     0.811844      1.78414   0.00286663   0.00412403     -0.70267      -1.0481     0.665852    0.0352579
   -0.948358     -1.21163      0.81131      1.78182   0.00385274   0.00437257    -0.701794     -1.04578     0.663295    0.0295318
   -0.948358     -1.21522     0.815529       1.7905  0.000312308   0.00352886    -0.715103     -1.07406     0.681897     0.050425
   -0.948358     -1.21075     0.808781      1.75138   0.00280273   0.00416937    -0.709682     -1.05157     0.637485     0.033128
   -0.948358     -1.20958     0.807205       1.7448     0.002852   0.00417307    -0.706789     -1.04395     0.628301    0.0322029
   -0.948358     -1.21051     0.808385      1.74875   0.00123084   0.00376688    -0.709488     -1.05023     0.633609    0.0408829
   -0.948358      -1.2117     0.809987      1.75538    0.0012114   0.00377134     -0.71246     -1.05802     0.642934     0.041706
   -0.948358     -1.20958     0.807316      1.74684   0.00382407    0.0044175    -0.706139     -1.04358     0.630933    0.0274792
   -0.948358     -1.20882     0.806255      1.74177   0.00356596   0.00434765     -0.70454     -1.03883     0.624019     0.028281
   -0.948358     -1.20949     0.807083      1.74429   0.00285059     0.004172    -0.706562     -1.04335     0.627588    0.0321584
   -0.948358      -1.2102     0.807963      1.74702   0.00123559   0.00376552    -0.708691     -1.04815     0.631174    0.0406713
   -0.948358     -1.20963      0.80725      1.74475 -0.000384603   0.00334269    -0.707006     -1.04434     0.627302    0.0487319
   -0.948358      -1.2108     0.808831      1.75134 -0.000364684   0.00335716    -0.709915       -1.052     0.636524     0.049387
   -0.948358     -1.21217     0.810621      1.75808   0.00120203   0.00377246    -0.713602     -1.06107     0.646685    0.0420496
   -0.948358     -1.21128     0.809502      1.75449   0.00278796   0.00416931    -0.710949     -1.05499     0.641773    0.0335233
   -0.948358     -1.21291     0.811632      1.76256   0.00117774   0.00377116    -0.715309     -1.06578     0.652829    0.0426714
   -0.948358     -1.21225     0.810824      1.76022    0.0026454   0.00413942    -0.713244      -1.0612     0.649609    0.0348461
   -0.948358     -1.21382     0.812925      1.76892   0.00111948   0.00376019    -0.717111     -1.07131     0.661175    0.0436902
   -0.948358     -1.21336     0.812385      1.76776   0.00262993   0.00414048    -0.715496     -1.06794     0.659511    0.0356969
   -0.948358      -1.2114     0.809795      1.75764    0.0036214   0.00437763    -0.710398     -1.05513     0.645581    0.0295706
   -0.948358     -1.20998     0.807885      1.74963   0.00393226   0.00444686    -0.706943     -1.04604     0.634675    0.0272048
   -0.948358     -1.21133     0.809546      1.75441 -0.000376462   0.00335805    -0.711177      -1.0554     0.640765    0.0498035
   -0.948358     -1.21227     0.810829      1.76001  -0.00029739   0.00338506    -0.713387     -1.06141     0.648465    0.0500512
   -0.948358     -1.19533     0.789124       1.6834   0.00899202   0.00559742    -0.666382    -0.950007     0.542055  -0.00386759
   -0.948358     -1.19556     0.789237      1.68125   0.00783625   0.00531173    -0.667986    -0.951987      0.53968   0.00168632
   -0.948358     -1.20641     0.803176      1.73109   0.00487439   0.00465841    -0.697741      -1.0228      0.60893    0.0206384
   -0.948358      -1.1937     0.786795      1.67186    0.0080606    0.0053537     -0.66318    -0.940144     0.527106 -0.000118028
   -0.948358     -1.19485     0.788234      1.67651   0.00750252   0.00522305     -0.66648    -0.947588     0.533454   0.00296619
   -0.948358     -1.20298      0.79864      1.71309   0.00497148   0.00465491     -0.68897     -1.00058     0.583989    0.0185687
   -0.948358     -1.20547     0.802121      1.72955   0.00586277   0.00489546     -0.69428     -1.01615      0.60625    0.0155924
   -0.948358     -1.19649      0.79066      1.68962   0.00889377   0.00558086    -0.669242    -0.957288     0.550326  -0.00292478
   -0.948358      -1.2067     0.803535      1.73219   0.00466884    0.0046091    -0.698609     -1.02474     0.610519     0.021779
   -0.948358     -1.20262     0.798729      1.72121   0.00778201   0.00534571    -0.684825    -0.996132     0.592686    0.0049503
   -0.948358     -1.19416     0.787776      1.68075    0.0101782   0.00588199    -0.662297    -0.941773     0.537462   -0.0101273
   -0.948358     -1.19215     0.785066      1.66919    0.0101176   0.00585457     -0.65764    -0.929525     0.522664   -0.0104811
   -0.948358     -1.20827     0.805559      1.73951   0.00396668   0.00444432    -0.702924     -1.03512     0.620798    0.0260334
   -0.948358     -1.20867     0.806045      1.74086   0.00353783   0.00433938    -0.704176     -1.03784     0.622748    0.0283332
   -0.948358     -1.20654     0.803312      1.73113   0.00457299   0.00458377    -0.698272     -1.02375     0.609069    0.0221692
   -0.948358     -1.20803     0.805249      1.73828   0.00401671   0.00445517    -0.702319     -1.03359     0.619088    0.0256611
   -0.948358     -1.20711     0.804284      1.73791   0.00545998   0.00480637    -0.698559      -1.0268     0.617736    0.0183478
   -0.948358     -1.20868     0.806385      1.74661   0.00517023   0.00474366    -0.702385     -1.03675     0.629486    0.0205804
   -0.948358      -1.2039     0.800316      1.72606   0.00715396   0.00520036    -0.688697     -1.00482     0.599905   0.00859439
   -0.948358     -1.20849     0.806365      1.74989    0.0060819   0.00496344    -0.700346     -1.03403     0.632149    0.0159527
   -0.948358     -1.20837     0.806239      1.74996   0.00625186   0.00500373    -0.699752     -1.03294     0.631871    0.0150215
   -0.948358     -1.21116     0.809662      1.75971   0.00450643   0.00459361    -0.708625     -1.05259     0.647319    0.0251375
   -0.948358     -1.21128     0.810026      1.76413   0.00513195   0.00474401    -0.707515      -1.0519     0.651541    0.0220884
   -0.948358     -1.21133     0.810106      1.76472   0.00517431   0.00475421      -0.7075     -1.05205     0.652149    0.0218899
   -0.948358     -1.20823     0.806078       1.7497   0.00637345   0.00503228    -0.699217     -1.03185     0.631271    0.0143349
   -0.948358     -1.20225     0.798318      1.72074   0.00819366   0.00544357    -0.683344    -0.993236     0.591378   0.00269764
   -0.948358     -1.21205     0.810863      1.76479    0.0042876   0.00454385    -0.710748     -1.05818     0.654075    0.0267124
   -0.948358     -1.21338     0.812688      1.77305   0.00397873   0.00447207     -0.71362     -1.06617      0.66467    0.0290202
   -0.948358      -1.2141     0.813703      1.77795   0.00370028   0.00440373    -0.715028     -1.07033     0.670664    0.0309055
   -0.948358     -1.21414     0.813768      1.77853   0.00374516   0.00441431    -0.714951     -1.07035     0.671225    0.0306987
   -0.948358     -1.21123     0.809992      1.76455   0.00527131   0.00477714    -0.707106     -1.05125      0.65172    0.0213391
   -0.948358     -1.21562     0.815692      1.78558   0.00223417   0.00404226    -0.719002     -1.08018     0.680905    0.0394982
   -0.948358     -1.21557      0.81565      1.78581   0.00237138   0.00407556    -0.718677     -1.07963     0.680945    0.0387707
   -0.948358     -1.21403     0.813645      1.77823   0.00384429   0.00443812    -0.714595     -1.06959     0.670691     0.030131
   -0.948358     -1.19927     0.793474      1.68939   0.00180466   0.00381836    -0.680518    -0.976382     0.550269    0.0317909
   -0.948358     -1.19977     0.794133      1.69184   0.00134452   0.00370459    -0.681874    -0.979681     0.553522      0.03429
   -0.948358     -1.19963     0.793946      1.69119   0.00177533   0.00381406    -0.681465    -0.978725     0.552761    0.0321145
   -0.948358     -1.19868     0.792737      1.68688   0.00244246   0.00397657    -0.678893    -0.972633     0.547033      0.02844
   -0.948358     -1.19927     0.793503      1.68982   0.00242387   0.00397701    -0.680424    -0.976425     0.551088     0.028818
   -0.948358     -1.19848     0.792476      1.68597   0.00258024   0.00400997    -0.678327     -0.97131     0.545826     0.027684
   -0.948358     -1.19679     0.790276      1.67776   0.00290626   0.00407823    -0.673828    -0.960379     0.534665     0.025319
   -0.948358     -1.19829     0.792267       1.6856   0.00308393   0.00413683    -0.677705    -0.970144     0.545506    0.0252133
   -0.948358     -1.19887     0.793019      1.68847   0.00304732   0.00413258    -0.679216     -0.97387     0.549444    0.0256653
   -0.948358     -1.19833     0.792331        1.686   0.00323596   0.00417591    -0.677762    -0.970415     0.546105    0.0245182
   -0.948358     -1.19576      0.78904      1.67433   0.00415472   0.00438699    -0.670747    -0.953884     0.530418    0.0190125
   -0.948358     -1.21281     0.811729      1.76614   0.00332233    0.0043101    -0.713655     -1.06401     0.656931    0.0319327
   -0.948358     -1.21372     0.812996       1.7721   0.00316164   0.00427339     -0.71554     -1.06948     0.664618    0.0333363
   -0.948358     -1.21442     0.813869       1.7749   0.00240118   0.00408665    -0.717619     -1.07426     0.668693    0.0376205
   -0.948358     -1.21495     0.814691      1.77999   0.00270679   0.00416315    -0.718092     -1.07676     0.674612    0.0364657
   -0.948358     -1.21477     0.814294      1.77592    0.0010457    0.0037445    -0.718839     -1.07686     0.670058    0.0448594
   -0.948358     -1.21541     0.815272      1.78177   0.00192951   0.00396988    -0.719531     -1.08003     0.677195    0.0407938
   -0.948358      -1.2133     0.812287      1.76718 -0.000425756   0.00335693    -0.715416     -1.06761     0.657781    0.0515878
   -0.948358     -1.21433     0.813746      1.77428 -0.000334308   0.00338529    -0.717455     -1.07376     0.666965    0.0519642
   -0.948358      -1.2155      0.81536      1.78179  0.000994375   0.00373222      -0.7199     -1.08073     0.677118    0.0457806
   -0.948358     -1.21515     0.815026      1.78226   0.00261825   0.00413895    -0.718147     -1.07756     0.676997    0.0371419
   -0.948358      -1.2155     0.815522       1.7847   0.00238533   0.00408063    -0.718803     -1.07955     0.679918    0.0386041
   -0.948358     -1.21563     0.815628       1.7842   0.00168726   0.00390626    -0.719581     -1.08087     0.679698    0.0423294
   -0.948358     -1.21574     0.815824      1.78579   0.00161462   0.00388583    -0.719449      -1.0811     0.681219     0.042871
   -0.948358     -1.21567     0.815657      1.78397  0.000970065   0.00372418    -0.719852     -1.08131     0.679383    0.0461473
   -0.948358     -1.21555     0.815519      1.78372  0.000206104   0.00352663    -0.719397     -1.08038     0.678538    0.0502166
   -0.948358      -1.2153     0.815115       1.7811  2.97853e-05   0.00348255    -0.719252      -1.0793     0.675629    0.0508454
   -0.948358     -1.20768     0.804642      1.73399   0.00225953   0.00400654    -0.702127     -1.03156     0.612989    0.0341042
   -0.948358     -1.20808     0.805145      1.73562   0.00127409   0.00375778      -0.7033     -1.03425     0.615069    0.0392556
   -0.948358     -1.20953     0.807126      1.74424 -0.000378632   0.00334348    -0.706777     -1.04374     0.626587     0.048643
   -0.948358     -1.20674     0.803462      1.73011    0.0033252   0.00427005    -0.699414     -1.02533     0.607691    0.0283591
   -0.948358     -1.20617     0.802728      1.72759   0.00370782   0.00436229    -0.697783     -1.02151     0.604192    0.0261992
   -0.948358     -1.20532     0.801641      1.72376   0.00411185   0.00445749    -0.695426     -1.01592     0.598847    0.0238182
   -0.948358     -1.19848     0.792562      1.68737   0.00366603   0.00428658    -0.677997    -0.971406     0.548143    0.0225705
   -0.948358     -1.19913     0.793391      1.69036    0.0034644   0.00424095    -0.679745     -0.97557     0.552201    0.0238275
   -0.948358     -1.19887     0.793104      1.68984   0.00396999   0.00436714    -0.678892    -0.973951     0.551642    0.0213303
   -0.948358     -1.19519     0.788394       1.6733   0.00523758   0.00465623    -0.668754    -0.950162     0.529241    0.0137135
   -0.948358     -1.19945     0.793844      1.69248   0.00377325   0.00432219    -0.680464    -0.977678     0.555229    0.0225312
   -0.948358     -1.19917     0.793553      1.69227   0.00445283   0.00449192    -0.679447    -0.975912     0.555101     0.019217
   -0.948358     -1.19509     0.788344      1.67409   0.00588621   0.00481914    -0.668162    -0.949499     0.530374    0.0106444
   -0.948358       -1.194     0.786865      1.66766   0.00545569   0.00470139    -0.665607    -0.942593     0.521648    0.0121749
   -0.948358     -1.19489     0.787901      1.67009   0.00428306   0.00441193    -0.668417    -0.948245     0.524688    0.0180118
   -0.948358     -1.19998     0.794582      1.69595   0.00420098   0.00443503    -0.681634    -0.981108     0.560137    0.0207805
   -0.948358     -1.20075     0.795655      1.70082   0.00466086   0.00455786    -0.683406    -0.986123     0.566959    0.0189862
   -0.948358     -1.19498     0.788282      1.67502   0.00658918   0.00499509    -0.667443    -0.948655     0.531604   0.00730449
   -0.948358      -1.1936     0.786435      1.66729   0.00631154   0.00491398    -0.664111    -0.939939     0.521208   0.00801322
   -0.948358     -1.20167     0.796835      1.70507    0.0043842   0.00449569    -0.685905    -0.992091     0.572813     0.020731
   -0.948358      -1.1936     0.786539      1.66905   0.00710646   0.00511391    -0.663622    -0.939806     0.523518   0.00430106
   -0.948358     -1.20432      0.80037      1.71934   0.00457905    0.0045672    -0.692633     -1.00936     0.592701    0.0210833
   -0.948358     -1.20461      0.80076      1.72098   0.00462918    0.0045822     -0.69334     -1.01123     0.594973    0.0209777
   -0.948358     -1.19627      0.78961      1.67526   0.00296508   0.00408868    -0.672476    -0.957086     0.531274    0.0248003
   -0.948358     -1.20453      0.80063      1.72025   0.00449128   0.00454675    -0.693202      -1.0107     0.593959    0.0216018
   -0.948358     -1.19963     0.793952      1.69119  0.000916293   0.00359286    -0.681495    -0.978788     0.552521    0.0363289
   -0.948358      -1.2002     0.794697      1.69402   0.00134398   0.00370828    -0.682995    -0.982475     0.556551    0.0345149
   -0.948358     -1.20002     0.794468      1.69322   0.00180372   0.00382487    -0.682497    -0.981306     0.555581    0.0321787
   -0.948358     -1.19974     0.794116      1.69219   0.00243861   0.00398496    -0.681643    -0.979459     0.554365    0.0289774
   -0.948358     -1.19966     0.794026      1.69189   0.00249685   0.00399919    -0.681443       -0.979     0.553968    0.0286645
   -0.948358     -1.19945     0.793765       1.6912   0.00288483   0.00409628    -0.680773     -0.97761     0.553158     0.026715
   -0.948358     -1.19943     0.793754      1.69124   0.00297315   0.00411868    -0.680714     -0.97753     0.553238    0.0262891
   -0.948358     -1.19966     0.794083      1.69297    0.0033936   0.00422758     -0.68115    -0.979011     0.555784    0.0244183
   -0.948358     -1.19987     0.794388      1.69451   0.00368947   0.00430453    -0.681582    -0.980396     0.558009    0.0231289
   -0.948358      -1.2005     0.795253      1.69838   0.00404953   0.00440112    -0.683046    -0.984485     0.563461    0.0217437
   -0.948358     -1.20214     0.797444      1.70725   0.00422406    0.0044592    -0.687203    -0.995183     0.575826    0.0217203
   -0.948358     -1.20487     0.800896      1.71886    0.0021177   0.00394678    -0.694952     -1.01307     0.591595    0.0332574
   -0.948358     -1.20284     0.798213      1.70821   0.00228891   0.00397352     -0.68972    -0.999763     0.576668    0.0313187
   -0.948358     -1.20332     0.798822      1.71027   0.00131779   0.00372868     -0.69108     -1.00292     0.579268    0.0363334
   -0.948358     -1.20524     0.801375      1.72052   0.00130264   0.00374103    -0.696009     -1.01556     0.593707    0.0374967
   -0.948358     -1.20394     0.799735      1.71512   0.00322872   0.00422211    -0.692261     -1.00698     0.586622    0.0273745
   -0.948358     -1.20195     0.797081      1.70443   0.00310747   0.00417449    -0.687173    -0.993915     0.571625    0.0269198
   -0.948358     -1.20217     0.797311      1.70448   0.00203125   0.00390191    -0.688039    -0.995353     0.571348    0.0322042
   -0.948358     -1.20261     0.797873      1.70648   0.00131645   0.00372227    -0.689244    -0.998222     0.573938    0.0359409
   -0.948358     -1.20291     0.798294      1.70842  0.000341977   0.00347327    -0.689943     -1.00025     0.576409    0.0409984
   -0.948358     -1.20493     0.800975      1.71905  0.000487525    0.0035283    -0.695172     -1.01355     0.591407    0.0414248
   -0.948358     -1.20778     0.804762      1.73429  0.000273549   0.00349743    -0.702459     -1.03228     0.612849    0.0441855
   -0.948358     -1.20374     0.799485       1.7143   0.00338854   0.00426102     -0.69169     -1.00567     0.585505    0.0265053
   -0.948358     -1.20154     0.796563      1.70269   0.00337887   0.00423995    -0.686016    -0.991251     0.569278    0.0254245
   -0.948358     -1.20124     0.796125      1.70039    0.0028456   0.00410185    -0.685437    -0.989286     0.565903    0.0278028
   -0.948358     -1.20277     0.798237       1.7099   0.00384271   0.00436796    -0.688993    -0.999295     0.579443    0.0238458
   -0.948358     -1.20077     0.795576      1.69921   0.00372259   0.00432059    -0.683887    -0.986232     0.564535    0.0234135
   -0.948358     -1.20011     0.794692      1.69544   0.00347329   0.00425176    -0.682303    -0.981984     0.559233    0.0242675
   -0.948358     -1.20076     0.795513      1.69831   0.00315843    0.0041773    -0.684085    -0.986157     0.563107    0.0260744
   -0.948358     -1.20159     0.796524      1.70115   0.00134022   0.00371956    -0.686607    -0.991534     0.566473     0.035266
   -0.948358     -1.20129      0.79614      1.69979   0.00193218   0.00386898    -0.685779    -0.989573     0.564752    0.0322108
   -0.948358     -1.20101      0.79577       1.6983   0.00186005   0.00384806    -0.685065    -0.987749      0.56266    0.0324141
   -0.948358     -1.20126     0.796086      1.69943   0.00134125   0.00371692    -0.685745    -0.989365     0.564081    0.0350837
   -0.948358     -1.20087     0.795613      1.69798   0.00239894   0.00398483    -0.684618    -0.986876     0.562388    0.0297433
   -0.948358     -1.20065     0.795312      1.69679   0.00238682   0.00397977    -0.684032    -0.985393     0.560732     0.029684
   -0.948358     -1.20077      0.79546      1.69712   0.00191356   0.00385971    -0.684445    -0.986208     0.561022    0.0320316
   -0.948358     -1.20105     0.795817      1.69838   0.00134187   0.00371527    -0.685213    -0.988029     0.562612     0.034972
   -0.948358     -1.20107     0.795847      1.69854  0.000823496   0.00358181    -0.685253    -0.988179     0.562703    0.0375499
   -0.948358     -1.20137     0.796241       1.7001  0.000750085   0.00356547     -0.68602    -0.990126     0.564862    0.0380776
   -0.948358     -1.20082     0.795565      1.69807   0.00272017   0.00406631    -0.684395    -0.986553      0.56262    0.0281842
   -0.948358     -1.20041     0.795022      1.69587   0.00265395   0.00404591    -0.683358    -0.983889     0.559547    0.0282905
   -0.948358     -1.20039     0.794968      1.69546   0.00240907   0.00398317    -0.683347    -0.983685      0.55889     0.029443
   -0.948358      -1.1999     0.794386      1.69389   0.00316415   0.00417137    -0.681867    -0.980587     0.556984     0.025619
   -0.948358     -1.19981      0.79424      1.69307    0.0029196   0.00410832      -0.6817    -0.979944     0.555747    0.0267249
   -0.948358     -1.20009     0.794595       1.6942   0.00264379   0.00404049     -0.68252    -0.981781     0.557224     0.028176
   -0.948358     -1.20221     0.797362       1.7046  0.000611824   0.00353705    -0.688184    -0.995666     0.571114    0.0392423
   -0.948358     -1.20014     0.794645      1.69422   0.00242874   0.00398603    -0.682701    -0.982082     0.557177    0.0292249
   -0.948358     -1.20047     0.795061      1.69555   0.00188555   0.00384986     -0.68366    -0.984235     0.558841    0.0320117
   -0.948358     -1.20067     0.795314      1.69642   0.00134294   0.00371218    -0.684219    -0.985538     0.559887    0.0347655
   -0.948358     -1.20083     0.795526      1.69731  0.000769665   0.00356573    -0.684612    -0.986586     0.560973    0.0376873
   -0.948358     -1.19996     0.794415      1.69347    0.0026006   0.00402828    -0.682179    -0.980899      0.55619    0.0283142
   -0.948358     -1.20004     0.794494      1.69328  0.000884767   0.00358843    -0.682571     -0.98147     0.555411    0.0367005
   -0.948358     -1.20051     0.795111      1.69569  0.000799175   0.00357054    -0.683791    -0.984529     0.558732     0.037373
   -0.948358     -1.20882     0.806237      1.74139  -0.00111904   0.00314517    -0.704687     -1.03899     0.622135    0.0521209
   -0.948358     -1.20968     0.807426      1.74684  -0.00137026   0.00308611    -0.706603     -1.04445     0.629474    0.0540584
   -0.948358     -1.21006     0.807961      1.74947  -0.00152424   0.00304844    -0.707361     -1.04678     0.632914     0.055174
   -0.948358      -1.2114     0.809767      1.75713  -0.00130712   0.00311442    -0.710571      -1.0553     0.643467    0.0549839
   -0.948358     -1.20682     0.803659      1.73219  -0.00216472   0.00285612    -0.699134     -1.02573     0.608584    0.0564094
   -0.948358     -1.20869     0.806049      1.74056  -0.00108068   0.00315405    -0.704365      -1.0381     0.621006    0.0518262
   -0.948358     -1.20829     0.805565      1.73914   -0.0015283   0.00303421    -0.703156     -1.03545     0.618722    0.0539613
   -0.948358     -1.20725     0.804405      1.73759  -0.00300625   0.00263715    -0.699249     -1.02799     0.614997    0.0614124
   -0.948358     -1.20806     0.805257      1.73792  -0.00156707   0.00302221    -0.702559     -1.03393     0.616995    0.0540162
   -0.948358     -1.20665      0.80342      1.73108   -0.0020713   0.00287902    -0.698753     -1.02464     0.607132    0.0557975
   -0.948358     -1.20874     0.806405      1.74595  -0.00282049   0.00269676    -0.702848     -1.03741     0.626357    0.0615284
   -0.948358     -1.21083     0.809198      1.75751  -0.00240714   0.00281975    -0.707936     -1.05061     0.642151    0.0608644
   -0.948358       -1.213     0.812185      1.77095  -0.00208057   0.00291788     -0.71271      -1.0638     0.659694    0.0609271
   -0.948358     -1.21158     0.810229      1.76205  -0.00228797   0.00285564    -0.709652     -1.05527     0.648169    0.0608302
   -0.948358     -1.19932     0.793566      1.68997   0.00025894      0.00342    -0.680607    -0.976823     0.550681    0.0394472
   -0.948358     -1.19896     0.793132      1.68874 -0.000372516   0.00325292    -0.679537    -0.974569     0.548863    0.0424411
   -0.948358     -1.21268     0.811537      1.76512   -0.0011603   0.00316048    -0.713432     -1.06328     0.654142    0.0552096
   -0.948358     -1.21353     0.812734       1.7709  -0.00112622   0.00317354    -0.715126     -1.06832     0.661565     0.055761
   -0.948358     -1.21472      0.81439      1.77873  -0.00076603   0.00327225    -0.717545     -1.07534     0.671674    0.0548274
   -0.948358     -1.21494     0.814749      1.78112  -0.00073744   0.00327848    -0.717633     -1.07624     0.674243    0.0549814
   -0.948358     -1.20684     0.803566      1.73023 -0.000791169   0.00321359    -0.699785     -1.02607     0.606695    0.0491447
   -0.948358     -1.20627     0.802839       1.7277   -0.0011703   0.00311019    -0.698191     -1.02232     0.602958    0.0507848
   -0.948358     -1.20545     0.801793      1.72396   -0.0015652   0.00300041    -0.695944     -1.01697     0.597529    0.0523607
   -0.948358     -1.19926     0.793551      1.69076 -0.000795986    0.0031455    -0.680186    -0.976535     0.551558    0.0447591
   -0.948358      -1.1996     0.794021      1.69292  -0.00111835   0.00306465    -0.680956    -0.978751     0.554456    0.0465976
   -0.948358     -1.20016     0.794802      1.69647  -0.00154625   0.00295827    -0.682258    -0.982449     0.559243    0.0491269
   -0.948358     -1.20186     0.797057      1.70555  -0.00175637   0.00291871    -0.686562     -0.99348     0.571751    0.0512073
   -0.948358     -1.20448     0.800543      1.71958  -0.00202622   0.00287177    -0.693223     -1.01055     0.591167    0.0541909
   -0.948358     -1.20476     0.800924      1.72118  -0.00208451   0.00285907    -0.693919     -1.01238     0.593344    0.0546803
   -0.948358     -1.20468     0.800798      1.72048  -0.00193948   0.00289614    -0.693778     -1.01186     0.592464    0.0538562
   -0.948358     -1.19979     0.794182      1.69234  0.000238722   0.00341903    -0.681834    -0.979875      0.55396    0.0397957
   -0.948358     -1.19953     0.793866      1.69144 -0.000211775   0.00329981     -0.68106    -0.978235     0.552623     0.041932
   -0.948358     -1.19972     0.794097      1.69205  0.000179388   0.00340304    -0.681646    -0.979443     0.553547    0.0400594
   -0.948358     -1.19979     0.794247      1.69338 -0.000724255   0.00316897    -0.681598    -0.979991     0.555198     0.044687
   -0.948358     -1.19951     0.793845      1.69143 -0.000310118    0.0032741    -0.680983     -0.97811      0.55259    0.0424192
   -0.948358     -1.20001     0.794559      1.69492  -0.00103448    0.0030902    -0.682061    -0.981436     0.557252    0.0464007
   -0.948358     -1.20066     0.795451      1.69883  -0.00139999   0.00300087    -0.683618    -0.985708     0.562557    0.0486598
   -0.948358     -1.20232     0.797654       1.7077  -0.00160158   0.00296316    -0.687827    -0.996501     0.574812    0.0506745
   -0.948358     -1.20206     0.797216      1.70476 -0.000470545   0.00325508    -0.687553    -0.994741     0.571075    0.0446666
   -0.948358     -1.20406     0.799872      1.71542 -0.000619647   0.00323384    -0.692667     -1.00784      0.58595    0.0466008
   -0.948358     -1.20136     0.796273      1.70079 -0.000186133   0.00332281    -0.685826    -0.990149     0.565608    0.0428093
   -0.948358     -1.20167     0.796724      1.70309 -0.000744332   0.00318049    -0.686464    -0.992227     0.568671    0.0458529
   -0.948358     -1.20387     0.799634      1.71462 -0.000777669   0.00319115    -0.692132     -1.00661     0.584781    0.0473075
   -0.948358      -1.2009     0.795728      1.69954  -0.00107391   0.00308784    -0.684342    -0.987198     0.563639    0.0471078
   -0.948358     -1.20293     0.798426      1.71031   -0.0012229   0.00306711    -0.689548     -1.00047      0.57859    0.0490633
   -0.948358     -1.20088      0.79566      1.69868 -0.000504523   0.00323581    -0.684486    -0.987038     0.562595    0.0441686
   -0.948358     -1.20025     0.794856      1.69585 -0.000814389   0.00314961    -0.682757    -0.982972     0.558588    0.0454048
   -0.948358     -1.20068     0.795353      1.69686  0.000277863   0.00343719    -0.684169    -0.985679     0.560224    0.0400773
   -0.948358     -1.20091     0.795648      1.69803  0.000255905   0.00343345    -0.684742    -0.987134      0.56185    0.0403115
   -0.948358     -1.20043     0.795021      1.69557  0.000260312    0.0034304    -0.683511    -0.984035     0.558434     0.040028
   -0.948358      -1.2005     0.795129      1.69616  1.51785e-05   0.00336747    -0.683647    -0.984527     0.559197    0.0413085
   -0.948358      -1.2009     0.795663       1.6983 -5.96631e-05    0.0033516    -0.684672    -0.987156      0.56217    0.0419115
   -0.948358      -1.1999     0.794348      1.69332 -0.000241933   0.00329531    -0.682011    -0.980616     0.555213    0.0422825
   -0.948358         -1.2       0.7945      1.69416 -0.000515311   0.00322513    -0.682193    -0.981297     0.556325    0.0437324
   -0.948358     -1.20018     0.794698      1.69447   3.2695e-05   0.00336909      -0.6828    -0.982399     0.556861    0.0410418
   -0.948358     -1.20019     0.794708      1.69436  0.000243805   0.00342398    -0.682884    -0.982479     0.556756    0.0399823
   -0.948358     -1.20002     0.794496      1.69366   6.7408e-05   0.00337672     -0.68241    -0.981404     0.555751    0.0407838
   -0.948358     -1.21551     0.815575      1.78562   0.00247429   0.00410095     -0.71846     -1.07916     0.680636    0.0381951
   -0.948358     -1.21547     0.815553      1.78594   0.00255319   0.00411941    -0.718164     -1.07869     0.680759    0.0377869
   -0.948358       -1.196     0.789249       1.6739   0.00298679   0.00409175    -0.671745    -0.955302     0.529426    0.0245679
   -0.948358     -1.19455     0.787459      1.66839   0.00428148   0.00440858    -0.667543    -0.946085     0.522386    0.0178663
   -0.948358     -1.19452     0.787332       1.6667   0.00307525   0.00410104    -0.667859    -0.945854     0.519699    0.0234812
   -0.948358     -1.19337     0.786045      1.66457   0.00552247   0.00471295    -0.663955    -0.938569      0.51749    0.0115892
   -0.948358     -1.19267     0.785026      1.65943   0.00459768   0.00447248    -0.662537    -0.934065     0.510366    0.0155639
   -0.948358     -1.19308     0.785758      1.66471   0.00635547   0.00492078    -0.662763    -0.936632     0.517735   0.00758669
   -0.948358     -1.19084     0.782779      1.65271   0.00610479   0.00483889    -0.657163    -0.922402     0.501643   0.00780723
   -0.948358     -1.19275      0.78544      1.66499   0.00727024   0.00514826    -0.661369    -0.934385     0.518068   0.00317948
   -0.948358     -1.18954     0.781212      1.64846   0.00736157   0.00514549    -0.653187     -0.91403     0.496009   0.00144456
   -0.948358     -1.19262     0.785389      1.66648   0.00820596   0.00538195    -0.660402    -0.933327     0.519926  -0.00122348
   -0.948358     -1.18834     0.779765      1.64448   0.00843646   0.00540661    -0.649538    -0.906303      0.49066  -0.00401617
   -0.948358     -1.18553     0.776298      1.63395    0.0103863   0.00587492    -0.641299     -0.88826     0.476504    -0.014108
   -0.948358     -1.18116     0.770886      1.61722      0.01332   0.00657851    -0.628623    -0.860319     0.453952   -0.0292285
   -0.948358     -1.18136     0.771575      1.62582    0.0159877   0.00723862    -0.626598    -0.859561      0.46247    -0.042388
   -0.948358     -1.20102     0.796814      1.71653   0.00894502   0.00561925    -0.679435    -0.984658     0.584726  -0.00161484
   -0.948358     -1.19416     0.788182      1.68823    0.0122079   0.00637688    -0.659586    -0.939149     0.543986   -0.0206326
   -0.948358     -1.20735     0.805041      1.74731   0.00697114   0.00517146     -0.69617     -1.02538     0.626886    0.0108749
   -0.948358     -1.21118     0.809986      1.76542    0.0054529   0.00481975    -0.706529     -1.05041     0.652244    0.0203715
   -0.948358     -1.21395     0.813573      1.77855   0.00397444   0.00446852    -0.714082      -1.0687     0.670673    0.0294269
   -0.948358     -1.19562     0.792459      1.74108    0.0116977   0.00609305    -0.644344    -0.924208     0.578577    -0.023813
   -0.948358     -1.19287     0.789282      1.73495    0.0122165   0.00617372    -0.634381     -0.90376     0.564986    -0.028772
   -0.948358     -1.18979     0.785382      1.72156    0.0156119   0.00699512     -0.62586    -0.883947     0.546938   -0.0498901
   -0.948358     -1.19262     0.788675      1.72827    0.0146047   0.00679298    -0.635966    -0.904845     0.561014   -0.0418684
   -0.948358     -1.19835     0.795864      1.75166   0.00897741   0.00544086     -0.65254     -0.94269     0.594164  -0.00653168
   -0.948358     -1.19582     0.792961      1.74646   0.00883404   0.00535877     -0.64317    -0.923606     0.581627  -0.00714737
   -0.948358     -1.18935     0.785214      1.72686    0.0125918   0.00620539    -0.621886    -0.878215     0.547814   -0.0334343
   -0.948358     -1.18652     0.781598      1.71414    0.0165687   0.00717441    -0.614119    -0.859895     0.531053   -0.0582599
   -0.948358     -1.18676     0.781461      1.70691    0.0185517   0.00770871    -0.618153    -0.865512     0.528591    -0.067256
   -0.948358     -1.18987     0.785129      1.71522    0.0170632   0.00738799    -0.628846    -0.887911     0.544327   -0.0564801
   -0.948358     -1.19534     0.791861      1.73521    0.0134271   0.00654324    -0.645497    -0.924795     0.574873   -0.0332076
   -0.948358     -1.19791     0.795097      1.74589    0.0111779   0.00600444    -0.652865    -0.941705     0.589979   -0.0192289
   -0.948358     -1.20022     0.797973      1.75486   0.00904347    0.0054938    -0.659773    -0.957319     0.603265  -0.00576032
   -0.948358     -1.20048     0.798465      1.75891   0.00699996   0.00497127    -0.659343    -0.957638     0.605856   0.00622812
   -0.948358     -1.19791     0.795506      1.75351    0.0067593   0.00486516    -0.649822    -0.938149     0.592858   0.00637939
   -0.948358     -1.19196     0.788461      1.73704   0.00893939   0.00532055     -0.62964    -0.895767     0.562294  -0.00990042
   -0.948358     -1.20202     0.800181       1.7611   0.00745718   0.00511759    -0.665509    -0.969983     0.613314   0.00438982
   -0.948358     -1.20226     0.800602      1.76443    0.0053845   0.00458917    -0.665228    -0.970381     0.615348    0.0166653
   -0.948358     -1.19975     0.797726      1.75938   0.00474833   0.00438445    -0.655815    -0.951134     0.602502    0.0193885
   -0.948358     -1.19386     0.790783      1.74351   0.00679092   0.00480709    -0.635655    -0.908883     0.572312   0.00423587
   -0.948358     -1.20346     0.801926      1.76579   0.00612484   0.00480109    -0.670208    -0.980263     0.621184    0.0128873
   -0.948358     -1.19577      0.79309      1.74971   0.00438677   0.00422945     -0.64177    -0.922104      0.58204    0.0199379
   -0.948358     -1.18381     0.778061      1.70039    0.0197159   0.00794394    -0.607506    -0.843743     0.514482   -0.0767108
   -0.948358     -1.18364     0.777401      1.69124    0.0209687   0.00829379    -0.610606    -0.847318     0.509674    -0.080715
   -0.948358     -1.18719     0.781647      1.70188    0.0191131   0.00788403    -0.622259    -0.872023       0.5279   -0.0681159
   -0.948358     -1.19306     0.788932      1.72449    0.0154004   0.00702057    -0.639555    -0.910668      0.56099   -0.0450059
   -0.948358     -1.18067     0.773489      1.67515    0.0228843   0.00876066    -0.604043    -0.831004     0.491295    -0.090397
   -0.948358     -1.18505       0.7788      1.68992    0.0205776   0.00824297    -0.617582    -0.860181     0.514229   -0.0757376
   -0.948358     -1.17999     0.773093      1.68126    0.0227843   0.00868626    -0.598316    -0.821687     0.491666   -0.0936244
   -0.948358     -1.17568     0.767459      1.65857    0.0253745   0.00931298    -0.588695    -0.798246     0.465895    -0.106224
   -0.948358     -1.17837     0.770309      1.65995    0.0241637   0.00908447    -0.600076    -0.819786     0.475597   -0.0955759
   -0.948358     -1.18365     0.776825      1.67984    0.0214343   0.00846307    -0.615509    -0.853741     0.504163   -0.0792821
   -0.948358     -1.18926     0.783934      1.70448    0.0182607   0.00771761    -0.630604     -0.88853     0.536922   -0.0610459
   -0.948358      -1.1909     0.786123      1.71366    0.0170828   0.00742867    -0.634243    -0.897776      0.54757   -0.0546842
   -0.948358      -1.1719     0.762368      1.63597    0.0272731   0.00978392    -0.581337    -0.779024     0.441798    -0.113782
   -0.948358     -1.17705     0.768332      1.64826    0.0246741   0.00922875    -0.599004    -0.814793     0.464871   -0.0962999
   -0.948358     -1.18297     0.775723      1.67227    0.0217227   0.00855008     -0.61559    -0.851965     0.497798   -0.0794538
   -0.948358     -1.18825     0.782513      1.69725    0.0189325   0.00788945    -0.629084    -0.883815     0.529613   -0.0641018
   -0.948358     -1.17823      0.76947       1.6468    0.0237681   0.00904268    -0.604783    -0.825118     0.467741   -0.0893529
   -0.948358     -1.18349     0.776194      1.67111     0.021332   0.00847195     -0.61837    -0.856874     0.498884   -0.0762804
   -0.948358     -1.16874     0.757987      1.61487    0.0285389    0.0101094    -0.575965    -0.763691     0.420099    -0.117564
   -0.948358     -1.17082     0.760044      1.61333    0.0270003    0.0097944    -0.585525    -0.780658     0.425068    -0.106125
   -0.948358     -1.18245     0.774477      1.65883    0.0212439   0.00847407    -0.618728    -0.854303     0.488368   -0.0738607
   -0.948358     -1.18685     0.780169      1.68039    0.0193379   0.00802422    -0.629705    -0.880645     0.515568    -0.063665
   -0.948358     -1.18784     0.781807      1.69198    0.0191596   0.00795775    -0.629404    -0.883078     0.525387   -0.0644254
   -0.948358     -1.19034     0.786696        1.735   0.00422187   0.00410648    -0.623533    -0.884305     0.554453    0.0187712
   -0.948358     -1.20472     0.803427      1.76926    0.0051881   0.00458392    -0.674633    -0.989715     0.627893    0.0189607
   -0.948358       -1.204     0.802486      1.76558    0.0067757   0.00497979    -0.672839    -0.985264     0.623562   0.00938459
   -0.948358     -1.20526     0.803976      1.76907   0.00588816   0.00477468     -0.67721    -0.994632     0.630279     0.015135
   -0.948358     -1.20613     0.805069       1.7725   0.00446573   0.00442498     -0.67985     -1.00065     0.635202    0.0238115
   -0.948358     -1.20275     0.800962      1.76142   0.00787272   0.00523983    -0.668767    -0.976312     0.616609   0.00242364
   -0.948358     -1.20429      0.80277      1.76523   0.00715322   0.00508361    -0.674338    -0.988058     0.624712   0.00736434
   -0.948358     -1.20552     0.804222       1.7684   0.00641438   0.00491673    -0.678759    -0.997444     0.631247    0.0122468
   -0.948358     -1.20694     0.805924      1.77269   0.00517322   0.00462316    -0.683558     -1.00788     0.638975    0.0200716
   -0.948358     -1.20311     0.801343      1.76151   0.00807752   0.00530038    -0.670405    -0.979481     0.618203   0.00145663
   -0.948358     -1.20445     0.802918      1.76497   0.00735469   0.00513929    -0.675172    -0.989599     0.625295   0.00629596
   -0.948358     -1.20687      0.80576      1.77086   0.00599795   0.00483651    -0.684032     -1.00831     0.638052     0.015337
   -0.948358     -1.16642     0.757136      1.64419    0.0291709    0.0100416    -0.553599    -0.729611     0.427834    -0.140085
   -0.948358      -1.1658     0.756325      1.64084     0.029425    0.0101024    -0.552361    -0.726659     0.424437    -0.140794
   -0.948358     -1.16789      0.75893      1.64958    0.0286547    0.0099322    -0.557692    -0.738265     0.434925    -0.137147
   -0.948358     -1.16835     0.759554      1.65264     0.028398   0.00986705    -0.558336     -0.74009     0.437706    -0.136564
   -0.948358     -1.16476     0.755074      1.63731     0.029726    0.0101623    -0.549372    -0.720461     0.419617    -0.142623
   -0.948358      -1.1634     0.753335      1.63062    0.0302286     0.010279     -0.54641    -0.713683     0.412507    -0.144233
   -0.948358     -1.16418     0.754264      1.63307    0.0300175    0.0102387    -0.548733    -0.718423        0.416    -0.142851
   -0.948358     -1.16694     0.757675      1.64415    0.0290541    0.0100295    -0.555939    -0.733937      0.42958     -0.13812
   -0.948358     -1.17003     0.761603      1.65865    0.0277122   0.00971918    -0.563153    -0.750276     0.445894    -0.132404
   -0.948358     -1.17032     0.762034      1.66119    0.0274948   0.00966137     -0.56331    -0.751097     0.447929    -0.132082
   -0.948358     -1.16854     0.759847       1.6545     0.028223   0.00982005    -0.558361    -0.740537     0.439146     -0.13628
   -0.948358     -1.16644     0.757206      1.64514    0.0290819    0.0100152    -0.553276    -0.729231      0.42833    -0.140111
   -0.948358     -1.17243     0.764618      1.66907    0.0264057   0.00941703    -0.569249    -0.763882     0.458541    -0.125522
   -0.948358     -1.17249      0.76475      1.67047    0.0262887   0.00938282    -0.568884    -0.763493     0.459309    -0.125591
   -0.948358     -1.16978     0.761213      1.65602     0.027866   0.00976302     -0.56324    -0.749917      0.44401    -0.132155
   -0.948358     -1.17269     0.764871      1.66882    0.0263147   0.00940359     -0.57053    -0.766255     0.459388    -0.124152
   -0.948358     -1.17463     0.767401       1.6788    0.0248081   0.00904008    -0.574907     -0.77671     0.470519    -0.116562
   -0.948358     -1.17454     0.767328       1.6793    0.0247721   0.00902574    -0.574248    -0.775581     0.470377    -0.116906
   -0.948358     -1.17258      0.76492      1.67189    0.0261297   0.00933915    -0.568675    -0.763415     0.460238    -0.125321
   -0.948358     -1.17051     0.762324       1.6631     0.027296   0.00960818    -0.563297     -0.75149     0.449382    -0.131679
   -0.948358      -1.1765     0.769786      1.68736    0.0227203   0.00853685    -0.579756    -0.788044     0.481209    -0.104207
   -0.948358     -1.17634     0.769618      1.68731    0.0227585    0.0085418    -0.579049    -0.786697     0.480596    -0.104814
   -0.948358     -1.17507       0.7679       1.6797    0.0245436   0.00898329    -0.576504    -0.779948      0.47252    -0.114405
   -0.948358     -1.17693     0.770295      1.68863    0.0223366   0.00844824    -0.581164    -0.791046     0.483375    -0.101524
   -0.948358      -1.1773     0.770842       1.6915    0.0210835   0.00813485    -0.581802      -0.7932     0.486298   -0.0942575
   -0.948358     -1.17713      0.77065       1.6913    0.0211693   0.00815196    -0.581088    -0.791794     0.485551   -0.0951124
   -0.948358     -1.17595     0.769162      1.68635     0.023045    0.0086058    -0.577676    -0.783852     0.478713    -0.106983
   -0.948358     -1.17418     0.766913      1.67854    0.0249783   0.00906961    -0.572937    -0.772927      0.46873      -0.1186
   -0.948358     -1.15479     0.742624      1.59438    0.0328885    0.0108547    -0.524991    -0.667348     0.370446    -0.155124
   -0.948358     -1.16172     0.751404      1.62663    0.0304709    0.0103062    -0.540894    -0.702875     0.405637    -0.146744
   -0.948358     -1.16094     0.750501      1.62461    0.0305423    0.0103095    -0.538432     -0.69804     0.402439    -0.147524
   -0.948358     -1.15034     0.737137      1.57657    0.0341485    0.0111187    -0.513609    -0.643167     0.349432    -0.160459
   -0.948358     -1.15947      0.74842      1.61373    0.0314821    0.0105532     -0.53673    -0.692597     0.393041    -0.149289
   -0.948358     -1.16318     0.753153      1.63157    0.0301501    0.0102472    -0.545021    -0.711359     0.412214    -0.144895
   -0.948358     -1.16539     0.756032      1.64332    0.0291308    0.0100033    -0.549528    -0.722079      0.42434    -0.141504
   -0.948358       -1.165     0.755608      1.64288    0.0290852   0.00998182     -0.54805    -0.719343     0.423002    -0.141772
   -0.948358     -1.16016     0.749614      1.62289    0.0305435    0.0102937    -0.535871    -0.693132     0.399454    -0.148029
   -0.948358     -1.14699     0.733018      1.56332    0.0350611    0.0113075    -0.505012    -0.624992     0.333781    -0.164315
   -0.948358     -1.14739     0.733385      1.56261    0.0352337    0.0113679    -0.506895    -0.628028     0.334258    -0.164243
   -0.948358     -1.15012     0.736697       1.5725     0.034555    0.0112353    -0.514278    -0.643287      0.34652    -0.160968
   -0.948358     -1.17773     0.771452      1.69451    0.0193414   0.00770095    -0.582708    -0.796066     0.489667   -0.0837123
   -0.948358     -1.17828     0.772083      1.69569     0.019168    0.0076684    -0.584678    -0.800031     0.492171    -0.082047
   -0.948358     -1.17821     0.772099      1.69677    0.0168722   0.00709157     -0.58442    -0.800549     0.493248   -0.0676317
   -0.948358      -1.1789     0.772815      1.69729    0.0186197   0.00754283    -0.586862    -0.804612     0.495253   -0.0780022
   -0.948358     -1.17895     0.772982      1.69886    0.0161179   0.00691588    -0.586956    -0.805926     0.496978   -0.0622546
   -0.948358     -1.17691     0.770581      1.69354    0.0172943   0.00717385    -0.579974    -0.791517     0.487218    -0.071364
   -0.948358     -1.17694     0.770559      1.69301    0.0195591   0.00773906    -0.579816    -0.790303     0.486181   -0.0860315
   -0.948358     -1.17421     0.767017      1.67982    0.0247704   0.00901289    -0.572547      -0.7725     0.469419     -0.11804
   -0.948358     -1.17267     0.765087      1.67341    0.0259163   0.00928131    -0.568398     -0.76325     0.461201    -0.124778
   -0.948358     -1.17629     0.769622      1.68838     0.022395   0.00844505    -0.578398    -0.785791     0.480939    -0.103266
   -0.948358      -1.1746      0.76753      1.68204    0.0243089   0.00889929    -0.573326    -0.774507     0.471777    -0.115629
   -0.948358     -1.17058      0.76248      1.66469    0.0271015   0.00955408    -0.562926    -0.751168      0.45034    -0.131347
   -0.948358     -1.16839     0.759735      1.65525    0.0281146    0.0097847    -0.557409    -0.738978     0.439048    -0.136417
   -0.948358     -1.17273     0.765209      1.67464    0.0257333   0.00923152    -0.568112    -0.763005     0.461943    -0.124314
   -0.948358     -1.17059     0.762549      1.66587    0.0269267   0.00950496    -0.562452    -0.750577      0.45092    -0.131016
   -0.948358     -1.16588     0.756574      1.64408    0.0291367    0.0100164    -0.551303    -0.725431     0.426138    -0.140984
   -0.948358     -1.16821     0.759571      1.65573    0.0280087   0.00975015    -0.556412    -0.737289     0.438725    -0.136478
   -0.948358     -1.16015     0.749157      1.61449    0.0313965    0.0105499    -0.539316    -0.697411     0.395367    -0.147862
   -0.948358     -1.16507     0.755202      1.63359    0.0297779    0.0102048    -0.552393    -0.725272     0.419092     -0.13977
   -0.948358     -1.16957      0.76081      1.65242    0.0279572   0.00979742    -0.563946    -0.750555     0.441927    -0.130772
   -0.948358     -1.15676     0.744796      1.59753    0.0326624     0.010846    -0.531946    -0.680372     0.377299    -0.151929
   -0.948358     -1.16342     0.752994      1.62359    0.0304445    0.0103707    -0.549575    -0.717998     0.409467    -0.141033
   -0.948358     -1.17335     0.765604      1.66958    0.0259512   0.00933018    -0.573251    -0.771592     0.462188    -0.120732
   -0.948358     -1.17594     0.768926      1.68202    0.0239103   0.00884117    -0.579481    -0.786157     0.476764    -0.109757
   -0.948358     -1.16919     0.760196      1.64795    0.0281274    0.0098509    -0.564306    -0.750342     0.438886    -0.129763
   -0.948358     -1.17375     0.765978      1.66887    0.0257736   0.00930167    -0.575388     -0.77552      0.46342    -0.118205
   -0.948358     -1.17766     0.771193      1.69112    0.0215236   0.00825658    -0.583515    -0.796191     0.487301   -0.0960703
   -0.948358     -1.17663     0.769702      1.68307    0.0235265   0.00876167    -0.582204    -0.791587     0.479836    -0.106325
   -0.948358     -1.17835     0.771992      1.69276     0.021037   0.00814823    -0.585955    -0.801242      0.49062   -0.0923392
   -0.948358     -1.17652     0.769938      1.68985    0.0218527   0.00831034    -0.578852    -0.787096     0.482519    -0.100145
   -0.948358     -1.17473      0.76773      1.68329    0.0240347   0.00882913    -0.573377    -0.774919     0.472806    -0.114391
   -0.948358     -1.17612     0.769517      1.68971     0.021825   0.00829234    -0.577123    -0.783844     0.481037    -0.100843
   -0.948358     -1.17458     0.767607       1.6839    0.0239034   0.00878912    -0.572443    -0.773329     0.472555    -0.114332
   -0.948358     -1.17276     0.765301      1.67566    0.0255659   0.00918616    -0.567844    -0.762749     0.462532    -0.123843
   -0.948358     -1.17057     0.762573      1.66676    0.0267825   0.00946408    -0.561983    -0.749927     0.451268    -0.130744
   -0.948358     -1.17272     0.765303      1.67662    0.0253957   0.00913783    -0.567226    -0.761833      0.46281    -0.123522
   -0.948358     -1.17056     0.762627      1.66791    0.0265861    0.0094094    -0.561465    -0.749255     0.451797    -0.130295
   -0.948358     -1.16802     0.759395      1.65603    0.0279138   0.00971914    -0.555482    -0.735689     0.438317    -0.136496
   -0.948358     -1.16795     0.759377      1.65704     0.027724   0.00966472    -0.554767    -0.734644     0.438616    -0.136129
   -0.948358     -1.16472     0.755348       1.6432    0.0289354   0.00993435    -0.546774    -0.717159      0.42241    -0.141626
   -0.948358      -1.1058     0.683646      1.41951    0.0417808    0.0123943    -0.396197    -0.406877     0.164887    -0.191918
   -0.948358     -1.10636     0.684832      1.42997    0.0380408    0.0114346    -0.395232     -0.40906     0.173429    -0.175909
   -0.948358     -1.10742     0.685048      1.41621    0.0445055     0.013144    -0.402949    -0.415987     0.164369    -0.202741
   -0.948358     -1.11541     0.695316      1.45606    0.0392226     0.011881    -0.420177    -0.455791     0.204901     -0.18194
   -0.948358     -1.11576     0.696187      1.46482     0.035988    0.0110482     -0.41887    -0.456732     0.211717    -0.167963
   -0.948358      -1.1091     0.688567      1.44726    0.0334101    0.0102962    -0.400119     -0.42254     0.189803    -0.154884
   -0.948358     -1.17359     0.766579      1.68379    0.0239953   0.00878283    -0.568049    -0.765084     0.469023    -0.117352
   -0.948358     -1.17435     0.767538      1.68705    0.0228483   0.00850608    -0.570168    -0.770008     0.473338    -0.110204
   -0.948358     -1.17345     0.766547      1.68597    0.0232088   0.00857355    -0.566537    -0.762921     0.469635    -0.114158
   -0.948358     -1.17296     0.765926       1.6838    0.0240087   0.00876711    -0.565205    -0.759784     0.466831    -0.119103
   -0.948358     -1.17415     0.767162       1.6838    0.0239657   0.00879234    -0.570576    -0.769806     0.471003    -0.115731
   -0.948358     -1.17525     0.768535      1.68823    0.0224037   0.00841705    -0.573764    -0.777092     0.477145    -0.105813
   -0.948358     -1.17452     0.767794      1.68823    0.0215483   0.00818386     -0.57072     -0.77174     0.474983    -0.101933
   -0.948358     -1.17345     0.766589      1.68641    0.0223219   0.00835244      -0.5666    -0.763459     0.470247    -0.108522
   -0.948358     -1.17276     0.765795      1.68517    0.0234561   0.00861816     -0.56379    -0.757578     0.466863    -0.117018
   -0.948358     -1.17249     0.765455      1.68404      0.02397   0.00874248    -0.563004    -0.755736     0.465309    -0.120288
   -0.948358     -1.17208     0.764818      1.68005    0.0247285   0.00893644    -0.562887    -0.754607      0.46218    -0.123302
   -0.948358     -1.17233     0.765001      1.67855    0.0250118   0.00902145    -0.564664    -0.757554     0.462375     -0.12338
   -0.948358     -1.16117     0.749554      1.60223    0.0317207    0.0107303    -0.548665    -0.711292     0.391759    -0.141238
   -0.948358     -1.16187     0.750696      1.61016    0.0312655    0.0105969    -0.548488    -0.712937     0.398123    -0.141335
   -0.948358     -1.15493     0.742095      1.58207    0.0337747    0.0111476     -0.53036    -0.673745     0.363792    -0.153389
   -0.948358     -1.15373     0.740256      1.57072    0.0345778     0.011372     -0.52964    -0.669417      0.35377    -0.154517
   -0.948358     -1.16753     0.757556      1.62998    0.0290863    0.0101305    -0.564755     -0.74718     0.425209    -0.128668
   -0.948358     -1.16815     0.758564      1.63714    0.0286922    0.0100145    -0.564431    -0.748251     0.430678    -0.128951
   -0.948358      -1.1626     0.751807      1.61702     0.030848    0.0104797    -0.548795    -0.715106     0.403804    -0.141244
   -0.948358     -1.15597     0.743634      1.59081    0.0331442    0.0109769    -0.531323    -0.677646     0.371536    -0.152467
   -0.948358     -1.14716     0.732495      1.55078    0.0364215    0.0117234    -0.510261    -0.630574     0.326232     -0.16545
   -0.948358     -1.14467     0.728957      1.53253    0.0379329    0.0121223    -0.506654    -0.619136      0.30851    -0.169365
   -0.948358     -1.15269     0.738496      1.55807    0.0352698     0.011582    -0.529921    -0.666311     0.342896    -0.154619
   -0.948358     -1.16067     0.748582       1.5938      0.03208      0.01085     -0.54976    -0.710988     0.385285    -0.140329
   -0.948358     -1.17123     0.763877      1.67875    0.0248118   0.00893772    -0.559715    -0.748488     0.458816    -0.125077
   -0.948358     -1.17196     0.764783      1.68179    0.0244095   0.00884561    -0.561579     -0.75257     0.462503    -0.122881
   -0.948358      -1.1719      0.76479      1.68313    0.0241128   0.00876425    -0.560732    -0.751312     0.462872    -0.122151
   -0.948358     -1.17147     0.764264      1.68139    0.0243272   0.00881274     -0.55963    -0.748917     0.460742    -0.123333
   -0.948358     -1.17079     0.763216      1.67466    0.0254224   0.00909518    -0.559587     -0.74737     0.455635    -0.127062
   -0.948358     -1.17211     0.765054      1.68395    0.0239077   0.00871608    -0.561339    -0.752647      0.46398    -0.120858
   -0.948358     -1.17171     0.764579      1.68272    0.0240398   0.00874257    -0.560112    -0.750126     0.462132    -0.121848
   -0.948358     -1.17151     0.764329       1.6819    0.0241604   0.00877022    -0.559583     -0.74897     0.461112    -0.122539
   -0.948358     -1.17052     0.763076      1.67734    0.0247127   0.00889863    -0.557256    -0.743752     0.455978    -0.125216
   -0.948358     -1.16939     0.761578      1.67079    0.0255955   0.00911425    -0.555195    -0.738579     0.449544    -0.128819
   -0.948358     -1.17221     0.765181      1.68426    0.0236182   0.00864619    -0.561728    -0.753535     0.464586     -0.11888
   -0.948358     -1.17193     0.764854      1.68352    0.0237116   0.00866443    -0.560811    -0.751681     0.463334    -0.119677
   -0.948358     -1.17184     0.764739      1.68322    0.0239018   0.00871001    -0.560485    -0.750952     0.462814    -0.120972
   -0.948358     -1.17284     0.765893      1.68538    0.0228971   0.00848126    -0.564176    -0.758554     0.467477    -0.113229
   -0.948358     -1.17218     0.765144      1.68405    0.0232952   0.00856652    -0.561784    -0.753741      0.46458    -0.116617
   -0.948358     -1.17233     0.765293      1.68377    0.0222266     0.008308    -0.562853    -0.756112     0.465503    -0.108818
   -0.948358     -1.17288     0.765924      1.68474     0.021388   0.00811231    -0.565076    -0.760729     0.468138    -0.102482
   -0.948358     -1.17202     0.764936      1.68288    0.0221841   0.00829267    -0.561933    -0.754285     0.464183     -0.10865
   -0.948358     -1.17198     0.764901      1.68345    0.0232863   0.00856102    -0.561154    -0.752484      0.46368    -0.116637
   -0.948358     -1.17391     0.767111      1.68672    0.0200674   0.00780645    -0.569107    -0.769063     0.473033   -0.0924459
   -0.948358     -1.17316     0.766233      1.68442    0.0192233   0.00758628    -0.567067    -0.765216     0.470009   -0.0870166
   -0.948358      -1.1723     0.765241      1.68286    0.0208577   0.00797292    -0.563534    -0.757776     0.465755   -0.0990065
   -0.948358     -1.17569     0.769122      1.69037    0.0206291    0.0079803    -0.575184    -0.780786     0.480298   -0.0943914
   -0.948358     -1.17528      0.76869      1.68967    0.0186589   0.00748335    -0.574181     -0.77954     0.479492   -0.0817354
   -0.948358     -1.16032     0.750144      1.62979    0.0292845   0.00995008    -0.533796    -0.691221     0.403558    -0.144415
   -0.948358     -1.14914     0.736086      1.57959    0.0331685    0.0108195    -0.507561    -0.633504     0.348188    -0.158716
   -0.948358     -1.14633     0.732422      1.56468    0.0346035    0.0111643    -0.501811    -0.619847     0.332979    -0.163644
   -0.948358     -1.15956     0.749067      1.62414    0.0300326     0.010141    -0.532877    -0.688223     0.398561    -0.146923
   -0.948358     -1.16027      0.75016       1.6309    0.0289523   0.00986098    -0.533195    -0.690468     0.404074    -0.143155
   -0.948358     -1.15218     0.740009      1.59512    0.0316913    0.0104684    -0.513967    -0.648434     0.364264    -0.153494
   -0.948358     -1.14613     0.732289      1.56589    0.0342694    0.0110683    -0.500573    -0.618072     0.333277    -0.162719
   -0.948358     -1.14357     0.728953       1.5522    0.0356046    0.0113906    -0.495404    -0.605709     0.319385     -0.16727
   -0.948358     -1.14413      0.72948       1.5515    0.0358954    0.0114853    -0.497899    -0.609767      0.32019    -0.167616
   -0.948358     -1.15954     0.748934      1.62208    0.0304233    0.0102479      -0.5336     -0.68898     0.397405    -0.148045
   -0.948358     -1.16488     0.755733      1.64755    0.0281701   0.00972697    -0.545653    -0.716228     0.425077    -0.139401
   -0.948358     -1.16532     0.756387      1.65131    0.0275755   0.00957474    -0.545998    -0.717744     0.428255    -0.137211
   -0.948358      -1.1435     0.730634      1.58207    0.0182387   0.00696052    -0.486021    -0.601062     0.339135   -0.0801192
   -0.948358     -1.13445     0.719632      1.54796    0.0221363   0.00781222     -0.46264    -0.552719     0.299683    -0.101408
   -0.948358     -1.14812     0.736041      1.59634    0.0228003   0.00814722    -0.498383    -0.624292     0.357164     -0.10761
   -0.948358     -1.15412     0.743362      1.61913    0.0205046   0.00765184    -0.514126    -0.657214     0.384553   -0.0950348
   -0.948358     -1.13357     0.718765      1.54767     0.017108   0.00655917    -0.459855    -0.548994     0.297809   -0.0729658
   -0.948358     -1.12384      0.70692      1.51067    0.0221549   0.00768345    -0.435008    -0.497695     0.256167    -0.100237
   -0.948358     -1.12874     0.712571      1.52436    0.0260731   0.00871896    -0.448592    -0.522727     0.273788     -0.12173
   -0.948358     -1.14504     0.732186      1.58309    0.0253128   0.00873578    -0.490763    -0.607589     0.342262    -0.121091
   -0.948358     -1.16086     0.751416      1.64251    0.0235065   0.00847867    -0.531726    -0.691909     0.412958    -0.115023
   -0.948358     -1.16401     0.755279      1.65459      0.02221   0.00819558    -0.540103    -0.709607     0.427839    -0.107759
   -0.948358     -1.16077     0.751418      1.64314    0.0184503   0.00722758    -0.532184    -0.694576     0.414643   -0.0828343
   -0.948358     -1.15366     0.742913      1.61846    0.0153392   0.00637129    -0.513414    -0.657268     0.383961   -0.0627772
   -0.948358     -1.16704      0.75895      1.66441    0.0169778    0.0069466    -0.549965     -0.73111      0.44309   -0.0729621
   -0.948358     -1.16441     0.755809      1.65512    0.0135017   0.00605513    -0.543417     -0.71853     0.431826   -0.0501766
   -0.948358     -1.16161     0.752472      1.64566    0.0105183   0.00528227    -0.535965    -0.703911     0.419371   -0.0312532
   -0.948358     -1.14501     0.732565      1.58881    0.0125332   0.00557287     -0.49019    -0.610929     0.346564   -0.0458023
   -0.948358     -1.16678      0.75864      1.66455    0.0209256   0.00791348    -0.547831    -0.725837      0.44086   -0.0997895
   -0.948358     -1.16959     0.762009      1.67372    0.0195731   0.00761873    -0.556205    -0.743233     0.453962   -0.0905174
   -0.948358     -1.17143     0.764172      1.67833    0.0166166   0.00691893    -0.562872    -0.757361     0.462933   -0.0696172
   -0.948358     -1.17164     0.764419      1.67828    0.0132368   0.00608781    -0.564506    -0.761407     0.464535   -0.0467532
   -0.948358     -1.17144     0.764196      1.67915    0.0186705   0.00742386    -0.562033    -0.755224     0.462481   -0.0838339
   -0.948358     -1.17192     0.764791      1.68154    0.0204607   0.00786988    -0.562596    -0.755978     0.464194   -0.0963198
   -0.948358     -1.17276     0.765756      1.68301    0.0185679   0.00741887    -0.566112    -0.763456     0.468412   -0.0826287
   -0.948358      -1.1713     0.764068       1.6802    0.0213983   0.00808974    -0.560222    -0.751003     0.461184    -0.103195
   -0.948358     -1.17215     0.765057      1.68234    0.0207196    0.0079367    -0.563133    -0.757003      0.46511   -0.0980848
   -0.948358     -1.17293     0.765955      1.68365    0.0189559   0.00751682    -0.566453     -0.76405     0.469046   -0.0852646
   -0.948358     -1.17349     0.766602      1.68447    0.0168401   0.00700502    -0.569085    -0.769842     0.472138   -0.0703536
   -0.948358     -1.13896     0.725401       1.5689   0.00528297   0.00371772    -0.474048    -0.579534     0.320156    -0.003042
   -0.948358      -1.1555     0.745196      1.62522   0.00508461   0.00386561    -0.519342    -0.670875     0.391669   0.00189317
   -0.948358     -1.14152      0.72844      1.57736   0.00877349   0.00460555    -0.480906    -0.592904     0.331587   -0.0234545
   -0.948358     -1.15808     0.748268      1.63382   0.00792171    0.0045975    -0.526383    -0.684858     0.403585    -0.015388
   -0.948358     -1.16889     0.761204      1.66952   0.00506275   0.00402561    -0.557453    -0.748353     0.451893   0.00575121
   -0.948358     -1.17634     0.770075      1.69315    0.0049518    0.0040948     -0.57954     -0.79352     0.486441   0.00887215
   -0.948358     -1.17092     0.763608      1.67601   0.00766828    0.0046977    -0.563163    -0.759691     0.461514   -0.0104743
   -0.948358     -1.17765     0.771603      1.69693   0.00786834   0.00483851    -0.583363     -0.80093      0.49284  -0.00952137
   -0.948358     -1.18359     0.778696      1.71531   0.00459828   0.00410486    -0.601875    -0.839475     0.521104    0.0137592
   -0.948358     -1.17224     0.765152      1.68006    0.0106838   0.00546394     -0.56676    -0.766497     0.467552   -0.0297305
   -0.948358      -1.1152     0.692389      1.41018    0.0488615    0.0145577    -0.432848    -0.460068     0.168498    -0.214324
   -0.948358     -1.12417     0.703457      1.44648    0.0455576    0.0138282    -0.455377    -0.507928     0.209489    -0.200983
   -0.948358     -1.13115     0.712739      1.48628    0.0418215    0.0128964    -0.469455    -0.543534     0.250982    -0.188482
   -0.948358     -1.12431     0.704383       1.4599    0.0440308    0.0133655    -0.451903    -0.506877     0.220576    -0.197755
   -0.948358     -1.11137     0.686735        1.379    0.0515525    0.0153031     -0.42767    -0.441146     0.137983    -0.221151
   -0.948358     -1.12148     0.699343      1.42226    0.0474651    0.0143665     -0.45244    -0.495048     0.185986    -0.205367
   -0.948358     -1.13393     0.715579      1.48718    0.0419186    0.0130157    -0.479752    -0.560517     0.255918    -0.186121
   -0.948358     -1.13879      0.72216      1.51694     0.039251    0.0123394    -0.488886    -0.584817     0.286469    -0.177692
   -0.948358     -1.13735     0.720839      1.51916    0.0386934    0.0121367    -0.482556    -0.575027     0.285471     -0.17761
   -0.948358     -1.13135     0.713523      1.49633    0.0403846    0.0124842    -0.467024     -0.54272     0.258759    -0.184802
   -0.948358     -1.10939     0.686094      1.40111    0.0490707      0.01445    -0.414351    -0.428263     0.154591    -0.217934
   -0.948358     -1.10132     0.675309      1.35432    0.0541442    0.0157297    -0.398352    -0.387352     0.107119    -0.234809
   -0.948358     -1.13852     0.718153      1.45194    0.0378383    0.0123573    -0.508386    -0.596509     0.234839    -0.152782
   -0.948358     -1.12824     0.706043      1.42128    0.0440482    0.0137626     -0.47809    -0.536095     0.194065    -0.183032
   -0.948358     -1.11815     0.693145      1.37354    0.0479208    0.0146857     -0.45398    -0.480722     0.140616    -0.197664
   -0.948358     -1.12802     0.704694      1.40199    0.0416181     0.013255    -0.482957    -0.537621      0.17763    -0.167891
   -0.948358     -1.14716     0.729218      1.49276    0.0347302    0.0116253    -0.529668    -0.645949     0.283031    -0.139406
   -0.948358     -1.13745     0.717751      1.46372    0.0404617    0.0129184    -0.500577    -0.587305     0.242764    -0.168601
   -0.948358     -1.12262     0.699882      1.41207    0.0471844    0.0144087    -0.459622    -0.503023     0.178831    -0.200145
   -0.948358     -1.11256     0.687146      1.36621    0.0512903    0.0153767    -0.435474    -0.448812      0.12814    -0.215494
   -0.948358     -1.10638     0.678107      1.31765    0.0525673    0.0158049    -0.426245    -0.417204    0.0796912    -0.214255
   -0.948358     -1.11574     0.688941      1.34299    0.0460442    0.0143183     -0.45367    -0.469703     0.111615    -0.184645
   -0.948358     -1.13619     0.714422      1.42809    0.0358896    0.0119143    -0.506601    -0.585673     0.211407    -0.141175
   -0.948358     -1.14637     0.727523      1.47704    0.0325192    0.0111187     -0.53158    -0.644224     0.269015     -0.12661
   -0.948358     -1.14226     0.721745      1.44876    0.0314422    0.0108578    -0.524129    -0.622252     0.238519    -0.120185
   -0.948358     -1.15232     0.734666      1.49652    0.0280654    0.0100643    -0.549236    -0.680974     0.295698    -0.104791
   -0.948358     -1.16271     0.747988      1.54506    0.0244201   0.00921394    -0.575832    -0.743167     0.355921   -0.0868607
   -0.948358     -1.15483     0.738387      1.51727    0.0296529    0.0104471    -0.552661    -0.693631     0.317553    -0.113474
   -0.948358     -1.12324      0.69773      1.36496    0.0400553    0.0129086    -0.475489    -0.512657     0.139383    -0.157845
   -0.948358     -1.12884     0.704361      1.38216    0.0350811     0.011716    -0.491843    -0.545508     0.161436    -0.135571
   -0.948358     -1.15049     0.731798      1.47878     0.025464   0.00942317     -0.54749    -0.672136     0.277332    -0.092012
   -0.948358     -1.16211     0.746745      1.53394    0.0218388   0.00858221    -0.577061    -0.741846     0.345497   -0.0737151
   -0.948358     -1.11155      0.68941      1.42084    0.0461331    0.0136691    -0.416533    -0.438384      0.17298     -0.20818
   -0.948358     -1.09831     0.670513      1.32413    0.0569344    0.0165334     -0.39571    -0.372487    0.0782817    -0.241425
   -0.948358     -1.10077     0.672253      1.31274    0.0562784    0.0165594    -0.407411    -0.386218    0.0703239    -0.233459
   -0.948358     -1.16789     0.753465      1.54894    0.0141809   0.00669945    -0.595504    -0.778451     0.366145   -0.0373755
   -0.948358     -1.16089      0.74468      1.51957    0.0184016   0.00771829    -0.576497    -0.735758      0.32933   -0.0579982
   -0.948358     -1.14188     0.720235       1.4291    0.0241693   0.00906395    -0.528706    -0.623597     0.221036   -0.0862509
   -0.948358     -1.16502     0.749436       1.5294    0.0109649   0.00586539    -0.589983    -0.762193      0.34303   -0.0234763
   -0.948358     -1.17349     0.760554      1.57315    0.0113961   0.00603809     -0.61079    -0.813411     0.397521   -0.0229169
   -0.948358     -1.17729     0.765683      1.59509    0.0126147   0.00637427    -0.619612    -0.836663     0.425589   -0.0272121
   -0.948358     -1.17187     0.758913      1.57323    0.0159843   0.00718271    -0.604366    -0.802649     0.396956   -0.0442967
   -0.948358     -1.18337     0.778395      1.71405   0.00771515    0.0048813     -0.60122    -0.837601     0.520223  -0.00627271
   -0.948358     -1.18901     0.785069      1.73031   0.00709481   0.00480873    -0.619418    -0.875247     0.547944   9.9147e-05
   -0.948358     -1.18719     0.782843      1.72394   0.00981724   0.00546625     -0.61375    -0.862794     0.538525   -0.0178153
   -0.948358     -1.17775     0.770559      1.67722    0.0237801   0.00888656    -0.589906     -0.80487     0.481685    -0.101987
   -0.948358     -1.17174     0.762692      1.64526    0.0272492   0.00972596    -0.576812    -0.772989      0.44622    -0.117931
   -0.948358      -1.1857     0.780939       1.7175    0.0132293    0.0063037    -0.609398    -0.852532     0.529937   -0.0397119
   -0.948358     -1.18264     0.777463      1.71097    0.0107503   0.00563039    -0.598962    -0.832188     0.516272   -0.0259815
   -0.948358     -1.18238     0.777093      1.70933    0.0126595   0.00610557    -0.598227    -0.830041     0.514414   -0.0381766
   -0.948358     -1.17756     0.771451      1.69617    0.0113772   0.00571133    -0.582861    -0.799143     0.492106   -0.0323185
   -0.948358     -1.17926     0.773428      1.70071     0.012785   0.00608816    -0.588149    -0.809506      0.49972   -0.0406328
   -0.948358     -1.18232     0.776947      1.70803    0.0146299   0.00659984    -0.598197    -0.829192      0.51325   -0.0505602
   -0.948358     -1.13188     0.712369      1.46723    0.0433445    0.0134239    -0.478114    -0.551393     0.236938    -0.188902
   -0.948358      -1.1431     0.726418      1.51573    0.0389946    0.0124338    -0.506044     -0.61298      0.29313    -0.170716
   -0.948358     -1.15005     0.736331      1.56713    0.0350627    0.0113895    -0.516004    -0.644878     0.343124    -0.161185
   -0.948358     -1.14349     0.728306       1.5421     0.036993    0.0117907    -0.498714    -0.608582     0.312897    -0.170016
   -0.948358     -1.13235     0.712163      1.45569    0.0432853    0.0134998    -0.483392     -0.55621     0.228263    -0.184748
   -0.948358     -1.14235     0.724764      1.49993    0.0393217     0.012584    -0.508247    -0.611749     0.279671    -0.168204
   -0.948358     -1.14618     0.728815      1.50322    0.0370273    0.0121171    -0.522323     -0.63666     0.289289    -0.153898
   -0.948358     -1.15228     0.737309      1.54413    0.0353935    0.0116787    -0.533122    -0.667712     0.332092    -0.150995
   -0.948358     -1.15444     0.738521      1.52668    0.0320246    0.0109917      -0.5479    -0.688197     0.323955    -0.127147
   -0.948358     -1.16182     0.747937       1.5606    0.0292061    0.0103353    -0.566664    -0.731527     0.365614    -0.113849
   -0.948358     -1.15453     0.739362      1.53999     0.033645    0.0113348    -0.543749    -0.685021     0.334115    -0.138285
   -0.948358      -1.1619     0.747458      1.55046    0.0271262    0.0098571     -0.57056    -0.735408     0.358268    -0.101489
   -0.948358      -1.1728     0.760929      1.59218    0.0208857   0.00839395    -0.601995    -0.804741     0.416068    -0.068398
   -0.948358      -1.1815     0.772173      1.63407    0.0180686   0.00774305    -0.624173    -0.857547     0.469189   -0.0536538
   -0.948358     -1.16883     0.756377      1.58361    0.0247861   0.00931298    -0.588038    -0.776774     0.399599    -0.089838
   -0.948358     -1.17142     0.758725      1.57794    0.0188629   0.00789469    -0.601034    -0.798434     0.400991   -0.0582236
   -0.948358     -1.12562      0.70822      1.50333    0.0331172    0.0104549    -0.443253    -0.507033     0.253987     -0.15627
   -0.948358     -1.12691     0.709482      1.50295    0.0352986    0.0110352    -0.448127    -0.514453     0.255822    -0.166409
   -0.948358     -1.13857     0.723766      1.54922    0.0321543    0.0103891    -0.477004    -0.574614     0.307416    -0.154176
   -0.948358     -1.13966     0.725306      1.55696    0.0302578   0.00991648     -0.47867    -0.579738     0.314637    -0.145432
   -0.948358     -1.11927     0.700055      1.47155    0.0379479    0.0116091    -0.429614    -0.475457     0.221714    -0.176897
   -0.948358     -1.12982      0.71268      1.50819    0.0367349    0.0114569    -0.457333    -0.530643     0.264321    -0.172656
   -0.948358     -1.13855     0.723477       1.5446    0.0338706    0.0108365    -0.478442    -0.575523     0.304365    -0.161611
   -0.948358     -1.14842      0.73582      1.58781    0.0300702   0.00998622    -0.501783     -0.62616     0.351556    -0.146465
   -0.948358      -1.1519     0.740222      1.60392    0.0282218     0.009557    -0.509772    -0.643992     0.368985    -0.138381
   -0.948358     -1.14111     0.727252      1.56567     0.028064   0.00937781    -0.481392    -0.586952     0.323199    -0.134797
   -0.948358     -1.12565     0.708567      1.50859    0.0300714   0.00968146    -0.441864    -0.506799     0.257785    -0.141568
   -0.948358     -1.15495     0.744056       1.6176    0.0265936   0.00918147    -0.516962    -0.659863     0.384067    -0.130854
   -0.948358     -1.15749     0.747247       1.6287    0.0252024   0.00886187    -0.523165    -0.673463     0.396664    -0.123967
   -0.948358     -1.11657     0.697921      1.48041    0.0275734   0.00893514     -0.41737    -0.460111     0.223814    -0.127673
   -0.948358     -1.11588     0.696764      1.47243    0.0319009    0.0100104    -0.417149    -0.456847     0.217366    -0.148804
   -0.948358     -1.17059     0.763238      1.67879    0.0236895   0.00864151    -0.557153    -0.744189     0.457221    -0.119343
   -0.948358     -1.17073     0.763404      1.67927    0.0232319   0.00853022    -0.557629    -0.745329     0.458054    -0.116304
   -0.948358     -1.15918     0.749343      1.63576    0.0242989   0.00865597    -0.527393    -0.682628      0.40488    -0.119274
   -0.948358     -1.17056     0.763188      1.67858    0.0239482   0.00870531    -0.557025    -0.743809     0.456881    -0.121009
   -0.948358     -1.17179     0.764686      1.68308      0.02389   0.00870642    -0.560356    -0.750696     0.462618      -0.1209
   -0.948358     -1.17185      0.76476      1.68327    0.0236805   0.00865561    -0.560591    -0.751247     0.462998    -0.119479
   -0.948358     -1.17086     0.763557      1.67943    0.0225204    0.0083576    -0.558324    -0.746926     0.458898    -0.111302
   -0.948358     -1.17185     0.764757      1.68306    0.0232316   0.00854577    -0.560821    -0.751827     0.463164    -0.116281
   -0.948358     -1.17188     0.764769      1.68241    0.0220854   0.00826639    -0.561565    -0.753566     0.463591    -0.107989
   -0.948358     -1.13488     0.711641      1.40277    0.0297916     0.010433    -0.509096    -0.581346     0.187541    -0.111914
   -0.948358      -1.1701      0.76262      1.67671    0.0241837   0.00875864    -0.555834    -0.741225     0.454596    -0.122319
   -0.948358     -1.17147     0.764279      1.68177    0.0241504   0.00876712    -0.559462    -0.748731     0.460932    -0.122482
   -0.948358     -1.17168     0.764538      1.68262    0.0240335   0.00874052    -0.560014    -0.749931     0.461983    -0.121812
   -0.948358     -1.16917      0.76146      1.67283    0.0245706   0.00884469    -0.553472    -0.736113      0.44997    -0.124277
   -0.948358     -1.15613     0.745248      1.61774    0.0287704    0.0097537    -0.521461     -0.66716     0.386716    -0.142008
   -0.948358     -1.16185     0.752389      1.64236    0.0267959    0.0093201    -0.535318    -0.697163     0.414573    -0.133848
   -0.948358     -1.15871     0.748403      1.62776    0.0283171   0.00967124    -0.528068    -0.680965      0.39858    -0.140378
   -0.948358     -1.16431     0.755391      1.65188    0.0263922   0.00924853    -0.541631    -0.710368     0.425954    -0.132392
   -0.948358     -1.16604      0.75759      1.65996    0.0254803   0.00903691    -0.545636    -0.719351     0.434859    -0.128268
   -0.948358     -1.14524     0.731758      1.57244    0.0318378    0.0104016    -0.494726    -0.610154     0.335366    -0.153814
   -0.948358     -1.15172     0.739708      1.59799    0.0304805     0.010139    -0.511104    -0.644398     0.364897    -0.148857
   -0.948358     -1.16827     0.759957      1.66175    0.0269598   0.00946182      -0.5542     -0.73473     0.441892    -0.133753
   -0.948358     -1.16872     0.760623      1.66578     0.026335   0.00930093    -0.554412    -0.736038     0.445153     -0.13156
   -0.948358     -1.17061     0.762868      1.67151    0.0259486   0.00923528    -0.560162    -0.747713     0.453641    -0.128601
   -0.948358     -1.16619     0.757582      1.65707    0.0267462     0.009368    -0.547321    -0.721453     0.433624    -0.133961
   -0.948358     -1.16462     0.755314      1.64452    0.0286562   0.00985502    -0.545814    -0.715782     0.422816    -0.140971
   -0.948358     -1.16801     0.759535      1.65876     0.027434   0.00958616    -0.554333    -0.734271      0.43966    -0.135309
   -0.948358     -1.17492     0.768292       1.6882    0.0142712   0.00639172    -0.574253    -0.780916     0.479265   -0.0524262
   -0.948358     -1.17427     0.767517      1.68671     0.017085   0.00707777    -0.571448     -0.77453     0.475558   -0.0716385
   -0.948358     -1.17616     0.769749      1.69173    0.0150492   0.00660389    -0.578002    -0.788272     0.484712   -0.0569913
   -0.948358     -1.17645     0.770127      1.69275    0.0124687   0.00596693    -0.579328    -0.791675     0.486757   -0.0398907
   -0.948358     -1.17643     0.770056      1.69245    0.0155983   0.00674447    -0.578747    -0.789608     0.485746   -0.0604812
   -0.948358     -1.17453     0.767825      1.68752    0.0174829   0.00718027    -0.572148    -0.775826     0.476608     -0.07421
   -0.948358     -1.16873     0.759473      1.64313    0.0283566    0.0099183    -0.564401    -0.749513     0.435299    -0.129192
   -0.948358     -1.17381     0.765919      1.66648    0.0258212   0.00932721    -0.576763     -0.77764     0.462752    -0.116838
   -0.948358     -1.17335     0.765174      1.66104    0.0261523   0.00942297    -0.577172    -0.777257     0.458934    -0.116579
   -0.948358     -1.17705     0.770097      1.68242    0.0234606   0.00876087     -0.58439    -0.795599     0.481154    -0.104534
   -0.948358      -1.1506     0.737229      1.57331    0.0345248    0.0112393    -0.515933    -0.646356     0.348137      -0.1604
   -0.948358     -1.17815     0.772105      1.69744    0.0134178    0.0062289    -0.584552    -0.802005     0.494334   -0.0452841
   -0.948358      -1.1785     0.772497      1.69823    0.0142586   0.00644399    -0.585589     -0.80384     0.495668   -0.0505572
   -0.948358     -1.17981     0.774054      1.70196    0.0136807   0.00632062    -0.589888    -0.812739     0.501989   -0.0460981
   -0.948358     -1.18009     0.774321       1.7019    0.0156093   0.00680807    -0.590786    -0.813826     0.502437   -0.0582146
   -0.948358     -1.14094     0.725508      1.53798    0.0369469    0.0117157    -0.490092    -0.592932      0.30497    -0.171691
   -0.948358     -1.13552     0.718861      1.51668    0.0384826    0.0120353    -0.476295    -0.563963     0.280347    -0.177969
   -0.948358     -1.12931     0.711511      1.49672    0.0393855    0.0121619    -0.459153    -0.530097      0.25559     -0.18241
   -0.948358     -1.12435     0.705274      1.47441    0.0414511    0.0126343     -0.44759    -0.504659     0.231591    -0.190171
   -0.948358     -1.14081     0.725115      1.53326    0.0375836    0.0118973    -0.491252     -0.59356     0.301659    -0.173083
   -0.948358     -1.13941     0.723859      1.53607    0.0366595    0.0116033    -0.484729    -0.583434     0.300619    -0.171548
   -0.948358     -1.17074     0.763377       1.6788    0.0244032   0.00882187    -0.557597    -0.744722     0.457345    -0.123745
   -0.948358     -1.17085     0.763506      1.67916    0.0244157   0.00882648    -0.557901    -0.745336     0.457824    -0.123823
   -0.948358     -1.15972      0.74963       1.6314    0.0282425   0.00966598    -0.530791    -0.686527     0.403082     -0.14018
   -0.948358     -1.16482     0.756006      1.65364    0.0263984   0.00925707    -0.543039    -0.713216     0.428207    -0.132493
   -0.948358     -1.15327     0.741568       1.6034    0.0303815    0.0101355    -0.515278    -0.652848     0.371593    -0.148585
   -0.948358     -1.15473     0.743327      1.60863    0.0302339     0.010118    -0.519169    -0.660799     0.378027    -0.148076
   -0.948358      -1.1598     0.749702      1.63122    0.0283918   0.00970627    -0.531178     -0.68713     0.403161    -0.140829
   -0.948358     -1.16482     0.755987      1.65324    0.0265541   0.00929759    -0.543202    -0.713384     0.427989    -0.133193
   -0.948358     -1.16863     0.760749      1.66982    0.0251577   0.00898777    -0.552389    -0.733419     0.446874    -0.127192
   -0.948358     -1.16843     0.760508      1.66917    0.0251325   0.00897859    -0.551814    -0.732267     0.445989    -0.127045
   -0.948358     -1.14774     0.734553      1.57734    0.0327609    0.0106848    -0.502821    -0.624924     0.343713    -0.157572
   -0.948358     -1.14989     0.737151      1.58525    0.0324045    0.0106237    -0.508447    -0.636498     0.353216    -0.156166
   -0.948358     -1.14555     0.731912      1.56952    0.0330429    0.0107255    -0.496991    -0.613065     0.334228    -0.158654
   -0.948358     -1.14318     0.728699      1.55476    0.0348983     0.011188    -0.492925    -0.602242     0.320132    -0.165267
   -0.948358      -1.1566     0.745653      1.61656    0.0296867    0.0100007    -0.523732     -0.67062     0.387028     -0.14598
   -0.948358     -1.14047     0.725552       1.5472    0.0348573    0.0111296    -0.484978    -0.586952     0.309811    -0.165484
   -0.948358     -1.13461     0.718179      1.52077     0.037169    0.0116544    -0.471377    -0.557069     0.281346    -0.174105
   -0.948358     -1.16219     0.752579      1.63972    0.0281587   0.00967989     -0.53762     -0.70032     0.413802    -0.139932
   -0.948358     -1.11869     0.698857      1.46092    0.0409124    0.0123827     -0.43074    -0.473774     0.213217    -0.188804
   -0.948358     -1.12318     0.704429      1.47998    0.0391929    0.0120007    -0.441453    -0.496676     0.233747    -0.182167
   -0.948358     -1.14292     0.727691      1.54123    0.0370041    0.0117793    -0.496795    -0.605101     0.311173    -0.170516
   -0.948358      -1.1451     0.730628      1.55452    0.0357497    0.0114649    -0.500685    -0.615296     0.324189    -0.166751
   -0.948358     -1.17965     0.773673       1.6988    0.0184512   0.00751579    -0.589601    -0.810091     0.498646   -0.0761188
   -0.948358     -1.18129     0.775561      1.70248    0.0179245   0.00741513    -0.595412    -0.821879     0.506283    -0.071263
   -0.948358     -1.17897     0.772672      1.69349    0.0209368   0.00813814    -0.588445    -0.806095     0.493227   -0.0907209
   -0.948358     -1.16761     0.759448      1.66488    0.0257246   0.00912081    -0.550123    -0.728257     0.441553     -0.12967
   -0.948358     -1.16358     0.754341       1.6462    0.0275432   0.00953841    -0.540807    -0.707455     0.420925    -0.137393
   -0.948358     -1.17257     0.765192      1.67742    0.0252414   0.00909114    -0.566223     -0.76017     0.462678    -0.123453
   -0.948358     -1.17056     0.762702       1.6693    0.0263438   0.00934257    -0.560893    -0.748535     0.452458    -0.129694
   -0.948358     -1.17257     0.763949      1.65299    0.0266702   0.00956846    -0.577189    -0.775485      0.45265    -0.116833
   -0.948358     -1.16631     0.755786      1.62027    0.0297026    0.0102964    -0.563414    -0.742351     0.416329     -0.12971
   -0.948358     -1.17731     0.770259      1.68015    0.0235696   0.00880704    -0.586636     -0.79936     0.481273    -0.103245
   -0.948358     -1.16731     0.756801      1.62011    0.0293257    0.0102348    -0.567772     -0.75022     0.419145    -0.125917
   -0.948358     -1.16104     0.748512      1.58547    0.0319233     0.010868    -0.554449    -0.717036     0.380934    -0.135766
   -0.948358     -1.16255     0.749538      1.57622    0.0304479    0.0105934    -0.564126    -0.731624     0.378488    -0.123256
   -0.948358     -1.17688     0.767263      1.63153    0.0234345   0.00898862    -0.604871    -0.821165     0.454278   -0.0851188
   -0.948358     -1.16903     0.757149      1.59378    0.0263771    0.0096766    -0.585227    -0.774666      0.40737   -0.0997381
   -0.948358     -1.17793     0.768125      1.62744    0.0216223   0.00857679    -0.611014    -0.831332     0.454564   -0.0738187
   -0.948358     -1.18687     0.779259      1.66271    0.0168571   0.00746699    -0.636926    -0.889458     0.504723   -0.0470626
   -0.948358     -1.18924     0.781926      1.66666    0.0143427   0.00687324    -0.645962    -0.907482     0.514389   -0.0327562
   -0.948358     -1.19431     0.788586      1.69293    0.0130339    0.0065753    -0.658418    -0.938311     0.547884   -0.0252019
   -0.948358     -1.19107     0.784808      1.68518    0.0157029   0.00719892    -0.646864     -0.91435     0.532568   -0.0408049
   -0.948358     -1.18328     0.775086      1.65424    0.0197979   0.00815065    -0.624238    -0.863388     0.488211   -0.0642357
   -0.948358     -1.18161     0.775582      1.69667    0.0203858   0.00806387    -0.599091    -0.826933     0.504528   -0.0833055
   -0.948358     -1.18012     0.773957      1.69515    0.0206744   0.00809906    -0.592972    -0.815017     0.498257   -0.0874465
   -0.948358     -1.18373     0.778378      1.70791    0.0172666   0.00729688    -0.604136    -0.839576     0.517761     -0.06493
   -0.948358     -1.18818     0.781498      1.67941    0.0180432   0.00773757    -0.636118    -0.892502     0.519514   -0.0549889
   -0.948358     -1.19458     0.789462      1.70412    0.0145218   0.00692044    -0.655168    -0.935246     0.556111   -0.0342176
   -0.948358     -1.19238     0.786987      1.70067    0.0162593   0.00731527    -0.646495    -0.917793     0.546344   -0.0452023
   -0.948358     -1.20966     0.809122       1.7794   0.00341545   0.00422185    -0.693514     -1.02899       0.6534    0.0313055
   -0.948358     -1.20731     0.805885      1.76442   0.00756052   0.00526525    -0.688861       -1.016      0.63713   0.00704893
   -0.948358     -1.20632     0.804729      1.76212   0.00806294   0.00537569    -0.685183     -1.00825     0.631947   0.00375265
   -0.948358      -1.2041      0.80189      1.75218   0.00966929    0.0057612    -0.679008    -0.993676     0.618046  -0.00599031
   -0.948358      -1.2045     0.802282      1.75152   0.00949955   0.00573081    -0.681195    -0.997733     0.619304   -0.0046903
   -0.948358     -1.20926     0.808389      1.77338    0.0059031   0.00486294      -0.6942     -1.02874     0.649485    0.0170471
   -0.948358     -1.20832     0.807319       1.7717   0.00616077   0.00491081    -0.690492     -1.02108       0.6447     0.015173
   -0.948358     -1.20563     0.803932      1.76064    0.0083968   0.00544805    -0.682579     -1.00281     0.628414    0.0015246
   -0.948358      -1.2039     0.801737      1.75319   0.00966827   0.00575236    -0.677653    -0.991322     0.617772  -0.00622053
   -0.948358     -1.20099     0.797958      1.73893    0.0115517   0.00620592    -0.670155    -0.973123     0.599052   -0.0174007
   -0.948358     -1.19956     0.796038      1.73069    0.0123358   0.00639766    -0.667007     -0.96491     0.589208   -0.0218475
   -0.948358     -1.20589     0.803907      1.75488   0.00866833   0.00554331     -0.68627     -1.00846     0.626542  0.000631659
   -0.948358      -1.2079     0.806583      1.76592   0.00724288   0.00519433    -0.691006     -1.02056     0.640297   0.00909835
   -0.948358     -1.18199     0.771575      1.61447   0.00998793   0.00574827    -0.632768    -0.866335     0.451153   -0.0135157
   -0.948358     -1.18503     0.775402      1.62726   0.00843318   0.00537978    -0.641221    -0.885543     0.467976  -0.00525268
   -0.948358     -1.17816     0.766478      1.59367   0.00934686   0.00555611    -0.623455    -0.842614     0.424179   -0.0119456
   -0.948358      -1.1878     0.778848      1.63821   0.00665036   0.00495161    -0.649131    -0.903148     0.482413    0.0040511
   -0.948358     -1.19045     0.782152      1.64873     0.004839   0.00451445    -0.656701    -0.919978     0.496084    0.0134979
   -0.948358     -1.18327     0.772954      1.61596    0.0069992   0.00500204    -0.637387    -0.874665     0.453141  0.000667999
   -0.948358     -1.18644      0.77694      1.62919   0.00506927   0.00453782    -0.646216    -0.894627     0.470216    0.0107718
   -0.948358     -1.19258     0.784804      1.65726    0.0031644   0.00410615    -0.662732    -0.933442      0.50702    0.0222038
   -0.948358     -1.18866     0.779732      1.63845   0.00342204   0.00413639     -0.65241    -0.908623     0.482037    0.0193089
   -0.948358     -1.16713     0.751989      1.53662   0.00776508   0.00506338    -0.596185    -0.775263     0.351926  -0.00866899
   -0.948358     -1.18429     0.774106      1.61786   0.00416661   0.00428785     -0.64089     -0.88122     0.455166    0.0140408
   -0.948358     -1.17844     0.766574      1.59044   0.00554333   0.00458916    -0.625474    -0.844765     0.419912   0.00543738
   -0.948358     -1.18084      0.76975      1.60323   0.00651683   0.00485871    -0.631347    -0.859561     0.436521   0.00194301
   -0.948358     -1.17227     0.758752      1.56342   0.00896958   0.00541355    -0.608795    -0.806503     0.385708   -0.0122226
   -0.948358     -1.20809     0.807326      1.77648   0.00374176    0.0042762    -0.687359     -1.01625     0.645291    0.0288317
   -0.948358     -1.20129     0.799157      1.75615    0.0091301   0.00553854    -0.664186    -0.966107     0.608298  -0.00553285
   -0.948358     -1.20847     0.807673      1.77558   0.00476476   0.00454751    -0.689512     -1.02019     0.646809    0.0230968
   -0.948358     -1.20976     0.809138      1.77762   0.00460322   0.00453156    -0.694768     -1.03096      0.65337    0.0245703
   -0.948358     -1.21111     0.810565      1.77796   0.00496925   0.00465608    -0.700983     -1.04317     0.659416    0.0230537
   -0.948358      -1.2025     0.799625       1.7407    0.0106117   0.00599991    -0.676426    -0.985688     0.605771   -0.0112013
   -0.948358     -1.20009     0.796403      1.72701    0.0116545   0.00625175    -0.671031    -0.971685     0.589103   -0.0171966
   -0.948358     -1.20365     0.800847      1.74108   0.00976535   0.00581275    -0.681625    -0.995812     0.610268  -0.00578185
   -0.948358     -1.20529     0.803084      1.75116   0.00901604   0.00562915    -0.685026     -1.00507     0.622189  -0.00139513
   -0.948358     -1.19791     0.793833      1.72154    0.0131313   0.00658981    -0.663184    -0.955172     0.578008   -0.0263634
   -0.948358     -1.19726     0.792594      1.71066    0.0125421   0.00646284    -0.664732    -0.955216       0.5692    -0.022308
   -0.948358     -1.20223     0.798844      1.73103     0.010069   0.00588855     -0.67923     -0.98847     0.599019  -0.00757159
   -0.948358     -1.20884     0.807358      1.76183   0.00702725   0.00517615    -0.697167     -1.03142     0.641804    0.0109713
   -0.948358      -1.2097     0.808564      1.76772    0.0065275     0.005051    -0.698722     -1.03603     0.648483    0.0139485
   -0.948358     -1.21041     0.809574      1.77279   0.00591224   0.00489562    -0.699932     -1.03975      0.65404    0.0175642
   -0.948358     -1.21234      0.81183       1.7774   0.00497672   0.00468955    -0.707047     -1.05481     0.664201    0.0234788
   -0.948358     -1.20783     0.805922      1.75461   0.00739866   0.00526918     -0.69544     -1.02609     0.633624   0.00868047
   -0.948358     -1.20704     0.804751      1.74808   0.00742756   0.00527798    -0.694423     -1.02229     0.626493   0.00831904
   -0.948358     -1.21119     0.810064      1.76665   0.00557694   0.00484806    -0.706101     -1.04996     0.653192    0.0197281
   -0.948358     -1.21148      0.81054      1.76991   0.00555981   0.00484072    -0.706135     -1.05096     0.656423    0.0199476
   -0.948358     -1.20099     0.797023      1.72105   0.00991891   0.00585253    -0.677548    -0.982453     0.588139  -0.00688845
   -0.948358     -1.21389     0.813533      1.77899   0.00406284    0.0044884    -0.713623     -1.06795       0.6708    0.0289552
   -0.948358     -1.21403     0.813793      1.78103   0.00399797   0.00446929    -0.713479     -1.06826     0.672693    0.0294171
   -0.948358     -1.21188     0.811158      1.77373   0.00535196   0.00478555    -0.706429      -1.0526     0.660293    0.0212398
   -0.948358      -1.1911     0.785679      1.70124    0.0172905   0.00753852    -0.640387    -0.906318     0.542062   -0.0523943
   -0.948358     -1.19723     0.794082      1.73988    0.0125731   0.00636098    -0.652286    -0.938999     0.584598   -0.0270221
   -0.948358     -1.19928     0.796664       1.7484    0.0108444   0.00594726     -0.65817    -0.952512     0.596706   -0.0163082
   -0.948358     -1.19496     0.790358      1.71387     0.015042   0.00702479    -0.652794    -0.933249     0.562931   -0.0384238
   -0.948358     -1.20739     0.806322      1.77122   0.00606555   0.00486531    -0.686319     -1.01284     0.640462    0.0152309
   -0.948358      -1.2079     0.806924      1.77262   0.00571056   0.00478316    -0.688103     -1.01667     0.643207    0.0174867
   -0.948358      -1.2075     0.806392      1.77043   0.00633439   0.00493877    -0.687157     -1.01426     0.640604     0.013801
   -0.948358     -1.20788     0.806844      1.77133   0.00614479   0.00489727    -0.688597     -1.01729     0.642644    0.0150559
   -0.948358     -1.20819     0.807262      1.77322   0.00558833   0.00475738    -0.689225     -1.01901     0.644722    0.0183205
   -0.948358     -1.19214     0.787471      1.71473    0.0166087   0.00733964    -0.639492     -0.90806     0.552837   -0.0506128
   -0.948358     -1.19363     0.789428      1.72259    0.0155429   0.00708005    -0.642987    -0.916727     0.562316   -0.0446389
   -0.948358     -1.20162     0.799498      1.75606   0.00927584   0.00558409    -0.665759    -0.969108     0.609661   -0.0061037
   -0.948358     -1.19533     0.791643      1.73108     0.014186   0.00675062    -0.647227     -0.92702     0.572977   -0.0367267
   -0.948358     -1.19992     0.797371       1.7493    0.0106971   0.00592333    -0.660727    -0.957659     0.599704   -0.0149641
   -0.948358     -1.19151      0.78656      1.70995    0.0170895   0.00746293    -0.638598    -0.905142     0.548084   -0.0529124
   -0.948358     -1.19149     0.786419      1.70752    0.0171453   0.00748681    -0.639571    -0.906382     0.546823   -0.0526176
   -0.948358     -1.19657     0.792496      1.72257    0.0142041   0.00682234    -0.656581    -0.942757     0.573595   -0.0337519
   -0.948358     -1.20813     0.807133      1.77194    0.0060163    0.0048687    -0.689493      -1.0192     0.643961     0.015893
   -0.948358     -1.19402     0.789424      1.71479    0.0157178   0.00716647    -0.648074    -0.924461     0.559937   -0.0433709
   -0.948358     -1.20736     0.806141      1.76834   0.00686074   0.00507581    -0.687413     -1.01421     0.639145    0.0108302
   -0.948358     -1.20701     0.805738       1.7676   0.00701588   0.00510901    -0.686092     -1.01145     0.637336   0.00978829
   -0.948358      -1.2018     0.799077      1.74423    0.0110429   0.00607869    -0.671666    -0.977415     0.604937   -0.0145788
   -0.948358     -1.21537     0.815597      1.78883   0.00232853   0.00405147    -0.716497     -1.07631     0.682212    0.0391928
   -0.948358     -1.21539     0.815566      1.78782   0.00251721   0.00410303    -0.717017     -1.07702     0.681708     0.038096
   -0.948358      -1.2144     0.814396      1.78514   0.00346531    0.0043299    -0.713515      -1.0695     0.676557    0.0325791
   -0.948358     -1.21417     0.814039      1.78306   0.00383614   0.00442511    -0.713268     -1.06843     0.674457    0.0304046
   -0.948358     -1.21545     0.815585      1.78689    0.0025436   0.00411388    -0.717698     -1.07807     0.681347    0.0379003
   -0.948358     0.671712    -0.968178     0.175258    -0.395696      1.08193    -0.129129    -0.413801     0.735053      1.74032
   -0.948358     0.660739    -0.919667     0.160546    -0.360086     0.969537     0.028922    -0.495825     0.706642      1.84299
   -0.948358     0.636431    -0.910955     0.149185    -0.350739     0.935342    0.0678739    -0.436004     0.760956      1.86809
   -0.948358     0.658108    -0.965142     0.168944    -0.389627      1.06113    -0.112141    -0.377662     0.773623      1.74808
   -0.948358     0.689292    -0.983751     0.185872    -0.410711      1.13178    -0.191859    -0.428717     0.694682      1.68554
   -0.948358     0.710271    -0.997911     0.197418     -0.42311      1.17545     -0.25852    -0.453832      0.63663      1.59873
   -0.948358     0.710545    -0.947254     0.185357    -0.379581      1.04417    -0.103322    -0.581911     0.589246      1.67322
   -0.948358     0.683701     -0.93135     0.171787    -0.369464       1.0046   -0.0252571    -0.540408     0.654648      1.78428
   -0.948358     0.631662    -0.972197     0.158332     -0.37599      1.02116     -0.13338    -0.270331     0.860879      1.64309
   -0.948358      0.58122      -0.9022     0.123463    -0.322862     0.846214    0.0893206    -0.261781     0.879946      1.74537
   -0.948358     0.581267    -0.914493     0.125013    -0.322413     0.849898    0.0444493    -0.231924      0.89865      1.66275
   -0.948358     0.633107    -0.985095     0.161057    -0.377055      1.02906    -0.179732    -0.241762     0.874743      1.56005
   -0.948358     0.749309     -1.02691     0.218989    -0.433104      1.22277    -0.410841     -0.47954     0.519231      1.28982
   -0.948358     0.755218    -0.967325      0.20544    -0.367402      1.03008    -0.238848    -0.650934      0.46959      1.30967
   -0.948358     0.747256    -0.964101     0.202205    -0.375817       1.0497    -0.212373    -0.639338     0.488717      1.40978
   -0.948358     0.742198     -1.01984     0.214716    -0.432778      1.21767    -0.375266    -0.480925     0.539627      1.37136
   -0.948358       0.7358      -1.0634     0.219658    -0.393562      1.12228    -0.530185    -0.345692     0.627915     0.888384
   -0.948358     0.717904     -1.07925     0.216731    -0.419566      1.19351    -0.559873    -0.249065     0.693526     0.963235
   -0.948358     0.701295     -1.04725     0.200481    -0.356819      1.01029    -0.446011    -0.294149     0.751106      0.92241
   -0.948358     0.728264     -1.03128     0.207145    -0.330669     0.939769    -0.422345    -0.418718     0.660658     0.838459
   -0.948358     0.700045     -1.07783     0.209129    -0.423655      1.20031    -0.536887    -0.200311     0.752003      1.04127
   -0.948358     0.671907      -1.0497     0.190879    -0.408392      1.14401    -0.421427    -0.191333      0.82106      1.21751
   -0.948358     0.637028     -1.00288     0.164338    -0.349355     0.964301    -0.261844    -0.202413     0.884832      1.24527
   -0.948358     0.672582       -1.036     0.186225    -0.358477      1.00627    -0.389548    -0.231722     0.821815      1.04103
   -0.948358     0.748388     -1.04025      0.21885    -0.372802       1.0622    -0.471289    -0.444125     0.571852     0.898606
   -0.948358     0.747532     -1.00561     0.208587    -0.313818     0.891364    -0.365269    -0.538173     0.575316      0.84999
   -0.948358     0.758945    -0.976777       0.2061    -0.299242     0.847165    -0.291754    -0.640225     0.510544     0.905227
   -0.948358     0.755476     -1.01505      0.21539    -0.355971       1.0113     -0.40032    -0.530319     0.531223      0.95332
   -0.948358     0.651641     -1.02158     0.176227    -0.392922      1.08863    -0.315418    -0.202787     0.856118      1.36085
   -0.948358     0.609155    -0.967204     0.145171     -0.33156     0.899333    -0.135817    -0.201132     0.916608      1.39555
   -0.948358     0.637583    -0.998412     0.165244       -0.378      1.03759    -0.229635    -0.220847     0.878078      1.46488
   -0.948358     0.584981     -0.93225     0.128807    -0.319101     0.849225   -0.0215448    -0.200638     0.916834      1.52489
   -0.948358     0.724205     -1.00471     0.204357    -0.426945      1.19201    -0.298491    -0.474495     0.593239      1.52207
   -0.948358     0.727626    -0.958219     0.194033    -0.383231      1.06218    -0.161107    -0.602466     0.545851      1.56713
   -0.948358     0.635521    -0.966641     0.159228    -0.378087      1.02554    -0.113343    -0.297817     0.842153      1.69133
   -0.948358     0.593629    -0.899502     0.128896    -0.330193     0.866902     0.104941    -0.313309     0.848684      1.81771
   -0.948358     0.582637    -0.922348     0.126631    -0.321805     0.851739    0.0155444     -0.21711     0.907013      1.60669
   -0.948358     0.645273    -0.968158     0.163962    -0.385354      1.04753    -0.118493    -0.327324     0.815895      1.71849
   -0.948358     0.613321    -0.903535     0.138224    -0.340332     0.899515    0.0950413    -0.373738     0.808497      1.85956
   -0.948358     0.753173     -1.03532     0.222435    -0.435958       1.2341    -0.445672    -0.465685     0.510364      1.22568
   -0.948358     0.759605    -0.970192     0.207326    -0.359252      1.00994    -0.258145    -0.654403     0.462254      1.22929
   -0.948358     0.755874     -1.02971     0.221684    -0.423318      1.19903    -0.434558    -0.487625     0.501734      1.18488
   -0.948358     0.759778     -1.00999     0.216705    -0.373996      1.06047    -0.386949    -0.551768     0.497634      1.05003
   -0.948358     0.767672    -0.948371     0.203334    -0.304796      0.85828    -0.217175    -0.726721     0.438968      1.04402
   -0.948358     0.765191    -0.957038      0.20527    -0.328931     0.925659    -0.234432    -0.699371     0.443875      1.12486
   -0.948358     0.758976     -1.02223      0.22027    -0.401201      1.13776    -0.420886    -0.515063     0.495283      1.10519
   -0.948358     0.758902     -1.00395     0.214174    -0.353603      1.00287    -0.369309    -0.567684     0.508273     0.996918
   -0.948358      0.76731    -0.948051     0.202463    -0.286888     0.808986    -0.219406    -0.727411     0.450916     0.962192
   -0.948358     0.782272    -0.886111     0.192339    -0.229076     0.641335   -0.0748076    -0.896687     0.343456     0.915899
   -0.948358     0.783141    -0.878444      0.19137    -0.241481     0.674171   -0.0515714    -0.914329      0.32126      1.00648
   -0.948358     0.780006    -0.881915     0.191617    -0.259037     0.722089   -0.0505099    -0.901552     0.326976      1.09502
   -0.948358     0.777553     -0.90241     0.194157    -0.226806     0.636958    -0.113173    -0.853018     0.385783     0.855834
   -0.948358     0.802042    -0.820592     0.183488    -0.178399     0.495829    0.0514697     -1.05519     0.197475     0.824829
   -0.948358     0.804226    -0.804886     0.181095    -0.188394     0.521339    0.0901427     -1.08621     0.157314     0.920822
   -0.948358     0.858459    -0.638666     0.161202    -0.107421     0.291282     0.323924     -1.37371    -0.265245     0.670294
   -0.948358     0.857896    -0.657106     0.164587   -0.0845864     0.230831      0.27942      -1.3502    -0.216827     0.498601
   -0.948358     0.857001    -0.627271     0.158605    -0.119262     0.321889     0.356345     -1.38519    -0.289942     0.773013
   -0.948358     0.829439    -0.725185       0.1712    -0.144603     0.396258     0.216063     -1.24137   -0.0419996     0.810275
   -0.948358     0.826951    -0.744147     0.174201    -0.133128     0.366828     0.172379     -1.20835   0.00687682     0.703104
   -0.948358     0.844059    -0.706111     0.170544   -0.0671554     0.185071     0.203735     -1.27396   -0.0801367      0.36187
   -0.948358     0.827095    -0.719689      0.16958    -0.156479     0.427314     0.239603     -1.24801   -0.0524366      0.90563
   -0.948358      0.80154    -0.803464     0.180284    -0.201951     0.557496     0.104092     -1.08533     0.155597      1.01147
   -0.948358     0.793785    -0.849516     0.186925    -0.177134     0.494932  -0.00855582     -0.98768     0.273805     0.753396
   -0.948358     0.816313    -0.783217     0.178946    -0.122105     0.339102     0.100243     -1.13335     0.115375     0.586162
   -0.948358     0.751193    -0.971027     0.200341    -0.254145     0.719818    -0.268139    -0.639467     0.556906     0.770269
   -0.948358     0.767719    -0.933372      0.19783    -0.240844      0.67933    -0.184514    -0.763289     0.455846      0.82068
   -0.948358     0.729656     -1.00198     0.199317    -0.273693     0.776337    -0.336126     -0.50378     0.655287     0.757655
   -0.948358     0.759585    -0.935933     0.194147    -0.197031     0.556498    -0.181269    -0.745383     0.512226     0.665149
   -0.948358     0.780745    -0.887126      0.19081    -0.186639     0.524375   -0.0852618    -0.888253     0.372106     0.712461
   -0.948358      0.77043    -0.897591     0.188103    -0.124735     0.351696   -0.0992985    -0.851552     0.452551      0.46664
   -0.948358     0.798946    -0.832568     0.183817     -0.12122     0.339093    0.0157445     -1.02551     0.256176     0.524259
   -0.948358     0.732651    -0.972452     0.192129    -0.208702     0.590872    -0.253905    -0.590057     0.643141      0.63435
   -0.948358     0.736737    -0.943712      0.18564    -0.129747     0.367086    -0.180714    -0.670589     0.626108     0.435741
   -0.948358     0.781996    -0.866073     0.184511   -0.0672634     0.189872   -0.0438179    -0.931664     0.387115     0.272998
   -0.948358     0.820369    -0.773848     0.177459     -0.06521     0.181924     0.101676     -1.14537     0.111903     0.306964
   -0.948358     0.771123    -0.892021     0.191868    -0.290952     0.808905   -0.0547438    -0.860795     0.353083      1.25084
   -0.948358     0.791523     -0.81071     0.179345     -0.22877      0.62916     0.116544     -1.05807     0.184747      1.18063
   -0.948358     0.730868    -0.687339     0.136602    -0.211587     0.545236     0.554927     -1.10182     0.118432      1.67723
   -0.948358     0.778052    -0.657969     0.143805    -0.190052     0.496746     0.517047     -1.23603   -0.0603655      1.45694
   -0.948358     0.711345     -0.76442     0.145662     -0.25557     0.669695     0.398406    -0.943308     0.316314      1.78484
   -0.948358     0.757079    -0.743449      0.15514    -0.233471     0.620384     0.366611     -1.08839     0.153854      1.57514
   -0.948358     0.806987    -0.635811     0.147194    -0.172378     0.454078     0.491325     -1.31075    -0.173493      1.28977
   -0.948358     0.686863    -0.707581     0.127581    -0.226703     0.575585     0.576408    -0.957907     0.272895      1.82712
   -0.948358     0.848455    -0.616105     0.154195    -0.137279     0.367416     0.410985      -1.3881    -0.300187     0.945819
   -0.948358     0.835008    -0.615579     0.150575    -0.151194     0.401648     0.454504     -1.37191    -0.274955       1.0899
   -0.948358     0.819034    -0.712058     0.165992    -0.175706      0.47648     0.285295     -1.24862    -0.055156      1.07699
   -0.948358     0.808606    -0.707457     0.162246    -0.188821      0.50859     0.327335     -1.23901   -0.0420326       1.2146
   -0.948358     0.782837    -0.802893     0.175308    -0.241225     0.659229     0.160139     -1.05422     0.190036      1.31751
   -0.948358     0.689946    -0.830657      0.15219    -0.298361      0.79109      0.25397     -0.76965     0.490652       1.8496
   -0.948358     0.734626    -0.824055     0.165458    -0.284604     0.766444     0.207169     -0.90658     0.353413      1.66871
   -0.948358     0.760356    -0.810543     0.170395    -0.264243     0.716497     0.192392     -0.99293     0.260662      1.51191
   -0.948358     0.784254    -0.723104     0.158707    -0.212468     0.568273      0.35255     -1.17254    0.0459348      1.40733
   -0.948358     0.664859    -0.775408     0.133196     -0.26666     0.686935     0.433308    -0.794856     0.460602      1.92719
   -0.948358     0.655764    -0.825784     0.139778    -0.297942     0.778169     0.306967    -0.678535     0.575125      1.94539
   -0.948358     0.683299    -0.882388     0.160948    -0.334002     0.896636     0.119332    -0.648509     0.589789      1.84176
   -0.948358     0.717706    -0.890621     0.174614    -0.333575     0.908096    0.0504691     -0.72938     0.500282      1.69877
   -0.948358     0.762275    -0.888073     0.188467    -0.304156     0.841408   -0.0225789    -0.848845     0.368425      1.37971
   -0.948358     0.741266    -0.889378     0.182274    -0.323264     0.887132    0.0178497     -0.79698     0.428574       1.5682
   -0.948358     0.620031    -0.725313     0.110704    -0.239642     0.591746     0.612787    -0.739389     0.475066       1.9897
   -0.948358     0.549379    -0.712272     0.085976    -0.234588     0.552818     0.687349    -0.530423      0.60348      2.05418
   -0.948358      0.49263    -0.701557     0.064964    -0.230828     0.521481     0.720167    -0.354109     0.687353       2.0649
   -0.948358     0.552846    -0.758599    0.0925819    -0.259228     0.627974     0.550857    -0.463959     0.688599      2.06092
   -0.948358     0.613236    -0.774902     0.116317    -0.268267     0.674652     0.483839    -0.638239     0.588619      2.02561
   -0.948358     0.569196    -0.807026     0.105028    -0.284414     0.711407     0.401238    -0.428368     0.745794      2.01771
   -0.948358     0.615162    -0.821466     0.124739    -0.295461     0.757949     0.349001    -0.557722     0.669887      2.00683
   -0.948358     0.503251    -0.743661    0.0718081    -0.250251     0.585159     0.588179    -0.317366     0.751028      2.04486
   -0.948358     0.526047    -0.790467    0.0852682    -0.271083     0.659654     0.442575    -0.307913     0.797671      1.98639
   -0.948358     0.589903    -0.856079     0.120616    -0.311467     0.802539     0.247211    -0.398536     0.786769      1.94638
   -0.948358     0.623375    -0.866821     0.135804    -0.322619     0.844337     0.209255    -0.491104     0.726476       1.9489
   -0.948358     0.654913    -0.873234     0.148821    -0.328469     0.870924     0.171944    -0.580351      0.65511      1.91215
   -0.948358     0.557161    -0.842527     0.104646    -0.296765     0.751535     0.282416    -0.310698     0.831309      1.90896
   -0.948358     0.423373    -0.694574    0.0354204    -0.227756     0.488236      0.69649    -0.121082     0.773206      2.00021
   -0.948358     0.449259    -0.695839    0.0471878    -0.228625     0.499597     0.715885    -0.210899     0.742467      2.03635
   -0.948358     0.446152     -0.73507    0.0454372    -0.239562     0.538965     0.570807    -0.127803      0.81712      1.92992
   -0.948358      0.46558    -0.735167    0.0550114    -0.243623     0.554249     0.591927    -0.198179     0.792728      1.99501
   -0.948358     0.478327    -0.784067    0.0621578    -0.254264     0.603424     0.423267     -0.14659     0.859132       1.8299
   -0.948358     0.492213    -0.780727    0.0691167    -0.259959     0.619169     0.451738    -0.204709     0.834658      1.91674
   -0.948358     0.433905    -0.733919     0.039014    -0.235697     0.526045      0.55889   -0.0855344     0.829105        1.881
   -0.948358     0.465286    -0.780995    0.0550951    -0.247326     0.582399      0.41761    -0.105011     0.870564      1.76955
   -0.948358      0.52777    -0.847953    0.0910203    -0.280804      0.70676     0.239843    -0.190292     0.893082      1.73185
   -0.948358       0.5321    -0.836721    0.0923575    -0.284436     0.712096     0.285723    -0.231642     0.866998      1.83061
   -0.948358     0.525255    -0.856691    0.0900483    -0.275071     0.695798     0.202895    -0.161124     0.912309      1.63631
   -0.948358      0.49561    -0.834051    0.0724947    -0.251612     0.622795     0.248973    -0.101156     0.918385      1.55014
   -0.948358     0.477689    -0.802577    0.0623526    -0.251073     0.603716     0.349532     -0.10374     0.889064      1.69265
   -0.948358     0.455015    -0.780515    0.0493381    -0.240159     0.562979       0.4033   -0.0677756     0.881245      1.69387
   -0.948358     0.475713    -0.812976    0.0608784    -0.242109      0.58663      0.30298    -0.073737     0.909368      1.56355
   -0.948358     0.533838    -0.874242    0.0957382    -0.275013     0.704607     0.144059    -0.151657     0.926544       1.5416
   -0.948358     0.446079    -0.759548    0.0449315    -0.239445     0.549527     0.474523   -0.0783654     0.857311       1.7901
   -0.948358     0.488785    -0.834877    0.0680429    -0.237873     0.588609     0.232727   -0.0737809      0.93069      1.43813
   -0.948358     0.509793    -0.854097    0.0809747    -0.253529     0.638708     0.188107    -0.108037      0.93117      1.47224
   -0.948358     0.555814    -0.904491     0.110023    -0.284858     0.745745    0.0491062    -0.159123     0.931653        1.442
   -0.948358     0.614336     -0.96102     0.141435    -0.224609     0.616514    -0.150844    -0.234316     0.925088     0.848491
   -0.948358     0.661959    -0.975279     0.163327    -0.182953     0.511555    -0.211389    -0.366889     0.855353     0.614349
   -0.948358     0.667559    -0.993431     0.171087    -0.242336     0.678644    -0.264698    -0.336327     0.840037     0.768663
   -0.948358     0.631626    -0.982165     0.154513    -0.267392     0.739035    -0.213509    -0.239799     0.899811     0.944134
   -0.948358     0.599138    -0.945717     0.131076    -0.197626     0.538633     -0.10619    -0.218974     0.943546     0.790232
   -0.948358     0.659021    -0.963747     0.158633    -0.134196     0.375135    -0.179331    -0.387016     0.864584     0.473209
   -0.948358     0.697706    -0.966942      0.17544     -0.14163     0.399121    -0.210518    -0.503415     0.767177     0.466817
   -0.948358      0.69685    -0.991835     0.182369    -0.225075     0.634723    -0.278893    -0.436024     0.767533     0.678971
   -0.948358     0.673341     -1.01223     0.179098    -0.292689     0.821325    -0.321376    -0.303227      0.82511     0.882481
   -0.948358     0.649559     -1.00527     0.168296    -0.309101     0.860307    -0.286076    -0.239783      0.86958      1.00937
   -0.948358     0.581266    -0.938686     0.125125    -0.269364     0.723217   -0.0684593    -0.168568     0.941523      1.17368
   -0.948358     0.562386    -0.918751     0.111925    -0.237289     0.630475    -0.015846    -0.149334     0.955908      1.09019
   -0.948358     0.662613    -0.955761     0.157675   -0.0853105     0.238943    -0.160238    -0.419303     0.861035     0.324028
   -0.948358     0.643058    -0.951677     0.148688   -0.0955839     0.266135    -0.140471    -0.363143     0.897706     0.369922
   -0.948358     0.700774      -0.9524     0.172409    -0.070731     0.200247    -0.174142    -0.549352     0.763654       0.2613
   -0.948358     0.627391    -0.951783     0.143212    -0.153041     0.421222    -0.134408    -0.305146     0.908799     0.590954
   -0.948358     0.606303    -0.966472     0.142618    -0.306649     0.834106    -0.148925    -0.188004     0.918308      1.22975
   -0.948358     0.579184    -0.934001     0.124942    -0.294633     0.786174   -0.0413755     -0.17394     0.934695       1.3537
   -0.948358     0.742522    -0.925722     0.183031   -0.0681451     0.193363    -0.141594    -0.725085     0.604118     0.253499
   -0.948358     0.697215      -1.0147      0.18927    -0.285636     0.806468    -0.345564    -0.373897     0.764769     0.809029
   -0.948358     0.523263    -0.871977    0.0891576    -0.255191     0.652583     0.133995    -0.116312     0.939959      1.40177
   -0.948358     0.550554    -0.904258     0.106073    -0.263357     0.690335    0.0387027    -0.140629     0.946337      1.30639
   -0.948358     0.507254    -0.858716    0.0788473    -0.236474      0.59814     0.161728   -0.0878886     0.945823      1.33115
   -0.948358     0.532875    -0.887808    0.0942597    -0.238571     0.618569    0.0774926    -0.114866     0.955384      1.22681
   -0.948358     0.782363     -1.23037     0.288578    -0.670846      1.94157     -1.15958    0.0804333     0.334662     0.650627
   -0.948358      0.79307     -1.27616     0.306525    -0.734826       2.1342     -1.34557     0.219241     0.240664     0.466267
   -0.948358     0.793285     -1.27717     0.306881    -0.735515       2.1365     -1.35002     0.222544     0.238748     0.457426
   -0.948358     0.782614     -1.23172      0.28902    -0.671397      1.94363     -1.16551    0.0848148     0.332714      0.63752
   -0.948358     0.782106     -1.22971      0.28834    -0.671288      1.94244     -1.15619    0.0785553     0.336006      0.66208
   -0.948358      0.79295     -1.27585     0.306413    -0.735074      2.13471     -1.34391     0.218294     0.241377     0.472188
   -0.948358     0.799929     -1.30366     0.317595    -0.773935      2.25213     -1.46056     0.305362     0.175397     0.341737
   -0.948358     0.800128     -1.30449     0.317907    -0.774663      2.25447     -1.46429     0.308136     0.173427     0.334778
   -0.948358     0.794394     -1.28231     0.308835    -0.741959      2.15615     -1.37151     0.239041     0.227836     0.430243
   -0.948358     0.783433     -1.23658     0.290713    -0.676628      1.95975      -1.1851     0.100105      0.32535     0.611747
   -0.948358     0.772348     -1.18194       0.2703    -0.602591      1.73726    -0.971696   -0.0608835     0.414393     0.801211
   -0.948358     0.771862     -1.17901      0.26938    -0.601263      1.73252    -0.959748   -0.0695325     0.416863     0.824419
   -0.948358     0.764086     -1.13116     0.252417    -0.534569      1.53395    -0.784108    -0.205184     0.471889     0.931493
   -0.948358     0.763357     -1.12622     0.250953    -0.533101      1.52815    -0.764446    -0.219245     0.474085     0.971089
   -0.948358     0.761991     -1.12129     0.249193    -0.530838         1.52    -0.743896    -0.231917     0.479625      1.01032
   -0.948358      0.77088     -1.17511     0.267964    -0.598447      1.72327    -0.943527   -0.0803721     0.422376     0.851869
   -0.948358     0.772266     -1.18414     0.270757    -0.602583      1.73796     -0.98025   -0.0533455     0.415121     0.780788
   -0.948358      0.76354     -1.13304     0.252462    -0.531407      1.52581    -0.791264    -0.198121     0.477054     0.901709
   -0.948358      0.75907     -1.07905     0.235805    -0.468257      1.33646    -0.602866     -0.35267     0.501811      1.03321
   -0.948358     0.757935     -1.07529     0.234714    -0.472247       1.3458    -0.585902    -0.361256     0.501657      1.09029
   -0.948358     0.754781     -1.07695     0.234339    -0.483628       1.3761     -0.58238    -0.349758     0.510616      1.15842
   -0.948358     0.757021     -1.07942     0.235693    -0.481765      1.37254    -0.596134    -0.347216     0.503308      1.11488
   -0.948358     0.760058     -1.11723     0.247458    -0.529761      1.51516    -0.725418    -0.240393     0.487211      1.05126
   -0.948358     0.750879     -1.06661     0.230216    -0.476624      1.35279    -0.540712    -0.370682     0.522966       1.2216
   -0.948358     0.769636     -1.17237     0.266786    -0.597551       1.7195    -0.930578   -0.0870621     0.428832     0.881895
   -0.948358     0.757078     -1.11236     0.245072    -0.527797      1.50731    -0.702302    -0.249065     0.499727      1.10084
   -0.948358     0.767926     -1.17094      0.26579    -0.598457      1.72089    -0.921344   -0.0883766     0.436806     0.912656
   -0.948358     0.781687     -1.22958     0.288196    -0.672722      1.94611     -1.15424    0.0787578     0.337754     0.675295
   -0.948358     0.792852     -1.27611     0.306486    -0.736265      2.13798     -1.34436     0.219379     0.241288     0.477144
   -0.948358     0.780614     -1.22822     0.287421    -0.672522      1.94472     -1.14665     0.076121     0.343668     0.696055
   -0.948358     0.792583     -1.27653     0.306539    -0.737826      2.14226     -1.34508     0.221475     0.241721     0.483431
   -0.948358     0.799997     -1.30433     0.317864    -0.775758      2.25732     -1.46291     0.307708     0.173817     0.344289
   -0.948358     0.799897     -1.30364     0.317595    -0.774314      2.25313     -1.46027     0.305328     0.175433     0.344493
   -0.948358     0.694734     -1.04014     0.201083    -0.455599      1.27108    -0.378793    -0.295466     0.727706      1.54115
   -0.948358     0.707623     -1.04391     0.207512     -0.46339      1.29688    -0.403128    -0.322116      0.68042      1.51388
   -0.948358     0.686063     -1.04423     0.198084    -0.452635      1.26222    -0.387497    -0.257696     0.763837      1.51665
   -0.948358     0.719555     -1.04208     0.211939    -0.463152      1.29923    -0.410906    -0.360548     0.633546       1.4804
   -0.948358     0.730585     -1.10562     0.232664    -0.526496      1.49324    -0.635903    -0.205643     0.613878      1.29492
   -0.948358     0.736935     -1.10262     0.234583     -0.52468      1.48934    -0.634453    -0.230743     0.584915      1.27718
   -0.948358     0.729363     -1.04604     0.216816    -0.466153      1.31154    -0.437322    -0.375544     0.597724      1.42541
   -0.948358     0.756152     -1.17587      0.26239    -0.608494      1.74577    -0.916592   -0.0463654      0.49142      1.00039
   -0.948358     0.757846     -1.17011     0.261549    -0.602173       1.7273    -0.898904   -0.0691671     0.484663      1.00782
   -0.948358     0.759936     -1.16735     0.261657    -0.598669      1.71759    -0.892866   -0.0828668     0.475342      1.00024
   -0.948358      0.74243     -1.10168     0.236579     -0.52333      1.48714    -0.639826    -0.247044      0.56067      1.24783
   -0.948358     0.725961     -1.11013     0.231761    -0.528499      1.49876    -0.646197    -0.179713     0.635713      1.28974
   -0.948358     0.755092       -1.182     0.263563    -0.614587      1.76399    -0.937085   -0.0236049     0.495245     0.983563
   -0.948358     0.776786     -1.23985     0.289246    -0.690319      1.99563     -1.18127     0.125136     0.353507     0.704619
   -0.948358     0.776426     -1.23279     0.287092    -0.681423      1.96899     -1.15481     0.101246     0.360146     0.728305
   -0.948358     0.794771     -1.29839     0.314027     -0.76998      2.23793     -1.43166     0.298958      0.20313     0.405485
   -0.948358     0.792953     -1.28914     0.310515    -0.757248      2.19949     -1.39291     0.267828     0.224129     0.450801
   -0.948358     0.792347     -1.28423     0.308801    -0.750366      2.17889     -1.37314     0.250686     0.233156     0.470979
   -0.948358     0.776637     -1.22856     0.285966    -0.675804      1.95239     -1.13977    0.0859338     0.362231     0.738249
   -0.948358     0.777199     -1.24615     0.291204    -0.697982      2.01873     -1.20558     0.146814     0.346357     0.678994
   -0.948358     0.796252      -1.3061     0.316933    -0.780386      2.26942      -1.4641     0.325143     0.185684       0.3661
   -0.948358     0.804249     -1.32996     0.327467    -0.814278      2.37248     -1.56939     0.397889      0.11414     0.233804
   -0.948358     0.801997     -1.32004     0.323532    -0.800272      2.33013     -1.52671     0.364235     0.140008     0.286254
   -0.948358     0.778186     -1.25358     0.293719    -0.706837      2.04566     -1.23531     0.171438     0.335199     0.643722
   -0.948358     0.797355     -1.31204     0.319151    -0.788196      2.29313     -1.48931     0.345676     0.172044     0.333645
   -0.948358     0.754735     -1.18849     0.265106    -0.620607      1.78239    -0.960362  -0.00105415      0.49541     0.957594
   -0.948358     0.779324     -1.26008     0.296042    -0.714454        2.069     -1.26218     0.192809     0.323348     0.608453
   -0.948358     0.797804     -1.31535     0.320304    -0.792219      2.30542     -1.50341     0.357812     0.164845     0.313345
   -0.948358     0.806984     -1.34275     0.332485    -0.832113      2.42651     -1.62526     0.443098    0.0791307     0.159912
   -0.948358     0.805891     -1.33743     0.330421      -0.8248      2.40433     -1.60201     0.424114    0.0935407     0.191293
   -0.948358     0.680023     -1.04639     0.195623    -0.447217      1.24702    -0.392933    -0.233106     0.789431      1.48354
   -0.948358     0.679265     -1.05323     0.196557    -0.446801      1.24824    -0.418374    -0.210836     0.798433      1.42755
   -0.948358     0.681317     -1.04279     0.195535    -0.447445      1.24669    -0.380644     -0.24707     0.780683      1.50855
   -0.948358     0.682655     -1.06438     0.200281     -0.45009      1.26193    -0.461796    -0.188638     0.794989      1.34783
   -0.948358     0.720115     -1.12439     0.232289    -0.530776      1.50821    -0.693033    -0.119927     0.668395      1.20446
   -0.948358     0.721715     -1.12051     0.232252     -0.53216      1.51093    -0.679102     -0.13668     0.659303       1.2414
   -0.948358     0.754095     -1.19727      0.26699    -0.625858      1.79954    -0.993317    0.0305851     0.496685     0.903383
   -0.948358     0.754384     -1.19286     0.266059    -0.623845      1.79257    -0.976366    0.0146251     0.496148     0.935069
   -0.948358     0.723469     -1.11645     0.232148    -0.531598       1.5085    -0.665861     -0.15392     0.649515      1.26571
   -0.948358     0.722404     -1.13315     0.235267    -0.534704      1.52258    -0.728675   -0.0982708     0.661054      1.13781
   -0.948358     0.754509     -1.20097     0.267993    -0.626261      1.80215     -1.00912    0.0425689     0.494188     0.864782
   -0.948358     0.780061     -1.26515     0.297745    -0.719404       2.0845     -1.28345     0.210092     0.314895     0.574995
   -0.948358     0.797737     -1.31707     0.320742    -0.793426      2.30937     -1.51091     0.365291     0.162287     0.297582
   -0.948358     0.779951     -1.26608     0.297846    -0.718149      2.08146     -1.28776     0.213915     0.315454     0.557393
   -0.948358      0.79769     -1.31739     0.320749    -0.792353      2.30662     -1.51282     0.366922     0.162348     0.286602
   -0.948358     0.808093     -1.34915     0.334851    -0.840037      2.45082     -1.65369     0.467079    0.0620947      0.11555
   -0.948358     0.807683     -1.34643     0.333884    -0.836985      2.44135     -1.64148     0.456597    0.0691084     0.136477
   -0.948358     0.744469     -1.05986     0.226137     -0.47468      1.34349    -0.506857      -0.3744     0.544659      1.29516
   -0.948358     0.752604     -1.10674     0.241878    -0.524938      1.49633    -0.674353    -0.256315     0.518645      1.15957
   -0.948358     0.765383     -1.16935     0.264393     -0.59888      1.72064    -0.910307   -0.0882204     0.448894     0.947078
   -0.948358     0.779075     -1.22693     0.286465    -0.672281       1.9431     -1.13862    0.0748418     0.351877     0.718692
   -0.948358     0.792057     -1.27725     0.306581    -0.739863      2.14786      -1.3466     0.225428     0.242892     0.490205
   -0.948358     0.799695     -1.30585     0.318267    -0.779426      2.26771     -1.46791      0.31448     0.172047     0.348668
   -0.948358      0.80001     -1.30524     0.318175     -0.77774      2.26302     -1.46621     0.311192     0.172081     0.344915
   -0.948358     0.803655     -1.32617     0.325787    -0.802866      2.34004     -1.55562      0.38443     0.125777     0.216764
   -0.948358     0.803723     -1.33099     0.327288    -0.810015      2.36127     -1.57501     0.403848     0.116998     0.196923
   -0.948358     0.785829     -1.27602     0.303076    -0.727931      2.11333     -1.33552     0.236046     0.279131     0.470934
   -0.948358       0.7875     -1.27353     0.303042    -0.724002      2.10231     -1.32903     0.222898     0.273805     0.465875
   -0.948358     0.810242     -1.34847     0.335375    -0.836283       2.4409     -1.65332     0.456326    0.0591891     0.101039
   -0.948358      0.81232     -1.35874     0.339411    -0.851574       2.4869     -1.69801     0.493406    0.0302412    0.0459747
   -0.948358     0.799915     -1.32268     0.323216     -0.79867      2.32636      -1.5371     0.381713     0.145307     0.248634
   -0.948358     0.781864     -1.26993     0.299675    -0.721087      2.09142     -1.30605     0.223444     0.303392     0.520693
   -0.948358     0.765302     -1.21894     0.277354    -0.642356      1.85525     -1.09296    0.0782549     0.435578     0.715812
   -0.948358     0.771263     -1.22059     0.280385    -0.644103      1.86239     -1.10933     0.070896     0.404296     0.670425
   -0.948358      0.78763     -1.26796     0.301478     -0.71651      2.08006     -1.30834     0.202189     0.278816     0.483158
   -0.948358     0.801101     -1.31449     0.321192    -0.785982      2.28921     -1.50618     0.345257     0.154856     0.273006
   -0.948358      0.73987     -1.16195     0.249956    -0.557086      1.59791     -0.85631   -0.0511054     0.584943      0.92029
   -0.948358     0.753055      -1.1647     0.256207    -0.557529      1.60365    -0.885457   -0.0752874     0.527136     0.833039
   -0.948358       0.7584     -1.15829      0.25679    -0.551287      1.58623    -0.871832     -0.10759     0.502065     0.823241
   -0.948358     0.773025     -1.21423      0.27937    -0.636351      1.83979     -1.08968    0.0456918     0.398384     0.676762
   -0.948358      0.75791      -1.2081     0.271258    -0.631302      1.81936     -1.04154    0.0588562     0.475777     0.802769
   -0.948358     0.729007     -1.14673     0.241423    -0.544742      1.55624    -0.786086   -0.0727832     0.634517      1.04404
   -0.948358     0.714855     -1.11555     0.226103    -0.485437      1.38255    -0.670979    -0.130742     0.698313      1.03201
   -0.948358     0.735559     -1.11498     0.234368    -0.477638      1.36631    -0.695214     -0.18963     0.620802     0.919148
   -0.948358     0.745429     -1.10296     0.235305    -0.464981      1.33084    -0.668703    -0.250499     0.578817     0.902948
   -0.948358     0.699255     -1.09372     0.214187    -0.470489      1.33097    -0.578577    -0.151662     0.750314      1.18041
   -0.948358     0.689121     -1.07682     0.205904    -0.458332      1.29004    -0.511333    -0.170963     0.777813       1.2746
   -0.948358     0.786271      -1.2567      0.29764    -0.701478      2.03496     -1.26433     0.164855     0.295713     0.525739
   -0.948358     0.798387     -1.30197     0.316301    -0.768246      2.23573     -1.45342     0.303642     0.184992     0.333499
   -0.948358     0.784759      -1.2454      0.29377    -0.687147      1.99174     -1.22017     0.128392     0.312022     0.571098
   -0.948358     0.796383     -1.29188     0.312476    -0.754569      2.19439     -1.41139     0.270202     0.207148     0.382528
   -0.948358     0.804738     -1.32461      0.32583     -0.80196      2.33728     -1.55033     0.375008      0.12336     0.226716
   -0.948358     0.807903     -1.33783     0.331156    -0.820918      2.39454     -1.60728     0.419347    0.0880207     0.157837
   -0.948358     0.772939     -1.20281     0.276123    -0.622242      1.79766     -1.04846   0.00706464     0.405144     0.709964
   -0.948358      0.76123     -1.14839     0.255367    -0.541684      1.55785    -0.841895    -0.145212     0.489469     0.840465
   -0.948358     0.761443     -1.13356     0.251424    -0.525327      1.50883    -0.791199    -0.192258       0.4908     0.878612
   -0.948358     0.771935     -1.18905     0.271858    -0.605693      1.74792    -0.997883   -0.0364538     0.416223     0.754457
   -0.948358     0.751608     -1.09943     0.237128    -0.465443      1.33263    -0.664149    -0.276939     0.550751     0.905736
   -0.948358     0.755665     -1.09067     0.236756    -0.463216      1.32521    -0.640565    -0.311038     0.527662     0.936533
   -0.948358     0.801191     -1.30896     0.319673    -0.780554       2.2724     -1.48343     0.322776     0.162422     0.310046
   -0.948358     0.803183     -1.31762     0.323083    -0.792308      2.30805     -1.52034     0.351347     0.141173     0.264309
   -0.948358       0.7586     -1.08789     0.237655    -0.470317      1.34456    -0.633572    -0.325503      0.50875     0.977774
   -0.948358     0.810397     -1.35525     0.337579    -0.846977      2.47262      -1.6818      0.48529    0.0430212    0.0690738
   -0.948358     0.808642     -1.35102     0.335604    -0.841711      2.45626     -1.66242     0.473327    0.0567284     0.098373
   -0.948358     0.800488      -1.3121     0.320496    -0.788823       2.2957     -1.49314     0.336615     0.159423     0.325025
   -0.948358     0.806268     -1.32926     0.327902    -0.809358      2.35947     -1.57032     0.388962     0.109625     0.206835
   -0.948358     0.807646     -1.33525     0.330289    -0.817713      2.38479      -1.5964     0.409554    0.0934071     0.173121
   -0.948358     0.819643     -1.38328     0.350059    -0.888393      2.59824      -1.8078     0.575262   -0.0486665   -0.0936632
   -0.948358     0.819262     -1.38395     0.350148    -0.889834      2.60236     -1.81066     0.580195   -0.0505026   -0.0968119
   -0.948358     0.815131      -1.3639     0.342174    -0.859673      2.51154     -1.72171     0.505704    0.0105221    0.0187032
   -0.948358     0.816854      -1.3713     0.345179      -0.8705      2.54427     -1.75463     0.532257   -0.0119758   -0.0249801
   -0.948358     0.818237     -1.38152     0.349006      -0.8868      2.59293      -1.7995     0.573368   -0.0425385   -0.0799121
   -0.948358     0.817242     -1.37833     0.347648    -0.882894      2.58083     -1.78495     0.562962   -0.0327425    -0.056859
   -0.948358     0.816339     -1.37447     0.346097    -0.877789      2.56519     -1.76728     0.548709   -0.0205228   -0.0291111
   -0.948358     0.803465        -1.32     0.324087    -0.799346      2.32803     -1.52868     0.359754     0.134747     0.275761
   -0.948358     0.815482     -1.37051     0.344537    -0.872379      2.54873     -1.74967     0.534385  -0.00906803  -0.00404797
   -0.948358     0.814171     -1.36483     0.342249    -0.864315      2.52428     -1.72433     0.513971    0.0080493    0.0308994
   -0.948358      0.81209     -1.35653     0.338823    -0.852304      2.48789     -1.68715     0.484581    0.0339074    0.0814318
   -0.948358     0.809563     -1.34646     0.334678    -0.837715      2.44373     -1.64248     0.449523    0.0642605     0.140189
   -0.948358     0.809037     -1.34342     0.333525    -0.833258      2.43033     -1.62939     0.438367    0.0722765     0.156173
   -0.948358     0.804023     -1.32057     0.324454    -0.799428      2.32862     -1.53184     0.360327      0.13214     0.267328
   -0.948358     0.804079     -1.32014      0.32432    -0.798244      2.32527     -1.53039     0.358418     0.133003      0.26569
   -0.948358     0.803907     -1.31929     0.323976    -0.796698      2.32072     -1.52691     0.355517     0.135255     0.267924
   -0.948358     0.803817     -1.31887     0.323794     -0.79575      2.31797     -1.52523     0.354088     0.136453     0.267985
   -0.948358     0.803864      -1.3191     0.323864    -0.795673      2.31787     -1.52638     0.354922     0.136019     0.264313
   -0.948358     0.804705     -1.32259     0.325254    -0.800274       2.3319     -1.54154     0.366588     0.126932     0.243871
   -0.948358     0.811299     -1.34901     0.336144     -0.84079      2.45351     -1.65504      0.45473    0.0532966     0.119268
   -0.948358     0.811315     -1.34796     0.335803     -0.83874      2.44756      -1.6509     0.450226    0.0556972     0.121335
   -0.948358     0.810782     -1.34558     0.334832    -0.834891      2.43607     -1.64066     0.441891    0.0625477      0.13204
   -0.948358     0.810594     -1.34477     0.334496    -0.833518      2.43198     -1.63718     0.439071    0.0649474     0.135346
   -0.948358     0.810918     -1.34591      0.33497    -0.834959      2.43642      -1.6423     0.442834    0.0616706     0.127725
   -0.948358     0.810968     -1.34614     0.335044     -0.83494      2.43647      -1.6434     0.443624    0.0612411     0.124493
   -0.948358     0.811705     -1.34908     0.336236    -0.838911      2.44857     -1.65638     0.453637    0.0529346     0.106584
   -0.948358     0.813168     -1.35489     0.338617    -0.847108      2.47345     -1.68213     0.473697      0.03582    0.0720229
   -0.948358     0.814297     -1.35975     0.340566    -0.853899      2.49405     -1.70356      0.49076    0.0218791    0.0430557
   -0.948358     0.822102     -1.38714      0.35232     -0.89567      2.62001     -1.82507     0.582714   -0.0642238    -0.105337
   -0.948358     0.822335     -1.38793     0.352655      -0.8967      2.62317     -1.82868     0.585397   -0.0667666    -0.110923
   -0.948358     0.823095     -1.39093      0.35392    -0.901492      2.63755     -1.84207     0.596131   -0.0766588    -0.127147
   -0.948358      0.86007     -1.52192     0.410524     -1.09815      3.23374     -2.44826       1.0704    -0.546813    -0.995178
   -0.948358     0.840198     -1.45208     0.380114    -0.992121       2.9123      -2.1214     0.812704    -0.285085    -0.516147
   -0.948358     0.839336     -1.44884      0.37874    -0.987372      2.89787     -2.10636     0.800696    -0.273453     -0.49365
   -0.948358     0.859006     -1.51809     0.408864     -1.09237      3.21621     -2.43016      1.05592    -0.532032    -0.967563
   -0.948358     0.841795     -1.45792     0.382626      -1.0009      2.93892     -2.14868     0.834425    -0.306569    -0.556351
   -0.948358     0.824721     -1.39681     0.356387    -0.909357      2.66166     -1.86908      0.61684   -0.0958317    -0.168746
   -0.948358     0.823183     -1.39108      0.35397    -0.900995       2.6363     -1.84308     0.596538   -0.0769669    -0.132555
   -0.948358     0.838355     -1.44531     0.377227    -0.982157      2.88204     -2.09007      0.78795    -0.261028    -0.470146
   -0.948358     0.857803     -1.51385     0.407015     -1.08595      3.19671     -2.41014      1.04001    -0.515723     -0.93738
   -0.948358     0.872159     -1.56421     0.429082     -1.16294      3.43031      -2.6494      1.23092    -0.714609     -1.30197
   -0.948358     0.873573     -1.56919     0.431271     -1.17059      3.45351     -2.67328      1.25015    -0.734899     -1.33928
   -0.948358     0.879365     -1.58947       0.4402     -1.20181      3.54826     -2.77058       1.3284    -0.817811     -1.49095
   -0.948358     0.880344     -1.59292     0.441718     -1.20711      3.56436     -2.78719      1.34182    -0.832105     -1.51721
   -0.948358     0.881916     -1.59845     0.444158     -1.21566      3.59029     -2.81392      1.36348    -0.855233     -1.55964
   -0.948358      0.87563     -1.57644     0.434455     -1.18172       3.4873     -2.70802      1.27811    -0.764387     -1.39339
   -0.948358     0.871229     -1.56094     0.427649     -1.15795      3.41514     -2.63378       1.2184    -0.701462     -1.27776
   -0.948358     0.878916     -1.58789     0.439507     -1.19939      3.54091       -2.763      1.32229    -0.811335     -1.47904
   -0.948358     0.885094     -1.60957     0.449066     -1.23283      3.64243     -2.86756      1.40682    -0.901584     -1.64438
   -0.948358     0.885672      -1.6116     0.449965     -1.23598      3.65199     -2.87745      1.41486     -0.91024     -1.66027
   -0.948358     0.822427     -1.38827     0.352788    -0.896977      2.62409      -1.8303     0.586612   -0.0678287     -0.11444
   -0.948358     0.838135     -1.44454     0.376898     -0.98111      2.87883     -2.08648     0.785195    -0.258394    -0.464517
   -0.948358     0.885887     -1.61254      0.45039      -1.2376      3.65693     -2.88279      1.42002    -0.916681     -1.67213
   -0.948358     0.876812     -1.58084     0.436396      -1.1887      3.50848     -2.72988       1.2966    -0.784614     -1.43036
   -0.948358     0.878072     -1.58525      0.43834     -1.19548      3.52907     -2.75113      1.31374    -0.802918     -1.46396
   -0.948358     0.886104      -1.6133     0.450728     -1.23878      3.66052     -2.88653      1.42308    -0.920005     -1.67826
   -0.948358     0.885921     -1.61263      0.45043     -1.23773      3.65732     -2.88313      1.42019    -0.916756     -1.67218
   -0.948358     0.875761     -1.57713     0.434763       -1.183      3.49115     -2.71197      1.28208    -0.769135     -1.40183
   -0.948358     0.865241     -1.54062     0.418682     -1.12698      3.32116     -2.53753      1.14278    -0.622073     -1.13286
   -0.948358     0.867227     -1.54752     0.421716     -1.13752      3.35316     -2.57044      1.16901     -0.64963      -1.1835
   -0.948358     0.879971     -1.59186     0.441257     -1.20566      3.55996     -2.78292       1.3393    -0.830138     -1.51384
   -0.948358     0.887257     -1.61733     0.452509     -1.24501      3.67941     -2.90602      1.43885    -0.936937     -1.70929
   -0.948358     0.890863     -1.62996     0.458097     -1.26458      3.73883     -2.96733      1.48866    -0.990701     -1.80769
   -0.948358      0.89119      -1.6311     0.458601     -1.26634      3.74419     -2.97286      1.49313    -0.995526      -1.8165
   -0.948358     0.827894     -1.41088     0.362177      -0.9317      2.72872     -1.93222     0.669399    -0.142363    -0.248451
   -0.948358     0.825641      -1.4021       0.3585    -0.918688      2.68933     -1.89234      0.63767     -0.11321    -0.193261
   -0.948358     0.831752     -1.42524      0.36827    -0.952925      2.79308     -1.99808     0.721332    -0.191758    -0.342088
   -0.948358     0.834274     -1.43436     0.372179    -0.966401      2.83399     -2.04031     0.754533    -0.224199    -0.403696
   -0.948358     0.836713     -1.44291     0.375862    -0.978898      2.87198     -2.07979     0.785085    -0.254175     -0.46104
   -0.948358     0.839017     -1.45054     0.379202    -0.990102      2.90605     -2.11513     0.811942    -0.281467    -0.512325
   -0.948358     0.853523     -1.50019      0.40093     -1.06533      3.13412      -2.3465     0.991936    -0.465153    -0.846386
   -0.948358     0.850484     -1.48967     0.396341     -1.04954      3.08619     -2.29722     0.953349    -0.425791    -0.773345
   -0.948358      0.86328     -1.53372     0.415663     -1.11649      3.28929      -2.5047      1.11653    -0.594673     -1.08224
   -0.948358     0.848022     -1.48097     0.392558     -1.03643      3.04641     -2.25629     0.920948    -0.392818       -0.712
   -0.948358      0.86863     -1.55237     0.423853     -1.14493      3.37566      -2.5936      1.18744    -0.669058      -1.2192
   -0.948358     0.824583     -1.39689     0.356413    -0.910652      2.66516     -1.86894     0.617739   -0.0963821    -0.162313
   -0.948358     0.840694     -1.45403     0.380968    -0.995677      2.92286     -2.13027     0.820092    -0.292448     -0.52577
   -0.948358     0.838948     -1.44754      0.37819    -0.985769       2.8929     -2.10035      0.79628    -0.269341    -0.483859
   -0.948358     0.855862     -1.50811     0.404409     -1.07724       3.1703     -2.38371      1.02091    -0.495175    -0.901783
   -0.948358      0.86962     -1.55574     0.425336     -1.15004      3.39115     -2.60954      1.19996    -0.682137     -1.24328
   -0.948358     0.856086     -1.50874     0.404696     -1.07814      3.17305     -2.38661      1.02293    -0.497361    -0.905875
   -0.948358     0.870063     -1.55722     0.425987     -1.15226       3.3979     -2.61646       1.2053    -0.687704     -1.25347
   -0.948358     0.879014     -1.58847     0.439759     -1.20037      3.54392     -2.76644      1.32584    -0.815646     -1.48743
   -0.948358     0.878684     -1.58736     0.439269      -1.1987      3.53884     -2.76122      1.32178    -0.811432     -1.47967
   -0.948358     0.883936     -1.60556     0.447296     -1.22665      3.62368     -2.84837      1.39147    -0.885321     -1.61477
   -0.948358     0.878254     -1.58567      0.43852     -1.19595       3.5305     -2.75248      1.31405    -0.802652     -1.46351
   -0.948358     0.885989     -1.61273     0.450462     -1.23772      3.65729     -2.88294      1.41936    -0.915119     -1.66925
   -0.948358      0.88701     -1.61633     0.452055     -1.24331      3.67426     -2.90049      1.43369    -0.930633      -1.6977
   -0.948358     0.884977     -1.60923     0.448921     -1.23236        3.641     -2.86627      1.40609    -0.901139     -1.64377
   -0.948358     0.879422      -1.5898     0.440342     -1.20235      3.54991      -2.7725      1.33035    -0.820139     -1.49558
   -0.948358     0.868054     -1.55003     0.422834     -1.14116      3.36423     -2.58186      1.17719    -0.657989     -1.19896
   -0.948358     0.864525     -1.53759      0.41739     -1.12213      3.30651      -2.5228         1.13    -0.608972     -1.10913
   -0.948358     0.853638     -1.49991     0.400864     -1.06463      3.13212     -2.34507     0.989694    -0.463596    -0.844164
   -0.948358     0.847841     -1.47932     0.391906     -1.03329      3.03709      -2.2483     0.912817    -0.385271    -0.700587
   -0.948358      0.86987     -1.55645     0.425654     -1.15105      3.39422     -2.61264        1.202    -0.684122     -1.24685
   -0.948358     0.836889     -1.44211     0.375624    -0.976971      2.86641     -2.07594     0.779783    -0.250354    -0.456497
   -0.948358     0.831514     -1.42241     0.367189    -0.947234      2.77638      -1.9853     0.708206    -0.180839      -0.3289
   -0.948358     0.838872     -1.44968     0.378856    -0.988611       2.9016     -2.11109     0.808185    -0.277996    -0.506687
   -0.948358     0.828913     -1.41262      0.36305    -0.932644      2.73222     -1.94082     0.673197    -0.148143    -0.267945
   -0.948358     0.879265      -1.5893     0.440126     -1.20163      3.54773     -2.77033      1.32881    -0.818681     -1.49297
   -0.948358      0.82663     -1.40399     0.359411    -0.919886      2.69358      -1.9016     0.642302    -0.119354    -0.213586
   -0.948358     0.857182     -1.51168     0.406067     -1.08269      3.18681     -2.39988      1.03191      -0.5074    -0.921804
   -0.948358     0.857471     -1.51276     0.406533     -1.08438      3.19191     -2.40494      1.03601    -0.511539    -0.929122
   -0.948358     0.870726     -1.55919     0.426879     -1.15528      3.40704     -2.62542      1.21172    -0.694476     -1.26484
   -0.948358     0.878889      -1.5878     0.439468     -1.19926      3.54053      -2.7626      1.32201    -0.811089     -1.47853
   -0.948358     0.871569     -1.56217     0.428188     -1.15988      3.42098     -2.63968      1.22322    -0.706567      -1.2869
   -0.948358      0.88097     -1.59512     0.442691     -1.21055      3.57478     -2.79785      1.35049    -0.841441     -1.53409
   -0.948358     0.885176     -1.60986     0.449196      -1.2333      3.64385     -2.86902      1.40803    -0.902951     -1.64682
   -0.948358     0.884926     -1.60898     0.448806     -1.23192      3.63967     -2.86472      1.40451    -0.899133     -1.63986
   -0.948358     0.885349      -1.6106     0.449532     -1.23455      3.64765     -2.87325      1.41208    -0.907939     -1.65628
   -0.948358     0.885637     -1.61164      0.44999     -1.23617      3.65258     -2.87835      1.41633    -0.912622     -1.66485
   -0.948358     0.886928     -1.61617     0.451993     -1.24319       3.6739     -2.90034       1.4342     -0.93189      -1.7001
   -0.948358     0.885078     -1.60963     0.449098       -1.233      3.64296     -2.86837      1.40798    -0.903378     -1.64792
   -0.948358     0.890073     -1.62714     0.456844     -1.26014      3.72536     -2.95339      1.47706     -0.97788     -1.78428
   -0.948358     0.890349     -1.62813     0.457284      -1.2617      3.73009      -2.9583      1.48116    -0.982437     -1.79263
   -0.948358     0.887918     -1.61953     0.453473     -1.24829      3.68938     -2.91615      1.44652    -0.944581     -1.72327
   -0.948358     0.888746     -1.62247     0.454773     -1.25287      3.70328     -2.93054      1.45837    -0.957548     -1.74704
   -0.948358     0.873716     -1.56974     0.431512     -1.17152       3.4563     -2.67593       1.2524    -0.737333     -1.34325
   -0.948358     0.884121     -1.60619     0.447575     -1.22765       3.6267     -2.85133       1.3938    -0.887753     -1.61893
   -0.948358     0.890514     -1.62862     0.457485     -1.26235      3.73203     -2.96002        1.482    -0.982615     -1.79272
   -0.948358     0.885842     -1.61221     0.450234     -1.23694       3.6549     -2.88042      1.41733    -0.913001     -1.66521
   -0.948358     0.858604     -1.51683      0.40831     -1.09065      3.21092     -2.42431      1.05162    -0.527692    -0.958627
   -0.948358     0.874637     -1.57305     0.432968     -1.17666       3.4719       -2.692      1.26557    -0.751376     -1.36902
   -0.948358     0.885941     -1.61261     0.450417     -1.23763        3.657     -2.88264      1.41939    -0.915474     -1.66972
   -0.948358     0.843094     -1.46303     0.384826     -1.00939      2.96439     -2.17234     0.854004    -0.325973    -0.587547
   -0.948358     0.860259     -1.52286     0.410927     -1.09989      3.23893     -2.45289      1.07472    -0.551359     -1.00211
   -0.948358      0.86148     -1.52725     0.412841     -1.10661      3.25931      -2.4738      1.09157    -0.568759     -1.03423
   -0.948358     0.874952     -1.57421     0.433479     -1.17847      3.47742     -2.69773      1.27037    -0.756585     -1.37863
   -0.948358     0.891084     -1.63071     0.458428     -1.26571      3.74228      -2.9709      1.49146    -0.993617     -1.81309
   -0.948358     0.890425     -1.62841     0.457409     -1.26215      3.73147     -2.95974      1.48242    -0.983884     -1.79527
   -0.948358     0.890551     -1.62886     0.457609     -1.26286      3.73361     -2.96196      1.48425    -0.985902     -1.79895
   -0.948358     0.887076     -1.61669     0.452226     -1.24401      3.67639     -2.90291      1.43632    -0.934199      -1.7043
   -0.948358     0.845154     -1.47054     0.388065     -1.02075      2.99883     -2.20751     0.882095    -0.354054    -0.639637
   -0.948358     0.885758     -1.61201     0.450153     -1.23674      3.65429     -2.87991      1.41736    -0.913503     -1.66614
   -0.948358      0.89308     -1.63765     0.461485     -1.27638      3.77466      -3.0041      1.51803     -1.02176     -1.86443
   -0.948358      0.89205     -1.63405     0.459897     -1.27083      3.75782     -2.98675      1.50403     -1.00681     -1.83705
   -0.948358     0.891245      -1.6313     0.458687     -1.26664      3.74509     -2.97381      1.49391    -0.996359     -1.81808
   -0.948358     0.890714     -1.62944     0.457864     -1.26376      3.73635     -2.96478      1.48657    -0.988442     -1.80357
   -0.948358     0.891947     -1.63373     0.459762     -1.27039      3.75649     -2.98549      1.50327     -1.00632     -1.83619
   -0.948358     0.891869     -1.63344     0.459632     -1.26993      3.75508     -2.98399      1.50197     -1.00481      -1.8334
   -0.948358     0.891466     -1.63201     0.458998      -1.2677      3.74829     -2.97695      1.49614    -0.998396     -1.82164
   -0.948358     0.891674     -1.63278     0.459345     -1.26894      3.75208     -2.98097      1.49966     -1.00249     -1.82921
   -0.948358     0.891981     -1.63387     0.459826     -1.27063       3.7572     -2.98628      1.50403     -1.00728     -1.83799
   -0.948358     0.889969     -1.62669     0.456635     -1.25935      3.72295     -2.95067      1.47436    -0.974354     -1.77768
   -0.948358     0.889876     -1.62637     0.456494     -1.25886      3.72145     -2.94915      1.47316    -0.973102     -1.77541
   -0.948358     0.890145      -1.6273     0.456905      -1.2603      3.72581      -2.9536      1.47672     -0.97687     -1.78225
   -0.948358     0.890052     -1.62698     0.456762     -1.25979      3.72429     -2.95204      1.47546    -0.975514     -1.77978
   -0.948358     0.891622     -1.63256     0.459237     -1.26851      3.75078     -2.97958      1.49827     -1.00067     -1.82597
   -0.948358     0.893085     -1.63771      0.46152     -1.27652      3.77511     -3.00476      1.51887     -1.02311     -1.86707
   -0.948358     0.891119     -1.63073     0.458422     -1.26562      3.74198     -2.97029      1.49033    -0.991591     -1.80918
   -0.948358     0.890365     -1.62808     0.457248      -1.2615      3.72948     -2.95739      1.47981    -0.980223     -1.78837
   -0.948358     0.889559     -1.62528      0.45601     -1.25717      3.71633     -2.94391      1.46898    -0.968688     -1.76737
   -0.948358     0.890106     -1.62721     0.456869      -1.2602      3.72552     -2.95344      1.47685    -0.977323     -1.78321
   -0.948358     0.894786      -1.6437     0.464177     -1.28586      3.80346     -3.03411      1.54294     -1.04939     -1.91519
   -0.948358       0.8942     -1.64165     0.463269     -1.28268      3.79382     -3.02415      1.53485     -1.04066      -1.8992
   -0.948358     0.893655     -1.63966     0.462374     -1.27949      3.78409     -3.01384      1.52592     -1.03027     -1.88001
   -0.948358     0.894802     -1.64377      0.46421     -1.28599      3.80385     -3.03452      1.54336     -1.04994     -1.91617
   -0.948358     0.894389     -1.64232     0.463568     -1.28374      3.79703     -3.02747      1.53761     -1.04372     -1.90477
   -0.948358     0.895311     -1.64554     0.464991     -1.28872      3.81214     -3.04302      1.55018     -1.05722     -1.92942
   -0.948358      0.89508     -1.64472     0.464627     -1.28744      3.80825     -3.03898      1.54684     -1.05352     -1.92263
   -0.948358     0.894505     -1.64273     0.463749     -1.28438      3.79895     -3.02945      1.53923     -1.04548     -1.90798
   -0.948358     0.895366     -1.64574     0.465083     -1.28905      3.81315      -3.0441      1.55114     -1.05835     -1.93151
   -0.948358     0.895489     -1.64617     0.465272     -1.28971      3.81515     -3.04617       1.5528     -1.06013     -1.93477
   -0.948358     0.893752     -1.64005     0.462561     -1.28018      3.78622     -3.01625       1.5283     -1.03339      -1.8859
   -0.948358     0.894166     -1.64152      0.46321     -1.28247      3.79315     -3.02344      1.53422     -1.03989      -1.8978
   -0.948358     0.895358     -1.64571     0.465067     -1.28899      3.81296     -3.04389      1.55093     -1.05807     -1.93099
   -0.948358     0.894515     -1.64272     0.463742     -1.28433      3.79881     -3.02919      1.53879      -1.0447     -1.90646
   -0.948358     0.894674     -1.64332      0.46401     -1.28529      3.80174     -3.03233      1.54156     -1.04799     -1.91257
   -0.948358     0.894282     -1.64194     0.463399     -1.28314      3.79521     -3.02559      1.53605     -1.04199     -1.90163
   -0.948358     0.894809     -1.64379     0.464218     -1.28602      3.80394     -3.03461      1.54342        -1.05     -1.91628
   -0.948358     0.895261     -1.64537     0.464921     -1.28849      3.81143     -3.04234      1.54971     -1.05682     -1.92872
   -0.948358     0.894951     -1.64425     0.464416     -1.28669      3.80596     -3.03656      1.54476     -1.05112     -1.91822
   -0.948358     0.895537      -1.6463     0.465322     -1.28985      3.81557     -3.04648      1.55278     -1.05973     -1.93399
   -0.948358     0.896116     -1.64832     0.466215     -1.29298      3.82506     -3.05626       1.5607     -1.06824     -1.94957
   -0.948358     0.902771     -1.67174     0.476613      -1.3295      3.93599     -3.17126      1.65515      -1.1718     -2.13929
   -0.948358     0.902707     -1.67151     0.476513     -1.32914      3.93491     -3.17013      1.65423     -1.17078     -2.13742
   -0.948358      0.90263     -1.67124     0.476392     -1.32872      3.93362      -3.1688      1.65312     -1.16954     -2.13515
   -0.948358     0.902699     -1.67148       0.4765      -1.3291      3.93477     -3.16999       1.6541     -1.17063     -2.13715
   -0.948358     0.902926     -1.67229     0.476858     -1.33036       3.9386     -3.17397      1.65741      -1.1743     -2.14387
   -0.948358     0.902873      -1.6721     0.476774     -1.33006       3.9377     -3.17304      1.65664     -1.17345     -2.14232
   -0.948358     0.902588     -1.67109     0.476326     -1.32849      3.93292     -3.16807      1.65252      -1.1689     -2.13397
   -0.948358     0.902652     -1.67132     0.476426     -1.32884      3.93398     -3.16916      1.65341     -1.16986     -2.13573
   -0.948358     0.902722     -1.67156     0.476535     -1.32922      3.93514     -3.17038      1.65442     -1.17097     -2.13776
   -0.948358     0.903074     -1.67281     0.477089     -1.33117      3.94107     -3.17653      1.65951     -1.17662     -2.14812
   -0.948358     0.902363      -1.6703     0.475975     -1.32725      3.92917     -3.16419      1.64934     -1.16541     -2.12759
   -0.948358     0.902415     -1.67048     0.476055     -1.32753      3.93002     -3.16507      1.65006     -1.16619     -2.12901
   -0.948358     0.902644     -1.67129     0.476415      -1.3288      3.93387     -3.16907      1.65336     -1.16984     -2.13569
   -0.948358     0.902541     -1.67093     0.476254     -1.32824      3.93215     -3.16728       1.6519     -1.16823     -2.13276
   -0.948358     0.902167     -1.66961     0.475668     -1.32617      3.92588     -3.16077      1.64651     -1.16228     -2.12186
   -0.948358     0.902421      -1.6705     0.476065     -1.32757      3.93012     -3.16517      1.65014     -1.16628     -2.12917
   -0.948358     0.902727     -1.67158     0.476545     -1.32926      3.93526     -3.17051      1.65455     -1.17115      -2.1381
   -0.948358     0.902786      -1.6718     0.476639     -1.32959      3.93627     -3.17156      1.65542     -1.17213     -2.13989
   -0.948358     0.902625     -1.67123     0.476387     -1.32871      3.93358     -3.16877      1.65313     -1.16961     -2.13528
   -0.948358     0.897024     -1.65156     0.467665     -1.29811      3.84065     -3.07257      1.57442     -1.08372     -1.97801
   -0.948358     0.897082     -1.65177     0.467755     -1.29842      3.84161     -3.07356      1.57522     -1.08458     -1.97958
   -0.948358     0.894858     -1.64393     0.464274     -1.28618      3.80443     -3.03505      1.54356     -1.04987     -1.91605
   -0.948358     0.896128     -1.64839     0.466255     -1.29313      3.82555     -3.05691      1.56147     -1.06941     -1.95184
   -0.948358     0.896701     -1.65039     0.467141     -1.29623      3.83496     -3.06662      1.56934     -1.07789     -1.96736
   -0.948358     0.898032     -1.65508     0.469218     -1.30353      3.85711     -3.08956      1.58815     -1.09846     -2.00501
   -0.948358     0.898483     -1.65667     0.469926     -1.30602      3.86468     -3.09741      1.59461     -1.10556     -2.01803
   -0.948358     0.896407     -1.64938     0.466692     -1.29467      3.83022     -3.06176      1.56546      -1.0738     -1.95987
   -0.948358     0.893624     -1.63958     0.462348     -1.27942      3.78389     -3.01379      1.52614     -1.03086     -1.88124
   -0.948358     0.895635     -1.64664     0.465476     -1.29038      3.81719     -3.04822      1.55423     -1.06137      -1.9371
   -0.948358     0.898113     -1.65536      0.46934     -1.30395      3.85839     -3.09086      1.58915     -1.09948     -2.00687
   -0.948358     0.899191     -1.65915     0.471025     -1.30987      3.87637     -3.10949      1.60446     -1.11625     -2.03759
   -0.948358     0.902249      -1.6699     0.475799     -1.32664      3.92731     -3.16225      1.64776     -1.16369     -2.12442
   -0.948358     0.902058     -1.66923     0.475499     -1.32559       3.9241     -3.15892      1.64502     -1.16066     -2.11887
   -0.948358     0.901628     -1.66772     0.474828     -1.32323      3.91695     -3.15151      1.63893       -1.154     -2.10666
   -0.948358     0.901838     -1.66846     0.475158     -1.32439      3.92048     -3.15517      1.64195     -1.15733     -2.11277
   -0.948358     0.902342     -1.67023     0.475943     -1.32715      3.92884     -3.16383      1.64905      -1.1651     -2.12699
   -0.948358     0.902199     -1.66972     0.475719     -1.32636      3.92644     -3.16134        1.647     -1.16283     -2.12284
   -0.948358     0.901839     -1.66846     0.475156     -1.32438      3.92044     -3.15512      1.64188      -1.1572     -2.11253
   -0.948358     0.901412     -1.66696      0.47449     -1.32204      3.91333     -3.14775      1.63583     -1.15058     -2.10039
   -0.948358     0.900964     -1.66539     0.473792     -1.31959       3.9059     -3.14006      1.62954     -1.14371     -2.08781
   -0.948358     0.901129     -1.66597     0.474051     -1.32051      3.90867     -3.14294      1.63192     -1.14634     -2.09263
   -0.948358     0.901981     -1.66896     0.475382     -1.32518      3.92286     -3.15765        1.644      -1.1596     -2.11692
   -0.948358     0.902386     -1.67039     0.476014      -1.3274       3.9296     -3.16463      1.64973     -1.16586     -2.12839
   -0.948358        0.903     -1.67255     0.476978     -1.33079       3.9399     -3.17533      1.65857     -1.17564     -2.14631
   -0.948358     0.902767     -1.67173     0.476611      -1.3295      3.93598     -3.17126       1.6552     -1.17192     -2.13949
   -0.948358     0.902392     -1.67041     0.476026     -1.32744      3.92975      -3.1648       1.6499     -1.16611     -2.12886
   -0.948358     0.902693     -1.67147     0.476498      -1.3291      3.93479     -3.17003      1.65422     -1.17088     -2.13758
   -0.948358     0.903117     -1.67296     0.477159     -1.33142      3.94184     -3.17734      1.66021     -1.17744     -2.14961
   -0.948358     0.902929      -1.6723     0.476864     -1.33039      3.93868     -3.17406       1.6575     -1.17443      -2.1441
   -0.948358     0.902576     -1.67106     0.476311     -1.32844      3.93278     -3.16793      1.65245     -1.16888     -2.13391
   -0.948358     0.902145     -1.66954      0.47564     -1.32609      3.92562     -3.16052      1.64637     -1.16221     -2.12171
   -0.948358     0.901618     -1.66769     0.474819      -1.3232      3.91687     -3.15145      1.63894     -1.15409     -2.10684
   -0.948358     0.901994     -1.66902     0.475406     -1.32527      3.92314     -3.15796       1.6443        -1.16     -2.11766
   -0.948358     0.902869     -1.67209     0.476774     -1.33007      3.93774      -3.1731      1.65675     -1.17367     -2.14271
   -0.948358      0.90314     -1.67305     0.477197     -1.33156      3.94225     -3.17777      1.66058     -1.17787     -2.15039
   -0.948358     0.903312     -1.67365     0.477467     -1.33251      3.94513     -3.18077      1.66306     -1.18062     -2.15542
   -0.948358     0.903236     -1.67339     0.477348     -1.33209      3.94385     -3.17944      1.66196      -1.1794      -2.1532
   -0.948358     0.902955      -1.6724     0.476909     -1.33055      3.93918      -3.1746      1.65799     -1.17505     -2.14523
   -0.948358     0.903006     -1.67258      0.47699     -1.33083      3.94004      -3.1755      1.65874     -1.17588     -2.14675
   -0.948358     0.903376     -1.67388     0.477565     -1.33285      3.94618     -3.18185      1.66394     -1.18156     -2.15715
   -0.948358     0.903307     -1.67364     0.477458     -1.33248      3.94503     -3.18066      1.66296     -1.18048     -2.15517
   -0.948358     0.902297     -1.67009     0.475882     -1.32694      3.92823     -3.16325      1.64867     -1.16482      -2.1265
   -0.948358     0.902317     -1.67016     0.475913     -1.32705      3.92856      -3.1636      1.64897     -1.16516     -2.12713
   -0.948358     0.903029     -1.67266     0.477025     -1.33096      3.94042     -3.17589      1.65907     -1.17625     -2.14743
   -0.948358     0.903355      -1.6738     0.477534     -1.33274      3.94584     -3.18151      1.66367     -1.18129     -2.15666
   -0.948358     0.903421     -1.67404     0.477637     -1.33311      3.94695     -3.18267      1.66463     -1.18236     -2.15863
   -0.948358      0.90341       -1.674      0.47762     -1.33305      3.94677     -3.18247      1.66447     -1.18218     -2.15829
   -0.948358      0.90309     -1.67288     0.477122      -1.3313      3.94145     -3.17697      1.65996     -1.17723     -2.14924
   -0.948358     0.903113     -1.67296     0.477158     -1.33142      3.94184     -3.17737      1.66029      -1.1776     -2.14991
   -0.948358     0.903507     -1.67434     0.477771     -1.33358      3.94838     -3.18414      1.66584     -1.18367     -2.16103
   -0.948358     0.903495      -1.6743     0.477753     -1.33351      3.94818     -3.18393      1.66566     -1.18347     -2.16066
   -0.948358      0.90339     -1.67393     0.477589     -1.33294      3.94643     -3.18212      1.66418     -1.18185     -2.15769
   -0.948358     0.903059     -1.67277     0.477073     -1.33113      3.94093     -3.17642      1.65951     -1.17674     -2.14832
   -0.948358      0.90238     -1.67038     0.476014     -1.32741      3.92963     -3.16472       1.6499      -1.1662     -2.12903
   -0.948358     0.902428     -1.67055     0.476088     -1.32767      3.93043     -3.16554      1.65058     -1.16694      -2.1304
   -0.948358     0.903095     -1.67289     0.477129     -1.33132      3.94153     -3.17705      1.66003     -1.17731     -2.14939
   -0.948358      0.90339     -1.67393      0.47759     -1.33294      3.94644     -3.18214       1.6642     -1.18188     -2.15776
   -0.948358       0.9032     -1.67326     0.477291     -1.33189      3.94325     -3.17883      1.66147     -1.17886     -2.15223
   -0.948358     0.903316     -1.67367     0.477473     -1.33253       3.9452     -3.18085      1.66313      -1.1807      -2.1556
   -0.948358     0.903013      -1.6726     0.477001     -1.33087      3.94016     -3.17563      1.65885     -1.17601     -2.14701
   -0.948358     0.902879     -1.67213     0.476791     -1.33013      3.93792     -3.17331      1.65694      -1.1739     -2.14314
   -0.948358     0.903314     -1.67366     0.477469     -1.33251      3.94514     -3.18079      1.66307     -1.18061     -2.15543
   -0.948358     0.903415     -1.67401     0.477627     -1.33307      3.94684     -3.18254      1.66452     -1.18222     -2.15837
   -0.948358     0.902347     -1.67026     0.475961     -1.32722      3.92907     -3.16414      1.64942     -1.16566     -2.12805
   -0.948358     0.902218     -1.66981     0.475759     -1.32651      3.92691     -3.16189      1.64756     -1.16362     -2.12431
   -0.948358     0.902766     -1.67173     0.476613     -1.32951      3.93602     -3.17133      1.65531      -1.1721     -2.13985
   -0.948358     0.903097      -1.6729      0.47713     -1.33132      3.94152     -3.17703      1.65998     -1.17722     -2.14922
   -0.948358     0.902636     -1.67127     0.476407     -1.32878       3.9338     -3.16902      1.65337     -1.16992     -2.13586
   -0.948358     0.902803     -1.67186     0.476669      -1.3297       3.9366     -3.17192      1.65577     -1.17256      -2.1407
   -0.948358     0.902474      -1.6707     0.476156      -1.3279      3.93113     -3.16626      1.65112     -1.16748      -2.1314
   -0.948358     0.902349     -1.67027     0.475961     -1.32721      3.92905     -3.16409      1.64934     -1.16551     -2.12778
   -0.948358     0.902704     -1.67151     0.476513     -1.32915      3.93493     -3.17018      1.65432     -1.17095     -2.13773
   -0.948358     0.902872      -1.6721     0.476776     -1.33007      3.93774      -3.1731      1.65672      -1.1736     -2.14259
   -0.948358     0.902917     -1.67226     0.476847     -1.33033      3.93851      -3.1739       1.6574     -1.17437       -2.144
   -0.948358     0.902566     -1.67103       0.4763     -1.32841      3.93267     -3.16786      1.65244     -1.16894     -2.13407
   -0.948358     0.901818      -1.6684     0.475133     -1.32431      3.92022     -3.15495      1.64185     -1.15732     -2.11278
   -0.948358     0.901694     -1.66796     0.474938     -1.32362      3.91814     -3.15279      1.64006     -1.15535     -2.10918
   -0.948358     0.902171     -1.66964     0.475682     -1.32623      3.92606       -3.161      1.64678     -1.16269     -2.12261
   -0.948358     0.902423     -1.67052     0.476074     -1.32761      3.93024     -3.16532      1.65032     -1.16656     -2.12971
   -0.948358     0.899354      -1.6597     0.471265      -1.3107      3.87888       -3.112      1.60636     -1.11811     -2.04092
   -0.948358     0.898839     -1.65789     0.470458     -1.30786      3.87026     -3.10306      1.59899     -1.10999     -2.02604
   -0.948358     0.897962      -1.6548     0.469087     -1.30304      3.85563     -3.08789      1.58652     -1.09632     -2.00101
   -0.948358     0.898208     -1.65567     0.469475     -1.30441      3.85979     -3.09221      1.59011     -1.10031     -2.00831
   -0.948358      0.90016     -1.66254     0.472526     -1.31513      3.89235     -3.12597      1.61785     -1.13073     -2.06403
   -0.948358     0.899714     -1.66097     0.471827     -1.31267      3.88487      -3.1182      1.61143     -1.12365     -2.05106
   -0.948358     0.898624     -1.65713      0.47012     -1.30667      3.86665     -3.09931      1.59589     -1.10656     -2.01977
   -0.948358     0.897662     -1.65374     0.468616     -1.30139       3.8506     -3.08268      1.58223      -1.0916     -1.99237
   -0.948358      0.89644     -1.64944     0.466711      -1.2947      3.83029     -3.06164        1.565     -1.07278      -1.9579
   -0.948358     0.896388     -1.64926     0.466633     -1.29444      3.82949     -3.06083      1.56438     -1.07218     -1.95678
   -0.948358     0.898478     -1.65663       0.4699     -1.30591      3.86435     -3.09695      1.59404     -1.10467     -2.01629
   -0.948358     0.899722       -1.661     0.471843     -1.31274      3.88507     -3.11842      1.61167     -1.12398     -2.05166
   -0.948358     0.899456     -1.66008     0.471435     -1.31131      3.88075     -3.11398      1.60811     -1.12019     -2.04474
   -0.948358     0.900542      -1.6639      0.47313     -1.31726      3.89882     -3.13271      1.62347       -1.137     -2.07553
   -0.948358     0.900221     -1.66276     0.472627     -1.31549      3.89345     -3.12712      1.61886     -1.13191      -2.0662
   -0.948358     0.898981      -1.6584      0.47069     -1.30869      3.87279     -3.10572      1.60129     -1.11268     -2.03098
   -0.948358     0.899736     -1.66107     0.471875     -1.31286      3.88545     -3.11887      1.61214     -1.12464     -2.05289
   -0.948358      0.90078     -1.66474     0.473503     -1.31858      3.90281     -3.13685      1.62689     -1.14078     -2.08245
   -0.948358     0.901185     -1.66616     0.474134     -1.32079      3.90954     -3.14381      1.63258     -1.14699     -2.09381
   -0.948358     0.900865     -1.66503     0.473633     -1.31903      3.90418     -3.13825      1.62799     -1.14192     -2.08453
   -0.948358     0.897897     -1.65459        0.469     -1.30276      3.85477     -3.08706        1.586     -1.09596     -2.00035
   -0.948358     0.898146     -1.65547     0.469392     -1.30414      3.85897     -3.09143      1.58963     -1.10001     -2.00777
   -0.948358     0.899894     -1.66163     0.472123     -1.31374      3.88811     -3.12163      1.61442     -1.12717     -2.05752
   -0.948358     0.899989     -1.66196     0.472273     -1.31426      3.88971     -3.12329      1.61581      -1.1287     -2.06033
   -0.948358     0.898495     -1.65671     0.469942     -1.30608      3.86486     -3.09755       1.5947     -1.10562     -2.01805
   -0.948358     0.898631     -1.65719     0.470156     -1.30683      3.86714     -3.09992      1.59666     -1.10779     -2.02203
   -0.948358     0.900047     -1.66217     0.472364     -1.31458      3.89069     -3.12431      1.61665     -1.12964     -2.06205
   -0.948358     0.901228     -1.66632     0.474207     -1.32105      3.91034     -3.14467      1.63335     -1.14792     -2.09554
   -0.948358     0.900272     -1.66296     0.472718     -1.31583      3.89446     -3.12823      1.61989     -1.13323     -2.06863
   -0.948358     0.900565     -1.66399     0.473176     -1.31744      3.89935     -3.13331      1.62407     -1.13782     -2.07705
   -0.948358     0.901353     -1.66676     0.474402     -1.32174      3.91242     -3.14684      1.63514     -1.14991     -2.09918
   -0.948358     0.900115     -1.66241     0.472471     -1.31496      3.89183      -3.1255      1.61764     -1.13074     -2.06407
   -0.948358     0.898816     -1.65784     0.470447     -1.30786      3.87026     -3.10317      1.59935     -1.11078     -2.02751
   -0.948358     0.898954     -1.65833     0.470663     -1.30862      3.87257     -3.10556      1.60134     -1.11297     -2.03153
   -0.948358     0.900751     -1.66465     0.473467     -1.31846      3.90247     -3.13654      1.62674     -1.14077     -2.08244
   -0.948358     0.902222     -1.66982     0.475763     -1.32652      3.92695     -3.16192      1.64757      -1.1636     -2.12426
   -0.948358     0.900794      -1.6648     0.473536     -1.31871      3.90321     -3.13732      1.62739      -1.1415     -2.08379
   -0.948358     0.900806     -1.66484     0.473555     -1.31877      3.90341     -3.13753      1.62758     -1.14172     -2.08419
   -0.948358     0.899004     -1.65851     0.470744     -1.30891      3.87345     -3.10649      1.60213     -1.11388     -2.03322
   -0.948358      0.89901     -1.65853     0.470755     -1.30894      3.87356     -3.10662      1.60225     -1.11402     -2.03348
   -0.948358     0.900812     -1.66487     0.473565     -1.31881      3.90352     -3.13764      1.62767     -1.14183      -2.0844
   -0.948358     0.902309     -1.67013     0.475902     -1.32701      3.92844     -3.16347      1.64887     -1.16506     -2.12694
   -0.948358     0.900848     -1.66499     0.473622     -1.31901      3.90412     -3.13828       1.6282     -1.14241     -2.08547
   -0.948358     0.900914     -1.66523     0.473725     -1.31937      3.90522     -3.13942      1.62913     -1.14344     -2.08736
   -0.948358     0.902327     -1.67019     0.475931     -1.32711      3.92875      -3.1638      1.64914     -1.16536      -2.1275
   -0.948358     0.900811     -1.66486     0.473564      -1.3188      3.90351     -3.13764      1.62767     -1.14183      -2.0844
   -0.948358     0.899002     -1.65851     0.470744     -1.30891      3.87345     -3.10652      1.60217     -1.11397     -2.03338
   -0.948358     0.899046     -1.65866     0.470812     -1.30915      3.87418     -3.10727      1.60279     -1.11464     -2.03463
   -0.948358     0.900928     -1.66528     0.473747     -1.31945      3.90546     -3.13966      1.62933     -1.14366     -2.08776
   -0.948358     0.902428     -1.67055     0.476087     -1.32766      3.93042     -3.16553      1.65057     -1.16693     -2.13038
   -0.948358     0.900887     -1.66513     0.473682     -1.31921      3.90476     -3.13894      1.62873     -1.14299     -2.08654
   -0.948358     0.900845     -1.66498     0.473616     -1.31898      3.90405      -3.1382      1.62812     -1.14231     -2.08531
   -0.948358     0.899044     -1.65866     0.470809     -1.30913      3.87414     -3.10723      1.60276     -1.11459     -2.03455
   -0.948358     0.899084      -1.6588     0.470871     -1.30935      3.87479     -3.10791       1.6033     -1.11518     -2.03562
   -0.948358     0.900822      -1.6649     0.473579     -1.31885      3.90366     -3.13779      1.62778     -1.14193     -2.08461
   -0.948358     0.902111     -1.66943     0.475591     -1.32592      3.92512     -3.16003      1.64603     -1.16193     -2.12122
   -0.948358      0.90057     -1.66401     0.473185     -1.31747      3.89945     -3.13343      1.62419     -1.13798     -2.07737
   -0.948358     0.900371     -1.66331     0.472874     -1.31638      3.89613     -3.12999      1.62136     -1.13487     -2.07168
   -0.948358     0.901909     -1.66872     0.475275     -1.32481      3.92174     -3.15653      1.64315     -1.15875     -2.11541
   -0.948358      0.90071      -1.6645     0.473404     -1.31824      3.90178     -3.13585      1.62618     -1.14017     -2.08138
   -0.948358     0.898962     -1.65836     0.470679     -1.30867      3.87274     -3.10578      1.60154     -1.11323     -2.03206
   -0.948358     0.898731     -1.65755     0.470319     -1.30741      3.86889     -3.10179      1.59826     -1.10964     -2.02549
   -0.948358     0.900186     -1.66266     0.472584     -1.31535      3.89303     -3.12677      1.61871     -1.13195     -2.06633
   -0.948358     0.901518     -1.66734     0.474663     -1.32265       3.9152     -3.14974      1.63754     -1.15256     -2.10408
   -0.948358      0.89681     -1.65079     0.467316     -1.29687      3.83688     -3.06858      1.57098     -1.07974     -1.97066
   -0.948358     0.897117     -1.65187     0.467797     -1.29856      3.84201      -3.0739      1.57537     -1.08458     -1.97951
   -0.948358     0.898489     -1.65668     0.469929     -1.30603      3.86471     -3.09739      1.59454     -1.10541     -2.01767
   -0.948358     0.896868     -1.65099     0.467404     -1.29717       3.8378     -3.06952      1.57173     -1.08051     -1.97206
   -0.948358     0.897658     -1.65377      0.46864     -1.30152        3.851     -3.08322      1.58301     -1.09292     -1.99481
   -0.948358     0.898836     -1.65791     0.470475     -1.30795      3.87055     -3.10346      1.59957     -1.11098     -2.02787
   -0.948358     0.897349     -1.65269     0.468162     -1.29984      3.84592     -3.07797      1.57873     -1.08829     -1.98632
   -0.948358     0.897365     -1.65275     0.468189     -1.29994       3.8462     -3.07828      1.57901     -1.08862     -1.98693
   -0.948358     0.898864     -1.65801      0.47052     -1.30811      3.87104     -3.10396      1.59999     -1.11146     -2.02876
   -0.948358      0.89734     -1.65266     0.468151     -1.29981      3.84581     -3.07788       1.5787     -1.08831     -1.98638
   -0.948358     0.899028     -1.65859     0.470781     -1.30903      3.87383     -3.10688      1.60243     -1.11419     -2.03377
   -0.948358     0.897238     -1.65231     0.467994     -1.29926      3.84414     -3.07616      1.57732     -1.08683     -1.98368
   -0.948358     0.897199     -1.65218     0.467936     -1.29905      3.84353     -3.07553      1.57682     -1.08631     -1.98272
   -0.948358      0.89764     -1.65372     0.468622     -1.30146      3.85084     -3.08311      1.58302     -1.09306      -1.9951
   -0.948358     0.899168     -1.65909     0.471001     -1.30981      3.87619     -3.10934      1.60448     -1.11647     -2.03797
   -0.948358     0.899148     -1.65902     0.470971      -1.3097      3.87587     -3.10901      1.60421     -1.11619     -2.03745
   -0.948358     0.896981     -1.65141     0.467598     -1.29787      3.83993     -3.07183      1.57381     -1.08306      -1.9768
   -0.948358     0.899067     -1.65874     0.470846     -1.30926      3.87453     -3.10764      1.60309     -1.11497     -2.03523
   -0.948358     0.896974     -1.65139     0.467586     -1.29783       3.8398      -3.0717       1.5737     -1.08293     -1.97657
   -0.948358     0.897023     -1.65156     0.467662     -1.29809      3.84061     -3.07253      1.57438     -1.08365      -1.9779
   -0.948358     0.897621     -1.65365     0.468591     -1.30135       3.8505     -3.08276      1.58272     -1.09273     -1.99452
   -0.948358     0.899292     -1.65952     0.471194     -1.31048      3.87823     -3.11146      1.60621     -1.11834     -2.04142
   -0.948358     0.898494     -1.65671     0.469946     -1.30609       3.8649     -3.09764      1.59483     -1.10584     -2.01854
   -0.948358     0.896608     -1.65009     0.467009     -1.29579      3.83361     -3.06526      1.56835     -1.07698      -1.9657
   -0.948358     0.899785     -1.66125     0.471955     -1.31314      3.88631      -3.1198      1.61295     -1.12559     -2.05469
   -0.948358     0.900027      -1.6621     0.472334     -1.31447      3.89036       -3.124      1.61642     -1.12942      -2.0617
   -0.948358     0.898599     -1.65708      0.47011     -1.30667      3.86666     -3.09948      1.59635     -1.10753     -2.02163
   -0.948358     0.896768     -1.65066      0.46726     -1.29667       3.8363     -3.06806      1.57066     -1.07953     -1.97037
   -0.948358     0.897011     -1.65147     0.467617     -1.29791      3.84004      -3.0718      1.57349     -1.08231     -1.97534
   -0.948358     0.896721     -1.65047     0.467172     -1.29635      3.83531     -3.06694      1.56958     -1.07813      -1.9677
   -0.948358     0.897629     -1.65364     0.468575     -1.30126      3.85021     -3.08231      1.58204     -1.09154     -1.99225
   -0.948358     0.893927      -1.6406     0.462792     -1.28095      3.78852     -3.01841      1.52961     -1.03422     -1.88726
   -0.948358     0.896296     -1.64893     0.466484      -1.2939      3.82786     -3.05912      1.56291     -1.07048     -1.95368
   -0.948358     0.893943     -1.64065     0.462815     -1.28102      3.78875     -3.01865      1.52978     -1.03439     -1.88758
   -0.948358     0.896039     -1.64803     0.466083     -1.29249      3.82357     -3.05469      1.55927     -1.06651     -1.94642
   -0.948358     0.893678     -1.63972     0.462403     -1.27958      3.78436     -3.01411      1.52608     -1.03036     -1.88022
   -0.948358     0.895711     -1.64687     0.465571     -1.29069      3.81812     -3.04906      1.55467      -1.0615     -1.93726
   -0.948358     0.893351     -1.63857     0.461894     -1.27779      3.77893     -3.00851      1.52151     -1.02541     -1.87117
   -0.948358     0.897371     -1.65271     0.468161     -1.29979      3.84574     -3.07764      1.57809     -1.08706     -1.98407
   -0.948358     0.895319      -1.6455     0.464962     -1.28856      3.81163     -3.04235       1.5492     -1.05558     -1.92642
   -0.948358     0.892948     -1.63716     0.461269      -1.2756      3.77228     -3.00165      1.51593     -1.01939     -1.86014
   -0.948358     0.894824     -1.64376     0.464193     -1.28586      3.80345     -3.03391      1.54233     -1.04814     -1.91283
   -0.948358     0.892558     -1.63579     0.460664     -1.27348      3.76585     -2.99502      1.51056     -1.01361     -1.84958
   -0.948358     0.897113      -1.6518     0.467758     -1.29837      3.84144     -3.07319      1.57445     -1.08309      -1.9768
   -0.948358     0.896643     -1.65015     0.467027     -1.29581      3.83365     -3.06514      1.56786     -1.07593     -1.96369
   -0.948358     0.901243     -1.66636     0.474222     -1.32109      3.91046     -3.14475      1.63333     -1.14777     -2.09524
   -0.948358     0.900462     -1.66361        0.473      -1.3168      3.89741     -3.13122      1.62219     -1.13552     -2.07281
   -0.948358     0.900903     -1.66516     0.473688     -1.31922      3.90475     -3.13883      1.62843     -1.14236     -2.08534
   -0.948358     0.901594      -1.6676     0.474773     -1.32303      3.91634     -3.15087      1.63837     -1.15333     -2.10543
   -0.948358     0.900934     -1.66528     0.473747     -1.31943      3.90542     -3.13959      1.62917     -1.14334     -2.08719
   -0.948358     0.901303     -1.66658     0.474325     -1.32146      3.91159     -3.14599      1.63445     -1.14915     -2.09784
   -0.948358     0.900117      -1.6624     0.472468     -1.31494      3.89175     -3.12542       1.6175      -1.1305     -2.06368
   -0.948358     0.901567     -1.66751     0.474736      -1.3229      3.91596     -3.15051      1.63813     -1.15315     -2.10516
   -0.948358     0.901946     -1.66884     0.475329     -1.32499       3.9223     -3.15709      1.64356     -1.15913      -2.1161
   -0.948358     0.896912     -1.65117     0.467488     -1.29748      3.83875     -3.07061      1.57279     -1.08191     -1.97471
   -0.948358     0.896759     -1.65063     0.467249     -1.29664      3.83619     -3.06795       1.5706      -1.0795     -1.97031
   -0.948358     0.899276     -1.65947     0.471169     -1.31039      3.87796     -3.11119      1.60597     -1.11808     -2.04094
   -0.948358     0.902982     -1.67249      0.47695     -1.33069       3.9396     -3.17503      1.65833      -1.1754     -2.14588
   -0.948358     0.902635     -1.67127     0.476409     -1.32879      3.93384     -3.16907      1.65344     -1.17004     -2.13608
   -0.948358     0.901971     -1.66894     0.475373     -1.32515      3.92278     -3.15761      1.64404     -1.15973      -2.1172
   -0.948358     0.902989     -1.67251     0.476959     -1.33072      3.93969     -3.17513      1.65839     -1.17544     -2.14596
   -0.948358     0.903056     -1.67275     0.477063     -1.33109      3.94081     -3.17628      1.65934     -1.17649     -2.14788
   -0.948358     0.903036     -1.67268     0.477034     -1.33098       3.9405     -3.17597      1.65911     -1.17625     -2.14745
   -0.948358     0.902697     -1.67149     0.476505     -1.32913      3.93487     -3.17013      1.65432     -1.17101     -2.13785
   -0.948358     0.902035     -1.66916     0.475472      -1.3255      3.92384     -3.15871      1.64494     -1.16073     -2.11902
   -0.948358     0.903125     -1.67299     0.477172     -1.33147      3.94197     -3.17748      1.66034     -1.17759     -2.14989
   -0.948358     0.903209     -1.67329     0.477304     -1.33193      3.94338     -3.17895      1.66155     -1.17893     -2.15236
   -0.948358     0.900751     -1.66465     0.473468     -1.31846      3.90247     -3.13656      1.62677     -1.14081     -2.08256
   -0.948358      0.89944     -1.66004     0.471425     -1.31129      3.88069     -3.11401      1.60829     -1.12061     -2.04558
   -0.948358     0.900779     -1.66475     0.473512     -1.31862      3.90295     -3.13706      1.62717     -1.14126     -2.08338
   -0.948358     0.903383      -1.6739     0.477578      -1.3329      3.94632       -3.182      1.66408     -1.18174     -2.15748
   -0.948358     0.903041      -1.6727     0.477045     -1.33103      3.94064     -3.17612      1.65925     -1.17646     -2.14781
   -0.948358     0.902288     -1.67005     0.475869      -1.3269      3.92809     -3.16311      1.64857     -1.16474     -2.12636
   -0.948358     0.903471     -1.67421     0.477714     -1.33337      3.94776     -3.18349       1.6653     -1.18306      -2.1599
   -0.948358     0.903448     -1.67413     0.477678     -1.33325      3.94738     -3.18309      1.66496     -1.18269     -2.15922
   -0.948358     0.903377     -1.67388     0.477568     -1.33286      3.94621     -3.18189      1.66399     -1.18163     -2.15729
   -0.948358     0.903035     -1.67268     0.477036       -1.331      3.94054     -3.17601      1.65917     -1.17636     -2.14764
   -0.948358     0.902285     -1.67005     0.475865     -1.32688      3.92805     -3.16307      1.64854      -1.1647     -2.12628
   -0.948358     0.903438     -1.67409     0.477662     -1.33319       3.9472     -3.18291      1.66481     -1.18252     -2.15892
   -0.948358     0.903414     -1.67401     0.477625     -1.33306      3.94681     -3.18251      1.66448     -1.18216     -2.15824
   -0.948358     0.900781     -1.66476     0.473518     -1.31864      3.90301     -3.13712      1.62725     -1.14137     -2.08356
   -0.948358     0.899293     -1.65953     0.471196     -1.31049      3.87827      -3.1115      1.60625      -1.1184      -2.0415
   -0.948358     0.900781     -1.66476     0.473517     -1.31864      3.90301     -3.13712      1.62724     -1.14136     -2.08355
   -0.948358     0.902499     -1.67079     0.476191     -1.32802      3.93149     -3.16659      1.65135     -1.16765     -2.13167
   -0.948358     0.902066     -1.66926     0.475515     -1.32565      3.92428     -3.15913      1.64522     -1.16094     -2.11939
   -0.948358     0.901268     -1.66646      0.47427     -1.32128      3.91101     -3.14537      1.63394     -1.14858     -2.09674
   -0.948358     0.902753     -1.67168     0.476587     -1.32941      3.93572     -3.17098      1.65495     -1.17161     -2.13892
   -0.948358     0.902648     -1.67131     0.476423     -1.32883      3.93396     -3.16915      1.65344     -1.16993     -2.13585
   -0.948358     0.902471     -1.67069     0.476146     -1.32786      3.93101      -3.1661      1.65094      -1.1672     -2.13084
   -0.948358     0.902043     -1.66918     0.475479     -1.32552       3.9239     -3.15873      1.64489     -1.16058     -2.11873
   -0.948358     0.901252      -1.6664     0.474244     -1.32118      3.91073     -3.14508      1.63369     -1.14831     -2.09625
   -0.948358     0.902594     -1.67112     0.476339     -1.32854      3.93306     -3.16822      1.65267     -1.16908     -2.13429
   -0.948358     0.902468     -1.67067     0.476141     -1.32784      3.93095     -3.16602      1.65086     -1.16709     -2.13064
   -0.948358     0.900058     -1.66221     0.472382     -1.31465      3.89088     -3.12452      1.61683     -1.12984     -2.06243
   -0.948358     0.898944     -1.65829     0.470644     -1.30855      3.87235     -3.10533       1.6011     -1.11266     -2.03096
   -0.948358     0.900049     -1.66217     0.472367     -1.31459      3.89072     -3.12434      1.61668     -1.12968     -2.06213
   -0.948358     0.898613     -1.65708     0.470101      -1.3066      3.86643     -3.09908      1.59569     -1.10634     -2.01938
   -0.948358     0.898004     -1.65494      0.46915     -1.30326      3.85629     -3.08857      1.58706     -1.09689     -2.00206
   -0.948358      0.89824     -1.65577     0.469519     -1.30456      3.86023     -3.09265      1.59041     -1.10056     -2.00877
   -0.948358     0.898861     -1.65796      0.47049     -1.30797      3.87059     -3.10339      1.59923     -1.11022     -2.02647
   -0.948358     0.898443     -1.65649     0.469837     -1.30568      3.86362     -3.09618      1.59332     -1.10376     -2.01466
   -0.948358     0.897756     -1.65407     0.468764     -1.30191      3.85217     -3.08432      1.58359     -1.09311     -1.99515
   -0.948358     0.899203     -1.65916     0.471025     -1.30985       3.8763     -3.10931       1.6041     -1.11557     -2.03627
   -0.948358     0.899368     -1.65974     0.471281     -1.31075      3.87903     -3.11214      1.60643     -1.11811     -2.04093
   -0.948358     0.902386     -1.67039     0.476015      -1.3274       3.9296     -3.16465      1.64975     -1.16591      -2.1285
   -0.948358     0.902319     -1.67015      0.47591     -1.32703      3.92849      -3.1635      1.64881     -1.16487     -2.12661
   -0.948358     0.902017     -1.66909     0.475437     -1.32537      3.92344     -3.15826      1.64449     -1.16011     -2.11789
   -0.948358     0.902131     -1.66949     0.475614     -1.32599      3.92533     -3.16021      1.64609     -1.16187     -2.12111
   -0.948358     0.902529     -1.67089     0.476239     -1.32818        3.932     -3.16714       1.6518     -1.16816     -2.13264
   -0.948358     0.902505     -1.67081     0.476201     -1.32805       3.9316     -3.16673      1.65147     -1.16781     -2.13199
   -0.948358     0.902209     -1.66977     0.475739     -1.32643      3.92667     -3.16161      1.64726     -1.16319     -2.12353
   -0.948358      0.90187     -1.66857     0.475208     -1.32456        3.921     -3.15573      1.64241     -1.15784     -2.11373
   -0.948358     0.901236     -1.66634     0.474214     -1.32107      3.91038     -3.14471      1.63332     -1.14782     -2.09538
   -0.948358     0.901405     -1.66693     0.474478     -1.32199      3.91319     -3.14762      1.63572     -1.15044     -2.10018
   -0.948358     0.902216     -1.66979     0.475747     -1.32645      3.92674     -3.16168      1.64729     -1.16318     -2.12351
   -0.948358     0.902437     -1.67057     0.476094     -1.32767      3.93045     -3.16553      1.65047     -1.16669     -2.12993
   -0.948358     0.902685     -1.67144     0.476483     -1.32904      3.93461     -3.16984      1.65403     -1.17062     -2.13714
   -0.948358     0.902539     -1.67092     0.476253     -1.32823      3.93214     -3.16729      1.65192     -1.16829     -2.13286
   -0.948358     0.902649     -1.67131     0.476425     -1.32884      3.93399      -3.1692      1.65349     -1.17002     -2.13604
   -0.948358     0.902828     -1.67194     0.476706     -1.32983      3.93699     -3.17232      1.65607     -1.17287     -2.14126
   -0.948358     0.902925     -1.67229     0.476859     -1.33036      3.93862     -3.17401      1.65746      -1.1744     -2.14405
   -0.948358     0.902962     -1.67242     0.476916     -1.33056      3.93923     -3.17463      1.65797     -1.17495     -2.14506
   -0.948358     0.902763     -1.67172     0.476604     -1.32947       3.9359     -3.17118      1.65513     -1.17183     -2.13935
   -0.948358     0.902848     -1.67201     0.476736     -1.32993      3.93731     -3.17264      1.65633     -1.17314     -2.14176
   -0.948358     0.903062     -1.67277     0.477071     -1.33111      3.94089     -3.17636      1.65939     -1.17652     -2.14793
   -0.948358     0.903237     -1.67339     0.477347     -1.33208      3.94384     -3.17942      1.66193     -1.17934      -2.1531
   -0.948358     0.902879     -1.67212     0.476785      -1.3301      3.93782     -3.17317      1.65676      -1.1736     -2.14259
   -0.948358      0.90307      -1.6728     0.477084     -1.33116      3.94102      -3.1765       1.6595     -1.17663     -2.14813
   -0.948358     0.903359     -1.67382     0.477539     -1.33276      3.94589     -3.18156       1.6637      -1.1813     -2.15669
   -0.948358     0.903447     -1.67413     0.477677     -1.33324      3.94736     -3.18309      1.66496      -1.1827     -2.15925
   -0.948358     0.903275     -1.67352     0.477407     -1.33229      3.94447     -3.18008      1.66247     -1.17992     -2.15416
   -0.948358      0.90339     -1.67392     0.477586     -1.33292       3.9464     -3.18208      1.66412     -1.18176     -2.15753
   -0.948358       0.9035     -1.67431      0.47776     -1.33354      3.94825     -3.18401      1.66573     -1.18354     -2.16079
   -0.948358     0.903478     -1.67424     0.477727     -1.33342       3.9479     -3.18365      1.66544     -1.18323     -2.16022
   -0.948358     0.903523     -1.67439     0.477796     -1.33366      3.94864     -3.18441      1.66606      -1.1839     -2.16145
   -0.948358     0.903463     -1.67418     0.477701     -1.33333      3.94763     -3.18336      1.66518     -1.18293     -2.15967
   -0.948358     0.903503     -1.67432     0.477765     -1.33355       3.9483     -3.18406      1.66576     -1.18358     -2.16085
   -0.948358     0.903522     -1.67439     0.477794     -1.33366      3.94862     -3.18438      1.66603     -1.18386     -2.16138
   -0.948358     0.903511     -1.67435     0.477777     -1.33359      3.94843     -3.18419      1.66587     -1.18369     -2.16106
   -0.948358      0.90347     -1.67421     0.477713     -1.33337      3.94775     -3.18348      1.66527     -1.18302     -2.15983
   -0.948358     0.903398     -1.67395     0.477599     -1.33297      3.94652      -3.1822      1.66421     -1.18184     -2.15766
   -0.948358     0.903504     -1.67432     0.477765     -1.33355       3.9483     -3.18405      1.66575     -1.18355      -2.1608
   -0.948358     0.903442     -1.67411     0.477668     -1.33321      3.94727     -3.18298      1.66485     -1.18255     -2.15897
   -0.948358     0.903382     -1.67389     0.477573     -1.33288      3.94625     -3.18192      1.66398     -1.18158     -2.15718
   -0.948358     0.903399     -1.67395       0.4776     -1.33297      3.94654     -3.18222      1.66424     -1.18188     -2.15773
   -0.948358     0.903313     -1.67365     0.477464     -1.33249      3.94508      -3.1807      1.66296     -1.18044     -2.15511
   -0.948358      0.90327      -1.6735     0.477396     -1.33225      3.94436     -3.17995      1.66234     -1.17976     -2.15385
   -0.948358     0.903369     -1.67385     0.477554     -1.33281      3.94605     -3.18172      1.66382     -1.18142      -2.1569
   -0.948358     0.903316     -1.67366     0.477471     -1.33252      3.94517      -3.1808      1.66306     -1.18059     -2.15537
   -0.948358     0.903351     -1.67379     0.477525     -1.33271      3.94574     -3.18139      1.66354     -1.18109      -2.1563
   -0.948358     0.903343     -1.67376     0.477513     -1.33267      3.94561     -3.18126      1.66344     -1.18099     -2.15611
   -0.948358     0.903254     -1.67344     0.477373     -1.33218      3.94412     -3.17971      1.66217      -1.1796     -2.15356
   -0.948358     0.903226     -1.67335      0.47733     -1.33202      3.94366     -3.17924      1.66178     -1.17918     -2.15279
   -0.948358     0.903167     -1.67314     0.477238      -1.3317      3.94267      -3.1782      1.66092     -1.17822     -2.15102
   -0.948358     0.903306     -1.67363     0.477455     -1.33246      3.94499     -3.18062      1.66291     -1.18041     -2.15505
   -0.948358     0.903269      -1.6735     0.477396     -1.33226      3.94437     -3.17996      1.66237     -1.17982     -2.15396
   -0.948358     0.903207     -1.67328       0.4773     -1.33192      3.94334      -3.1789      1.66149     -1.17884     -2.15216
   -0.948358     0.903004     -1.67256     0.476981      -1.3308      3.93993     -3.17535      1.65856     -1.17559     -2.14622
   -0.948358     0.902815      -1.6719     0.476684     -1.32975      3.93675     -3.17205      1.65582     -1.17256     -2.14067
   -0.948358     0.902617      -1.6712     0.476373     -1.32865      3.93342     -3.16859      1.65296     -1.16938     -2.13484
   -0.948358     0.903056     -1.67275     0.477062     -1.33108      3.94079     -3.17625       1.6593      -1.1764     -2.14771
   -0.948358     0.902851     -1.67202      0.47674     -1.32995      3.93735     -3.17266      1.65632     -1.17311     -2.14166
   -0.948358     0.902529     -1.67089     0.476234     -1.32817      3.93194     -3.16704      1.65168     -1.16797     -2.13226
   -0.948358     0.902456     -1.67063     0.476121     -1.32777      3.93073      -3.1658      1.65066     -1.16686     -2.13021
   -0.948358     0.902556     -1.67098     0.476277     -1.32831      3.93239     -3.16751      1.65206     -1.16838       -2.133
   -0.948358     0.902361     -1.67029     0.475971     -1.32724      3.92912     -3.16412      1.64926     -1.16528     -2.12733
   -0.948358     0.902325     -1.67017     0.475916     -1.32705      3.92854     -3.16352      1.64879      -1.1648     -2.12644
   -0.948358     0.902219     -1.66979     0.475749     -1.32646      3.92677     -3.16168      1.64727     -1.16312     -2.12337
   -0.948358      0.90236     -1.67029      0.47597     -1.32724      3.92911     -3.16411      1.64927     -1.16531     -2.12737
   -0.948358     0.902274     -1.66999     0.475836     -1.32677      3.92769     -3.16263      1.64805     -1.16397     -2.12493
   -0.948358     0.902084     -1.66932     0.475538     -1.32572      3.92451     -3.15934      1.64534     -1.16099     -2.11947
   -0.948358     0.902022      -1.6691     0.475442     -1.32538      3.92348     -3.15827      1.64447     -1.16004     -2.11773
   -0.948358     0.901908      -1.6687     0.475263     -1.32475      3.92157     -3.15628      1.64282     -1.15821     -2.11437
   -0.948358     0.901808     -1.66835     0.475107      -1.3242       3.9199     -3.15456       1.6414     -1.15665     -2.11152
   -0.948358     0.902213     -1.66977      0.47574     -1.32643      3.92666     -3.16157      1.64717     -1.16301     -2.12316
   -0.948358     0.902123     -1.66946     0.475599     -1.32593      3.92515        -3.16      1.64588     -1.16158     -2.12055
   -0.948358      0.90199     -1.66899     0.475391      -1.3252      3.92294      -3.1577      1.64398     -1.15948      -2.1167
   -0.948358     0.901684     -1.66791     0.474911     -1.32351      3.91781     -3.15238      1.63959     -1.15465     -2.10785
   -0.948358     0.901557     -1.66746     0.474713     -1.32282       3.9157     -3.15019       1.6378     -1.15268     -2.10425
   -0.948358     0.900049     -1.66214     0.472349      -1.3145      3.89044     -3.12397      1.61618     -1.12884     -2.06058
   -0.948358     0.901145     -1.66601     0.474066     -1.32054      3.90879     -3.14301      1.63187     -1.14613     -2.09224
   -0.948358     0.900333     -1.66315     0.472794     -1.31607      3.89519      -3.1289      1.62022     -1.13329     -2.06872
   -0.948358     0.901786     -1.66827     0.475071     -1.32408      3.91952     -3.15415      1.64105     -1.15625     -2.11077
   -0.948358      0.90132     -1.66663      0.47434      -1.3215       3.9117     -3.14604      1.63435     -1.14886     -2.09724
   -0.948358     0.901057     -1.66571     0.473934     -1.32008      3.90739     -3.14161      1.63079     -1.14503     -2.09029
   -0.948358     0.900458      -1.6636     0.472995     -1.31678      3.89736     -3.13121      1.62221     -1.13559     -2.07299
   -0.948358     0.900693     -1.66442     0.473363     -1.31807      3.90129     -3.13527      1.62554     -1.13924     -2.07967
   -0.948358     0.901723     -1.66805     0.474976     -1.32374       3.9185     -3.15313      1.64025     -1.15542      -2.1093
   -0.948358     0.900227     -1.66278     0.472635     -1.31552      3.89352     -3.12723      1.61894     -1.13202     -2.06645
   -0.948358     0.900701     -1.66446      0.47338     -1.31814      3.90147     -3.13548      1.62576     -1.13953     -2.08021
   -0.948358     0.899123      -1.6589     0.470914     -1.30947      3.87516     -3.10822      1.60336     -1.11498     -2.03527
   -0.948358     0.899811     -1.66132     0.471986     -1.31324      3.88659     -3.12006      1.61306     -1.12558     -2.05467
   -0.948358     0.899661     -1.66078     0.471741     -1.31237      3.88394     -3.11723      1.61062     -1.12272     -2.04937
   -0.948358     0.898479     -1.65662     0.469895     -1.30588      3.86425     -3.09684      1.59389     -1.10441     -2.01586
   -0.948358     0.897886     -1.65453      0.46897     -1.30263      3.85437     -3.08662       1.5855     -1.09524     -1.99906
   -0.948358     0.899048     -1.65862     0.470782     -1.30899       3.8737     -3.10662      1.60188     -1.11313     -2.03181
   -0.948358     0.898912     -1.65814     0.470569     -1.30824      3.87143     -3.10427      1.59996     -1.11103     -2.02799
   -0.948358     0.896344      -1.6491     0.466562     -1.29418       3.8287     -3.06004      1.56371     -1.07144     -1.95549
   -0.948358     0.897205     -1.65213     0.467906     -1.29889      3.84303     -3.07487      1.57586      -1.0847     -1.97977
   -0.948358     0.897128     -1.65189       0.4678     -1.29854      3.84195     -3.07383      1.57517     -1.08415     -1.97881
   -0.948358      0.90312     -1.67297      0.47716     -1.33142      3.94183     -3.17732      1.66016     -1.17733     -2.14941
   -0.948358      0.90319     -1.67322     0.477271     -1.33181      3.94302     -3.17857       1.6612      -1.1785     -2.15155
   -0.948358      0.90335     -1.67378     0.477523      -1.3327      3.94571     -3.18136      1.66352     -1.18107     -2.15627
   -0.948358      0.90208     -1.66931     0.475533      -1.3257      3.92446      -3.1593      1.64532     -1.16099     -2.11951
   -0.948358     0.902153     -1.66956     0.475647      -1.3261      3.92566     -3.16055      1.64634     -1.16211     -2.12155
   -0.948358      0.90229     -1.67005     0.475862     -1.32686      3.92796     -3.16295      1.64833     -1.16432     -2.12559
   -0.948358     0.901633     -1.66773     0.474833     -1.32324      3.91697     -3.15154      1.63893     -1.15396     -2.10663
   -0.948358     0.901738      -1.6681     0.474998     -1.32382      3.91873     -3.15336      1.64042     -1.15558      -2.1096
   -0.948358      0.90192     -1.66874     0.475281     -1.32481      3.92175     -3.15649      1.64299      -1.1584     -2.11476
   -0.948358     0.902824     -1.67192     0.476696     -1.32979      3.93687     -3.17216       1.6559     -1.17261     -2.14076
   -0.948358     0.903124     -1.67298     0.477167     -1.33145      3.94191      -3.1774      1.66023     -1.17742     -2.14956
   -0.948358      0.90294     -1.67233     0.476878     -1.33043      3.93882     -3.17419      1.65757     -1.17447     -2.14416
   -0.948358      0.90324     -1.67339      0.47735     -1.33209      3.94387     -3.17944      1.66193      -1.1793     -2.15302
   -0.948358     0.903091     -1.67287     0.477115     -1.33126      3.94134     -3.17681      1.65974     -1.17687     -2.14856
   -0.948358     0.902882     -1.67213     0.476787     -1.33011      3.93784     -3.17318      1.65673     -1.17353     -2.14245
   -0.948358     0.902682     -1.67142     0.476473       -1.329      3.93448     -3.16968      1.65384     -1.17033     -2.13659
   -0.948358     0.902515     -1.67083     0.476211     -1.32808      3.93168     -3.16678      1.65144     -1.16768     -2.13173
   -0.948358     0.901333     -1.66667     0.474358     -1.32157      3.91189     -3.14623      1.63449     -1.14898     -2.09748
   -0.948358     0.901991     -1.66899      0.47539     -1.32519      3.92291     -3.15767      1.64393      -1.1594     -2.11656
   -0.948358     0.901667     -1.66785     0.474883     -1.32341      3.91749     -3.15204      1.63929     -1.15427     -2.10716
   -0.948358     0.902123     -1.66946     0.475598     -1.32593      3.92514     -3.15999      1.64585     -1.16153     -2.12046
   -0.948358     0.902125     -1.66946       0.4756     -1.32593      3.92516        -3.16      1.64585     -1.16151     -2.12043
   -0.948358     0.901811     -1.66835     0.475107      -1.3242      3.91988     -3.15452      1.64133     -1.15652     -2.11128
   -0.948358     0.901405     -1.66692     0.474471     -1.32196      3.91309     -3.14747      1.63551      -1.1501     -2.09952
   -0.948358     0.900901     -1.66515     0.473682     -1.31919      3.90466     -3.13873      1.62831     -1.14217     -2.08499
   -0.948358     0.900378      -1.6633     0.472862      -1.3163      3.89591     -3.12965      1.62084     -1.13396     -2.06998
   -0.948358      0.90099     -1.66546     0.473822     -1.31968      3.90616      -3.1403      1.62963     -1.14366     -2.08775
   -0.948358     0.900496     -1.66372     0.473049     -1.31696      3.89791     -3.13174      1.62257     -1.13589     -2.07352
   -0.948358     0.901458     -1.66711     0.474556     -1.32226        3.914     -3.14844      1.63633     -1.15104     -2.10126
   -0.948358     0.900392     -1.66336      0.47289     -1.31641      3.89622        -3.13      1.62117      -1.1344     -2.07079
   -0.948358     0.899716     -1.66098     0.471831     -1.31269      3.88492     -3.11829      1.61154     -1.12381      -2.0514
   -0.948358     0.899297      -1.6595     0.471175     -1.31038       3.8779       -3.111      1.60554      -1.1172      -2.0393
   -0.948358     0.899129     -1.65891     0.470911     -1.30945      3.87508     -3.10807       1.6031      -1.1145     -2.03434
   -0.948358     0.899221     -1.65923     0.471053     -1.30994      3.87659     -3.10961      1.60434     -1.11583     -2.03676
   -0.948358     0.899099      -1.6588     0.470862     -1.30927      3.87455     -3.10751      1.60262     -1.11395     -2.03333
   -0.948358     0.900474     -1.66364     0.473012     -1.31683      3.89751     -3.13131       1.6222     -1.13545     -2.07271
   -0.948358     0.898943     -1.65825     0.470619     -1.30842      3.87197     -3.10485      1.60045      -1.1116     -2.02903
   -0.948358     0.899457     -1.66006      0.47142     -1.31124      3.88052     -3.11368      1.60769      -1.1195     -2.04347
   -0.948358       0.8996     -1.66056     0.471645     -1.31203      3.88291     -3.11616      1.60973     -1.12174     -2.04758
   -0.948358     0.900168     -1.66256     0.472534     -1.31515       3.8924     -3.12601      1.61783     -1.13064     -2.06388
   -0.948358     0.900251     -1.66285     0.472664     -1.31561      3.89379     -3.12745      1.61901     -1.13194     -2.06626
   -0.948358     0.900934     -1.66526     0.473733     -1.31937      3.90521      -3.1393      1.62877     -1.14268     -2.08595
   -0.948358       0.9001     -1.66232     0.472427     -1.31478      3.89127     -3.12483      1.61686     -1.12958     -2.06193
   -0.948358     0.900791     -1.66476     0.473509     -1.31858      3.90281     -3.13681      1.62672     -1.14042      -2.0818
   -0.948358     0.900825     -1.66488     0.473562     -1.31876      3.90338     -3.13739       1.6272     -1.14095     -2.08277
   -0.948358     0.901344     -1.66671     0.474375     -1.32162      3.91206     -3.14641      1.63463     -1.14913     -2.09775
   -0.948358     0.901333     -1.66667     0.474358     -1.32156      3.91189     -3.14622      1.63448     -1.14897     -2.09744
   -0.948358     0.901406     -1.66692     0.474472     -1.32196       3.9131     -3.14748      1.63552     -1.15011     -2.09955
   -0.948358     0.900818     -1.66485     0.473551     -1.31873      3.90327     -3.13728      1.62711     -1.14085     -2.08258
   -0.948358     0.901369     -1.66679     0.474414     -1.32176      3.91248     -3.14684      1.63499     -1.14952     -2.09847
   -0.948358     0.901779     -1.66824     0.475056     -1.32402      3.91934     -3.15396      1.64086       -1.156     -2.11034
   -0.948358     0.901739      -1.6681     0.474994      -1.3238      3.91868     -3.15327      1.64029     -1.15537     -2.10919
   -0.948358      0.90213     -1.66948     0.475607     -1.32596      3.92523     -3.16007      1.64591     -1.16157     -2.12053
   -0.948358     0.902078     -1.66929     0.475526     -1.32567      3.92436     -3.15917      1.64516     -1.16075     -2.11902
   -0.948358     0.901798     -1.66831     0.475087     -1.32413      3.91967      -3.1543      1.64114     -1.15631      -2.1109
   -0.948358     0.901872     -1.66857     0.475202     -1.32453       3.9209     -3.15558       1.6422     -1.15748     -2.11304
   -0.948358     0.902219     -1.66979     0.475746     -1.32645      3.92671     -3.16161      1.64718     -1.16298     -2.12311
   -0.948358     0.902372     -1.67033     0.475986     -1.32729      3.92927     -3.16427      1.64937      -1.1654     -2.12755
   -0.948358     0.902302     -1.67008     0.475876      -1.3269       3.9281     -3.16305      1.64837     -1.16428     -2.12551
   -0.948358     0.902509     -1.67081     0.476202     -1.32805      3.93158     -3.16667      1.65135     -1.16758     -2.13155
   -0.948358     0.902428     -1.67053     0.476074      -1.3276      3.93022     -3.16526      1.65019     -1.16629     -2.12919
   -0.948358     0.901977     -1.66894     0.475367     -1.32511      3.92266     -3.15741      1.64371     -1.15915      -2.1161
   -0.948358     0.902446     -1.67059     0.476102      -1.3277      3.93051     -3.16556      1.65044     -1.16657      -2.1297
   -0.948358     0.902585     -1.67108     0.476321     -1.32847      3.93286       -3.168      1.65245      -1.1688     -2.13377
   -0.948358     0.902582     -1.67107     0.476315     -1.32845      3.93279     -3.16793       1.6524     -1.16874     -2.13367
   -0.948358     0.902493     -1.67076     0.476177     -1.32796      3.93131      -3.1664      1.65113     -1.16734     -2.13111
   -0.948358     0.902562       -1.671     0.476285     -1.32834      3.93247      -3.1676      1.65213     -1.16845     -2.13316
   -0.948358     0.902479     -1.67071     0.476154     -1.32788      3.93108     -3.16615      1.65093     -1.16713     -2.13073
   -0.948358     0.901974     -1.66893     0.475363      -1.3251      3.92262     -3.15738      1.64369     -1.15913     -2.11608
   -0.948358      0.90245     -1.67061      0.47611     -1.32773       3.9306     -3.16566      1.65054      -1.1667     -2.12995
   -0.948358     0.902375     -1.67034     0.475993     -1.32731      3.92935     -3.16437      1.64946     -1.16552     -2.12778
   -0.948358     0.902281     -1.67001     0.475845     -1.32679      3.92777     -3.16273      1.64812     -1.16404     -2.12507
   -0.948358     0.902215     -1.66978     0.475742     -1.32643      3.92667     -3.16159      1.64718       -1.163     -2.12316
   -0.948358     0.901773     -1.66822     0.475048     -1.32399      3.91925     -3.15388      1.64081     -1.15597     -2.11029
   -0.948358     0.902418     -1.67049      0.47606     -1.32755      3.93007     -3.16512      1.65009     -1.16622     -2.12906
   -0.948358     0.902067     -1.66926      0.47551     -1.32562       3.9242     -3.15902      1.64507     -1.16068     -2.11893
   -0.948358     0.902014     -1.66907     0.475427     -1.32532      3.92331      -3.1581       1.6443     -1.15983     -2.11737
   -0.948358     0.901799     -1.66832     0.475092     -1.32415      3.91973     -3.15439      1.64126     -1.15649     -2.11126
   -0.948358     0.901767      -1.6682     0.475041     -1.32397      3.91919     -3.15383      1.64079     -1.15597     -2.11031
   -0.948358     0.902114     -1.66942     0.475584     -1.32588      3.92499     -3.15984      1.64574     -1.16143      -2.1203
   -0.948358     0.901846     -1.66848     0.475164      -1.3244      3.92051      -3.1552      1.64193     -1.15723     -2.11261
   -0.948358     0.901431     -1.66702     0.474516     -1.32212      3.91358     -3.14802      1.63601     -1.15072     -2.10069
   -0.948358     0.901422     -1.66699     0.474501     -1.32207      3.91342     -3.14785      1.63587     -1.15056     -2.10039
   -0.948358     0.900929     -1.66525      0.47373     -1.31936      3.90519     -3.13931      1.62884     -1.14283     -2.08625
   -0.948358     0.900951     -1.66533     0.473763     -1.31948      3.90554     -3.13967      1.62914     -1.14315     -2.08683
   -0.948358     0.901397      -1.6669     0.474463     -1.32194      3.91302     -3.14743      1.63554     -1.15021     -2.09975
   -0.948358     0.900894     -1.66513     0.473675     -1.31917      3.90461     -3.13871      1.62835      -1.1423     -2.08527
   -0.948358     0.900327     -1.66313     0.472787     -1.31605      3.89513     -3.12887      1.62025     -1.13339     -2.06895
   -0.948358      0.89959     -1.66053     0.471635       -1.312      3.88282     -3.11612      1.60976     -1.12186     -2.04784
   -0.948358     0.900308     -1.66307     0.472759     -1.31595      3.89483     -3.12856         1.62     -1.13312     -2.06846
   -0.948358       0.8995     -1.66022     0.471494      -1.3115      3.88132     -3.11456      1.60848     -1.12047     -2.04529
   -0.948358      0.89913     -1.65891     0.470915     -1.30946      3.87513     -3.10814      1.60318     -1.11463     -2.03459
   -0.948358     0.898711     -1.65744     0.470261     -1.30717      3.86815     -3.10091      1.59725     -1.10814      -2.0227
   -0.948358     0.903107     -1.67292     0.477141     -1.33136      3.94163     -3.17713      1.66002      -1.1772     -2.14918
   -0.948358      0.90329     -1.67357     0.477429     -1.33237      3.94471     -3.18033      1.66267     -1.18014     -2.15457
   -0.948358     0.903393     -1.67394     0.477592     -1.33294      3.94645     -3.18214      1.66417     -1.18181     -2.15762
   -0.948358      0.90277     -1.67174     0.476613      -1.3295      3.93598     -3.17126      1.65516     -1.17182     -2.13933
   -0.948358     0.902818      -1.6719     0.476686     -1.32975      3.93675     -3.17205       1.6558      -1.1725     -2.14055
   -0.948358     0.902867     -1.67207     0.476763     -1.33002      3.93758      -3.1729       1.6565     -1.17328     -2.14199
   -0.948358     0.903097     -1.67289     0.477125      -1.3313      3.94145     -3.17693      1.65984     -1.17697     -2.14875
   -0.948358      0.90312     -1.67297      0.47716     -1.33142      3.94183     -3.17732      1.66016     -1.17733     -2.14941
   -0.948358     0.903275     -1.67352     0.477404     -1.33228      3.94444     -3.18004      1.66241     -1.17983     -2.15399
   -0.948358     0.902752     -1.67167     0.476582     -1.32939      3.93565      -3.1709      1.65485     -1.17145     -2.13863
   -0.948358     0.903054     -1.67274     0.477057     -1.33106      3.94073     -3.17618      1.65921     -1.17628     -2.14749
   -0.948358     0.903314     -1.67365     0.477466      -1.3325       3.9451     -3.18072      1.66298     -1.18046     -2.15514
   -0.948358     0.903438     -1.67409     0.477662     -1.33319       3.9472      -3.1829      1.66479     -1.18248     -2.15884
   -0.948358     0.903415     -1.67401     0.477624     -1.33306      3.94679     -3.18248      1.66444     -1.18209     -2.15813
   -0.948358     0.903498      -1.6743     0.477756     -1.33352       3.9482     -3.18395      1.66566     -1.18345     -2.16062
   -0.948358     0.903518     -1.67438     0.477788     -1.33363      3.94855     -3.18431      1.66596     -1.18379     -2.16125
   -0.948358     0.903463     -1.67418     0.477701     -1.33333      3.94762     -3.18334      1.66516     -1.18289     -2.15959
   -0.948358     0.903501     -1.67432     0.477762     -1.33354      3.94827     -3.18403      1.66573     -1.18354     -2.16079
   -0.948358     0.903464     -1.67418     0.477702     -1.33333      3.94764     -3.18337      1.66519     -1.18294     -2.15968
   -0.948358     0.903442     -1.67411     0.477667     -1.33321      3.94726     -3.18297      1.66485     -1.18255     -2.15897
   -0.948358      0.90177     -1.66822     0.475048       -1.324      3.91928     -3.15393      1.64091     -1.15614     -2.11063
   -0.948358     0.902228     -1.66983     0.475766     -1.32652      3.92694     -3.16189      1.64746     -1.16337     -2.12386
   -0.948358     0.902438     -1.67057     0.476094     -1.32768      3.93045     -3.16553      1.65047     -1.16669     -2.12993
   -0.948358      0.90156     -1.66748     0.474719     -1.32284      3.91576     -3.15028      1.63789     -1.15282     -2.10454
   -0.948358     0.901657     -1.66781     0.474869     -1.32337      3.91736     -3.15194      1.63925     -1.15429     -2.10724
   -0.948358      0.90131     -1.66659     0.474327     -1.32146      3.91158     -3.14594      1.63432     -1.14888     -2.09733
   -0.948358     0.902808     -1.67187     0.476674     -1.32971      3.93664     -3.17195      1.65575     -1.17251     -2.14059
   -0.948358     0.902744     -1.67165     0.476574     -1.32936      3.93557     -3.17084      1.65485     -1.17152     -2.13878
   -0.948358     0.902636     -1.67127     0.476405     -1.32877      3.93377     -3.16898      1.65331     -1.16982     -2.13566
   -0.948358     0.902538     -1.67092     0.476252     -1.32823      3.93213     -3.16727       1.6519     -1.16825     -2.13279
   -0.948358     0.902533     -1.67091     0.476244      -1.3282      3.93205     -3.16719      1.65184     -1.16819      -2.1327
   -0.948358     0.903249     -1.67343     0.477364     -1.33214      3.94401     -3.17959      1.66204     -1.17943     -2.15325
   -0.948358     0.903334     -1.67373     0.477498     -1.33261      3.94545     -3.18108      1.66329     -1.18081     -2.15578
   -0.948358     0.903332     -1.67372     0.477496     -1.33261      3.94543     -3.18106      1.66328     -1.18081     -2.15578
   -0.948358     0.903098     -1.67289     0.477126      -1.3313      3.94146     -3.17694      1.65984     -1.17698     -2.14877
   -0.948358     0.902863     -1.67206     0.476758     -1.33001      3.93753     -3.17285      1.65646     -1.17323      -2.1419
   -0.948358     0.902792     -1.67181     0.476646     -1.32961      3.93633      -3.1716      1.65543     -1.17209     -2.13981
   -0.948358      0.90264     -1.67127     0.476406     -1.32877      3.93377     -3.16894      1.65323     -1.16966     -2.13536
   -0.948358     0.902455     -1.67062     0.476116     -1.32775      3.93067     -3.16572      1.65057     -1.16672     -2.12997
   -0.948358     0.902633     -1.67125     0.476395     -1.32873      3.93365     -3.16882      1.65313     -1.16955     -2.13515
   -0.948358     0.902361     -1.67029     0.475969     -1.32723      3.92909     -3.16409      1.64922     -1.16523     -2.12724
   -0.948358     0.902429     -1.67053     0.476077     -1.32761      3.93025     -3.16528      1.65021     -1.16633     -2.12924
   -0.948358     0.902365     -1.67031     0.475976     -1.32725      3.92917     -3.16417      1.64929     -1.16531     -2.12738
   -0.948358     0.902432     -1.67054     0.476081     -1.32762      3.93029     -3.16533      1.65025     -1.16637     -2.12933
   -0.948358     0.902829     -1.67194     0.476705     -1.32982      3.93697     -3.17227      1.65599     -1.17272     -2.14096
   -0.948358     0.902236     -1.66985     0.475773     -1.32654        3.927     -3.16192      1.64743     -1.16326     -2.12362
   -0.948358     0.902601     -1.67114     0.476347     -1.32856      3.93314     -3.16829       1.6527     -1.16909      -2.1343
   -0.948358     0.902874      -1.6721     0.476775     -1.33007      3.93772     -3.17306      1.65665     -1.17347     -2.14232
   -0.948358     0.903013     -1.67259     0.476994     -1.33084      3.94006     -3.17548      1.65865     -1.17568     -2.14638
   -0.948358     0.903062     -1.67277     0.477071     -1.33111      3.94089     -3.17635      1.65937     -1.17649     -2.14786
   -0.948358     0.903207     -1.67328       0.4773     -1.33192      3.94333     -3.17889      1.66148     -1.17883     -2.15214
   -0.948358     0.903174     -1.67316     0.477247     -1.33173      3.94277      -3.1783      1.66098     -1.17827     -2.15112
   -0.948358     0.903268      -1.6735     0.477396     -1.33225      3.94436     -3.17996      1.66237     -1.17981     -2.15395
   -0.948358     0.903302     -1.67361     0.477449     -1.33244      3.94493     -3.18054      1.66285     -1.18034     -2.15492
   -0.948358     0.903231     -1.67336     0.477337     -1.33205      3.94372     -3.17929      1.66181     -1.17918     -2.15278
   -0.948358     0.902304     -1.67009     0.475881     -1.32692      3.92816     -3.16312      1.64843     -1.16437     -2.12566
   -0.948358     0.902323     -1.67016     0.475911     -1.32703      3.92849     -3.16346      1.64873     -1.16471     -2.12628
   -0.948358     0.902261     -1.66994     0.475815     -1.32669      3.92747      -3.1624      1.64786     -1.16376     -2.12454
   -0.948358     0.902167     -1.66961     0.475666     -1.32616      3.92586     -3.16073      1.64645     -1.16218     -2.12164
   -0.948358     0.901817     -1.66837     0.475116     -1.32423      3.91998     -3.15463      1.64141     -1.15661     -2.11145
   -0.948358     0.900322      -1.6631     0.472774       -1.316      3.89497     -3.12867      1.62003     -1.13306     -2.06831
   -0.948358     0.900449     -1.66355     0.472973      -1.3167       3.8971     -3.13088      1.62184     -1.13506     -2.07197
   -0.948358       0.8999     -1.66162     0.472114     -1.31368      3.88793     -3.12137      1.61402     -1.12646     -2.05622
   -0.948358     0.900075     -1.66223     0.472388     -1.31464      3.89085      -3.1244      1.61652      -1.1292     -2.06124
   -0.948358     0.901155     -1.66604      0.47408     -1.32059      3.90892     -3.14314      1.63195      -1.1462     -2.09237
   -0.948358     0.900452     -1.66357      0.47298     -1.31672      3.89718     -3.13096      1.62193     -1.13516     -2.07215
   -0.948358     0.901367     -1.66679     0.474413     -1.32176      3.91249     -3.14685      1.63502     -1.14959     -2.09858
   -0.948358     0.901639     -1.66775     0.474839     -1.32326      3.91703     -3.15156      1.63891     -1.15387     -2.10642
   -0.948358     0.901795      -1.6683     0.475084     -1.32412      3.91965     -3.15429      1.64116     -1.15637       -2.111
   -0.948358     0.901996     -1.66901     0.475399     -1.32523      3.92302     -3.15779      1.64405     -1.15956     -2.11684
   -0.948358     0.901909      -1.6687     0.475262     -1.32475      3.92155     -3.15626      1.64278     -1.15815     -2.11426
   -0.948358      0.90212     -1.66945     0.475595     -1.32592      3.92511     -3.15996      1.64584     -1.16154     -2.12047
   -0.948358     0.902208     -1.66976     0.475733      -1.3264      3.92659     -3.16149      1.64711     -1.16293     -2.12302
   -0.948358     0.902075     -1.66929     0.475522     -1.32566      3.92433     -3.15915      1.64517     -1.16078     -2.11907
   -0.948358     0.902437     -1.67057     0.476094     -1.32767      3.93044     -3.16552      1.65045     -1.16666     -2.12988
   -0.948358     0.900839     -1.66493      0.47359     -1.31887       3.9037     -3.13777      1.62759     -1.14147     -2.08376
   -0.948358     0.900267     -1.66292     0.472695     -1.31572      3.89414     -3.12786      1.61943      -1.1325     -2.06732
   -0.948358      0.90006     -1.66219     0.472372     -1.31459       3.8907     -3.12429       1.6165      -1.1293     -2.06146
   -0.948358     0.899241     -1.65931     0.471091     -1.31009      3.87702     -3.11011      1.60483     -1.11648     -2.03799
   -0.948358     0.899626     -1.66067     0.471695     -1.31221      3.88348     -3.11681      1.61037     -1.12258     -2.04917
   -0.948358     0.898166     -1.65552      0.46941     -1.30418      3.85908     -3.09151      1.58955     -1.09972     -2.00729
   -0.948358     0.898716     -1.65746     0.470272     -1.30721      3.86828     -3.10106      1.59741     -1.10836     -2.02312
   -0.948358     0.898229     -1.65576     0.469516     -1.30456      3.86025     -3.09276      1.59066     -1.10105     -2.00974
   -0.948358     0.898987     -1.65842     0.470698     -1.30871      3.87285     -3.10581      1.60135     -1.11272     -2.03112
   -0.948358     0.894304     -1.64194     0.463389     -1.28305       3.7949     -3.02509      1.53518     -1.04043     -1.89871
   -0.948358     0.892067     -1.63408     0.459908     -1.27083      3.75782     -2.98676      1.50388     -1.00645      -1.8365
   -0.948358     0.894543     -1.64279     0.463767     -1.28438      3.79896     -3.02932       1.5387     -1.04436     -1.90594
   -0.948358     0.892356     -1.63511     0.460365     -1.27245      3.76272     -2.99187      1.50814     -1.01119     -1.84521
   -0.948358     0.895839     -1.64734     0.465779     -1.29143      3.82037     -3.05144      1.55672     -1.06388     -1.94166
   -0.948358     0.897443     -1.65298     0.468282     -1.30022      3.84705     -3.07905      1.57934     -1.08856     -1.98686
   -0.948358     0.897984     -1.65489     0.469129      -1.3032       3.8561     -3.08845      1.58707     -1.09705     -2.00242
   -0.948358      0.89682     -1.65079     0.467309      -1.2968      3.83668     -3.06832      1.57053     -1.07894     -1.96924
   -0.948358     0.897177     -1.65205      0.46787     -1.29878      3.84267     -3.07454      1.57568     -1.08463     -1.97966
   -0.948358     0.896105     -1.64828       0.4662     -1.29291      3.82487     -3.05612      1.56061      -1.0682     -1.94958
   -0.948358     0.658402    -0.966449     0.168905     0.393359     -1.06884    -0.133379     -0.37252      1.00436     -1.64626
   -0.948358     0.637067     -0.91235     0.149436     0.354447    -0.944238    0.0489135    -0.432505      1.00905     -1.76666
   -0.948358     0.661161    -0.921044     0.160639     0.363466    -0.977191   0.00934562    -0.491788     0.951617     -1.74721
   -0.948358     0.671995    -0.969321     0.175121      0.39894     -1.08816    -0.150294    -0.409157     0.964793     -1.64206
   -0.948358     0.689233    -0.984833     0.185542      0.41375     -1.13697    -0.214175    -0.422447     0.916317     -1.59004
   -0.948358     0.683817    -0.932841     0.171745     0.372802     -1.01167   -0.0456039     -0.53522     0.892397     -1.69552
   -0.948358     0.710437    -0.948359     0.185017     0.382156     -1.04848    -0.123699    -0.576665     0.811974     -1.59205
   -0.948358     0.710026    -0.998928     0.196909     0.425754     -1.17904    -0.281384     -0.44724     0.847167     -1.51058
   -0.948358     0.632911     -0.98587     0.160802     0.381941     -1.03936    -0.199903    -0.234571      1.07661     -1.45032
   -0.948358     0.581736    -0.915471     0.125291     0.327362    -0.861944    0.0277517    -0.227688      1.11645     -1.55135
   -0.948358     0.582389    -0.903755     0.124152     0.327687    -0.858529    0.0715701    -0.259107      1.10983      -1.6341
   -0.948358     0.632026    -0.973215     0.158389     0.380659     -1.03129    -0.153472    -0.265093      1.07486     -1.53467
   -0.948358     0.748611      -1.0285     0.218318     0.435887     -1.22574    -0.436113    -0.470221     0.689219     -1.21784
   -0.948358     0.741638     -1.02148     0.214134     0.435695     -1.22128    -0.400632     -0.47194     0.720532     -1.29637
   -0.948358     0.746777      -0.9658     0.201793     0.378753     -1.05425    -0.234449     -0.63176     0.677219     -1.34411
   -0.948358     0.754553    -0.968512     0.204816     0.369487     -1.03196     -0.25938    -0.643618     0.644206     -1.24544
   -0.948358     0.715283     -1.08763     0.217033     0.429684     -1.21744    -0.606584    -0.213046     0.820826    -0.855459
   -0.948358     0.734816     -1.06167     0.218061     0.393585     -1.11619    -0.543416    -0.343906     0.741627    -0.813103
   -0.948358      0.72657     -1.03187     0.205984     0.333338    -0.942018    -0.438616     -0.40984     0.771983    -0.760511
   -0.948358     0.700018     -1.05116     0.200344     0.363389     -1.02422    -0.476102    -0.274976     0.869155    -0.820335
   -0.948358     0.698842     -1.07999     0.208434     0.428305     -1.20804    -0.564385    -0.185962     0.885581    -0.940979
   -0.948358     0.671833     -1.03822     0.185877     0.363635     -1.01636     -0.41347    -0.219764      0.95632    -0.936403
   -0.948358     0.636262     -1.00399     0.163898     0.355213     -0.97678    -0.282185    -0.192439      1.04503     -1.13826
   -0.948358     0.671086     -1.05058     0.190102     0.412394     -1.15036    -0.443669    -0.182182     0.978547     -1.11406
   -0.948358     0.747404      -1.0369     0.216862     0.370954     -1.05083    -0.477875    -0.447647      0.68841    -0.834762
   -0.948358     0.754678     -1.01606     0.214636     0.357482     -1.01057     -0.41983    -0.523287     0.655777    -0.882913
   -0.948358     0.758306    -0.977392     0.205444     0.301194    -0.848217    -0.307453    -0.634975     0.628748    -0.842231
   -0.948358     0.746308     -1.00509     0.207347     0.314165    -0.887136     -0.37649    -0.535374     0.688844    -0.784141
   -0.948358     0.608931    -0.968371     0.145065     0.337261    -0.912216    -0.154577    -0.193493      1.09793     -1.28506
   -0.948358      0.65104     -1.02254     0.175662     0.397473     -1.09716    -0.336731    -0.194345       1.0334     -1.25496
   -0.948358     0.637164    -0.999391     0.164883     0.383079     -1.04813    -0.250454    -0.212514      1.06809     -1.35599
   -0.948358     0.585178    -0.933263     0.128962     0.324512    -0.862041   -0.0384559    -0.195169      1.11595     -1.41409
   -0.948358     0.723875     -1.00589     0.203802     0.429542      -1.1952    -0.322016    -0.467488     0.794235     -1.44011
   -0.948358     0.727329    -0.959493     0.193613     0.385881     -1.06627    -0.182338    -0.596152     0.754809     -1.49249
   -0.948358      0.59472    -0.900998     0.129484     0.334564    -0.878075    0.0868878    -0.310687      1.08869     -1.70761
   -0.948358     0.635988    -0.967685     0.159305     0.382409     -1.03487    -0.133395    -0.293228      1.06328       -1.584
   -0.948358     0.583007    -0.923339     0.126866     0.326954    -0.864114  -0.00126052    -0.212384      1.11715     -1.49549
   -0.948358     0.645683    -0.969238     0.163974     0.389332     -1.05589    -0.139006    -0.322668      1.04123     -1.61282
   -0.948358      0.61422    -0.904945     0.138649     0.344315    -0.909475    0.0765657    -0.370821      1.05459      -1.7527
   -0.948358      0.75233     -1.03655     0.221588     0.438253     -1.23539    -0.469782    -0.457058     0.672108     -1.15608
   -0.948358     0.758915    -0.971691     0.206779     0.361659     -1.01262    -0.279102    -0.646523     0.626123     -1.16708
   -0.948358     0.754955     -1.03091     0.220823     0.425608     -1.20033    -0.457817    -0.479058     0.658414     -1.11758
   -0.948358     0.758033     -1.02383     0.219536     0.403785     -1.13999    -0.444142    -0.505825     0.641627     -1.03939
   -0.948358     0.764599    -0.958459     0.204792     0.331166    -0.927987    -0.253802    -0.692291     0.593328     -1.06594
   -0.948358     0.766886    -0.949572     0.202751     0.306682    -0.859593    -0.233789    -0.720827     0.579278    -0.989528
   -0.948358     0.759114      -1.0116     0.216137     0.376313     -1.06223    -0.409675    -0.542991     0.634935    -0.981438
   -0.948358     0.758162     -1.00498      0.21346     0.355096     -1.00229    -0.388869    -0.560756     0.638924    -0.928778
   -0.948358     0.766606    -0.949037     0.201894     0.288679    -0.810007    -0.234881     -0.72206     0.579166    -0.906698
   -0.948358     0.766749    -0.934737     0.197319     0.241951    -0.678479     -0.19654    -0.759407     0.568428    -0.768862
   -0.948358     0.750593    -0.970895     0.199605     0.255941    -0.720388    -0.279152    -0.636652     0.657162    -0.707828
   -0.948358     0.729122     -1.00153     0.198516     0.276273    -0.778734    -0.348089    -0.500344     0.751332    -0.683828
   -0.948358     0.776877    -0.903837     0.193826     0.228728    -0.638954    -0.126352    -0.848079     0.501745    -0.811415
   -0.948358     0.779365    -0.890385     0.190692     0.186522    -0.520588   -0.0960291    -0.884311     0.476983    -0.672569
   -0.948358     0.759179     -0.93554     0.193557     0.201033    -0.564002    -0.192035    -0.740038     0.595329    -0.609677
   -0.948358     0.797968    -0.835358     0.183845     0.119109    -0.330477   0.00711864     -1.02198     0.332569    -0.488186
   -0.948358     0.769767     -0.89667     0.187341     0.122957    -0.343328     -0.10348    -0.849175     0.511968    -0.407442
   -0.948358     0.792686    -0.851968     0.186752     0.178098     -0.49475   -0.0196932    -0.982456     0.382025    -0.725008
   -0.948358     0.815433    -0.785964        0.179     0.121438       -0.335    0.0917262      -1.1303     0.202627    -0.574145
   -0.948358     0.819508    -0.776939     0.177721    0.0622589    -0.171501    0.0961911     -1.14389     0.159932    -0.286834
   -0.948358     0.781287    -0.866627     0.184207    0.0623544    -0.172957   -0.0465438    -0.929991     0.423961    -0.216616
   -0.948358     0.735472    -0.943148     0.184703     0.127992    -0.358361    -0.184622    -0.667044     0.682222    -0.355085
   -0.948358     0.732197     -0.97233     0.191573     0.212301    -0.596683    -0.264252    -0.585928     0.722768    -0.564411
   -0.948358      0.63015    -0.983676     0.153992     0.274751    -0.756079    -0.231508    -0.226796      1.02051    -0.838825
   -0.948358     0.666265    -0.995576     0.170735     0.248275    -0.691622    -0.282485    -0.323958     0.939424    -0.667529
   -0.948358     0.660866    -0.976138     0.162837     0.188178    -0.522523    -0.222988    -0.358513     0.932644    -0.515249
   -0.948358     0.613772    -0.962526     0.141377      0.23133    -0.632107    -0.166404    -0.225207      1.03228     -0.74171
   -0.948358     0.648267     -1.00696      0.16784      0.31605    -0.875768    -0.307135    -0.226132     0.997403    -0.904065
   -0.948358     0.671735     -1.01478     0.178634     0.299469    -0.836297    -0.343251    -0.287775     0.939652    -0.781669
   -0.948358     0.696043    -0.993658     0.182155     0.230064    -0.644609    -0.294844     -0.42653     0.854754    -0.590138
   -0.948358     0.696463    -0.966445      0.17455     0.142365    -0.397356    -0.216078    -0.498528      0.82473    -0.371128
   -0.948358     0.658218    -0.963995     0.158155     0.135602     -0.37573    -0.186588    -0.381971     0.921908    -0.363279
   -0.948358      0.59843    -0.946811     0.130893     0.204624    -0.555221    -0.119118    -0.210801      1.04331     -0.68391
   -0.948358      0.56265    -0.920343     0.112284     0.243891    -0.646673   -0.0307711    -0.143563      1.09724    -0.980726
   -0.948358     0.581379    -0.940256     0.125345     0.275607    -0.738129   -0.0850402    -0.162008      1.09391      -1.0635
   -0.948358     0.642245    -0.951708     0.148165    0.0936942    -0.258196    -0.144782    -0.359612     0.941037    -0.243421
   -0.948358     0.661796    -0.955346     0.157059    0.0816489    -0.225574    -0.162807    -0.416928     0.897869    -0.201149
   -0.948358     0.626698    -0.952529     0.142947     0.157671    -0.431068    -0.144052    -0.298751     0.982024    -0.483988
   -0.948358     0.699942    -0.951564     0.171709    0.0667328    -0.185436    -0.174987    -0.547844     0.792544    -0.155259
   -0.948358     0.741762    -0.925171     0.182433    0.0643547    -0.179136     -0.14297    -0.723335      0.63416    -0.171187
   -0.948358     0.844419    -0.705413     0.170345    0.0669154    -0.182996     0.199644      -1.2731   -0.0317341    -0.372166
   -0.948358     0.695521      -1.0178     0.188882     0.291623    -0.819058    -0.367999     -0.35778     0.871474    -0.714494
   -0.948358      0.82614    -0.747419      0.17441     0.133704    -0.366658     0.162901     -1.20585     0.111932    -0.707871
   -0.948358      0.85772     -0.65888     0.164753    0.0844682    -0.229559     0.272442      -1.3486     -0.14312    -0.525303
   -0.948358     0.781561    -0.887667      0.19203      0.23137     -0.64464    -0.088884    -0.890642     0.468072     -0.87638
   -0.948358     0.801074      -0.8229     0.183341     0.179868      -0.4975    0.0393338     -1.04894     0.314814    -0.804612
   -0.948358     0.606355    -0.968086     0.142687     0.312158    -0.846535    -0.167309    -0.181163      1.07883     -1.11978
   -0.948358      0.78242     -0.88031     0.191112     0.243769    -0.677629   -0.0666657      -0.9081     0.459084    -0.968426
   -0.948358     0.779344    -0.883961     0.191401     0.261456    -0.725965   -0.0668668     -0.89515     0.476778     -1.05482
   -0.948358     0.803582     -0.80744     0.181106      0.18979    -0.523076    0.0777067     -1.08226     0.287942    -0.904567
   -0.948358     0.858071    -0.641518     0.161515      0.10845    -0.293474     0.314527     -1.37111    -0.165146    -0.706498
   -0.948358      0.82886    -0.728112       0.1714     0.145522    -0.397423     0.205356     -1.23831    0.0761577    -0.818215
   -0.948358     0.856917     -0.62952     0.158871     0.120288     -0.32431     0.346545     -1.38302    -0.177579    -0.810238
   -0.948358     0.800985    -0.806027     0.180314     0.203554    -0.559949    0.0907818     -1.08139     0.298035    -0.994084
   -0.948358     0.826708    -0.722298     0.169763     0.157595    -0.429232     0.228055     -1.24474      0.07739    -0.912741
   -0.948358     0.770626    -0.894197     0.191705     0.293648     -0.81364   -0.0733297    -0.854042     0.523102     -1.20453
   -0.948358     0.791097    -0.812998     0.179341     0.230705    -0.632712     0.101503      -1.0532      0.34828     -1.15581
   -0.948358     0.778562    -0.660017     0.144297     0.192213    -0.503742     0.505408     -1.23646     0.139964      -1.4565
   -0.948358     0.732565     -0.68697     0.136767     0.213689    -0.552594     0.539573     -1.10051     0.338972       -1.641
   -0.948358     0.807586     -0.63717     0.147517     0.173976    -0.459218     0.480532     -1.31112   0.00358897     -1.30427
   -0.948358     0.757879      -0.7448     0.155421      0.23593    -0.627316      0.35116     -1.08653     0.366184      -1.5459
   -0.948358     0.712253    -0.765311     0.145871     0.257811    -0.676412     0.382345    -0.941212     0.554676     -1.72858
   -0.948358     0.687961    -0.709205     0.128176     0.229581    -0.585428     0.561421    -0.956685     0.518974     -1.77547
   -0.948358     0.848672    -0.617781     0.154431      0.13839    -0.370493     0.400657     -1.38645    -0.166503    -0.980862
   -0.948358     0.835273    -0.617157     0.150826     0.152418    -0.405397     0.443987     -1.37059    -0.122726     -1.11866
   -0.948358     0.818931    -0.714185     0.166152      0.17704    -0.479386     0.272818     -1.24553    0.0958712     -1.08105
   -0.948358     0.782636    -0.804883     0.175311      0.24311    -0.662974     0.145035     -1.05039     0.370925     -1.28972
   -0.948358     0.808817    -0.709026     0.162384     0.190333    -0.512335      0.31435     -1.23628     0.125465     -1.21409
   -0.948358     0.735396    -0.823855     0.165169     0.286104    -0.769658     0.190126      -0.9035     0.573386      -1.6087
   -0.948358     0.690002     -0.83404     0.152838     0.302669    -0.802657     0.235882    -0.764992     0.744885     -1.78527
   -0.948358     0.656161    -0.828686     0.140486     0.302188    -0.790045     0.289312    -0.674634     0.840335     -1.86776
   -0.948358     0.665717     -0.77728     0.133732     0.269827    -0.696695     0.416678    -0.792448      0.72007     -1.85481
   -0.948358     0.784593    -0.724997     0.158979     0.214413    -0.573501      0.33929     -1.17155     0.238918      -1.3959
   -0.948358     0.760741    -0.811403     0.170294     0.266198    -0.720779     0.175767    -0.989078      0.46324     -1.46916
   -0.948358     0.717634    -0.892849     0.174721     0.337222    -0.916367    0.0303507    -0.723204     0.730019      -1.6315
   -0.948358      0.68368    -0.883573      0.16096     0.336603     -0.90256     0.101394    -0.645524     0.836054     -1.75847
   -0.948358     0.761934    -0.889489     0.188158     0.306165    -0.844378   -0.0401535     -0.84357     0.554882     -1.32897
   -0.948358     0.741251    -0.890688     0.182073     0.325829    -0.892056  -0.00124164    -0.791553     0.638879     -1.50746
   -0.948358     0.550226      -0.7158     0.087514     0.239516     -0.56957     0.672825    -0.526448     0.886512     -1.96814
   -0.948358     0.621874    -0.726109     0.111199     0.242627    -0.602498       0.5958    -0.738566     0.737266      -1.9054
   -0.948358     0.494026    -0.703774    0.0662218     0.234909    -0.536394     0.705988     -0.35212     0.965323     -1.96092
   -0.948358     0.614246    -0.777328     0.117205     0.272456    -0.687769     0.466875    -0.635146     0.862371     -1.93965
   -0.948358     0.554479     -0.76067    0.0936807     0.262999    -0.640902     0.535169    -0.463046      0.96468     -1.95836
   -0.948358     0.616504    -0.822785     0.125314     0.298632    -0.767518     0.331845    -0.556606     0.935946     -1.90739
   -0.948358     0.570651    -0.808881     0.105963     0.288339    -0.723579     0.384743    -0.426943      1.01494     -1.91215
   -0.948358     0.527941    -0.792517     0.086496     0.275253    -0.673081     0.426763    -0.307562      1.06239     -1.87532
   -0.948358     0.505449    -0.745827     0.073174     0.253971    -0.598703     0.572813    -0.317812      1.02364     -1.93251
   -0.948358     0.624392    -0.868252     0.136255     0.326086    -0.853645     0.191361    -0.489017     0.985655     -1.84816
   -0.948358     0.591243    -0.857697     0.121332     0.315297    -0.813338     0.229657    -0.396924      1.04499     -1.83831
   -0.948358     0.558833    -0.844412      0.10564     0.300964    -0.763802     0.265378    -0.309662      1.08455     -1.79673
   -0.948358     0.655417    -0.874959     0.149127     0.331944    -0.879767     0.153659    -0.576847     0.911489     -1.82213
   -0.948358     0.451441     -0.69801    0.0486407     0.232376    -0.514249     0.701857    -0.211216      1.01444     -1.92309
   -0.948358     0.427769    -0.697756    0.0377523     0.230642    -0.502318     0.680281    -0.126849       1.0375     -1.87316
   -0.948358     0.468484    -0.737669    0.0567361     0.247541    -0.568866      0.57672    -0.200386      1.05827     -1.87879
   -0.948358     0.449525    -0.738041    0.0475937     0.243809    -0.554484     0.555557    -0.130749       1.0746     -1.81419
   -0.948358     0.494828    -0.783067     0.070675     0.263953    -0.632772     0.436076    -0.206167      1.08913      -1.7995
   -0.948358     0.481469    -0.786734    0.0642309     0.259282    -0.619385     0.408125    -0.149169      1.10241     -1.71825
   -0.948358     0.534138    -0.838833    0.0935969      0.28888     -0.72528     0.269089    -0.231383      1.10952     -1.71559
   -0.948358     0.528976    -0.849287    0.0918653     0.285916    -0.720786     0.225201    -0.188436      1.12144     -1.62066
   -0.948358      0.46854     -0.78372     0.057308     0.252646     -0.59908     0.403054    -0.107854      1.10591     -1.65954
   -0.948358     0.437519    -0.737075    0.0413735     0.240284    -0.542393     0.543899   -0.0890243      1.08043      -1.7674
   -0.948358     0.526768    -0.858236     0.091158     0.280723    -0.711009     0.188332    -0.159749      1.12762     -1.52661
   -0.948358     0.477668    -0.815388    0.0622217     0.247458    -0.602362     0.287895   -0.0727673      1.11685      -1.4503
   -0.948358     0.458914    -0.783872    0.0519119     0.245956    -0.581164       0.3877   -0.0717573      1.10679     -1.58498
   -0.948358      0.47957    -0.804437    0.0635978      0.25602    -0.618522      0.33618    -0.103812      1.11417     -1.58183
   -0.948358     0.497652    -0.836078    0.0740341     0.258104    -0.640667     0.234688    -0.100777      1.12266     -1.44387
   -0.948358     0.449692    -0.762674    0.0473663      0.24481    -0.566988     0.459589   -0.0818122      1.09622     -1.68048
   -0.948358     0.534916    -0.875617    0.0965624     0.280796    -0.719661      0.12953    -0.149092      1.12898     -1.43192
   -0.948358     0.511577    -0.856288    0.0822627     0.259568    -0.655147     0.172627    -0.106507      1.12498     -1.36136
   -0.948358     0.490889    -0.837248    0.0696326     0.244303    -0.606356     0.217802   -0.0729803       1.1199     -1.32915
   -0.948358     0.556506    -0.905958     0.110587      0.29078    -0.760561    0.0330539    -0.154764       1.1203     -1.33151
   -0.948358     0.579468    -0.935446     0.125216     0.300503    -0.800222   -0.0584077    -0.168114      1.11138     -1.24278
   -0.948358     0.551195    -0.905863      0.10664     0.269598    -0.705958    0.0230897    -0.135983      1.11687     -1.19595
   -0.948358     0.524464    -0.873767    0.0901083     0.261394    -0.668846      0.11895    -0.113364      1.12361     -1.29144
   -0.948358     0.533571    -0.889436    0.0949152      0.24511    -0.635239    0.0629497    -0.110504      1.11508     -1.11674
   -0.948358     0.508827    -0.860779    0.0800571     0.242895    -0.615256     0.147146   -0.0858936      1.12028     -1.22159
   -0.948358     0.781284     -1.23242     0.287245     0.672937     -1.93874     -1.20217    0.0977842     0.407071    -0.580323
   -0.948358     0.791903     -1.27749      0.30483     0.736569     -2.12918     -1.38926     0.235579     0.286553    -0.409627
   -0.948358     0.791703     -1.27651     0.304487     0.735883     -2.12691     -1.38482     0.232226     0.289839    -0.418298
   -0.948358     0.781064     -1.23103     0.286812     0.672397     -1.93674     -1.19613    0.0932569     0.410599    -0.593207
   -0.948358     0.782065     -1.23727     0.288907     0.678178     -1.95478     -1.22205       0.1133     0.396048    -0.555324
   -0.948358     0.793001     -1.28265     0.306767     0.743008      -2.1487     -1.41122     0.252281     0.271704    -0.383352
   -0.948358     0.798684     -1.30468      0.31569     0.775409     -2.24563     -1.50522     0.321274     0.204129    -0.294146
   -0.948358     0.798493     -1.30384     0.315381      0.77467     -2.24327     -1.50141     0.318421     0.207107     -0.30094
   -0.948358     0.791595     -1.27621     0.304382     0.736135     -2.12744     -1.38318      0.23123     0.291411    -0.424175
   -0.948358     0.780833     -1.23035     0.286577       0.6728     -1.93752     -1.19266    0.0911903     0.413483     -0.60449
   -0.948358     0.770664     -1.17977     0.267845     0.602906     -1.72909    -0.992547   -0.0578102     0.518343    -0.759006
   -0.948358     0.771104     -1.18277     0.268776     0.604548     -1.73464     -1.00496   -0.0484993      0.51226    -0.736337
   -0.948358     0.762232     -1.12738     0.249751     0.535676     -1.52846    -0.794709    -0.207294     0.596833     -0.90167
   -0.948358     0.762883     -1.13204     0.251076     0.536429      -1.5321    -0.813487    -0.193969     0.589796    -0.861674
   -0.948358     0.762236     -1.13393     0.251093     0.533479      -1.5245     -0.82054    -0.186402     0.590925     -0.83206
   -0.948358     0.770962     -1.18499     0.269213     0.604573     -1.73538     -1.01363   -0.0406116     0.510192    -0.715699
   -0.948358     0.769748     -1.17588      0.26647     0.600121     -1.72003    -0.976209      -0.0689     0.527575    -0.785843
   -0.948358     0.760934     -1.12244     0.248025     0.533339     -1.52022    -0.773958    -0.220333     0.607786     -0.93998
   -0.948358      0.75702      -1.0761     0.233613      0.47382     -1.34426    -0.611265    -0.352568     0.642994     -1.01884
   -0.948358     0.757933     -1.08038      0.23478     0.470827     -1.33765    -0.629797    -0.341389     0.635252     -0.96246
   -0.948358     0.756137     -1.08047     0.234664     0.483782     -1.37223    -0.622838    -0.337709     0.647562     -1.04283
   -0.948358      0.75398     -1.07823     0.233413      0.48599      -1.3769    -0.609935    -0.339825     0.660574     -1.08505
   -0.948358     0.759108     -1.11829       0.2463     0.531934     -1.51458    -0.754995    -0.229727     0.621233    -0.979581
   -0.948358     0.750203     -1.06795     0.229368     0.478952     -1.35376    -0.567874    -0.361392     0.682014     -1.14682
   -0.948358     0.768557     -1.17328     0.265366     0.599544     -1.71725    -0.963667   -0.0753164     0.537906    -0.815316
   -0.948358     0.780447      -1.2302     0.286442     0.674217     -1.94116     -1.19072     0.091228     0.416972    -0.617453
   -0.948358     0.766948     -1.17173     0.264379     0.600256     -1.71814     -0.95409   -0.0774035     0.550048    -0.845023
   -0.948358     0.756175     -1.11358     0.243995     0.530238     -1.50765    -0.732284     -0.23805     0.640347     -1.02731
   -0.948358     0.791508     -1.27647     0.304457     0.737326     -2.13071     -1.38367      0.23225     0.292036    -0.429225
   -0.948358     0.791265     -1.27688     0.304516     0.738862     -2.13492     -1.38443     0.234208     0.293329    -0.435426
   -0.948358     0.779398     -1.22881     0.285673     0.674012      -1.9398     -1.18301    0.0884104     0.425727    -0.637627
   -0.948358      0.79847     -1.30383     0.315386     0.775057      -2.2443     -1.50117     0.318376     0.207498    -0.303664
   -0.948358      0.79857      -1.3045     0.315645     0.776462     -2.24835     -1.50376     0.320647     0.205929    -0.303775
   -0.948358     0.694697      -1.0413     0.200642       0.4589     -1.27592    -0.404125    -0.288329     0.928069      -1.4426
   -0.948358     0.707601     -1.04519     0.207045     0.466459     -1.30093    -0.429141    -0.315089     0.877786     -1.42072
   -0.948358     0.685987     -1.04544     0.197643     0.456201     -1.26774    -0.412706    -0.250351      0.96119     -1.41542
   -0.948358     0.719449     -1.04358     0.211466     0.466193     -1.30314    -0.437599    -0.352896     0.827117     -1.39253
   -0.948358     0.729138     -1.04763     0.216295     0.469131     -1.31511    -0.464652    -0.367123     0.783812     -1.34108
   -0.948358     0.736512     -1.10386     0.233742     0.527354     -1.49085    -0.664157    -0.221542     0.748913     -1.19347
   -0.948358     0.730153     -1.10676     0.231808      0.52925     -1.49496    -0.665451    -0.196419     0.779758     -1.20774
   -0.948358     0.756941     -1.17101     0.260223     0.604374     -1.72586    -0.932189   -0.0578342      0.61007    -0.933926
   -0.948358      0.75526     -1.17673     0.261042     0.610677     -1.74417    -0.950025   -0.0352143     0.615911     -0.92611
   -0.948358     0.754186     -1.18275     0.262168     0.616686     -1.76203    -0.970533   -0.0125826     0.617185    -0.908855
   -0.948358       0.7255     -1.11116     0.230872     0.531308     -1.50056    -0.675574    -0.170462     0.800444     -1.20022
   -0.948358     0.741972     -1.10289     0.235704     0.525817     -1.48808    -0.669378    -0.237929      0.72099     -1.16696
   -0.948358     0.758986     -1.16837     0.260352      0.60099     -1.71652    -0.926329   -0.0711119     0.600044    -0.927584
   -0.948358     0.775257     -1.23338     0.285351     0.682969     -1.96418     -1.19148     0.113294     0.446724    -0.668304
   -0.948358     0.775647     -1.24023     0.287454     0.691722     -1.99027     -1.21809     0.137024     0.435509    -0.644281
   -0.948358     0.791638     -1.28934     0.308413     0.758139     -2.19147     -1.43292     0.280455     0.270503    -0.404205
   -0.948358     0.793349     -1.29848     0.311803     0.770595     -2.22887     -1.47157     0.311191     0.244711    -0.362912
   -0.948358     0.794816     -1.30616     0.314668     0.780935     -2.25999     -1.50453      0.33748     0.221559    -0.325183
   -0.948358     0.776022     -1.24646     0.289356     0.699302     -2.01298     -1.24255     0.158684     0.424848    -0.619624
   -0.948358     0.775488     -1.22918     0.284254      0.67738     -1.94776     -1.17628    0.0980002     0.450061      -0.6778
   -0.948358     0.791024     -1.28447     0.306722     0.751305      -2.1711     -1.41282     0.263289     0.282757    -0.423804
   -0.948358     0.800512     -1.31997     0.321156     0.800574     -2.31963      -1.5678     0.376484     0.164926      -0.2507
   -0.948358     0.802863      -1.3301     0.325171     0.814931     -2.36282      -1.6126     0.411316     0.129501    -0.198374
   -0.948358     0.795964     -1.31215     0.316908     0.788875     -2.28396     -1.53067     0.358489     0.202255    -0.292985
   -0.948358     0.776958     -1.25387     0.291817     0.708091     -2.03955      -1.2726     0.183375     0.409172    -0.586006
   -0.948358     0.796434     -1.31552      0.31808     0.792998     -2.29648     -1.54534      0.37093     0.191787    -0.272966
   -0.948358      0.77806     -1.26037     0.294101     0.715684     -2.06266     -1.29985     0.204897     0.392513    -0.552188
   -0.948358     0.753779     -1.18908     0.263637     0.622574      -1.7799    -0.993718   0.00990625     0.613436    -0.882739
   -0.948358     0.804438     -1.33742     0.328019     0.825178     -2.39367     -1.64504     0.437106     0.103799    -0.159184
   -0.948358     0.805541     -1.34276     0.330076      0.83252     -2.41582     -1.66887     0.456304     0.084629    -0.128983
   -0.948358     0.678914     -1.05418     0.195877     0.449935     -1.25232    -0.442357    -0.203531     0.984677     -1.32321
   -0.948358     0.679842     -1.04729     0.195092     0.450703     -1.25223    -0.417118    -0.225859     0.981441     -1.37955
   -0.948358     0.682095     -1.06474      0.19939     0.452951     -1.26482    -0.484425    -0.181623      0.96929     -1.24504
   -0.948358     0.681193     -1.04391     0.195069     0.451035      -1.2523    -0.405365    -0.239696     0.976715     -1.40553
   -0.948358     0.721119     -1.12128      0.23124     0.534942     -1.51241    -0.708021    -0.127316     0.816995      -1.1499
   -0.948358      0.71942     -1.12494     0.231189     0.533508     -1.50941    -0.721304    -0.110605       0.8207     -1.11255
   -0.948358      0.75339     -1.19339     0.264546     0.625747     -1.78979     -1.00969    0.0255786     0.611067     -0.86026
   -0.948358     0.753045     -1.19773     0.265424     0.627677      -1.7964     -1.02647    0.0414957     0.607522    -0.828989
   -0.948358     0.753376     -1.20136      0.26636     0.627926     -1.79847     -1.04201    0.0534712     0.600145       -0.791
   -0.948358      0.72161     -1.13349     0.234073     0.537446     -1.52353    -0.756769   -0.0887691     0.803506     -1.04728
   -0.948358     0.722933     -1.11735     0.231191     0.534393     -1.51012    -0.695059     -0.14458     0.810751     -1.17496
   -0.948358     0.778737     -1.26541     0.295757     0.720613     -2.07797     -1.32128     0.222369     0.379521    -0.519871
   -0.948358     0.796399     -1.31736     0.318562     0.794378     -2.30091     -1.55344     0.378791     0.186677    -0.257044
   -0.948358     0.796397      -1.3179     0.318646     0.793526     -2.29882     -1.55616     0.380995     0.184917    -0.245219
   -0.948358     0.778519     -1.26621     0.295787     0.719293     -2.07467     -1.32507     0.226222     0.377901    -0.502881
   -0.948358     0.806216     -1.34638     0.331436       0.8373      -2.4303     -1.68514     0.469696    0.0715695    -0.106949
   -0.948358     0.806641     -1.34918     0.332422     0.840448     -2.43999     -1.69783     0.480437    0.0614399   -0.0865416
   -0.948358      0.74398     -1.06138     0.225433     0.477318     -1.34561    -0.534512     -0.36524     0.713398     -1.21729
   -0.948358      0.75184     -1.10802     0.240884     0.527414     -1.49697    -0.704286    -0.245798     0.667367     -1.08363
   -0.948358     0.764467     -1.17021     0.263032     0.600834     -1.71842    -0.943258   -0.0772658     0.566677    -0.878024
   -0.948358     0.777916     -1.22753     0.284745     0.673779     -1.93826     -1.17496    0.0869077     0.436973    -0.659241
   -0.948358     0.790733     -1.27758     0.304546     0.740899      -2.1405     -1.38592     0.238084     0.295545    -0.442335
   -0.948358     0.798591     -1.30539     0.315951     0.778426     -2.25398     -1.50711     0.324057     0.204291    -0.304637
   -0.948358      0.79829       -1.306     0.316045     0.780107     -2.25866     -1.50888     0.327285     0.204762    -0.308391
   -0.948358     0.786161     -1.27432     0.301164      0.72559     -2.09672     -1.36939     0.237236     0.322343    -0.412466
   -0.948358     0.784354     -1.27667     0.301107     0.729562     -2.10776     -1.37549     0.250526     0.328678    -0.418041
   -0.948358     0.802071      -1.3309     0.324818     0.810415     -2.35075     -1.61674     0.417071     0.129015    -0.163614
   -0.948358      0.80194     -1.32603     0.323285     0.803086     -2.32909     -1.59652     0.397307     0.141674    -0.183382
   -0.948358     0.769806     -1.22203     0.278826     0.646555     -1.86052     -1.14695    0.0863629     0.483349    -0.603484
   -0.948358     0.763839      -1.2198     0.275693     0.644857     -1.85348     -1.12887    0.0927304     0.519714    -0.647192
   -0.948358      0.78037     -1.27025     0.297636     0.722494      -2.0853     -1.34433     0.236817     0.360275    -0.466697
   -0.948358     0.798568     -1.32306     0.321039     0.799698     -2.31799     -1.58031     0.395608     0.162801    -0.209765
   -0.948358     0.810626     -1.35842     0.336744      0.85146     -2.47422     -1.74119      0.50622    0.0216081   -0.0227124
   -0.948358     0.808603     -1.34836     0.332828     0.836446     -2.42929     -1.69647     0.469568    0.0578715    -0.073772
   -0.948358     0.799435     -1.31455     0.318795     0.786387     -2.27908     -1.54665     0.358143     0.179101    -0.236653
   -0.948358     0.786211     -1.26862     0.299549     0.717952     -2.07414     -1.34772     0.216262     0.330265    -0.429906
   -0.948358     0.750985     -1.16807      0.25515      0.56273     -1.61099    -0.924376   -0.0527438     0.631009    -0.751605
   -0.948358     0.738993     -1.16218     0.248552      0.55887     -1.59541    -0.884943   -0.0422489     0.699216    -0.838938
   -0.948358     0.728159     -1.14698     0.240108     0.547008     -1.55548    -0.814126   -0.0638659     0.765449     -0.95761
   -0.948358     0.756638     -1.20858     0.269625     0.633654     -1.81741      -1.0756    0.0715327     0.571378    -0.730824
   -0.948358     0.771495     -1.21564     0.277791     0.638804       -1.838     -1.12669    0.0611773     0.478883    -0.611336
   -0.948358     0.756667     -1.16052     0.255559     0.554856     -1.58889    -0.906634   -0.0899636     0.604732    -0.746704
   -0.948358     0.733096     -1.12195     0.234228     0.485629     -1.38323     -0.74058    -0.157561     0.740572    -0.819514
   -0.948358     0.714141     -1.11356     0.224444     0.486466     -1.37853    -0.689135    -0.128234     0.826546    -0.945877
   -0.948358     0.743545     -1.10705     0.234678     0.470014     -1.33905    -0.704048    -0.229011     0.695864    -0.816456
   -0.948358     0.698403     -1.09366     0.213087      0.47407     -1.33499    -0.602317    -0.142925     0.898254      -1.0842
   -0.948358     0.688536     -1.07704     0.204975     0.461432     -1.29324    -0.534488    -0.163517     0.940435     -1.17403
   -0.948358      0.79689     -1.30233     0.314117     0.769161     -2.22744     -1.49449     0.317336     0.215833    -0.291451
   -0.948358     0.784876     -1.25745     0.295784      0.70312     -2.02985     -1.30316     0.178953      0.35326    -0.471112
   -0.948358      0.80628     -1.33777     0.328665     0.821147     -2.38337     -1.64965     0.432421    0.0949943    -0.127709
   -0.948358     0.803186     -1.32469      0.32346     0.802438     -2.32716     -1.59226     0.388261     0.139477    -0.192038
   -0.948358     0.794959     -1.29225      0.31037     0.755597     -2.18667     -1.45193     0.283776     0.244311    -0.337615
   -0.948358     0.783362     -1.24609     0.291927     0.688713     -1.98662     -1.25779     0.141931     0.376657    -0.515724
   -0.948358     0.771527      -1.2037     0.274496     0.624246     -1.79476     -1.08321    0.0207483     0.489745    -0.644667
   -0.948358     0.759615     -1.14954     0.253913     0.544161      -1.5574    -0.872516    -0.131409     0.595198    -0.768993
   -0.948358     0.770547     -1.18982     0.270245     0.607559     -1.74487     -1.03112   -0.0236435     0.507781    -0.689257
   -0.948358     0.759959     -1.13425     0.249939     0.527251     -1.50703    -0.819392    -0.180536      0.60207      -0.8083
   -0.948358     0.749989     -1.09826      0.23524     0.465987      -1.3273    -0.683003    -0.270429     0.667272    -0.835486
   -0.948358     0.754259     -1.09045     0.235206     0.464349     -1.32186    -0.662265    -0.303013     0.648373    -0.866485
   -0.948358     0.801691     -1.31779     0.320792     0.792963     -2.29863     -1.56219     0.364762     0.161992    -0.227064
   -0.948358     0.799717      -1.3091     0.317412     0.781202     -2.26316     -1.52448     0.335865     0.189842    -0.270799
   -0.948358     0.757313     -1.08866     0.236414     0.472458     -1.34426     -0.65894    -0.314971     0.634513    -0.907464
   -0.948358     0.808868     -1.35523     0.335081     0.847287     -2.46132     -1.72608     0.498748     0.036238   -0.0426066
   -0.948358     0.807179     -1.35109     0.333174     0.842143     -2.44544      -1.7068     0.486847    0.0537497   -0.0699001
   -0.948358     0.799062     -1.31216     0.318216     0.789368      -2.2861     -1.53426     0.349241     0.188971    -0.286367
   -0.948358     0.806065     -1.33522     0.327834     0.817993     -2.37384     -1.63877     0.422629     0.102202    -0.142051
   -0.948358     0.804714     -1.32925     0.325487     0.809695     -2.34883     -1.61234     0.401977     0.123025    -0.173854
   -0.948358     0.817631     -1.38362     0.347404     0.889562     -2.58865     -1.85615     0.593256   -0.0799678     0.112275
   -0.948358     0.817966     -1.38289     0.347284     0.888054     -2.58433     -1.85299     0.588283   -0.0774918     0.109098
   -0.948358     0.815137      -1.3709     0.342417     0.870114     -2.53048     -1.79838     0.544755   -0.0299229    0.0429367
   -0.948358     0.813484     -1.36366     0.339524     0.859572     -2.49879     -1.76571     0.518725  -0.00228943   0.00306546
   -0.948358     0.816639     -1.38123     0.346294     0.886576     -2.57943     -1.84496     0.586393   -0.0696943    0.0963732
   -0.948358     0.814815     -1.37428     0.343479     0.877806     -2.55258     -1.81281        0.562    -0.041455    0.0488919
   -0.948358     0.815655     -1.37804     0.344949     0.882652     -2.56736     -1.83013     0.575817   -0.0564767    0.0742342
   -0.948358     0.802018     -1.32005     0.321769     0.799851     -2.31812     -1.57045     0.372619     0.157211    -0.239547
   -0.948358     0.813941     -1.37028     0.341911     0.872319     -2.53599     -1.79462     0.547396   -0.0259998    0.0245708
   -0.948358     0.810576     -1.35638     0.336282     0.852394     -2.47592     -1.73121     0.497527    0.0290319   -0.0562237
   -0.948358     0.812653     -1.36467     0.339673     0.864366       -2.512     -1.76909     0.527068  -0.00411507  -0.00829569
   -0.948358     0.807563     -1.34338     0.331083     0.833558     -2.41929     -1.67284     0.451452     0.077562    -0.126322
   -0.948358     0.808108     -1.34645     0.332245     0.838071     -2.43279      -1.6864     0.462824    0.0668902    -0.110718
   -0.948358     0.802617     -1.32023     0.322007     0.798789     -2.31548     -1.57227     0.371478     0.154015    -0.229541
   -0.948358     0.802571     -1.32065     0.322141     0.799965     -2.31879     -1.57376     0.373332     0.153374    -0.231286
   -0.948358      0.80235     -1.31898     0.321491     0.796334     -2.30832     -1.56707     0.367249     0.157753    -0.231385
   -0.948358     0.802443     -1.31939     0.321669     0.797262       -2.311     -1.56875     0.368615     0.156582     -0.23152
   -0.948358     0.803219     -1.32271     0.322933     0.800857     -2.32215     -1.58369     0.379924     0.144772    -0.208163
   -0.948358     0.802387     -1.31921     0.321557     0.796254      -2.3082     -1.56821     0.368116     0.156813    -0.227749
   -0.948358     0.875701     -1.58222     0.433612      1.18996     -3.49476     -2.80126      1.31888     -1.01095      1.37882
   -0.948358     0.881242     -1.60162     0.442093      1.21981      -3.5849     -2.89661      1.39476     -1.11257      1.51791
   -0.948358     0.879215     -1.59448     0.438974      1.20881     -3.55168     -2.86141       1.3666     -1.07467      1.46597
   -0.948358     0.873167     -1.57331     0.429725      1.17628     -3.45344     -2.75758      1.28415    -0.964723      1.31547
   -0.948358      0.87705     -1.58698     0.435695      1.19731     -3.51697     -2.82481      1.33777     -1.03641      1.41372
   -0.948358     0.882467     -1.60594     0.443986      1.22649     -3.60508     -2.91805      1.41199     -1.13591       1.5499
   -0.948358     0.884381     -1.61262     0.446911      1.23678     -3.63615     -2.95091      1.43812     -1.17094      1.59782
   -0.948358     0.883264     -1.60869     0.445186      1.23069     -3.61776     -2.93138      1.42243     -1.14967      1.56866
   -0.948358     0.877862     -1.58972     0.436893      1.20149     -3.52957     -2.83799      1.34794     -1.04979      1.43183
   -0.948358     0.871234     -1.56648      0.42676      1.16585     -3.42195     -2.72434      1.25782    -0.930036      1.26786
   -0.948358     0.862403     -1.53565     0.413329      1.11868     -3.27957      -2.5744      1.13968    -0.774318      1.05495
   -0.948358     0.865768      -1.5475     0.418479       1.1368     -3.33426     -2.63205      1.18526    -0.834283      1.13713
   -0.948358     0.845823     -1.47765     0.388231      1.03065     -3.01403     -2.29662     0.923486    -0.496623     0.675456
   -0.948358     0.851587     -1.49823     0.397067      1.06178     -3.10789     -2.39456     0.999869     -0.59298     0.807553
   -0.948358     0.867592     -1.55395     0.421282      1.14668     -3.36408      -2.6635      1.21021    -0.867172       1.1822
   -0.948358     0.857966     -1.51999     0.406553      1.09487     -3.20772     -2.49895      1.08048    -0.697775     0.949981
   -0.948358     0.839958     -1.45688     0.379299     0.999266      -2.9194     -2.19782     0.846705    -0.399526     0.542381
   -0.948358     0.829757     -1.42169     0.364126     0.946215     -2.75953     -2.03253       0.7208    -0.242215     0.329163
   -0.948358     0.835096     -1.44119     0.372421     0.975626     -2.84813     -2.12437     0.792384    -0.330075     0.449734
   -0.948358      0.82714     -1.41194     0.360016     0.931652     -2.71566     -1.98693     0.685243    -0.199375     0.269743
   -0.948358     0.837075     -1.44878     0.375615     0.987208     -2.88296        -2.16     0.820621     -0.36405     0.495889
   -0.948358     0.877153     -1.58739     0.435877      1.19799     -3.51902     -2.82706      1.33979      -1.0394      1.41786
   -0.948358     0.882932     -1.60761     0.444719       1.2291     -3.61296     -2.92647      1.41891     -1.14551      1.56308
   -0.948358     0.886436     -1.61988     0.450096      1.24804     -3.67016     -2.98709      1.46735     -1.21083       1.6525
   -0.948358     0.885342     -1.61602     0.448399      1.24204     -3.65203      -2.9678      1.45175     -1.18949      1.62325
   -0.948358     0.867847     -1.55493     0.421706      1.14822     -3.36873     -2.66843      1.21433    -0.872713      1.18983
   -0.948358     0.876986     -1.58685     0.435643       1.1972     -3.51663     -2.82458        1.338     -1.03725      1.41492
   -0.948358     0.883339     -1.60906      0.44536      1.23138     -3.61985     -2.93383      1.42495     -1.15391      1.57459
   -0.948358     0.883172     -1.60835      0.44504      1.23018      -3.6162      -2.9297      1.42105     -1.14781      1.56607
   -0.948358     0.882827     -1.60713     0.444509      1.22831     -3.61055     -2.92371      1.41627      -1.1414      1.55726
   -0.948358     0.877132     -1.58714     0.435773      1.19755     -3.51767     -2.82539      1.33791     -1.03646      1.41351
   -0.948358     0.838385     -1.45112     0.376843     0.990635     -2.89335     -2.17036     0.825113    -0.372548     0.504707
   -0.948358     0.824891      -1.4034     0.356452     0.919059     -2.67772      -1.9474     0.654547    -0.163437     0.219214
   -0.948358     0.869865     -1.56165     0.424663      1.15848     -3.39972     -2.70086      1.23926    -0.905696      1.23438
   -0.948358      0.85696     -1.51637     0.404994       1.0894     -3.19122     -2.48144      1.06664    -0.679938     0.925129
   -0.948358     0.812664     -1.35953      0.33794     0.853821     -2.48147     -1.74726     0.503657    0.0126661   -0.0202565
   -0.948358     0.854069     -1.50712     0.400907      1.07538      -3.1489     -2.43747      1.03379    -0.636708     0.867342
   -0.948358     0.887766     -1.62457     0.452155      1.25532     -3.69214     -3.01048      1.48624     -1.23666      1.68788
   -0.948358      0.80978     -1.34784     0.333291     0.838876      -2.4359     -1.69422     0.463125    0.0567704   -0.0941405
   -0.948358     0.809792     -1.34892     0.333651     0.840975     -2.44199      -1.6987     0.467788    0.0536276   -0.0917235
   -0.948358     0.809058     -1.34468     0.332007     0.833714     -2.42058     -1.68036     0.452083    0.0678923    -0.106957
   -0.948358     0.809248     -1.34548     0.332338     0.835073      -2.4246     -1.68388     0.454872    0.0650484    -0.103956
   -0.948358     0.809418     -1.34605     0.332544     0.835129     -2.42501     -1.68667     0.456719    0.0626493   -0.0964511
   -0.948358     0.809377     -1.34582     0.332476     0.835153     -2.42498     -1.68558     0.455899    0.0635211   -0.0996429
   -0.948358     0.811563     -1.35472     0.336034      0.84711     -2.46122     -1.72563     0.486604    0.0305812   -0.0475716
   -0.948358     0.810136     -1.34895     0.333709     0.839047     -2.43688     -1.69975      0.46673    0.0518949   -0.0795215
   -0.948358      0.82046     -1.38674     0.349532     0.895233     -2.60573     -1.87056     0.595507    -0.094539       0.1189
   -0.948358     0.820683     -1.38752     0.349854     0.896232     -2.60878     -1.87413     0.598131   -0.0976968     0.123995
   -0.948358     0.821451     -1.39049     0.351109        0.901     -2.62303     -1.88781     0.608928     -0.11017     0.139507
   -0.948358     0.837529     -1.44791      0.37549     0.985924     -2.87911     -2.15509     0.813063    -0.357645     0.483343
   -0.948358     0.855775     -1.51218     0.403189      1.08309     -3.17218     -2.46134      1.05093    -0.659774     0.897235
   -0.948358     0.836572     -1.44446     0.374022     0.980827     -2.86372     -2.13879     0.800436    -0.341981     0.461307
   -0.948358     0.821502     -1.39063     0.351131     0.900439     -2.62157      -1.8885     0.609108    -0.110388     0.143833
   -0.948358     0.823017     -1.39629     0.353498     0.908695     -2.64647     -1.91473      0.62934    -0.134247     0.177776
   -0.948358      0.87678     -1.58591     0.435235      1.19567     -3.51198     -2.81937      1.33316     -1.03021       1.4049
   -0.948358     0.869015     -1.55866     0.423364      1.15393     -3.38597     -2.68631      1.22778    -0.890609      1.21361
   -0.948358     0.820765     -1.38785     0.349979     0.896493     -2.60964      -1.8757     0.599294   -0.0990089     0.127101
   -0.948358     0.836359      -1.4437     0.373704     0.979807     -2.86061      -2.1352     0.797701    -0.338576     0.455989
   -0.948358     0.883925     -1.61117     0.446297      1.23475     -3.63003     -2.94471      1.43404     -1.16681      1.59217
   -0.948358     0.875896     -1.58311     0.434016      1.19155     -3.49958     -2.80658      1.32406     -1.01908      1.38992
   -0.948358     0.874716     -1.57899     0.432217      1.18525     -3.48053      -2.7864      1.30808    -0.997817      1.36071
   -0.948358     0.883533      -1.6098     0.445696      1.23264     -3.62365     -2.93794      1.42866     -1.15961      1.58228
   -0.948358     0.885385     -1.61628     0.448532      1.24261     -3.65377     -2.96988      1.45411     -1.19381      1.62918
   -0.948358     0.877777     -1.58967     0.436879       1.2016     -3.52991     -2.83865      1.34943     -1.05287      1.43622
   -0.948358      0.86516     -1.54573       0.4177      1.13432     -3.32676     -2.62411      1.17998    -0.827777      1.12808
   -0.948358     0.863224       -1.539     0.414772      1.12409     -3.29588     -2.59149      1.15442    -0.794263      1.08198
   -0.948358     0.873763     -1.57562     0.430749      1.18009     -3.46495     -2.76985      1.29487    -0.980204      1.33644
   -0.948358       0.8835     -1.60966     0.445637      1.23242       -3.623     -2.93721      1.42801     -1.15868      1.58093
   -0.948358     0.888285     -1.62644     0.452989      1.25832     -3.70122     -3.02023      1.49447     -1.24854      1.70407
   -0.948358     0.888146     -1.62596     0.452775      1.25756     -3.69894     -3.01782      1.49253     -1.24589      1.70046
   -0.948358     0.826231     -1.41034     0.359249     0.930982     -2.71306     -1.97932     0.682206    -0.192982     0.253647
   -0.948358     0.823997     -1.40161     0.355631     0.918094     -2.67424     -1.93893     0.650513    -0.156202       0.2018
   -0.948358     0.830059     -1.42462     0.365251     0.952026     -2.77654     -2.04607     0.734114    -0.255272     0.341571
   -0.948358     0.832545     -1.43366      0.36908     0.965307     -2.81665     -2.08865     0.767128    -0.295888     0.399086
   -0.948358     0.834965     -1.44212     0.372703     0.977707     -2.85413     -2.12864     0.797733    -0.334211     0.453304
   -0.948358      0.84863     -1.48859     0.392858      1.04764     -3.06511     -2.34882     0.965687    -0.548576     0.745501
   -0.948358     0.851594     -1.49885     0.397301      1.06304     -3.11162     -2.39798      1.00373    -0.597598     0.813327
   -0.948358     0.837223     -1.44963     0.375958     0.988692     -2.88736     -2.16409      0.82434    -0.368249     0.501032
   -0.948358     0.866567      -1.5506     0.419822      1.14172     -3.34911     -2.64773      1.19847    -0.852095      1.16149
   -0.948358     0.846198     -1.47999     0.389151      1.03472     -3.02609     -2.30755     0.933456    -0.507241     0.688123
   -0.948358     0.861317     -1.53228     0.411857      1.11389     -3.26508     -2.55888      1.12872    -0.760626      1.03555
   -0.948358     0.822934     -1.39642     0.353566     0.910092     -2.65029     -1.91506     0.630506    -0.134805     0.172414
   -0.948358     0.837168     -1.44668     0.374977     0.984427     -2.87449     -2.14927     0.808765    -0.352198     0.474064
   -0.948358     0.838887     -1.45306     0.377688     0.994156     -2.90377     -2.17939     0.832463    -0.381278     0.513571
   -0.948358     0.867476      -1.5537     0.421171      1.14638     -3.36319     -2.66261      1.20995    -0.867071       1.1821
   -0.948358     0.853891     -1.50664     0.400687       1.0747     -3.14684     -2.43521      1.03228    -0.634644     0.864439
   -0.948358     0.876567     -1.58543     0.435024      1.19506     -3.51016     -2.81777      1.33278     -1.03051      1.40567
   -0.948358     0.855167     -1.51005      0.40227      1.07991     -3.16257     -2.45112      1.04298    -0.649517     0.882922
   -0.948358     0.868562     -1.55708     0.422676      1.15153     -3.37873     -2.67865      1.22177    -0.882773      1.20278
   -0.948358      0.85547     -1.51117      0.40275      1.08166     -3.16783     -2.45649      1.04727     -0.65495      0.89016
   -0.948358     0.876769     -1.58587     0.435223      1.19564     -3.51189     -2.81927      1.33315      -1.0303      1.40498
   -0.948358      0.87891      -1.5934      0.43851      1.20722     -3.54686     -2.85626      1.36262     -1.06969      1.45891
   -0.948358     0.869423     -1.56013     0.424003      1.15623      -3.3929     -2.69356      1.23364    -0.898483      1.22423
   -0.948358     0.882803     -1.60705     0.444473      1.22819     -3.61019     -2.92332      1.41598     -1.14108      1.55679
   -0.948358     0.883116     -1.60815     0.444957       1.2299     -3.61537     -2.92882      1.42043     -1.14717      1.56511
   -0.948358     0.883671     -1.61025     0.445885      1.23325     -3.62551     -2.93987      1.42993     -1.16086      1.58411
   -0.948358     0.885071     -1.61516      0.44804      1.24086     -3.64847     -2.96424       1.4495      -1.1874      1.62043
   -0.948358     0.888172     -1.62602     0.452793      1.25758     -3.69899      -3.0178      1.49224     -1.24502      1.69933
   -0.948358     0.882019     -1.60433     0.443292      1.22407     -3.59777     -2.91022      1.40579     -1.12784      1.53857
   -0.948358     0.871681     -1.56809     0.427467      1.16843     -3.42972     -2.73238       1.2644    -0.939008      1.27975
   -0.948358     0.856637     -1.51539     0.404566      1.08811     -3.18728     -2.47681      1.06335    -0.675599     0.918367
   -0.948358      0.88386     -1.61077     0.446107      1.23396     -3.62763     -2.94184       1.4309     -1.16139      1.58458
   -0.948358     0.888186     -1.62598     0.452767      1.25744     -3.69855     -3.01709      1.49122     -1.24294       1.6963
   -0.948358     0.883566      -1.6098     0.445693      1.23256     -3.62341     -2.93748       1.4278     -1.15783      1.57967
   -0.948358     0.872649     -1.57157     0.428986      1.17383     -3.44602     -2.74967      1.27842    -0.957934      1.30571
   -0.948358     0.858304     -1.52146     0.407179       1.0974     -3.21527     -2.50618      1.08674    -0.705651     0.959669
   -0.948358     0.841282     -1.46204     0.381502       1.0078     -2.94487     -2.22218     0.866459    -0.423518     0.571716
   -0.948358     0.872992     -1.57283     0.429535      1.17579     -3.45195       -2.756      1.28363    -0.965056      1.31552
   -0.948358     0.859528     -1.52587     0.409082      1.10411     -3.23554     -2.52758      1.10376     -0.72783     0.990249
   -0.948358     0.888315     -1.62654     0.453024      1.25841     -3.70151      -3.0205      1.49453     -1.24833      1.70385
   -0.948358     0.888905      -1.6286     0.453925      1.26158     -3.71108     -3.03064      1.50261     -1.25919      1.71872
   -0.948358     0.885214     -1.61568     0.448266      1.24166     -3.65091     -2.96684      1.45163     -1.19039       1.6245
   -0.948358      0.88834     -1.62663     0.453067      1.25858       -3.702     -3.02104      1.49502      -1.2491      1.70489
   -0.948358     0.883321     -1.60898     0.445338      1.23135     -3.61974     -2.93367      1.42497     -1.15433       1.5749
   -0.948358     0.843344     -1.46957     0.384715      1.01914     -2.97908     -2.25804     0.894652    -0.458808     0.620599
   -0.948358     0.890364     -1.63365     0.456136      1.26934     -3.73451     -3.05534       1.5221     -1.28513       1.7541
   -0.948358     0.888984     -1.62883     0.454026      1.26193     -3.71211     -3.03162      1.50322     -1.25981      1.71941
   -0.948358       0.8882     -1.62615     0.452857      1.25785      -3.6998     -3.01872      1.49322     -1.24677      1.70168
   -0.948358     0.888793     -1.62822     0.453766      1.26105     -3.70946     -3.02897      1.50141     -1.25783      1.71683
   -0.948358      0.88884     -1.62835     0.453823      1.26123     -3.71002     -3.02948      1.50169     -1.25805      1.71702
   -0.948358     0.888868     -1.62846     0.453873      1.26142     -3.71059     -3.03011      1.50228     -1.25898      1.71831
   -0.948358     0.888594     -1.62751     0.453458      1.25997      -3.7062     -3.02548      1.49863     -1.25412      1.71167
   -0.948358     0.888542     -1.62729     0.453354      1.25957     -3.70499     -3.02409      1.49728     -1.25192      1.70861
   -0.948358     0.888911     -1.62863      0.45395       1.2617     -3.71144     -3.03107      1.50314     -1.26028      1.72013
   -0.948358     0.896478     -1.65517     0.465588      1.30271     -3.83533     -3.16265      1.60868     -1.40349      1.91633
   -0.948358     0.895418     -1.65144      0.46395      1.29693     -3.81786     -3.14405      1.59367     -1.38294      1.88819
   -0.948358     0.896437     -1.65504     0.465531      1.30252     -3.83475     -3.16205      1.60826     -1.40303      1.91571
   -0.948358     0.897361     -1.65828     0.466958      1.30756     -3.84998     -3.17826      1.62135     -1.42096      1.94026
   -0.948358     0.895636      -1.6522     0.464282      1.29809     -3.82138     -3.14777      1.59662     -1.38688      1.89357
   -0.948358     0.894524     -1.64829     0.462564      1.29203     -3.80304     -3.12827      1.58087     -1.36533      1.86406
   -0.948358     0.893956     -1.64631     0.461693      1.28896     -3.79378     -3.11845      1.57303     -1.35473      1.84956
   -0.948358     0.895211     -1.65073     0.463637      1.29583     -3.81455     -3.14056      1.59092     -1.37931      1.88321
   -0.948358     0.896975     -1.65693     0.466367      1.30548     -3.84369     -3.17159      1.61602     -1.41376       1.9304
   -0.948358     0.898119     -1.66096     0.468136      1.31173     -3.86257     -3.19169      1.63226     -1.43603       1.9609
   -0.948358     0.897955     -1.66037     0.467877       1.3108     -3.85978      -3.1887      1.62978     -1.43253       1.9561
   -0.948358     0.897124     -1.65744     0.466586      1.30624     -3.84599     -3.17399      1.61785     -1.41606      1.93354
   -0.948358     0.898298     -1.66158     0.468406      1.31268     -3.86544     -3.19472      1.63465     -1.43922      1.96526
   -0.948358     0.897533     -1.65888      0.46722      1.30848     -3.85276      -3.1812      1.62367     -1.42406      1.94449
   -0.948358     0.896995     -1.65698     0.466384      1.30552     -3.84381     -3.17165      1.61592     -1.41334      1.92982
   -0.948358     0.896368     -1.65478     0.465414      1.30209     -3.83346     -3.16064      1.60701     -1.40112      1.91308
   -0.948358     0.898762     -1.66322      0.46913      1.31524     -3.87318     -3.20299       1.6414     -1.44858      1.97809
   -0.948358     0.899073     -1.66431      0.46961      1.31693     -3.87831     -3.20845      1.64581     -1.45463      1.98638
   -0.948358     0.898479     -1.66222     0.468688      1.31367     -3.86844     -3.19792      1.63724     -1.44277      1.97013
   -0.948358     0.897759     -1.65968      0.46757      1.30971     -3.85649     -3.18517      1.62689     -1.42847      1.95054
   -0.948358     0.892689     -1.64181     0.459711      1.28193     -3.77254     -3.09573      1.55444     -1.32887      1.81408
   -0.948358     0.890372     -1.63366     0.456132       1.2693     -3.73436     -3.05514      1.52172     -1.28421      1.75292
   -0.948358     0.889812      -1.6317     0.455273      1.26627     -3.72522     -3.04545      1.51398     -1.27375      1.73862
   -0.948358     0.892056     -1.63959     0.458738       1.2785     -3.76218     -3.08473      1.54562      -1.3169      1.79771
   -0.948358      0.89309     -1.64321     0.460328      1.28411     -3.77912     -3.10272      1.56006     -1.33652      1.82455
   -0.948358     0.890823     -1.63524     0.456826      1.27174     -3.74175     -3.06298      1.52801     -1.29274      1.76459
   -0.948358     0.887515     -1.62361     0.451725      1.25375     -3.68739     -3.00523      1.48159     -1.22966       1.6782
   -0.948358     0.887183     -1.62246     0.451222      1.25198     -3.68205      -2.9996      1.47714     -1.22371      1.67008
   -0.948358     0.889956     -1.63222     0.455504      1.26709     -3.72771     -3.04814      1.51623     -1.27695      1.74301
   -0.948358     0.892132     -1.63987     0.458861      1.27894     -3.76351     -3.08618      1.54686      -1.3187      1.80019
   -0.948358     0.893557     -1.64487     0.461057      1.28669     -3.78691     -3.11104      1.56684      -1.3459      1.83743
   -0.948358     0.894036     -1.64655     0.461794      1.28929     -3.79476     -3.11938      1.57354     -1.35501      1.84989
   -0.948358     0.895013        -1.65     0.463309      1.29465     -3.81096     -3.13664      1.58753     -1.37426      1.87627
   -0.948358     0.895674     -1.65232     0.464332      1.29826     -3.82188     -3.14827      1.59693     -1.38716      1.89394
   -0.948358     0.895439     -1.65149     0.463967      1.29697     -3.81796     -3.14408      1.59351      -1.3824      1.88742
   -0.948358     0.895459     -1.65157     0.464004      1.29711     -3.81838     -3.14456      1.59397     -1.38315      1.88846
   -0.948358     0.896156     -1.65402     0.465082      1.30091     -3.82989     -3.15682      1.60388     -1.39675      1.90708
   -0.948358     0.896185     -1.65412     0.465123      1.30106     -3.83033     -3.15726       1.6042     -1.39714      1.90761
   -0.948358     0.895984     -1.65341      0.46481      1.29995     -3.82697     -3.15367      1.60127     -1.39306      1.90202
   -0.948358     0.894815     -1.64929        0.463      1.29355     -3.80765     -3.13309      1.58462      -1.3702       1.8707
   -0.948358     0.894447       -1.648     0.462433      1.29155     -3.80161     -3.12668      1.57947      -1.3632      1.86112
   -0.948358       0.8953       -1.651     0.463748      1.29619     -3.81563     -3.14158      1.59147     -1.37957      1.88353
   -0.948358     0.894275     -1.64739     0.462162      1.29059     -3.79869     -3.12355      1.57689     -1.35958      1.85614
   -0.948358     0.893665     -1.64526      0.46123      1.28731     -3.78878     -3.11306      1.56853     -1.34831      1.84074
   -0.948358     0.894697     -1.64889     0.462825      1.29294     -3.80581     -3.13118      1.58315     -1.36833      1.86816
   -0.948358     0.890975     -1.63582     0.457086      1.27269     -3.74464     -3.06617      1.53086     -1.29709       1.7706
   -0.948358      0.89301     -1.64297     0.460226      1.28377     -3.77811     -3.10175      1.55949     -1.33612      1.82406
   -0.948358     0.887709     -1.62433     0.452041      1.25488     -3.69081     -3.00895      1.48473     -1.23415       1.6844
   -0.948358     0.888967     -1.62877     0.453993      1.26178     -3.71167     -3.03115      1.50271     -1.25881      1.71819
   -0.948358     0.891954     -1.63927     0.458604      1.27806     -3.76085     -3.08344      1.54485      -1.3163      1.79693
   -0.948358     0.897406     -1.65843     0.467021      1.30777     -3.85061      -3.1789      1.62177     -1.42139      1.94083
   -0.948358     0.896667     -1.65582     0.465873      1.30371     -3.83834     -3.16581      1.61115     -1.40674      1.92076
   -0.948358     0.887624     -1.62399      0.45189      1.25433     -3.68914     -3.00708      1.48306     -1.23162      1.68086
   -0.948358     0.891138     -1.63635     0.457311      1.27346     -3.74693     -3.06847      1.53243     -1.29875      1.77281
   -0.948358     0.887749     -1.62443     0.452083      1.25501      -3.6912     -3.00925      1.48479     -1.23397      1.68407
   -0.948358     0.895932     -1.65322     0.464728      1.29966     -3.82609     -3.15273      1.60049     -1.39197      1.90052
   -0.948358     0.896409     -1.65491     0.465469      1.30228     -3.83401     -3.16117      1.60734     -1.40141      1.91345
   -0.948358     0.896364     -1.65475     0.465397      1.30202     -3.83324     -3.16035      1.60667     -1.40046      1.91215
   -0.948358     0.896045     -1.65362     0.464904      1.30028     -3.82797     -3.15473      1.60211      -1.3942      1.90356
   -0.948358     0.895474     -1.65161     0.464018      1.29715     -3.81851     -3.14465      1.59396     -1.38299      1.88821
   -0.948358      0.89691     -1.65668     0.466249      1.30504     -3.84236     -3.17009      1.61461     -1.41149      1.92727
   -0.948358     0.897994      -1.6605     0.467933        1.311     -3.86037      -3.1893      1.63023     -1.43306      1.95683
   -0.948358     0.898648     -1.66281     0.468949      1.31459     -3.87123     -3.20089      1.63964     -1.44607      1.97465
   -0.948358      0.89814     -1.66101     0.468158      1.31179     -3.86277     -3.19186      1.63229     -1.43588      1.96069
   -0.948358     0.897609     -1.65914     0.467334      1.30888     -3.85395     -3.18246      1.62465     -1.42534      1.94625
   -0.948358     0.890313     -1.63351     0.456075      1.26914      -3.7339     -3.05482      1.52183     -1.28499      1.75405
   -0.948358     0.891062     -1.63615     0.457237      1.27325     -3.74631     -3.06802      1.53251     -1.29962      1.77409
   -0.948358      0.89335     -1.64419     0.460764      1.28569     -3.78391     -3.10798      1.56466     -1.34344      1.83409
   -0.948358     0.894651     -1.64871     0.462743      1.29264      -3.8049     -3.13015      1.58222     -1.36688      1.86614
   -0.948358     0.893367     -1.64419     0.460757      1.28562     -3.78369     -3.10758      1.56398     -1.34188      1.83188
   -0.948358     0.896578     -1.65551     0.465732      1.30321     -3.83683     -3.16419      1.60981     -1.40484      1.91816
   -0.948358     0.898584     -1.66258     0.468848      1.31423     -3.87014     -3.19972      1.63868     -1.44472      1.97279
   -0.948358     0.899222     -1.66483     0.469841      1.31775     -3.88077     -3.21107      1.64793     -1.45755      1.99037
   -0.948358      0.89934     -1.66525     0.470024      1.31839     -3.88272     -3.21315       1.6496     -1.45985      1.99352
   -0.948358     0.888017     -1.62537     0.452496      1.25646      -3.6956     -3.01393      1.48855      -1.2391      1.69108
   -0.948358     0.888293     -1.62634     0.452923      1.25798     -3.70017     -3.01878      1.49248     -1.24448      1.69844
   -0.948358     0.888922     -1.62855     0.453895      1.26141     -3.71054     -3.02981      1.50137      -1.2566      1.71503
   -0.948358     0.891654     -1.63825     0.458164      1.27654     -3.75626     -3.07865      1.54123     -1.31179      1.79074
   -0.948358      0.89222     -1.64023     0.459031      1.27959     -3.76548     -3.08843      1.54905     -1.32235      1.80522
   -0.948358     0.891132     -1.63634     0.457314      1.27349     -3.74703     -3.06862      1.53269     -1.29941      1.77367
   -0.948358     0.891578     -1.63799     0.458054      1.27617     -3.75513     -3.07748      1.54038     -1.31081      1.78938
   -0.948358     0.892017     -1.63953     0.458728      1.27854     -3.76231      -3.0851      1.54649     -1.31908      1.80072
   -0.948358     0.892139     -1.63994     0.458905      1.27916     -3.76417     -3.08701      1.54792      -1.3209      1.80313
   -0.948358     0.892342     -1.64066     0.459222      1.28028     -3.76756     -3.09063      1.55088       -1.325      1.80875
   -0.948358     0.891609      -1.6381     0.458102      1.27634     -3.75566     -3.07804      1.54084     -1.31147      1.79027
   -0.948358     0.892459     -1.64108     0.459407      1.28094     -3.76955     -3.09277      1.55264     -1.32747      1.81215
   -0.948358     0.892348     -1.64069     0.459237      1.28034     -3.76775     -3.09086      1.55112     -1.32543      1.80937
   -0.948358     0.891594     -1.63803     0.458063      1.27617     -3.75514     -3.07743      1.54016     -1.31016      1.78853
   -0.948358     0.892351     -1.64069     0.459238      1.28034     -3.76775     -3.09085      1.55108     -1.32532       1.8092
   -0.948358     0.891633     -1.63815      0.45812      1.27638     -3.75578     -3.07807      1.54067     -1.31095       1.7895
   -0.948358     0.891706     -1.63844     0.458252      1.27687     -3.75725     -3.07973       1.5422     -1.31332       1.7928
   -0.948358     0.891625     -1.63815     0.458121      1.27639     -3.75583      -3.0782       1.5409     -1.31141      1.79022
   -0.948358     0.892054     -1.63966     0.458785      1.27874     -3.76291     -3.08573      1.54697     -1.31971      1.80158
   -0.948358     0.892253     -1.64036     0.459093      1.27983     -3.76621     -3.08924      1.54983     -1.32369      1.80699
   -0.948358     0.892056     -1.63963     0.458769      1.27866     -3.76267     -3.08538      1.54651     -1.31882      1.80026
   -0.948358     0.893341     -1.64412     0.460735      1.28558     -3.78356     -3.10752      1.56415     -1.34254      1.83275
   -0.948358     0.892678      -1.6418      0.45972      1.28201     -3.77278     -3.09608      1.55504     -1.33027      1.81596
   -0.948358     0.896581     -1.65551     0.465735      1.30322     -3.83685      -3.1642       1.6098     -1.40479      1.91808
   -0.948358     0.896538     -1.65536     0.465668      1.30298     -3.83613     -3.16343      1.60916      -1.4039      1.91685
   -0.948358     0.896736     -1.65606     0.465977      1.30408     -3.83944     -3.16697      1.61206     -1.40794       1.9224
   -0.948358     0.897718     -1.65952     0.467498      1.30945     -3.85569     -3.18428      1.62608     -1.42722      1.94881
   -0.948358     0.896625     -1.65566     0.465802      1.30345     -3.83756     -3.16495       1.6104      -1.4056      1.91918
   -0.948358     0.896459     -1.65508     0.465544      1.30254     -3.83481     -3.16202      1.60802     -1.40233       1.9147
   -0.948358     0.894117      -1.6469     0.461967      1.28997     -3.79683      -3.1218      1.57603     -1.35939      1.85589
   -0.948358      0.89412     -1.64692     0.461971      1.28998     -3.79688     -3.12185      1.57607     -1.35943      1.85597
   -0.948358     0.893736     -1.64555     0.461362      1.28781      -3.7903     -3.11479      1.57019     -1.35106      1.84453
   -0.948358     0.895758     -1.65265     0.464486      1.29883     -3.82362     -3.15023      1.59877     -1.39012      1.89803
   -0.948358     0.898876     -1.66362     0.469308      1.31587      -3.8751     -3.20503      1.64308     -1.45096      1.98132
   -0.948358      0.89867     -1.66289     0.468987      1.31474     -3.87167     -3.20138       1.6401     -1.44685      1.97568
   -0.948358     0.899126     -1.66449     0.469693      1.31723      -3.8792     -3.20939      1.64658     -1.45574      1.98786
   -0.948358     0.899316     -1.66516     0.469988      1.31827     -3.88235     -3.21276      1.64932     -1.45952      1.99304
   -0.948358     0.898132       -1.661     0.468157      1.31181     -3.86281     -3.19195       1.6325     -1.43646      1.96145
   -0.948358     0.897974     -1.66044     0.467911      1.31094     -3.86018     -3.18914      1.63022     -1.43329      1.95711
   -0.948358     0.898461     -1.66215     0.468663      1.31359      -3.8682     -3.19767      1.63709     -1.44269      1.96998
   -0.948358     0.898911     -1.66374     0.469359      1.31605     -3.87564     -3.20559      1.64349     -1.45147        1.982
   -0.948358     0.899281     -1.66504     0.469932      1.31808     -3.88176     -3.21211      1.64878     -1.45874      1.99197
   -0.948358     0.899434     -1.66558     0.470169      1.31891     -3.88429     -3.21481      1.65097     -1.46177      1.99612
   -0.948358     0.899456     -1.66566     0.470205      1.31904     -3.88467     -3.21523      1.65133      -1.4623      1.99684
   -0.948358     0.899014      -1.6641     0.469523      1.31663      -3.8774     -3.20748      1.64507     -1.45372      1.98509
   -0.948358     0.899746     -1.66669      0.47066      1.32066     -3.88955     -3.22045      1.65561     -1.46829      2.00506
   -0.948358     0.899413     -1.66551     0.470141      1.31882     -3.88401     -3.21454      1.65081     -1.46166      1.99597
   -0.948358     0.899828     -1.66697     0.470784      1.32109     -3.89087     -3.22185      1.65671     -1.46975      2.00706
   -0.948358     0.900065     -1.66781     0.471153       1.3224     -3.89481     -3.22605      1.66013      -1.4745      2.01356
   -0.948358     0.899005     -1.66408     0.469513       1.3166     -3.87731     -3.20741      1.64506      -1.4538       1.9852
   -0.948358     0.898611     -1.66269     0.468902      1.31444     -3.87078     -3.20045      1.63942     -1.44602      1.97455
   -0.948358     0.899172     -1.66466     0.469768       1.3175     -3.88002     -3.21029      1.64735     -1.45688      1.98943
   -0.948358     0.899641     -1.66631     0.470493      1.32006     -3.88776     -3.21852      1.65401     -1.46601      2.00193
   -0.948358     0.900007      -1.6676     0.471061      1.32207     -3.89382     -3.22499      1.65925     -1.47324      2.01183
   -0.948358     0.900193     -1.66826      0.47135      1.32309     -3.89691     -3.22829      1.66194     -1.47697      2.01695
   -0.948358     0.900208     -1.66831     0.471374      1.32318     -3.89718     -3.22858      1.66219     -1.47735      2.01747
   -0.948358     0.899918     -1.66729     0.470926       1.3216      -3.8924     -3.22349      1.65808      -1.4717      2.00974
   -0.948358     0.900058     -1.66779     0.471144      1.32237     -3.89473     -3.22599      1.66012     -1.47453      2.01362
   -0.948358     0.900002     -1.66759     0.471058      1.32206     -3.89381       -3.225      1.65931     -1.47341      2.01208
   -0.948358     0.900306     -1.66865     0.471526      1.32372     -3.89881     -3.23032      1.66361     -1.47931      2.02016
   -0.948358     0.900388     -1.66895     0.471655      1.32417     -3.90018     -3.23179       1.6648     -1.48096      2.02242
   -0.948358     0.899328     -1.66522     0.470015      1.31838     -3.88268     -3.21315      1.64973     -1.46026      1.99407
   -0.948358     0.899312     -1.66516     0.469989      1.31829      -3.8824     -3.21285      1.64948     -1.45991      1.99359
   -0.948358     0.900388     -1.66894     0.471653      1.32416     -3.90016     -3.23175      1.66476     -1.48088       2.0223
   -0.948358     0.900466     -1.66922     0.471775      1.32459     -3.90146     -3.23314      1.66588     -1.48243      2.02443
   -0.948358     0.900436     -1.66911     0.471729      1.32443     -3.90097     -3.23263      1.66548      -1.4819      2.02371
   -0.948358     0.900081     -1.66787      0.47118       1.3225     -3.89511     -3.22639      1.66045     -1.47499      2.01425
   -0.948358     0.900187     -1.66824     0.471344      1.32308     -3.89687     -3.22827      1.66197      -1.4771      2.01714
   -0.948358      0.90015     -1.66811     0.471287      1.32288     -3.89626     -3.22762      1.66144     -1.47637      2.01614
   -0.948358     0.900498     -1.66933     0.471824      1.32477     -3.90199     -3.23373      1.66638     -1.48314      2.02541
   -0.948358     0.900514     -1.66939     0.471851      1.32487     -3.90228     -3.23403      1.66662     -1.48348      2.02588
   -0.948358      0.89948     -1.66575     0.470251      1.31921      -3.8852     -3.21583      1.65191     -1.46327       1.9982
   -0.948358     0.899402     -1.66548      0.47013      1.31879     -3.88391     -3.21446       1.6508     -1.46174       1.9961
   -0.948358     0.900113     -1.66798     0.471231      1.32268     -3.89566     -3.22698      1.66092     -1.47565      2.01515
   -0.948358     0.900474     -1.66925     0.471788      1.32465     -3.90161     -3.23331      1.66604     -1.48267      2.02476
   -0.948358     0.900598     -1.66968     0.471979      1.32532     -3.90364     -3.23547      1.66778     -1.48505      2.02803
   -0.948358     0.900615     -1.66974     0.472006      1.32541     -3.90393     -3.23578      1.66804     -1.48541      2.02852
   -0.948358     0.900492     -1.66931     0.471817      1.32474     -3.90191     -3.23364       1.6663     -1.48304      2.02527
   -0.948358     0.900176      -1.6682     0.471328      1.32302      -3.8967     -3.22808      1.66182     -1.47688      2.01684
   -0.948358     0.899987     -1.66754     0.471034      1.32198     -3.89355     -3.22473      1.65908     -1.47308      2.01165
   -0.948358     0.900103     -1.66795     0.471215      1.32262     -3.89548     -3.22679      1.66076     -1.47541      2.01484
   -0.948358     0.900427     -1.66908     0.471715      1.32438     -3.90082     -3.23247      1.66536     -1.48172      2.02347
   -0.948358     0.900323     -1.66872     0.471553      1.32381     -3.89909     -3.23062      1.66385     -1.47962       2.0206
   -0.948358     0.899301     -1.66512     0.469973      1.31823     -3.88222     -3.21266      1.64932     -1.45967      1.99327
   -0.948358      0.89943     -1.66558     0.470173      1.31894     -3.88436     -3.21494      1.65118     -1.46224      1.99679
   -0.948358     0.900536     -1.66947     0.471883      1.32498     -3.90262     -3.23438      1.66689     -1.48382      2.02635
   -0.948358     0.900447     -1.66915     0.471745      1.32449     -3.90113      -3.2328       1.6656     -1.48202      2.02389
   -0.948358     0.900229     -1.66838     0.471407      1.32329     -3.89752     -3.22895      1.66248     -1.47773      2.01801
   -0.948358     0.899878     -1.66715     0.470865      1.32138     -3.89174      -3.2228      1.65751     -1.47091      2.00867
   -0.948358     0.899494      -1.6658     0.470268      1.31927     -3.88535     -3.21598      1.65196     -1.46321      1.99813
   -0.948358     0.899604     -1.66619     0.470438      1.31987     -3.88718     -3.21793      1.65355     -1.46542      2.00115
   -0.948358     0.899952     -1.66741     0.470977      1.32177     -3.89292     -3.22405      1.65849     -1.47219      2.01043
   -0.948358     0.899795     -1.66685     0.470732       1.3209      -3.8903     -3.22125      1.65622     -1.46904      2.00611
   -0.948358     0.898818     -1.66342     0.469222      1.31557     -3.87419     -3.20409      1.64235     -1.45002      1.98006
   -0.948358     0.898927      -1.6638     0.469391      1.31617       -3.876     -3.20603      1.64393      -1.4522      1.98305
   -0.948358     0.899689     -1.66649     0.470571      1.32034      -3.8886     -3.21944      1.65478     -1.46713      2.00349
   -0.948358      0.90006     -1.66779     0.471144      1.32236     -3.89471     -3.22595      1.66004     -1.47433      2.01336
   -0.948358     0.900035      -1.6677     0.471104      1.32222     -3.89428     -3.22548      1.65964     -1.47375      2.01256
   -0.948358     0.899876     -1.66714     0.470858      1.32135     -3.89164     -3.22267      1.65736     -1.47059      2.00823
   -0.948358     0.899597     -1.66616     0.470424      1.31982     -3.88701     -3.21774      1.65336     -1.46509       2.0007
   -0.948358     0.899328     -1.66521     0.470009      1.31835     -3.88259     -3.21303      1.64956     -1.45988      1.99356
   -0.948358     0.895359     -1.65122     0.463851      1.29657     -3.81678     -3.14285      1.59262     -1.38139      1.88599
   -0.948358     0.895235     -1.65077     0.463652      1.29587     -3.81464     -3.14054      1.59069     -1.37864      1.88222
   -0.948358     0.896076     -1.65374     0.464957      1.30048     -3.82857     -3.15539      1.60272     -1.39517      1.90487
   -0.948358     0.896468     -1.65512     0.465567      1.30264      -3.8351     -3.16237      1.60841     -1.40307       1.9157
   -0.948358     0.893648     -1.64519     0.461202      1.28722     -3.78851     -3.11275       1.5683     -1.34807      1.84034
   -0.948358     0.893759     -1.64558     0.461368      1.28779     -3.79025     -3.11457      1.56969     -1.34983      1.84276
   -0.948358     0.895038     -1.65007     0.463344      1.29477     -3.81133     -3.13701       1.5878      -1.3746      1.87669
   -0.948358     0.895932     -1.65323     0.464731      1.29967     -3.82615     -3.15279      1.60058     -1.39218      1.90078
   -0.948358     0.896887     -1.65659     0.466213      1.30492     -3.84199     -3.16969      1.61431     -1.41113      1.92673
   -0.948358     0.897299     -1.65805     0.466855      1.30719     -3.84886     -3.17703      1.62029     -1.41943       1.9381
   -0.948358     0.896834     -1.65641     0.466137      1.30466      -3.8412     -3.16888      1.61372     -1.41044      1.92579
   -0.948358     0.895588     -1.65203     0.464209      1.29784     -3.82062     -3.14696      1.59599     -1.38611      1.89246
   -0.948358     0.896093     -1.65382     0.464996      1.30063     -3.82905     -3.15596      1.60333     -1.39629      1.90641
   -0.948358     0.897275     -1.65797     0.466824      1.30709     -3.84856     -3.17674      1.62012     -1.41932      1.93795
   -0.948358       0.8976     -1.65912      0.46733      1.30888     -3.85397     -3.18251      1.62482     -1.42582      1.94686
   -0.948358     0.896504     -1.65527     0.465636       1.3029     -3.83589     -3.16326      1.60927     -1.40451      1.91767
   -0.948358     0.897931     -1.66028     0.467839      1.31068      -3.8594     -3.18827      1.62945     -1.43212      1.95549
   -0.948358     0.898249      -1.6614     0.468333      1.31242     -3.86468     -3.19391      1.63403     -1.43846      1.96418
   -0.948358     0.897803     -1.65984     0.467645         1.31     -3.85735     -3.18611      1.62775     -1.42987      1.95242
   -0.948358     0.896765     -1.65619      0.46604      1.30433     -3.84022     -3.16788      1.61303     -1.40971       1.9248
   -0.948358     0.895222     -1.65076     0.463654       1.2959     -3.81476     -3.14077      1.59112     -1.37969      1.88366
   -0.948358     0.895004     -1.64998     0.463312      1.29469     -3.81108     -3.13683      1.58789     -1.37516      1.87745
   -0.948358     0.896939     -1.65681     0.466313       1.3053     -3.84315     -3.17101       1.6156     -1.41329       1.9297
   -0.948358     0.896868     -1.65655     0.466202       1.3049     -3.84195     -3.16973      1.61454     -1.41182      1.92768
   -0.948358      0.89555     -1.65192     0.464167      1.29772     -3.82026     -3.14665      1.59595     -1.38641      1.89288
   -0.948358     0.895483     -1.65168     0.464062      1.29735     -3.81913     -3.14544      1.59495     -1.38501      1.89096
   -0.948358     0.898227     -1.66134     0.468305      1.31233     -3.86441     -3.19365      1.63389     -1.43838      1.96408
   -0.948358     0.896992     -1.65699     0.466395      1.30559     -3.84403     -3.17195      1.61636     -1.41436      1.93117
   -0.948358     0.897529     -1.65888     0.467229      1.30854     -3.85294     -3.18146      1.62408       -1.425      1.94576
   -0.948358      0.89722      -1.6578     0.466751      1.30685     -3.84783     -3.17601      1.61967     -1.41893      1.93744
   -0.948358     0.895943     -1.65331     0.464779      1.29989      -3.8268     -3.15364      1.60163     -1.39426      1.90364
   -0.948358      0.89576     -1.65266     0.464495      1.29888     -3.82376      -3.1504        1.599     -1.39064      1.89868
   -0.948358      0.89706     -1.65723     0.466502      1.30597     -3.84517     -3.17317      1.61736     -1.41575      1.93308
   -0.948358     0.898346     -1.66176     0.468491      1.31299     -3.86639     -3.19577      1.63562     -1.44078      1.96737
   -0.948358     0.899239      -1.6649     0.469875      1.31789     -3.88118     -3.21154      1.64842     -1.45843      1.99155
   -0.948358     0.897765     -1.65972     0.467595      1.30983     -3.85685     -3.18563      1.62746     -1.42967      1.95215
   -0.948358     0.897804     -1.65986     0.467657      1.31005     -3.85752     -3.18635      1.62807     -1.43053      1.95334
   -0.948358     0.897815      -1.6599     0.467675      1.31011      -3.8577     -3.18654      1.62821     -1.43071      1.95359
   -0.948358     0.896018     -1.65358     0.464898      1.30031     -3.82809     -3.15503      1.60279     -1.39592      1.90593
   -0.948358     0.896042     -1.65366     0.464934      1.30044     -3.82847     -3.15543       1.6031     -1.39633      1.90649
   -0.948358     0.899318     -1.66518         0.47      1.31833     -3.88252     -3.21298       1.6496     -1.46009      1.99384
   -0.948358      0.89779     -1.65981     0.467636      1.30998     -3.85729     -3.18612      1.62788     -1.43028        1.953
   -0.948358     0.898021     -1.66062     0.467993      1.31124     -3.86111     -3.19018      1.63117     -1.43478      1.95918
   -0.948358     0.897887     -1.66015     0.467786      1.31051      -3.8589     -3.18782      1.62927     -1.43218      1.95561
   -0.948358     0.896177     -1.65414     0.465146      1.30119     -3.83073     -3.15784      1.60507     -1.39904      1.91021
   -0.948358     0.896061     -1.65373     0.464966      1.30055     -3.82882     -3.15581      1.60343      -1.3968      1.90714
   -0.948358     0.897804     -1.65986     0.467658      1.31006     -3.85753     -3.18637      1.62809     -1.43056      1.95339
   -0.948358     0.899337     -1.66525     0.470029      1.31843     -3.88283     -3.21332      1.64987     -1.46047      1.99436
   -0.948358     0.899504     -1.66584     0.470288      1.31934     -3.88559     -3.21625      1.65225     -1.46372      1.99882
   -0.948358     0.898078     -1.66082     0.468081      1.31155     -3.86204     -3.19117      1.63196     -1.43587      1.96066
   -0.948358     0.897962     -1.66041     0.467901      1.31091      -3.8601      -3.1891      1.63027     -1.43351      1.95744
   -0.948358     0.898032     -1.66066      0.46801       1.3113     -3.86127     -3.19035      1.63129     -1.43493      1.95938
   -0.948358     0.896232     -1.65433     0.465227      1.30147     -3.83158     -3.15875      1.60576     -1.39993      1.91145
   -0.948358     0.896224     -1.65431     0.465217      1.30143     -3.83148     -3.15864      1.60569     -1.39985      1.91134
   -0.948358       0.8992     -1.66477     0.469816      1.31767     -3.88054     -3.21087      1.64786     -1.45765      1.99051
   -0.948358     0.897921     -1.66027     0.467838      1.31069     -3.85943     -3.18838      1.62968     -1.43268       1.9563
   -0.948358     0.897579     -1.65906     0.467305       1.3088     -3.85373     -3.18231      1.62474     -1.42585      1.94695
   -0.948358     0.897731      -1.6596     0.467542      1.30964     -3.85626     -3.18501      1.62694     -1.42888      1.95111
   -0.948358     0.896008     -1.65354     0.464878      1.30023     -3.82784     -3.15476       1.6025     -1.39539      1.90524
   -0.948358     0.896165      -1.6541     0.465123       1.3011     -3.83046     -3.15754      1.60477     -1.39852      1.90952
   -0.948358     0.897832     -1.65995     0.467698      1.31019     -3.85793     -3.18679      1.62838     -1.43088      1.95384
   -0.948358     0.899007     -1.66409     0.469516      1.31661     -3.87733     -3.20745      1.64508      -1.4538      1.98524
   -0.948358     0.898662     -1.66287      0.46898      1.31471      -3.8716     -3.20132       1.6401     -1.44688      1.97576
   -0.948358     0.897421      -1.6585     0.467059      1.30793      -3.8511      -3.1795      1.62246     -1.42268      1.94261
   -0.948358     0.894098     -1.64682     0.461926      1.28982     -3.79637     -3.12124      1.57547     -1.35845      1.85458
   -0.948358     0.893832     -1.64588     0.461513      1.28835     -3.79195     -3.11653      1.57164     -1.35317      1.84733
   -0.948358     0.895714      -1.6525     0.464422      1.29862     -3.82298     -3.14956       1.5983     -1.38964      1.89731
   -0.948358     0.894584     -1.64853     0.462677      1.29247     -3.80438     -3.12977      1.58236     -1.36787      1.86749
   -0.948358      0.89393     -1.64622     0.461662      1.28888     -3.79353      -3.1182      1.57296     -1.35492      1.84973
   -0.948358     0.895527     -1.65183     0.464128      1.29758     -3.81982     -3.14617      1.59552     -1.38575      1.89197
   -0.948358     0.894334     -1.64766     0.462296      1.29113     -3.80033     -3.12548      1.57894     -1.36327      1.86119
   -0.948358     0.894314     -1.64758     0.462263      1.29101     -3.79997     -3.12509       1.5786     -1.36278      1.86052
   -0.948358     0.895755     -1.65264     0.464486      1.29885     -3.82367     -3.15029       1.5989     -1.39049      1.89847
   -0.948358     0.896063     -1.65373     0.464966      1.30055      -3.8288     -3.15577      1.60337     -1.39667      1.90695
   -0.948358     0.894336     -1.64767     0.462301      1.29115     -3.80039     -3.12555      1.57901     -1.36341      1.86138
   -0.948358     0.894192     -1.64716     0.462081      1.29037     -3.79805     -3.12308      1.57705     -1.36077      1.85779
   -0.948358     0.894239     -1.64733     0.462153      1.29062     -3.79881     -3.12389      1.57769     -1.36163      1.85895
   -0.948358     0.896154     -1.65406     0.465109      1.30106     -3.83034     -3.15743      1.60473     -1.39857      1.90957
   -0.948358     0.894623     -1.64868     0.462747      1.29272     -3.80515     -3.13064      1.58314     -1.36908      1.86917
   -0.948358     0.896151     -1.65405     0.465105      1.30104     -3.83029     -3.15738      1.60469     -1.39853      1.90951
   -0.948358     0.896248     -1.65439     0.465254      1.30157     -3.83188     -3.15907      1.60605     -1.40037      1.91204
   -0.948358     0.894135     -1.64697     0.461994      1.29006     -3.79712      -3.1221      1.57626     -1.35968      1.85631
   -0.948358     0.894194     -1.64717     0.462083      1.29037     -3.79805     -3.12309      1.57703     -1.36067      1.85768
   -0.948358     0.894153     -1.64703     0.462021      1.29016      -3.7974      -3.1224      1.57649     -1.35996       1.8567
   -0.948358     0.896417     -1.65498     0.465513      1.30248     -3.83463     -3.16198      1.60837     -1.40348      1.91631
   -0.948358     0.894767     -1.64919     0.462966      1.29349     -3.80746     -3.13309      1.58507     -1.37162      1.87268
   -0.948358     0.893975     -1.64639     0.461735      1.28913     -3.79429     -3.11905      1.57366     -1.35586       1.8511
   -0.948358     0.895812     -1.65285     0.464571      1.29914     -3.82454     -3.15123      1.59961     -1.39133      1.89968
   -0.948358     0.894125     -1.64692      0.46197      1.28996     -3.79681     -3.12174      1.57586     -1.35893       1.8553
   -0.948358      0.89592     -1.65323     0.464741      1.29974     -3.82636     -3.15317       1.6012     -1.39357      1.90274
   -0.948358     0.897253     -1.65791     0.466799      1.30701     -3.84831     -3.17652      1.62003     -1.41931        1.938
   -0.948358     0.893811      -1.6458     0.461475      1.28821     -3.79152     -3.11605      1.57119     -1.35245      1.84635
   -0.948358     0.894126      -1.6469     0.461956       1.2899     -3.79662     -3.12145      1.57547     -1.35818      1.85418
   -0.948358     0.894779     -1.64918     0.462958      1.29343     -3.80728     -3.13276      1.58452      -1.3704      1.87093
   -0.948358     0.891436      -1.6374     0.457777      1.27511     -3.75193      -3.0738      1.53678     -1.30482      1.78109
   -0.948358     0.891468     -1.63751     0.457822      1.27526     -3.75239     -3.07427      1.53712     -1.30521      1.78164
   -0.948358     0.893741     -1.64551     0.461336      1.28768     -3.78989     -3.11418      1.56934     -1.34927        1.842
   -0.948358     0.891331     -1.63702      0.45761      1.27451     -3.75012     -3.07186      1.53516      -1.3025      1.77794
   -0.948358     0.893589     -1.64497       0.4611      1.28684     -3.78736     -3.11148      1.56713     -1.34621      1.83782
   -0.948358     0.894827     -1.64933     0.463016      1.29361     -3.80782     -3.13326      1.58475     -1.37037       1.8709
   -0.948358     0.897574     -1.65902     0.467284      1.30871     -3.85346     -3.18194      1.62429     -1.42497       1.9457
   -0.948358     0.898337     -1.66171     0.468467       1.3129      -3.8661     -3.19541      1.63521     -1.44002      1.96632
   -0.948358     0.898032     -1.66063     0.467993      1.31121     -3.86102     -3.18998      1.63079     -1.43389      1.95791
   -0.948358     0.898673      -1.6629     0.468989      1.31474     -3.87168     -3.20136      1.64006     -1.44672       1.9755
   -0.948358     0.898462     -1.66217     0.468669      1.31361     -3.86827     -3.19777       1.6372     -1.44288      1.97028
   -0.948358     0.899122     -1.66449     0.469689      1.31722     -3.87917     -3.20937      1.64659     -1.45576      1.98792
   -0.948358     0.894071     -1.64674     0.461889      1.28968     -3.79597     -3.12085      1.57518     -1.35806      1.85411
   -0.948358     0.894143     -1.64699     0.462002      1.29008     -3.79718     -3.12215      1.57625     -1.35957      1.85618
   -0.948358     0.896425     -1.65501     0.465525      1.30252     -3.83475     -3.16211      1.60847      -1.4036      1.91647
   -0.948358     0.899755     -1.66672     0.470673       1.3207     -3.88969     -3.22061      1.65573     -1.46844      2.00529
   -0.948358     0.900123     -1.66801     0.471242      1.32271     -3.89576     -3.22707      1.66095     -1.47559      2.01509
   -0.948358     0.900213     -1.66832     0.471379      1.32319     -3.89722     -3.22862      1.66219     -1.47728      2.01739
   -0.948358     0.900143     -1.66808     0.471271      1.32281     -3.89607     -3.22739      1.66119      -1.4759       2.0155
   -0.948358     0.899063     -1.66428     0.469602      1.31692     -3.87826     -3.20843      1.64589     -1.45492      1.98677
   -0.948358     0.899814     -1.66692     0.470764      1.32102     -3.89066     -3.22165      1.65658     -1.46961      2.00689
   -0.948358     0.900173     -1.66819      0.47132      1.32299     -3.89659     -3.22796      1.66167      -1.4766      2.01647
   -0.948358     0.900354     -1.66882       0.4716      1.32398     -3.89958     -3.23114      1.66425     -1.48014      2.02131
   -0.948358     0.900274     -1.66854     0.471475      1.32353     -3.89824     -3.22971      1.66308     -1.47851      2.01908
   -0.948358     0.899123      -1.6645     0.469696      1.31725     -3.87926      -3.2095      1.64675     -1.45611       1.9884
   -0.948358     0.897842     -1.65999     0.467714      1.31025     -3.85811     -3.18697      1.62854      -1.4311      1.95414
   -0.948358     0.896548     -1.65544     0.465714      1.30319     -3.83677     -3.16427       1.6102     -1.40598      1.91974
   -0.948358     0.897867     -1.66008     0.467754      1.31039     -3.85853     -3.18742       1.6289      -1.4316      1.95483
   -0.948358     0.900094     -1.66791     0.471201      1.32257     -3.89534     -3.22664      1.66065     -1.47527      2.01463
   -0.948358     0.900468     -1.66923     0.471778      1.32461      -3.9015     -3.23319      1.66594     -1.48253      2.02457
   -0.948358     0.900552     -1.66952     0.471907      1.32506     -3.90287     -3.23465       1.6671      -1.4841      2.02672
   -0.948358     0.900568     -1.66958     0.471932      1.32515     -3.90313     -3.23493      1.66734     -1.48443      2.02718
   -0.948358     0.899292     -1.66509      0.46996      1.31819      -3.8821     -3.21253      1.64924      -1.4596      1.99316
   -0.948358     0.900088     -1.66789     0.471191      1.32254     -3.89524     -3.22653      1.66056     -1.47515      2.01446
   -0.948358      0.90046      -1.6692     0.471766      1.32457     -3.90137     -3.23306      1.66583     -1.48238      2.02437
   -0.948358     0.900516     -1.66939     0.471851      1.32487     -3.90227     -3.23401      1.66659      -1.4834      2.02576
   -0.948358     0.900538     -1.66947     0.471885      1.32498     -3.90263     -3.23439      1.66689     -1.48381      2.02633
   -0.948358     0.899289     -1.66508     0.469955      1.31817     -3.88204     -3.21247      1.64919     -1.45953      1.99307
   -0.948358     0.897744     -1.65965     0.467565      1.30973     -3.85654     -3.18531      1.62723     -1.42939      1.95179
   -0.948358     0.896256     -1.65442     0.465267      1.30162     -3.83202     -3.15922      1.60617     -1.40055      1.91228
   -0.948358     0.897742     -1.65964     0.467562      1.30972      -3.8565     -3.18527       1.6272     -1.42935      1.95173
   -0.948358     0.899095     -1.66439     0.469648      1.31708     -3.87874     -3.20892      1.64624     -1.45534      1.98732
   -0.948358     0.899566     -1.66605     0.470376      1.31965     -3.88651     -3.21719      1.65292      -1.4645      1.99986
   -0.948358     0.899725      -1.6666     0.470622      1.32051     -3.88912     -3.21997      1.65515     -1.46755      2.00404
   -0.948358     0.899835     -1.66699     0.470793      1.32112     -3.89095     -3.22193      1.65675     -1.46977      2.00708
   -0.948358     0.898263     -1.66146     0.468361      1.31253     -3.86501     -3.19429      1.63442     -1.43912       1.9651
   -0.948358     0.899074     -1.66431     0.469615      1.31696     -3.87839     -3.20854      1.64593     -1.45491      1.98673
   -0.948358     0.899538     -1.66595     0.470333      1.31949     -3.88604     -3.21669      1.65251     -1.46394      1.99909
   -0.948358      0.89957     -1.66606      0.47038      1.31966     -3.88654     -3.21722      1.65292     -1.46447      1.99982
   -0.948358     0.899668      -1.6664     0.470532       1.3202     -3.88817     -3.21895      1.65433      -1.4664      2.00247
   -0.948358     0.898247     -1.66141     0.468337      1.31245     -3.86474     -3.19401      1.63419     -1.43881      1.96466
   -0.948358     0.897001     -1.65702      0.46641      1.30564     -3.84419     -3.17213      1.61652     -1.41458      1.93147
   -0.948358     0.895804     -1.65282     0.464561      1.29912     -3.82447     -3.15114      1.59958     -1.39141      1.89973
   -0.948358     0.896993       -1.657     0.466397       1.3056     -3.84405     -3.17198      1.61639     -1.41441      1.93124
   -0.948358     0.896233     -1.65428     0.465196      1.30131      -3.8311     -3.15806      1.60483     -1.39797      1.90871
   -0.948358      0.89565     -1.65223     0.464292      1.29812     -3.82144     -3.14778       1.5965     -1.38652      1.89302
   -0.948358     0.896717     -1.65599     0.465945      1.30396     -3.83911      -3.1666      1.61174     -1.40748      1.92174
   -0.948358     0.896487     -1.65518     0.465591      1.30271     -3.83533     -3.16258       1.6085     -1.40307      1.91569
   -0.948358      0.89951     -1.66585     0.470288      1.31933     -3.88555     -3.21617      1.65207     -1.46328      1.99822
   -0.948358      0.89958     -1.66609     0.470397      1.31972     -3.88671      -3.2174      1.65307     -1.46464      2.00009
   -0.948358     0.899636     -1.66629     0.470483      1.32002     -3.88764     -3.21839      1.65386     -1.46573      2.00157
   -0.948358     0.899429     -1.66556     0.470162      1.31888     -3.88419     -3.21472      1.65087     -1.46159       1.9959
   -0.948358     0.899394     -1.66544     0.470109       1.3187     -3.88364     -3.21414      1.65043     -1.46103      1.99515
   -0.948358     0.899687     -1.66647     0.470564      1.32031      -3.8885     -3.21932      1.65463     -1.46682      2.00307
   -0.948358     0.899717     -1.66658      0.47061      1.32047     -3.88899     -3.21983      1.65504     -1.46738      2.00383
   -0.948358     0.899867     -1.66711     0.470842      1.32129     -3.89147     -3.22249       1.6572     -1.47036      2.00792
   -0.948358     0.899733     -1.66663     0.470633      1.32055     -3.88924      -3.2201      1.65525     -1.46765      2.00421
   -0.948358     0.900002     -1.66758     0.471052      1.32204     -3.89372     -3.22488      1.65915     -1.47306      2.01161
   -0.948358     0.899839     -1.66701     0.470798      1.32113       -3.891     -3.22197      1.65678     -1.46976       2.0071
   -0.948358     0.900104     -1.66794      0.47121      1.32259      -3.8954     -3.22667       1.6606     -1.47506      2.01435
   -0.948358     0.900142     -1.66807     0.471268       1.3228     -3.89602     -3.22733      1.66113     -1.47577      2.01533
   -0.948358     0.900034     -1.66769     0.471101       1.3222     -3.89423     -3.22543      1.65958     -1.47363      2.01239
   -0.948358     0.899948     -1.66739     0.470967      1.32173      -3.8928      -3.2239      1.65835     -1.47193      2.01007
   -0.948358     0.900236      -1.6684     0.471414      1.32331     -3.89758       -3.229      1.66248     -1.47765       2.0179
   -0.948358     0.900386     -1.66893     0.471648      1.32414     -3.90009     -3.23168      1.66468     -1.48071       2.0221
   -0.948358     0.900249     -1.66845     0.471434      1.32338     -3.89779     -3.22922      1.66266     -1.47788      2.01821
   -0.948358     0.900071     -1.66782     0.471157       1.3224     -3.89483     -3.22606      1.66008     -1.47431      2.01332
   -0.948358     0.900496     -1.66932      0.47182      1.32475     -3.90194     -3.23366      1.66629     -1.48297      2.02518
   -0.948358     0.900572     -1.66959     0.471939      1.32518     -3.90321     -3.23502       1.6674     -1.48451       2.0273
   -0.948358      0.90053     -1.66944     0.471872      1.32494     -3.90249     -3.23424      1.66676      -1.4836      2.02605
   -0.948358     0.900428     -1.66908     0.471713      1.32437     -3.90078     -3.23241      1.66527     -1.48152      2.02319
   -0.948358     0.900592     -1.66966      0.47197      1.32529     -3.90355     -3.23538       1.6677     -1.48495      2.02789
   -0.948358     0.900619     -1.66976     0.472012      1.32543     -3.90399     -3.23585      1.66808     -1.48546      2.02859
   -0.948358      0.90064     -1.66983     0.472043      1.32555     -3.90433     -3.23621      1.66837     -1.48586      2.02914
   -0.948358     0.900628     -1.66979     0.472025      1.32548     -3.90413       -3.236       1.6682     -1.48561      2.02879
   -0.948358     0.900592     -1.66966      0.47197      1.32528     -3.90353     -3.23536      1.66768     -1.48488       2.0278
   -0.948358     0.900625     -1.66978     0.472021      1.32546     -3.90408     -3.23594      1.66815     -1.48555      2.02872
   -0.948358     0.900646     -1.66985     0.472053      1.32558     -3.90442     -3.23631      1.66845     -1.48595      2.02926
   -0.948358      0.90059     -1.66965     0.471966      1.32527     -3.90349     -3.23531      1.66763     -1.48482      2.02771
   -0.948358     0.900522     -1.66941     0.471859      1.32489     -3.90235     -3.23409      1.66663     -1.48341      2.02578
   -0.948358     0.900574      -1.6696      0.47194      1.32518     -3.90321     -3.23501      1.66738     -1.48446      2.02721
   -0.948358     0.900629     -1.66979     0.472026      1.32548     -3.90413     -3.23599      1.66819     -1.48559      2.02876
   -0.948358     0.900505     -1.66935     0.471832       1.3248     -3.90207     -3.23378      1.66638     -1.48307      2.02532
   -0.948358     0.900499     -1.66933     0.471824      1.32477     -3.90197     -3.23369      1.66632       -1.483      2.02522
   -0.948358     0.900405       -1.669     0.471676      1.32424     -3.90039     -3.23199      1.66491     -1.48102       2.0225
   -0.948358     0.900455     -1.66917     0.471753      1.32452     -3.90121     -3.23287      1.66563       -1.482      2.02385
   -0.948358     0.900463     -1.66921     0.471769      1.32457     -3.90139     -3.23307      1.66582     -1.48232      2.02428
   -0.948358       0.9004     -1.66899     0.471671      1.32423     -3.90035     -3.23196      1.66492     -1.48109      2.02259
   -0.948358     0.900441     -1.66913     0.471734      1.32445     -3.90102     -3.23267      1.66549     -1.48186      2.02365
   -0.948358     0.900461      -1.6692     0.471764      1.32455     -3.90133       -3.233      1.66575      -1.4822      2.02412
   -0.948358     0.900302     -1.66864      0.47152      1.32369     -3.89873     -3.23024      1.66352     -1.47917      2.01996
   -0.948358     0.900335     -1.66876      0.47157      1.32387     -3.89927     -3.23081      1.66398     -1.47979      2.02082
   -0.948358      0.90025     -1.66846     0.471439      1.32341     -3.89786      -3.2293      1.66276     -1.47809      2.01848
   -0.948358     0.900354     -1.66882     0.471599      1.32397     -3.89958     -3.23113      1.66424     -1.48014       2.0213
   -0.948358     0.900394     -1.66896     0.471661      1.32419     -3.90024     -3.23184      1.66482     -1.48093      2.02238
   -0.948358     0.900093      -1.6679     0.471194      1.32254     -3.89524      -3.2265      1.66047     -1.47491      2.01412
   -0.948358     0.900296     -1.66862     0.471509      1.32365     -3.89861      -3.2301       1.6634     -1.47897      2.01969
   -0.948358     0.899915     -1.66727     0.470915      1.32155     -3.89226     -3.22331      1.65787     -1.47129      2.00916
   -0.948358     0.899747     -1.66668     0.470653      1.32062     -3.88945     -3.22031      1.65541     -1.46786      2.00447
   -0.948358     0.899969     -1.66746     0.470999      1.32185     -3.89315     -3.22426      1.65863     -1.47233      2.01059
   -0.948358     0.900157     -1.66812     0.471291      1.32288     -3.89628     -3.22761      1.66137     -1.47614      2.01581
   -0.948358     0.899662     -1.66638     0.470521      1.32015     -3.88803      -3.2188      1.65418     -1.46616      2.00214
   -0.948358     0.899539     -1.66595     0.470331      1.31949     -3.88601     -3.21665      1.65245     -1.46379      1.99888
   -0.948358     0.899514     -1.66585      0.47029      1.31934     -3.88556     -3.21616      1.65202     -1.46315      1.99801
   -0.948358     0.899709     -1.66654     0.470593      1.32041      -3.8888     -3.21961      1.65483     -1.46703      2.00333
   -0.948358     0.899415     -1.66551     0.470139      1.31881     -3.88396     -3.21446      1.65067     -1.46134      1.99554
   -0.948358     0.899306     -1.66513     0.469971      1.31821     -3.88216     -3.21254      1.64912      -1.4592       1.9926
   -0.948358     0.899369     -1.66535     0.470068      1.31855     -3.88319     -3.21364         1.65      -1.4604      1.99425
   -0.948358     0.899469      -1.6657     0.470222       1.3191     -3.88484      -3.2154      1.65142     -1.46235      1.99692
   -0.948358     0.899105     -1.66442     0.469659      1.31711     -3.87883     -3.20899      1.64624     -1.45524      1.98717
   -0.948358     0.899172     -1.66465     0.469762      1.31747     -3.87993     -3.21016      1.64719     -1.45653      1.98894
   -0.948358     0.898897     -1.66368     0.469336      1.31597     -3.87537      -3.2053      1.64324     -1.45109      1.98148
   -0.948358     0.899003     -1.66406       0.4695      1.31655     -3.87713     -3.20717      1.64475     -1.45316      1.98432
   -0.948358     0.899217     -1.66481     0.469832      1.31772     -3.88067     -3.21095      1.64782     -1.45739      1.99012
   -0.948358     0.899306     -1.66513      0.46997      1.31821     -3.88216     -3.21253       1.6491     -1.45916      1.99255
   -0.948358     0.898657     -1.66284     0.468963      1.31465     -3.87139     -3.20105      1.63978     -1.44631      1.97493
   -0.948358     0.898793     -1.66332     0.469173      1.31539     -3.87363     -3.20344      1.64172     -1.44896      1.97857
   -0.948358     0.899091     -1.66436     0.469635      1.31702     -3.87857      -3.2087      1.64599     -1.45486      1.98665
   -0.948358     0.897245     -1.65786     0.466768      1.30688     -3.84792       -3.176      1.61941     -1.41813      1.93633
   -0.948358      0.89829     -1.66154     0.468391      1.31262     -3.86526     -3.19451      1.63445     -1.43891      1.96479
   -0.948358     0.896949     -1.65681     0.466307      1.30524     -3.84297     -3.17072      1.61511     -1.41214      1.92813
   -0.948358     0.898475     -1.66219     0.468678      1.31363     -3.86833     -3.19778       1.6371     -1.44254      1.96977
   -0.948358     0.898906     -1.66371     0.469347        1.316     -3.87549     -3.20542      1.64332     -1.45115      1.98157
   -0.948358     0.898951     -1.66388     0.469419      1.31625     -3.87625     -3.20624      1.64398     -1.45206      1.98285
   -0.948358     0.897533     -1.65887     0.467215      1.30846     -3.85268     -3.18108      1.62353     -1.42379      1.94408
   -0.948358     0.900269     -1.66852     0.471464      1.32349     -3.89811     -3.22955      1.66291     -1.47821      2.01866
   -0.948358     0.900444     -1.66914     0.471736      1.32445     -3.90103     -3.23267      1.66546     -1.48175      2.02351
   -0.948358     0.900283     -1.66857     0.471484      1.32356     -3.89833     -3.22979       1.6631     -1.47847      2.01901
   -0.948358     0.900568     -1.66958      0.47193      1.32514     -3.90311     -3.23489      1.66728      -1.4843      2.02699
   -0.948358     0.900281     -1.66856     0.471483      1.32356     -3.89831     -3.22977      1.66309     -1.47846        2.019
   -0.948358     0.900055     -1.66776     0.471129       1.3223     -3.89453     -3.22572      1.65979     -1.47387       2.0127
   -0.948358     0.899926     -1.66731     0.470929      1.32159     -3.89238     -3.22343      1.65791     -1.47126      2.00914
   -0.948358     0.899914     -1.66726     0.470911      1.32153     -3.89219     -3.22322      1.65775     -1.47103      2.00883
   -0.948358     0.899393     -1.66543     0.470104      1.31868     -3.88357     -3.21404       1.6503     -1.46076      1.99476
   -0.948358     0.899758     -1.66672     0.470671      1.32068     -3.88963     -3.22051      1.65556     -1.46804      2.00474
   -0.948358     0.899581     -1.66609     0.470395       1.3197     -3.88667     -3.21735      1.65299     -1.46448      1.99985
   -0.948358      0.89983     -1.66697     0.470784      1.32108     -3.89084      -3.2218      1.65663     -1.46953      2.00678
   -0.948358     0.899857     -1.66707     0.470823      1.32122     -3.89126     -3.22224      1.65696     -1.46997      2.00738
   -0.948358     0.899643     -1.66631      0.47049      1.32004     -3.88769     -3.21843      1.65386     -1.46567      2.00148
   -0.948358     0.899408     -1.66548     0.470126      1.31875     -3.88379     -3.21427      1.65048     -1.46098      1.99506
   -0.948358     0.899175     -1.66466     0.469765      1.31747     -3.87994     -3.21016      1.64714     -1.45637      1.98875
   -0.948358     0.900107     -1.66795     0.471212       1.3226     -3.89542     -3.22668      1.66058     -1.47499      2.01423
   -0.948358     0.899977     -1.66749      0.47101      1.32188     -3.89326     -3.22438      1.65871     -1.47241       2.0107
   -0.948358     0.899966     -1.66745     0.470993      1.32182     -3.89307     -3.22417      1.65854     -1.47216      2.01036
   -0.948358     0.900142     -1.66807     0.471267       1.3228     -3.89602     -3.22733      1.66112     -1.47577      2.01531
   -0.948358     0.899604     -1.66617     0.470429      1.31983     -3.88704     -3.21773      1.65329     -1.46489       2.0004
   -0.948358     0.899613      -1.6662     0.470444      1.31988      -3.8872      -3.2179      1.65342     -1.46506      2.00063
   -0.948358     0.899701     -1.66651      0.47058      1.32036     -3.88866     -3.21945      1.65468      -1.4668      2.00302
   -0.948358     0.899863     -1.66709     0.470832      1.32125     -3.89135     -3.22233      1.65703     -1.47004      2.00746
   -0.948358     0.898885     -1.66363     0.469312      1.31587      -3.8751     -3.20498      1.64292     -1.45054      1.98074
   -0.948358     0.898336      -1.6617      0.46846      1.31286     -3.86599     -3.19527      1.63504     -1.43967      1.96584
   -0.948358     0.898509     -1.66231     0.468728      1.31381     -3.86885     -3.19832      1.63751     -1.44306      1.97049
   -0.948358     0.898807     -1.66336     0.469193      1.31545     -3.87383     -3.20364      1.64185      -1.4491      1.97877
   -0.948358     0.897321     -1.65812     0.466884      1.30729     -3.84915     -3.17731      1.62045     -1.41952      1.93823
   -0.948358     0.897709     -1.65949     0.467485      1.30941     -3.85556     -3.18414      1.62599     -1.42713      1.94867
   -0.948358     0.898151     -1.66104      0.46817      1.31183     -3.86289     -3.19196      1.63233     -1.43588      1.96065
   -0.948358     0.898626     -1.66272     0.468908      1.31444     -3.87078     -3.20037      1.63916     -1.44532      1.97359
   -0.948358     0.897883      -1.6601     0.467755      1.31036     -3.85843     -3.18721      1.62846     -1.43052      1.95332
   -0.948358     0.897823     -1.65989      0.46766      1.31003     -3.85742     -3.18612      1.62757     -1.42928      1.95162
   -0.948358     0.898254     -1.66141      0.46833       1.3124     -3.86458     -3.19376      1.63378     -1.43785      1.96336
   -0.948358     0.896958     -1.65684     0.466319      1.30528     -3.84309     -3.17084      1.61518      -1.4122      1.92822
   -0.948358     0.896815     -1.65633     0.466096       1.3045     -3.84072     -3.16831      1.61313     -1.40938      1.92435
   -0.948358      0.89756     -1.65896     0.467253      1.30859     -3.85307     -3.18149      1.62382     -1.42412      1.94454
   -0.948358     0.897473     -1.65865     0.467118      1.30811     -3.85163     -3.17995      1.62257     -1.42241       1.9422
   -0.948358     0.897394     -1.65838     0.466997      1.30768     -3.85034     -3.17857      1.62146     -1.42088      1.94011
   -0.948358     0.898099     -1.66086      0.46809      1.31155     -3.86202     -3.19103      1.63157     -1.43482       1.9592
   -0.948358     0.898058     -1.66072     0.468027      1.31132     -3.86135     -3.19031      1.63099     -1.43402      1.95811
   -0.948358     0.898582     -1.66256      0.46884       1.3142     -3.87004     -3.19959      1.63852     -1.44442      1.97235
   -0.948358     0.898582     -1.66256      0.46884       1.3142     -3.87004     -3.19959      1.63852     -1.44443      1.97237
   -0.948358     0.898598     -1.66262     0.468865      1.31429     -3.87031     -3.19987      1.63875     -1.44475      1.97281
   -0.948358     0.898076     -1.66078     0.468054      1.31142     -3.86164     -3.19063      1.63124     -1.43438       1.9586
   -0.948358     0.898697     -1.66297     0.469018      1.31483     -3.87194     -3.20161      1.64016     -1.44666      1.97543
   -0.948358     0.898973     -1.66394     0.469448      1.31635     -3.87654     -3.20652      1.64416     -1.45222      1.98304
   -0.948358     0.899003     -1.66405     0.469495      1.31652     -3.87704     -3.20706       1.6446     -1.45283      1.98387
   -0.948358     0.899293     -1.66507     0.469945      1.31811     -3.88186      -3.2122      1.64877     -1.45861      1.99179
   -0.948358     0.899338     -1.66523     0.470014      1.31836      -3.8826     -3.21299      1.64942     -1.45951      1.99303
   -0.948358     0.899419     -1.66552     0.470141      1.31881     -3.88396     -3.21444       1.6506     -1.46115      1.99527
   -0.948358     0.899085     -1.66434     0.469622      1.31697     -3.87841     -3.20852      1.64579     -1.45448      1.98614
   -0.948358     0.899065     -1.66427     0.469589      1.31685     -3.87805     -3.20812      1.64545     -1.45399      1.98547
   -0.948358     0.899513     -1.66585     0.470287      1.31932     -3.88552      -3.2161      1.65195       -1.463      1.99782
   -0.948358     0.899575     -1.66607     0.470383      1.31966     -3.88654      -3.2172      1.65284     -1.46424      1.99951
   -0.948358     0.899644     -1.66631      0.47049      1.32004     -3.88768     -3.21841      1.65383      -1.4656      2.00138
   -0.948358     0.899719     -1.66657     0.470607      1.32045     -3.88894     -3.21975      1.65492     -1.46711      2.00345
   -0.948358     0.899789     -1.66682     0.470716      1.32084     -3.89011       -3.221      1.65594     -1.46853      2.00538
   -0.948358     0.899642      -1.6663     0.470487      1.32003     -3.88766     -3.21839      1.65381     -1.46559      2.00136
   -0.948358     0.899238     -1.66488     0.469858       1.3178     -3.88092      -3.2112      1.64795     -1.45745      1.99021
   -0.948358     0.899717     -1.66657     0.470603      1.32044     -3.88889     -3.21971      1.65488     -1.46705      2.00337
   -0.948358     0.899796     -1.66685     0.470727      1.32088     -3.89022     -3.22113      1.65604     -1.46866      2.00557
   -0.948358     0.899709     -1.66654     0.470592       1.3204     -3.88877     -3.21958      1.65478     -1.46691      2.00318
   -0.948358     0.899787     -1.66682     0.470713      1.32083     -3.89007     -3.22097      1.65591     -1.46848      2.00533
   -0.948358      0.89985     -1.66704     0.470811      1.32117     -3.89112     -3.22208      1.65682     -1.46974      2.00706
   -0.948358     0.899862     -1.66708     0.470829      1.32124     -3.89131     -3.22229      1.65698     -1.46997      2.00736
   -0.948358     0.899239     -1.66488      0.46986      1.31781     -3.88095     -3.21122      1.64798     -1.45749      1.99027
   -0.948358     0.899614     -1.66621     0.470444      1.31988     -3.88719     -3.21789      1.65341     -1.46502       2.0006
   -0.948358     0.899684     -1.66645     0.470552      1.32026     -3.88836     -3.21914      1.65442     -1.46643      2.00252
   -0.948358      0.89946     -1.66566     0.470205      1.31903     -3.88464     -3.21517       1.6512     -1.46196       1.9964
   -0.948358     0.899521     -1.66588     0.470299      1.31937     -3.88565     -3.21625      1.65208     -1.46318      1.99808
   -0.948358      0.89965     -1.66633       0.4705      1.32008      -3.8878     -3.21854      1.65395     -1.46578      2.00163
   -0.948358      0.89981      -1.6669     0.470749      1.32096     -3.89046     -3.22138      1.65625     -1.46897        2.006
   -0.948358     0.899046      -1.6642     0.469561      1.31675     -3.87775     -3.20781      1.64521     -1.45366      1.98503
   -0.948358     0.899266     -1.66498     0.469904      1.31797     -3.88142     -3.21174      1.64841     -1.45812      1.99114
   -0.948358     0.899315     -1.66515     0.469981      1.31824     -3.88225     -3.21262      1.64913     -1.45911       1.9925
   -0.948358     0.899035     -1.66417     0.469546       1.3167     -3.87759     -3.20766       1.6451     -1.45355      1.98488
   -0.948358     0.899064     -1.66427     0.469591      1.31686     -3.87807     -3.20817      1.64552     -1.45413      1.98568
   -0.948358     0.899107     -1.66442     0.469658       1.3171     -3.87879     -3.20894      1.64615       -1.455      1.98687
   -0.948358     0.899358     -1.66531     0.470048      1.31848     -3.88296     -3.21338      1.64975     -1.45998      1.99369
   -0.948358      0.89875     -1.66316     0.469102      1.31513     -3.87284     -3.20258      1.64095     -1.44778      1.97698
   -0.948358     0.898706     -1.66301     0.469036       1.3149     -3.87214     -3.20185      1.64038     -1.44703      1.97596
   -0.948358     0.898711     -1.66303     0.469044      1.31492     -3.87223     -3.20194      1.64046     -1.44715      1.97612
   -0.948358     0.898268     -1.66146     0.468355      1.31249     -3.86486     -3.19408      1.63408     -1.43832      1.96402
   -0.948358     0.898243     -1.66138     0.468317      1.31235     -3.86446     -3.19365      1.63373     -1.43785      1.96338
   -0.948358     0.898201     -1.66123     0.468253      1.31213     -3.86377     -3.19293      1.63315     -1.43706      1.96229
   -0.948358     0.898675      -1.6629     0.468988      1.31473     -3.87164     -3.20131      1.63996     -1.44646      1.97518
   -0.948358     0.898317     -1.66163     0.468429      1.31275     -3.86564      -3.1949      1.63472     -1.43916      1.96517
   -0.948358     0.897748     -1.65963     0.467548      1.30963     -3.85624     -3.18488      1.62661     -1.42801       1.9499
   -0.948358     0.897681      -1.6594     0.467445      1.30927     -3.85514     -3.18372      1.62567     -1.42672      1.94813
   -0.948358      0.89712     -1.65742     0.466573      1.30619     -3.84582     -3.17378      1.61759     -1.41557      1.93286
   -0.948358     0.896999     -1.65699     0.466386      1.30552     -3.84382     -3.17164      1.61587     -1.41321      1.92962
   -0.948358     0.897658     -1.65932      0.46741      1.30914     -3.85476     -3.18332      1.62535     -1.42628      1.94754
   -0.948358     0.900442     -1.66913     0.471734      1.32445     -3.90101     -3.23266      1.66546     -1.48179      2.02357
   -0.948358     0.900282     -1.66857     0.471485      1.32356     -3.89834      -3.2298      1.66313     -1.47853       2.0191
   -0.948358     0.900535     -1.66946     0.471879      1.32496     -3.90257     -3.23432      1.66683     -1.48369      2.02617
   -0.948358     0.900495     -1.66932     0.471816      1.32474     -3.90189     -3.23359      1.66622     -1.48283      2.02499
   -0.948358     0.900355     -1.66882     0.471597      1.32396     -3.89954     -3.23108      1.66417     -1.47996      2.02106
   -0.948358     0.900122       -1.668     0.471235      1.32268     -3.89566     -3.22694      1.66079     -1.47527      2.01463
   -0.948358      0.90007     -1.66782     0.471154      1.32239      -3.8948     -3.22602      1.66004     -1.47423      2.01321
   -0.948358     0.899977     -1.66749     0.471009      1.32188     -3.89325     -3.22436      1.65868     -1.47233       2.0106
   -0.948358     0.899918     -1.66728     0.470918      1.32156     -3.89227     -3.22331      1.65783     -1.47115      2.00899
   -0.948358     0.899977     -1.66749      0.47101      1.32188     -3.89325     -3.22437      1.65869     -1.47236      2.01065
   -0.948358     0.900007     -1.66759     0.471055      1.32204     -3.89373     -3.22487      1.65909      -1.4729      2.01138
   -0.948358      0.90026     -1.66849      0.47145      1.32344     -3.89796     -3.22939      1.66278     -1.47804      2.01842
   -0.948358     0.900219     -1.66834     0.471386      1.32321     -3.89727     -3.22866      1.66218     -1.47721      2.01728
   -0.948358     0.899942     -1.66736     0.470954      1.32168     -3.89266     -3.22372      1.65816      -1.4716       2.0096
   -0.948358     0.900459     -1.66919      0.47176      1.32454     -3.90128     -3.23294      1.66569     -1.48208      2.02396
   -0.948358     0.900573     -1.66959     0.471939      1.32517      -3.9032     -3.23499      1.66737     -1.48443      2.02718
   -0.948358     0.900627     -1.66978     0.472022      1.32547     -3.90409     -3.23595      1.66815     -1.48553      2.02869
   -0.948358     0.900644     -1.66985      0.47205      1.32557      -3.9044     -3.23628      1.66842     -1.48591      2.02921
   -0.948358     0.900604      -1.6697     0.471987      1.32534     -3.90372     -3.23555      1.66782     -1.48505      2.02803
   -0.948358     0.900628     -1.66979     0.472026      1.32548     -3.90413       -3.236      1.66819      -1.4856      2.02878
   -0.948358     0.900594     -1.66967     0.471972      1.32529     -3.90356     -3.23539       1.6677     -1.48491      2.02784
   -0.948358     0.900585     -1.66963     0.471956      1.32523     -3.90339      -3.2352      1.66753     -1.48466      2.02749
   -0.948358     0.899442     -1.66561     0.470181      1.31895      -3.8844     -3.21493      1.65105     -1.46182      1.99622
   -0.948358     0.898999     -1.66404     0.469493      1.31652     -3.87704     -3.20708      1.64467       -1.453      1.98414
   -0.948358     0.899638      -1.6663     0.470486      1.32003     -3.88766     -3.21842      1.65388     -1.46575      2.00161
   -0.948358       0.8995     -1.66581     0.470271      1.31927     -3.88536     -3.21596      1.65188     -1.46296      1.99778
   -0.948358     0.899308     -1.66513     0.469971      1.31821     -3.88215     -3.21253      1.64909     -1.45909      1.99248
   -0.948358      0.89888     -1.66363     0.469308      1.31586     -3.87506     -3.20497      1.64295     -1.45061      1.98086
   -0.948358     0.898811     -1.66338       0.4692      1.31548     -3.87391     -3.20374      1.64194     -1.44923      1.97897
   -0.948358     0.898994     -1.66403     0.469484      1.31648     -3.87694     -3.20697      1.64456     -1.45282      1.98389
   -0.948358     0.898918     -1.66375     0.469365      1.31606     -3.87567     -3.20561      1.64345     -1.45129      1.98179
   -0.948358      0.89965     -1.66633     0.470501      1.32008     -3.88781     -3.21855      1.65396     -1.46579      2.00166
   -0.948358     0.899935     -1.66734     0.470945      1.32165     -3.89256     -3.22363       1.6581     -1.47154      2.00952
   -0.948358     0.899986     -1.66752     0.471024      1.32193     -3.89341     -3.22454      1.65885     -1.47259      2.01097
   -0.948358     0.899997     -1.66756     0.471044        1.322     -3.89362     -3.22478      1.65905     -1.47289      2.01138
   -0.948358     0.899931     -1.66733     0.470941      1.32164     -3.89252      -3.2236       1.6581     -1.47159       2.0096
   -0.948358     0.899829     -1.66697     0.470782      1.32108     -3.89083     -3.22179      1.65663     -1.46955      2.00681
   -0.948358     0.899744     -1.66667      0.47065      1.32061     -3.88941     -3.22028      1.65539     -1.46783      2.00445
   -0.948358      0.89973     -1.66662     0.470628      1.32053     -3.88918     -3.22004       1.6552     -1.46758      2.00411
   -0.948358     0.900444     -1.66914     0.471738      1.32446     -3.90106     -3.23271      1.66551     -1.48187      2.02366
   -0.948358     0.900383     -1.66892     0.471642      1.32412     -3.90003      -3.2316       1.6646     -1.48058       2.0219
   -0.948358     0.900433      -1.6691     0.471721       1.3244     -3.90088     -3.23252      1.66536     -1.48168       2.0234
   -0.948358      0.90035     -1.66881     0.471592      1.32395     -3.89949     -3.23104      1.66414     -1.47997      2.02106
   -0.948358     0.900256     -1.66847     0.471444      1.32342      -3.8979     -3.22933      1.66274       -1.478      2.01837
   -0.948358     0.900247     -1.66844     0.471429      1.32337     -3.89774     -3.22916       1.6626     -1.47779      2.01807
   -0.948358     0.900253     -1.66846     0.471439       1.3234     -3.89784     -3.22927      1.66268      -1.4779      2.01823
   -0.948358     0.900052     -1.66775     0.471126      1.32229     -3.89449     -3.22569      1.65976     -1.47384      2.01267
   -0.948358     0.900038      -1.6677     0.471104      1.32221     -3.89426     -3.22544      1.65956     -1.47356      2.01228
   -0.948358     0.899975     -1.66748     0.471006      1.32187     -3.89321     -3.22431      1.65864     -1.47228      2.01052
   -0.948358     0.899827     -1.66695     0.470775      1.32105     -3.89073     -3.22167      1.65649      -1.4693      2.00644
   -0.948358     0.899645     -1.66631     0.470492      1.32005     -3.88771     -3.21844      1.65386     -1.46566      2.00145
   -0.948358     0.899826     -1.66695     0.470773      1.32104     -3.89072     -3.22166      1.65647     -1.46927      2.00641
   -0.948358     0.899549     -1.66598     0.470343      1.31952     -3.88612     -3.21675      1.65249     -1.46376      1.99885
   -0.948358     0.899542     -1.66595     0.470334      1.31949     -3.88602     -3.21664      1.65241     -1.46366      1.99871
   -0.948358     0.899422     -1.66553     0.470147      1.31883     -3.88402     -3.21451      1.65066     -1.46124       1.9954
   -0.948358     0.899753      -1.6667     0.470661      1.32065     -3.88953     -3.22039      1.65546     -1.46791      2.00454
   -0.948358     0.899995     -1.66755     0.471039      1.32199     -3.89357     -3.22472        1.659     -1.47284      2.01128
   -0.948358     0.900166     -1.66816     0.471306      1.32293     -3.89643     -3.22777      1.66149     -1.47631      2.01605
   -0.948358     0.900298     -1.66862     0.471512      1.32366     -3.89864     -3.23013      1.66342       -1.479      2.01973
   -0.948358     0.900282     -1.66857     0.471486      1.32357     -3.89836     -3.22983      1.66316     -1.47862      2.01921
   -0.948358     0.900355     -1.66883     0.471601      1.32398     -3.89959     -3.23115      1.66425     -1.48015      2.02131
   -0.948358     0.900391     -1.66895     0.471656      1.32418     -3.90019     -3.23178      1.66477     -1.48086      2.02229
   -0.948358     0.900336     -1.66876     0.471569      1.32387     -3.89925     -3.23078      1.66394      -1.4797      2.02069
   -0.948358     0.899435     -1.66558     0.470169      1.31891     -3.88428     -3.21479      1.65092     -1.46166      1.99597
   -0.948358     0.899457     -1.66565     0.470202      1.31902     -3.88462     -3.21515       1.6512     -1.46202      1.99646
   -0.948358     0.899361     -1.66532     0.470054      1.31851     -3.88305     -3.21348      1.64987     -1.46022        1.994
   -0.948358     0.899248     -1.66492     0.469878      1.31788     -3.88116     -3.21146      1.64821      -1.4579      1.99081
   -0.948358     0.899157     -1.66459     0.469735      1.31737     -3.87962     -3.20982      1.64686       -1.456      1.98822
   -0.948358     0.899313     -1.66514     0.469977      1.31823     -3.88221     -3.21257      1.64909     -1.45907      1.99243
   -0.948358     0.899354     -1.66529     0.470041      1.31845     -3.88289      -3.2133      1.64969     -1.45989      1.99355
   -0.948358     0.899021     -1.66411     0.469522      1.31662     -3.87734     -3.20738      1.64486      -1.4532      1.98439
   -0.948358     0.899031     -1.66415     0.469537      1.31667      -3.8775     -3.20755        1.645     -1.45339      1.98465
   -0.948358     0.897589     -1.65907       0.4673      1.30875     -3.85358     -3.18203      1.62427     -1.42477      1.94543
   -0.948358     0.897157     -1.65754     0.466629      1.30638     -3.84642      -3.1744      1.61809     -1.41627      1.93378
   -0.948358     0.897652     -1.65929     0.467398      1.30911     -3.85465     -3.18318      1.62523     -1.42613      1.94729
   -0.948358     0.898524     -1.66236     0.468754       1.3139     -3.86914     -3.19864      1.63779      -1.4435      1.97109
   -0.948358     0.898918     -1.66375     0.469366      1.31607     -3.87569     -3.20563      1.64349     -1.45139      1.98189
   -0.948358     0.899098     -1.66439     0.469646      1.31706     -3.87869     -3.20883      1.64609     -1.45499      1.98683
   -0.948358     0.899038     -1.66418     0.469553      1.31673     -3.87768     -3.20775       1.6452     -1.45374      1.98512
   -0.948358     0.899217     -1.66481     0.469831      1.31772     -3.88067     -3.21094      1.64781     -1.45737      1.99009
   -0.948358     0.899304     -1.66512     0.469966      1.31819     -3.88211     -3.21248      1.64906      -1.4591      1.99246
   -0.948358     0.899191     -1.66472     0.469789      1.31757     -3.88021     -3.21045       1.6474     -1.45678      1.98928
   -0.948358     0.899646     -1.66633     0.470498      1.32007     -3.88779     -3.21855      1.65398     -1.46588      2.00178
   -0.948358      1.09051   -0.0442513     0.101176   0.00105707  -0.00342706      0.59061     -1.72113     -1.60687    -0.115381
   -0.948358      1.11387    0.0158266    0.0950659   -0.0118094    0.0298435     0.604228     -1.73198     -1.73136  -0.00524967
   -0.948358      1.05903   -0.0399966    0.0932091   -0.0284028    0.0710514     0.723259     -1.71804     -1.60404     0.179753
   -0.948358      1.04239   -0.0536718    0.0921054   -0.0243156    0.0600977     0.763828     -1.71239     -1.56405     0.149128
   -0.948358      1.01696   -0.0851386    0.0924077   -0.0187595    0.0455853     0.805448     -1.69938      -1.4812     0.103868
   -0.948358     0.996069    -0.110731    0.0926405  -0.00837345    0.0192631     0.839146     -1.68734     -1.40794   0.00398425
   -0.948358      1.08445    0.0357133    0.0847921  0.000922133  -0.00372543     0.763192      -1.7442      -1.7529    -0.119477
   -0.948358      1.09417    0.0521926    0.0838457  -0.00529792    0.0120382     0.752313     -1.74481     -1.78769   -0.0585385
   -0.948358      1.28185     0.409848    0.0583667  -0.00406108   0.00941845     0.612698     -1.76699     -2.45231    -0.121525
   -0.948358      1.28088     0.410328    0.0580665  0.000607465   -0.0025027     0.618034     -1.76838     -2.45235    -0.168781
   -0.948358     0.990838    -0.117003    0.0926775    0.0015906  -0.00568973     0.847529     -1.68411     -1.38444   -0.0984106
   -0.948358      1.10815    0.0733082    0.0829705    -0.011056    0.0267275      0.73287     -1.74694     -1.83367  -0.00420097
   -0.948358      1.51711     0.910645    0.0162084  0.000342447  -0.00145202     0.450715     -1.64322     -3.05724     -0.21181
   -0.948358      1.51521      0.90619    0.0166242 -0.000590905  0.000934909     0.451142     -1.64372     -3.05103    -0.201737
   -0.948358      1.28225     0.410656     0.058306     0.005226   -0.0142582     0.612787     -1.76805     -2.44952    -0.215651
   -0.948358      1.09408    0.0518801    0.0838859   0.00707575   -0.0192503     0.752072     -1.74518     -1.77938    -0.184598
   -0.948358      1.28151     0.400786    0.0599936  -0.00707462    0.0172374      0.59741     -1.76438     -2.43479   -0.0911928
   -0.948358      1.13171     0.107888    0.0816992   -0.0155263    0.0383369      0.69911      -1.7519     -1.90844    0.0329225
   -0.948358      1.14934     0.133916    0.0807264    -0.016541    0.0411409     0.672565     -1.75289     -1.95865    0.0368978
   -0.948358       1.1739     0.165339    0.0803134   -0.0146785    0.0368417     0.628846     -1.75703     -2.02421   0.00833788
   -0.948358      1.28089     0.391578    0.0615957   -0.0064842    0.0158389     0.583439     -1.76285     -2.41707   -0.0972431
   -0.948358      1.08825  -0.00969473    0.0940596   -0.0265508    0.0672445     0.661814     -1.72686     -1.67781     0.144571
   -0.948358      1.17656     0.162767    0.0814027   -0.0118326    0.0296628     0.612741     -1.75533     -2.01765   -0.0204718
   -0.948358      1.27921     0.384767    0.0625053  -0.00521299    0.0126157     0.578057     -1.76172     -2.40312    -0.109371
   -0.948358       1.5215     0.916432    0.0160771   -0.0012242   0.00260436     0.438585     -1.63386     -3.04562    -0.195304
   -0.948358      1.51952     0.913808    0.0161357  -0.00140115   0.00303617     0.443723     -1.63731     -3.04949    -0.193537
   -0.948358      1.10051  -0.00146861     0.095294    -0.020969      0.05332      0.62749      -1.7291     -1.69812    0.0845048
   -0.948358     0.996757    -0.110264    0.0927001    0.0114255   -0.0302651     0.837018     -1.68776     -1.39576    -0.202247
   -0.948358      1.18295      0.17079    0.0813316  -0.00736343    0.0182299     0.600324     -1.75516     -2.03007   -0.0650062
   -0.948358       1.2793     0.382458    0.0629643  -0.00322866   0.00754308     0.573351     -1.76106      -2.3972    -0.128787
   -0.948358      1.15959     0.114622    0.0866989  0.000979892  -0.00328369     0.595716     -1.74854     -1.91983    -0.136261
   -0.948358      1.27973     0.381876    0.0631725  0.000649327  -0.00242365     0.570479     -1.76099     -2.39403    -0.166619
   -0.948358      1.52247     0.917276    0.0161324 -0.000356795  0.000392801     0.435354     -1.63231     -3.04288    -0.204111
   -0.948358      1.18307     0.171243    0.0812674   0.00878551   -0.0234668     0.600155      -1.7549     -2.02017    -0.216927
   -0.948358      1.27978     0.383654    0.0628441   0.00471262   -0.0128931     0.573662     -1.76179     -2.39546    -0.206285
   -0.948358      1.52256     0.917247    0.0161587  0.000399568  -0.00154675     0.434886     -1.63226     -3.04219     -0.21178
   -0.948358      1.11426    0.0171069    0.0949027    0.0137326   -0.0363298     0.604479     -1.73227     -1.71796    -0.239365
   -0.948358       1.5224     0.917198    0.0161326   0.00116001  -0.00350102     0.435578     -1.63256     -3.04223      -0.2195
   -0.948358      1.51536     0.906483    0.0166039   0.00129766  -0.00389396     0.451136     -1.64407     -3.05105     -0.22124
   -0.948358      1.10834    0.0733472    0.0830044    0.0127167   -0.0335125     0.732174     -1.74779     -1.81915    -0.244797
   -0.948358       1.1493     0.131845    0.0811057     0.018275   -0.0477418       0.6699     -1.75535     -1.93666    -0.306291
   -0.948358      1.13209     0.108291    0.0817085    0.0169538   -0.0442993     0.698262      -1.7531     -1.88957    -0.291595
   -0.948358      1.28231     0.402636    0.0598238   0.00831631   -0.0221524     0.597589     -1.76557     -2.42999    -0.245142
   -0.948358      1.06021   -0.0373949    0.0929771    0.0298859   -0.0772582     0.722441     -1.71925     -1.57185    -0.394668
   -0.948358      1.04377   -0.0525756    0.0921987    0.0264018   -0.0681624     0.760217     -1.71424     -1.53491    -0.361873
   -0.948358      1.28171      0.39321    0.0614708   0.00781003   -0.0208613     0.583164     -1.76402     -2.41291    -0.238299
   -0.948358      1.17386     0.167223      0.07994    0.0161357    -0.042339     0.631148      -1.7563     -2.00572    -0.288101
   -0.948358       1.5195     0.913769    0.0161418   0.00210223  -0.00593794     0.444287      -1.6387     -3.05043    -0.229621
   -0.948358      1.52142     0.916339    0.0160792   0.00198089  -0.00561563     0.439047     -1.63468     -3.04514    -0.228051
   -0.948358      1.27994     0.386502     0.062341   0.00662706   -0.0178201     0.578209     -1.76258     -2.40004    -0.225506
   -0.948358       1.1767     0.164036    0.0811874    0.0134351   -0.0354401     0.613765     -1.75527     -2.00331    -0.260597
   -0.948358      1.08852  -0.00993753    0.0941583    0.0280322   -0.0730052     0.659861     -1.72802     -1.64464    -0.373081
   -0.948358      1.10076 -0.000868528    0.0952278    0.0224357    -0.058775     0.626954     -1.72971     -1.67294    -0.318452
   -0.948358       1.0188    -0.082948    0.0923998    0.0212171   -0.0548688     0.801512     -1.70038     -1.45949     -0.30719
   -0.948358      1.76463      1.46729   -0.0343515  4.17467e-05  -0.00028194     0.240194     -1.30112      -3.1942    -0.222168
   -0.948358       1.7667      1.47199   -0.0347872 -0.000147718  0.000207724     0.237969     -1.29682     -3.19119        -0.22
   -0.948358      1.98203      1.97676   -0.0832165 -0.000305367   0.00100039    0.0162453    -0.801483     -2.71754    -0.189077
   -0.948358       1.9787       1.9689    -0.082452 -0.000259926  0.000877512    0.0199198    -0.810233     -2.72855    -0.190273
   -0.948358      1.77558      1.49231    -0.036685 -0.000304776  0.000628959     0.228392     -1.27772     -3.17578    -0.217446
   -0.948358      1.99232      2.00119   -0.0856002  -0.00035059   0.00113652   0.00465293    -0.773489     -2.68036     -0.18619
   -0.948358      2.14953      2.38137    -0.123557  -0.00054215   0.00194229    -0.183511     -0.27458     -1.86087    -0.129989
   -0.948358      2.14736      2.37607    -0.123025 -0.000529545   0.00190546    -0.180808    -0.281949     -1.87393    -0.130996
   -0.948358      1.98214      1.97704   -0.0832437 -0.000224205  0.000792544    0.0161272    -0.801203     -2.71715     -0.18993
   -0.948358      1.76677      1.47222   -0.0348164   0.00022853 -0.000755929     0.237856     -1.29624      -3.1894    -0.223849
   -0.948358      1.99946      2.01808   -0.0872446  -0.00028879  0.000992588  -0.00356437    -0.753763     -2.65325    -0.185111
   -0.948358      1.99639      2.01079   -0.0865317 -0.000311473   0.00104495 -0.000166069    -0.762066     -2.66432     -0.18558
   -0.948358      1.79283      1.53181    -0.040376 -0.000109836  0.000163408     0.210533     -1.24234     -3.15086    -0.218094
   -0.948358      1.79471      1.53613   -0.0407789   1.6811e-05 -0.000157957     0.208681     -1.23871      -3.1487    -0.219313
   -0.948358      2.17144      2.43467    -0.128921 -0.000568119   0.00205422     -0.21074    -0.200273     -1.72924    -0.120962
   -0.948358      2.16818      2.42668    -0.128112 -0.000568558   0.00204853    -0.206602     -0.21185     -1.75078    -0.122393
   -0.948358      1.99466      2.00665   -0.0861224 -0.000345924    0.0011294   0.00202726    -0.767642     -2.67364    -0.185818
   -0.948358      1.78839      1.52176   -0.0394499 -0.000265804  0.000553937     0.215221     -1.25109     -3.15627    -0.216736
   -0.948358      1.79296      1.53208   -0.0403983  0.000149431 -0.000501462     0.210502     -1.24245     -3.15155    -0.220877
   -0.948358      1.99653      2.01112   -0.0865667  -0.00025732  0.000906334  -0.00034298    -0.761509     -2.66308    -0.186083
   -0.948358      2.16608      2.42159      -0.1276  -0.00057246   0.00205418    -0.203994    -0.218927     -1.76316    -0.123171
   -0.948358      2.15724      2.40004    -0.125426  -0.00056201   0.00200898    -0.192915    -0.249429     -1.81822    -0.126948
   -0.948358      2.16841      2.42724    -0.128167 -0.000557272   0.00202003    -0.206874    -0.211143     -1.74972     -0.12245
   -0.948358      2.14999      2.38247    -0.123667 -0.000524149   0.00189703    -0.184054     -0.27314     -1.85853    -0.130034
   -0.948358      1.77586      1.49299   -0.0367526  0.000375202  -0.00111351     0.228227     -1.27727     -3.17518    -0.224585
   -0.948358      1.78856      1.52212   -0.0394775  0.000308654 -0.000918877     0.215215     -1.25139     -3.15749    -0.222884
   -0.948358      1.99248      2.00165   -0.0856565 -0.000212091  0.000781846   0.00432105    -0.772096     -2.67623    -0.187407
   -0.948358      1.99485      2.00715   -0.0861782 -0.000220535  0.000808281   0.00172463    -0.766549     -2.67075    -0.186982
   -0.948358      2.16648      2.42257    -0.127701 -0.000547198   0.00199022    -0.204511     -0.21744     -1.76033    -0.123263
   -0.948358      2.15768      2.40118     -0.12555 -0.000529342   0.00192629    -0.193624    -0.247019     -1.81215    -0.126898
   -0.948358      2.41628      3.04562    -0.192352  -0.00100379   0.00371933    -0.551237      0.83529     0.542717    0.0371994
   -0.948358      2.41555      3.04377    -0.192159  -0.00100293   0.00371544    -0.550179     0.831979      0.53511    0.0366752
   -0.948358      2.49966      3.25796     -0.21495  -0.00116184   0.00432499    -0.678539      1.25259      1.58506     0.109851
   -0.948358      2.50047      3.25999    -0.215164  -0.00116323   0.00433044    -0.679735      1.25643       1.5943     0.110493
   -0.948358      2.29464       2.7398    -0.160309 -0.000782508   0.00287228    -0.376053     0.287206     -0.72209    -0.050888
   -0.948358       2.2964      2.74417     -0.16076 -0.000787656   0.00288938    -0.378455      0.29439    -0.706761   -0.0497979
   -0.948358      2.41996      3.05492    -0.193334  -0.00101142   0.00374755    -0.556691     0.852763     0.584885    0.0401468
   -0.948358      2.50382      3.26863    -0.216099  -0.00117004   0.00435632    -0.685159      1.27502      1.64421     0.113977
   -0.948358      2.49988      3.25849    -0.215004  -0.00116199   0.00432581    -0.678809       1.2533      1.58606     0.109917
   -0.948358      2.41517      3.04278     -0.19205  -0.00100118   0.00370997    -0.549529     0.829674     0.528624    0.0362114
   -0.948358      2.51119      3.28751    -0.218121  -0.00118402   0.00441021    -0.696689      1.31352      1.74334     0.120885
   -0.948358      2.50862      3.28095     -0.21742   -0.0011792   0.00439162    -0.692722      1.30041      1.71018     0.118574
   -0.948358      2.42303      3.06258    -0.194132  -0.00101631   0.00376703    -0.561005     0.866002     0.614442    0.0421977
   -0.948358      2.42554      3.06894    -0.194803  -0.00102069   0.00378416    -0.564728      0.87793     0.643102    0.0441912
   -0.948358      2.50705      3.27693    -0.216991  -0.00117629   0.00438035    -0.690285      1.29234      1.68963     0.117144
   -0.948358      2.42248      3.06126    -0.193999  -0.00101586   0.00376475    -0.560336     0.864206     0.611515    0.0419998
   -0.948358      2.31154      2.78172    -0.164631 -0.000812986   0.00298764    -0.398981     0.355296    -0.578982   -0.0409203
   -0.948358      2.31423      2.78842    -0.165326  -0.00081648   0.00300259      -0.4027      0.36655    -0.554521   -0.0392322
   -0.948358      2.42262      3.06154     -0.19402  -0.00101493   0.00376246    -0.560353     0.863776     0.608489    0.0417755
   -0.948358      2.50902      3.28195    -0.217524  -0.00117974   0.00439392    -0.693277      1.30206      1.71359      0.11881
   -0.948358      2.30989      2.77764    -0.164212  -0.00081185   0.00298113    -0.396779     0.348884     -0.59191   -0.0417998
   -0.948358       2.3041       2.7633    -0.162737 -0.000802608   0.00294477    -0.388989      0.32593    -0.639409   -0.0450948
   -0.948358       2.3109      2.78011    -0.164463  -0.00080923   0.00297654     -0.39807     0.352484    -0.585347   -0.0413932
   -0.948358      2.29559      2.74214     -0.16055 -0.000782046   0.00287316    -0.377323      0.29094    -0.714404   -0.0503772
   -0.948358      2.50454      3.27043    -0.216284  -0.00117089    0.0043601    -0.686138      1.27789      1.64992     0.114369
   -0.948358      2.41918      3.05287    -0.193109  -0.00100813   0.00373704    -0.555343      0.84796     0.571297    0.0391792
   -0.948358      2.50797      3.27924     -0.21723  -0.00117756   0.00438566    -0.691556      1.29611      1.69738     0.117678
   -0.948358      2.42171      3.05924    -0.193778  -0.00101287   0.00375506    -0.559025     0.859583     0.598603    0.0410824
   -0.948358      2.30282      2.76003     -0.16239   -0.0007928   0.00291652    -0.387031     0.319511    -0.655405   -0.0462936
   -0.948358      2.30845      2.77404    -0.163836 -0.000803286   0.00295589    -0.394737     0.342553    -0.606358    -0.042874
   -0.948358      2.56995      3.43874    -0.234418  -0.00129904   0.00485151    -0.790705      1.63291      2.58818     0.179801
   -0.948358      2.57183      3.44357     -0.23494   -0.0013027   0.00486557    -0.793721      1.64319      2.61551     0.181707
   -0.948358      2.56597      3.42842    -0.233298  -0.00129107   0.00482095    -0.784169      1.61031      2.52679     0.175519
   -0.948358       2.5646      3.42491     -0.23292  -0.00128843   0.00481077    -0.781987       1.6029      2.50718     0.174151
   -0.948358      2.56605      3.42865    -0.233326  -0.00129134    0.0048219    -0.784361      1.61113      2.52961     0.175717
   -0.948358      2.56807      3.43388    -0.233893  -0.00129536   0.00483733    -0.787661      1.62249      2.56028     0.177856
   -0.948358      2.60851      3.53852    -0.245244  -0.00137578   0.00514616    -0.853949       1.8518      3.18429     0.221382
   -0.948358      2.60864      3.53887    -0.245281  -0.00137604   0.00514716    -0.854169      1.85257      3.18644     0.221532
   -0.948358      2.60933      3.54066    -0.245475  -0.00137741   0.00515244    -0.855305       1.8565      3.19717      0.22228
   -0.948358      2.60821      3.53773    -0.245157  -0.00137516   0.00514377    -0.853435      1.84998      3.17921     0.221028
   -0.948358      2.62892      3.59154     -0.25102  -0.00141686   0.00530394    -0.887969      1.97092       3.5146     0.244426
   -0.948358       2.6288      3.59122    -0.250985   -0.0014166   0.00530297    -0.887761       1.9702      3.51257     0.244285
   -0.948358      2.60794      3.53705    -0.245082  -0.00137462    0.0051417    -0.852991      1.84841      3.17474     0.220716
   -0.948358      2.62898      3.59169    -0.251036  -0.00141697   0.00530437    -0.888063      1.97125      3.51549     0.244488
   -0.948358      2.60863      3.53883    -0.245275  -0.00137598   0.00514696    -0.854121      1.85232      3.18542      0.22146
   -0.948358      2.62902       3.5918    -0.251049  -0.00141705    0.0053047    -0.888135       1.9715      3.51616     0.244535
   -0.948358      2.62924      3.59237     -0.25111  -0.00141749   0.00530638    -0.888496      1.97276      3.51963     0.244777
   -0.948358       2.5651      3.42618    -0.233056  -0.00128934   0.00481431    -0.782759      1.60546      2.51371     0.174606
   -0.948358      2.60833      3.53803    -0.245189  -0.00137536   0.00514457     -0.85361      1.85053      3.18045     0.221113
   -0.948358      2.62894      3.59158    -0.251025  -0.00141688   0.00530404    -0.887993        1.971      3.51478     0.244439
   -0.948358      2.60914      3.54016    -0.245421  -0.00137702   0.00515093    -0.854982      1.85536      3.19392     0.222054
   -0.948358      2.57084        3.441     -0.23466  -0.00130069    0.0048579    -0.792088      1.63754      2.60011     0.180632
   -0.948358      2.63269      3.60134    -0.252089  -0.00142445   0.00533313    -0.894269      1.99303      3.57606     0.248714
   -0.948358      2.63241       3.6006    -0.252009  -0.00142389   0.00533094    -0.893797      1.99137      3.57146     0.248393
   -0.948358      2.63256        3.601    -0.252052  -0.00142419   0.00533213    -0.894052      1.99227      3.57395     0.248567
   -0.948358      2.63243      3.60065    -0.252014  -0.00142392   0.00533108    -0.893826      1.99147      3.57173     0.248412
   -0.948358      2.63242      3.60063    -0.252012  -0.00142391   0.00533104    -0.893817      1.99145      3.57167     0.248408
   -0.948358      2.63105      3.59708    -0.251625  -0.00142115   0.00532044    -0.891531      1.98342       3.5493     0.246847
   -0.948358      2.63123      3.59754    -0.251675  -0.00142151   0.00532181    -0.891826      1.98445      3.55215     0.247046
   -0.948358      2.62911      3.59203    -0.251073  -0.00141722   0.00530536    -0.888277      1.97199      3.51747     0.244626
   -0.948358      2.63082      3.59648    -0.251559  -0.00142069   0.00531866    -0.891146      1.98207      3.54558     0.246587
   -0.948358      2.63095       3.5968    -0.251594  -0.00142093   0.00531961     -0.89135      1.98278      3.54755     0.246725
   -0.948358        2.629      3.59175    -0.251043  -0.00141701   0.00530454    -0.888099      1.97137      3.51579     0.244509
   -0.948358      2.63085      3.59655    -0.251567  -0.00142074   0.00531887    -0.891192      1.98223      3.54603     0.246619
   -0.948358      2.63095      3.59681    -0.251595  -0.00142094   0.00531963    -0.891355       1.9828      3.54761     0.246729
   -0.948358      2.63107      3.59711    -0.251627  -0.00142117   0.00532051    -0.891545      1.98346      3.54938     0.246853
   -0.948358      2.63239      3.60056    -0.252004  -0.00142385    0.0053308    -0.893766      1.99126      3.57113      0.24837
   -0.948358       2.6321      3.59981    -0.251922  -0.00142327   0.00532857    -0.893285      1.98958      3.56647     0.248045
   -0.948358        2.631      3.59695     -0.25161  -0.00142105   0.00532004    -0.891444      1.98311      3.54844     0.246787
   -0.948358      2.63221      3.60007    -0.251951  -0.00142348   0.00532937    -0.893457      1.99018      3.56815     0.248162
   -0.948358      2.60949      3.54106    -0.245517  -0.00137769   0.00515353    -0.855541      1.85726      3.19898     0.222406
   -0.948358      2.56975      3.43819    -0.234354  -0.00129849   0.00484949    -0.790294      1.63129      2.58294     0.179434
   -0.948358      2.60901       3.5398    -0.245381  -0.00137672   0.00514981    -0.854739      1.85446      3.19124     0.221867
   -0.948358      2.56746      3.43228    -0.233714  -0.00129396    0.0048321    -0.786569      1.61847      2.54834     0.177021
   -0.948358      2.62925      3.59239    -0.251113   -0.0014175   0.00530644     -0.88851       1.9728      3.51972     0.244783
   -0.948358      2.62928      3.59247    -0.251121  -0.00141756   0.00530667    -0.888559      1.97297      3.52018     0.244815
   -0.948358      2.63243      3.60066    -0.252015  -0.00142393    0.0053311    -0.893832      1.99149      3.57176     0.248414
   -0.948358      2.63116      3.59734    -0.251653  -0.00142135    0.0053212    -0.891695      1.98398      3.55083     0.246954
   -0.948358      2.63112      3.59726    -0.251644  -0.00142128   0.00532095    -0.891641      1.98379      3.55029     0.246916
   -0.948358      2.63235      3.60046    -0.251993  -0.00142377    0.0053305    -0.893702      1.99103      3.57048     0.248325
   -0.948358     0.897543    -0.528112     0.149071     -0.07257     0.194447     0.423367     -1.49402    -0.544194     0.485124
