     0.94172    -0.278017     -0.28902   -0.0892789   -0.0356691    0.0368753      1.15764     0.262528     0.743235    -0.758925
     0.94172    -0.444857    -0.363965    -0.146902   -0.0175541    0.0218147      1.07318    -0.104449     0.609954    -0.731153
     0.94172    -0.442754    -0.367956    -0.115368   -0.0235895     0.016649      1.05953   -0.0858093     0.587297    -0.558178
     0.94172    -0.568916    -0.422816    -0.222626   -0.0106882    0.0114016     0.966467    -0.364186     0.435363    -0.747113
     0.94172    -0.577457    -0.434122    -0.185716   -0.0154958    0.0076753     0.937782    -0.361304     0.402323    -0.576654
     0.94172    -0.657433    -0.471256    -0.289755   -0.0102532   0.00303928     0.856266    -0.523843     0.277985      -0.7311
     0.94172    -0.664717    -0.479706    -0.264618   -0.0127045   0.00168042     0.833878    -0.523571     0.255977    -0.634832
     0.94172    -0.274838    -0.255535    -0.135609    0.0310629     0.062089       1.2684     0.182252      1.03678     -1.34846
     0.94172    -0.266495     -0.24895    -0.132189    0.0378011    0.0633866      1.28104     0.192929      1.07366     -1.36154
     0.94172    -0.422405    -0.292488     -0.17685    0.0410078     0.038394      1.26917    -0.215572     0.897213     -1.21081
     0.94172    -0.432163    -0.301431    -0.185365     0.035768    0.0372928       1.2495    -0.225849     0.859391     -1.21145
     0.94172    -0.545354    -0.322133    -0.223475    0.0384306    0.0225928      1.22316    -0.539603     0.645709     -1.11643
     0.94172    -0.546159    -0.330752    -0.233052    0.0344502    0.0227001      1.20304    -0.523271     0.631447       -1.134
     0.94172    -0.620091    -0.349597    -0.271289     0.030772    0.0144019      1.15174     -0.70679     0.437394     -1.09358
     0.94172    -0.619542    -0.359827    -0.282439    0.0274637    0.0142955      1.13025     -0.68385     0.434781     -1.10769
     0.94172    -0.461195    -0.238381   -0.0751842    0.0866382    0.0159472      1.42461     -0.45763      1.03656    -0.560761
     0.94172    -0.455583    -0.243087   -0.0912287    0.0842004    0.0193795      1.41238    -0.431191      1.03577    -0.679436
     0.94172    -0.260759    -0.206209   -0.0697601     0.116853    0.0371202      1.41639     0.107735      1.44061    -0.839528
     0.94172    -0.261196    -0.202961   -0.0583473      0.12256    0.0315144      1.42711    0.0987092      1.46773    -0.708929
     0.94172    -0.273407    -0.200418   -0.0332583     0.128731    0.0179514      1.44633    0.0542868      1.49277    -0.396393
     0.94172    -0.275359     -0.19938   -0.0208333     0.130667    0.0117107      1.45125    0.0457964      1.50101    -0.244206
     0.94172    -0.474652     -0.23008   -0.0280423    0.0898814   0.00636635      1.44572    -0.514118      1.02576    -0.204966
     0.94172    -0.475082    -0.232585   -0.0450319    0.0884859   0.00943471      1.44008    -0.510718      1.01908    -0.329332
     0.94172    -0.581051    -0.228487   -0.0304018    0.0721994   0.00396666      1.40235    -0.808585     0.642761    -0.174081
     0.94172    -0.580964    -0.232191   -0.0512302    0.0711693   0.00605277      1.39651    -0.803466     0.641656    -0.294014
     0.94172    -0.695931    -0.205566   -0.0339488    0.0554569   0.00228584      1.32452     -1.10432     0.143256    -0.155811
     0.94172    -0.694426     -0.21195   -0.0589028    0.0547526   0.00342745      1.31876     -1.09543     0.152732    -0.268658
     0.94172    -0.807395    -0.151544   -0.0429636    0.0412551   0.00106654      1.21998     -1.34685    -0.397902    -0.160493
     0.94172    -0.806585    -0.160693    -0.065727    0.0405978   0.00130067      1.21346     -1.34128    -0.387987    -0.241489
     0.94172    -0.921192   -0.0597049   -0.0753347     0.028132 -0.000183777      1.08368     -1.52733     -0.96139    -0.232893
     0.94172    -0.576317    -0.244061   -0.0905716    0.0683382    0.0100258      1.37858    -0.774091     0.651137    -0.514718
     0.94172    -0.562768    -0.256307    -0.119456    0.0660907    0.0135916      1.36156    -0.717258     0.687336    -0.681475
     0.94172    -0.990562    -0.170785   -0.0528118    0.0117818  -0.00142523      0.85605     -1.55058     -1.15282    -0.109947
     0.94172    -0.987499    -0.227466  0.000520791    0.0092594  0.000117497     0.814421     -1.51861     -1.08904  -0.00554341
     0.94172     -0.98157     -0.42696  -0.00259271 -0.000967289 -0.000253108     0.631807     -1.36066    -0.840639 -0.000504194
     0.94172    -0.980761    -0.331049    -0.104127   0.00472852   -0.0035705     0.732074     -1.44237    -0.950285    -0.174542
     0.94172    -0.981688    -0.156766   -0.0985924    0.0138283  -0.00245987     0.887286     -1.55152     -1.13079    -0.214794
     0.94172    -0.971272    -0.295869    -0.168143   0.00812452  -0.00525198     0.789145     -1.46612    -0.954098     -0.30783
     0.94172    -0.294214     -0.28747    -0.122075   -0.0165703    0.0471928      1.18045     0.201967     0.807624      -1.0276
     0.94172    -0.443597    -0.347981    -0.188656  -0.00165955    0.0302444      1.12009    -0.144409     0.678839     -1.01249
     0.94172     -1.03438    0.0797689  -0.00318969    0.0169989  0.000107833     0.932252     -1.63317     -1.48521   -0.0173866
     0.94172    -0.754645    -0.290248    -0.228742     0.034568   0.00331534      1.14828     -1.14123   -0.0643828    -0.782137
     0.94172    -0.647033    -0.286462    -0.189447     0.047505    0.0105834      1.25706    -0.893561     0.364949    -0.835908
     0.94172    -0.664861    -0.259043    -0.148313     0.051262   0.00810568      1.28619    -0.976461     0.293291    -0.664946
     0.94172    -0.786698    -0.245713     -0.18136    0.0356338   0.00194605         1.16     -1.24959    -0.235929     -0.61433
     0.94172    -0.952287    0.0153129    -0.034032    0.0270947  2.00269e-05      1.06912     -1.56731     -1.13239    -0.108405
     0.94172    -0.967264    0.0447031   -0.0283145    0.0261495  3.47483e-05      1.05659     -1.58358     -1.20876   -0.0914397
     0.94172       -1.015     0.109635    -0.039068     0.021607 -0.000335731     0.996483     -1.62878     -1.43265      -0.1159
     0.94172    -0.998724    0.0701519   -0.0478022    0.0222908 -0.000427938       1.0067     -1.61278       -1.348    -0.139641
     0.94172    -0.957878    -0.028713   -0.0798778    0.0238681 -0.000759574      1.02962     -1.56722     -1.12957    -0.228072
     0.94172    -0.432093    -0.326225    -0.194396    0.0144011    0.0359706       1.1785    -0.163263     0.767015     -1.16093
     0.94172    -0.295198     -0.27656    -0.139276   0.00741541    0.0560591      1.22057     0.169188     0.912665     -1.24277
     0.94172    -0.291809    -0.270703    -0.140692    0.0155548    0.0580061      1.23655     0.165006     0.952394     -1.28818
     0.94172    -0.423569    -0.311088    -0.188769    0.0248689    0.0382986      1.21718    -0.173489     0.825323     -1.20718
     0.94172    -0.547792    -0.370804    -0.260666    0.0144133    0.0212358      1.10292    -0.433401     0.562511     -1.11137
     0.94172    -0.548106    -0.350648    -0.250618    0.0244333    0.0222966      1.15439    -0.483691     0.593828      -1.1437
     0.94172    -0.628694    -0.413353      -0.3253   0.00925202    0.0110181      1.00608     -0.58793      0.38333      -1.0711
     0.94172    -0.623622    -0.390926    -0.310689    0.0169602    0.0128055      1.06016    -0.626591      0.40889     -1.10714
     0.94172     -1.04238     0.151609   -0.0315453    0.0191705 -0.000356671     0.961178     -1.64793     -1.55535   -0.0919407
     0.94172      -1.0515     0.152641   -0.0171225    0.0177194 -0.000151304     0.940056      -1.6507     -1.58693   -0.0534691
     0.94172     -1.03441    0.0876109   -0.0209985    0.0173693 -0.000263475     0.937031     -1.63374      -1.4888   -0.0602077
     0.94172     -1.02749    0.0958557    -0.039505       0.0189 -0.000553881     0.959539     -1.63405     -1.47106    -0.108684
     0.94172    -0.691027    -0.231721    -0.107685    0.0521156   0.00545831      1.29757     -1.06823     0.174758    -0.478319
     0.94172    -0.558994    -0.404388    -0.253343  -0.00169676    0.0161564      1.01535    -0.382196     0.486614     -0.93934
     0.94172    -0.641487    -0.448561    -0.320741  -0.00318556   0.00670339     0.916299    -0.535995     0.328921    -0.912625
     0.94172    -0.892044    -0.163407    -0.149365    0.0264818  -0.00116893      1.06154     -1.45961    -0.759734    -0.427771
     0.94172     -0.91686    -0.024108  -0.00150176    0.0308775  0.000335509       1.1134     -1.52445    -0.961952    -0.010633
     0.94172    -0.938881   0.00684817  -0.00113135    0.0288792  0.000323901      1.08986      -1.5516      -1.0715   -0.0108282
     0.94172     -1.04832     0.134738  -0.00224652    0.0173726  0.000141226     0.935894     -1.64715     -1.56626   -0.0165847
     0.94172    -0.964553   -0.0968126    -0.115418    0.0192914  -0.00210717     0.967235     -1.55502     -1.10688    -0.286672
     0.94172    -0.953729    -0.187391    -0.159385    0.0162817  -0.00356557      0.92219     -1.51595    -0.992909    -0.363532
     0.94172    -0.912873    -0.223988    -0.200552     0.019958  -0.00346993       0.9736     -1.45772    -0.793756    -0.496824
     0.94172     -0.80075    -0.199835    -0.127072    0.0380163   0.00167489      1.18659     -1.30911    -0.333586    -0.445768
     0.94172    -0.853319    -0.256377    -0.224765    0.0256545  -0.00175547      1.04743     -1.35401    -0.511294    -0.628712
     0.94172     -0.54865      -0.2725    -0.150813    0.0616315    0.0174524      1.33478    -0.649556     0.716745    -0.852056
     0.94172    -0.450247    -0.252838    -0.116226    0.0786146    0.0241184      1.38906    -0.395373      1.02305    -0.849911
     0.94172    -0.255366    -0.212245   -0.0884198     0.104246     0.047424      1.39153     0.139575      1.38303     -1.05977
     0.94172    -0.803906    -0.178643   -0.0971728     0.039447   0.00156154       1.2019     -1.32766     -0.36331    -0.349808
     0.94172    -0.692755      -0.2211   -0.0840713     0.053593   0.00450875      1.30946     -1.08313     0.163626    -0.378895
     0.94172    -0.579101    -0.237324   -0.0706407    0.0699712   0.00801913      1.38899    -0.791454     0.645723    -0.404313
     0.94172    -0.467117    -0.234976   -0.0602373    0.0880838    0.0127098      1.43362      -0.4822      1.03237    -0.447003
     0.94172    -0.806985    -0.141754  -0.00135296    0.0420643  0.000634821       1.2281     -1.34925    -0.402397   -0.0110094
     0.94172    -0.697759    -0.201484  -0.00148028    0.0556654  0.000755848      1.32662     -1.11116     0.132576  -0.00644615
     0.94172    -0.577238    -0.226747  -0.00160396    0.0733459  0.000957442       1.4072    -0.800788     0.657264  -0.00383868
     0.94172    -0.470005     -0.22798  -0.00144136    0.0916251   0.00113221      1.44916    -0.503966      1.03958  -0.00109495
     0.94172    -0.254713    -0.194073 -0.000668035      0.13745   0.00185042      1.44881    0.0981057      1.53759   0.00150653
     0.94172    -0.268547    -0.201627   -0.0460961     0.126072     0.024642      1.43809    0.0723557      1.48168    -0.554547
     0.94172    -0.542888    -0.295819    -0.188956    0.0518144    0.0210077      1.28519    -0.587845     0.699259     -1.01783
     0.94172    -0.625302    -0.325767     -0.24255     0.038282     0.013726      1.19786    -0.767936     0.431943     -1.02736
     0.94172    -0.637531    -0.436294    -0.330135   0.00129973   0.00831672     0.948048    -0.556553     0.347073    -0.989884
     0.94172    -0.549247    -0.391323    -0.257687   0.00334799    0.0188095      1.04743     -0.38453     0.521135     -1.01534
     0.94172    -0.429506    -0.268318     -0.14811    0.0646459     0.033258      1.33999    -0.295374     0.992253     -1.08438
     0.94172    -0.440124    -0.341405    -0.193074   0.00351884    0.0324516      1.13785    -0.150309     0.706704     -1.07189
     0.94172    -0.260897    -0.227819    -0.113698    0.0754877    0.0581827      1.34511     0.158668       1.2471     -1.27861
     0.94172    -0.294168    -0.283041    -0.130417  -0.00791486    0.0510788      1.19528     0.189854     0.844951     -1.12026
     0.94172     -0.59029    -0.446747    -0.101319   -0.0196107     0.003092     0.906934     -0.36878     0.363454    -0.283309
     0.94172    -0.724466    -0.519374    -0.168486   -0.0165715  -0.00239333     0.730673    -0.604704     0.124768    -0.308615
     0.94172    -0.762781    -0.538905   0.00292648   -0.0170521  0.000115241     0.675483    -0.670435    0.0377145   0.00544683
     0.94172    -0.602612    -0.454309   0.00242908    -0.020355  0.000195149     0.889268    -0.388298      0.33685   0.00687744
     0.94172    -0.437717    -0.370198   -0.0545887   -0.0296588   0.00814995      1.04928   -0.0618013     0.568357    -0.260631
     0.94172    -0.461452    -0.382862  0.000590567   -0.0288411   0.00011678      1.02826    -0.107861     0.536508   0.00529637
     0.94172    -0.273569    -0.293202   -0.0362879   -0.0497509      0.01477      1.13923      0.29021     0.688518    -0.297004
     0.94172    -0.275195    -0.294905  0.000117766   -0.0515638  1.30986e-05      1.13545     0.289631     0.677784   0.00389195
     0.94172    -0.861922    -0.591356    -0.236076    -0.016757  -0.00835642     0.514891    -0.818613    -0.170435    -0.291008
     0.94172    -0.891843    -0.601034  -0.00625839   -0.0169934  -0.00078436      0.47666    -0.878994    -0.256209   0.00782932
     0.94172    -0.781808    -0.551124    -0.259437   -0.0161235  -0.00660499     0.640945    -0.692007    0.0133508    -0.398982
     0.94172    -0.718346    -0.509859    -0.330429   -0.0121859  -0.00301446     0.758349    -0.612546     0.159044    -0.674321
     0.94172    -0.968368    -0.587698     -0.14464   -0.0134273   -0.0065992     0.420212     -1.08154    -0.538631    -0.131889
     0.94172    -0.972726    -0.605818    -0.324129   -0.0146159   -0.0145137     0.380727     -1.04551     -0.51282    -0.290695
     0.94172    -0.984648    -0.538945    -0.319541  -0.00860194   -0.0138533     0.472054     -1.19457    -0.668421     -0.33018
     0.94172    -0.981073     -0.47846    -0.135478  -0.00444916  -0.00575682      0.56485     -1.28842    -0.760298    -0.155606
     0.94172    -0.901844    -0.605071    -0.138169   -0.0168535  -0.00597028     0.459167    -0.892164    -0.279562    -0.133834
     0.94172    -0.917562    -0.617565     -0.30992   -0.0172063   -0.0131235      0.41854    -0.894859    -0.301598    -0.301449
     0.94172    -0.978662    -0.406415    -0.172752  0.000864233  -0.00653854      0.65897     -1.37526    -0.850181    -0.248358
     0.94172    -0.549212    -0.393457    -0.255632   0.00206123    0.0184651      1.04154    -0.378724     0.516647    -0.999229
     0.94172    -0.635303    -0.437948    -0.325653  0.000149044   0.00827484      0.94335    -0.544738     0.348738     -0.97223
     0.94172    -0.441185     -0.34378    -0.191666   0.00159319    0.0317204       1.1313    -0.147552     0.696642     -1.05166
     0.94172    -0.969267    -0.578022   0.00197382   -0.0127835 -0.000225456     0.435586     -1.10361    -0.560737    0.0057237
     0.94172    -0.441539    -0.367102     0.113717   -0.0233411   -0.0164971       1.0607   -0.0838111      0.58352     0.567332
     0.94172    -0.443805    -0.362979     0.145776    -0.017213   -0.0213975      1.07434    -0.103359     0.603911     0.740597
     0.94172    -0.277744     -0.28891    0.0876655   -0.0347316   -0.0368617      1.15716     0.262861     0.736697     0.766239
     0.94172    -0.275018    -0.290969    0.0667149   -0.0424377   -0.0284875      1.14792     0.278622     0.710319      0.58195
     0.94172    -0.575342    -0.432753     0.181831   -0.0154144  -0.00797012     0.939747    -0.357218     0.400326     0.589641
     0.94172    -0.568003    -0.422083     0.220388   -0.0105318   -0.0112807     0.967323    -0.362514     0.430365     0.758499
     0.94172    -0.663143     -0.47843     0.263474   -0.0128449  -0.00171746     0.836739    -0.521536     0.253592     0.649277
     0.94172    -0.657149    -0.470611     0.289062   -0.0103316  -0.00295261     0.857442    -0.524146     0.272497     0.745121
     0.94172    -0.432762    -0.302668     0.186279    0.0377088   -0.0355886      1.24903    -0.226042      0.85724      1.22816
     0.94172    -0.423242    -0.294012     0.178253    0.0431717   -0.0364781      1.26851    -0.216009     0.896033      1.22875
     0.94172    -0.265661    -0.248191     0.130722    0.0400567   -0.0618047       1.2804     0.192587      1.06039      1.37037
     0.94172    -0.273867    -0.254711     0.134184    0.0331563   -0.0606203      1.26784     0.182104       1.0237      1.35627
     0.94172    -0.546244     -0.33109     0.232635     0.035505   -0.0212409      1.20313    -0.522938     0.627681      1.14226
     0.94172    -0.545497    -0.322827      0.22335    0.0395442   -0.0209368      1.22284    -0.538848     0.643222      1.12236
     0.94172    -0.619524    -0.359516     0.281356    0.0281573   -0.0132375      1.13087     -0.68363     0.429987      1.11554
     0.94172    -0.620721    -0.349489     0.269948    0.0313714   -0.0130737      1.15125    -0.707364     0.431001      1.09358
     0.94172    -0.261198    -0.202712    0.0568981     0.123062    -0.027906      1.42656    0.0979747      1.45983     0.709652
     0.94172    -0.260634     -0.20585    0.0681877      0.11737   -0.0336601      1.41554     0.107126      1.43056     0.839299
     0.94172    -0.455497    -0.242475      0.08925     0.084296   -0.0168268      1.41285     -0.43182      1.02881     0.676991
     0.94172    -0.461345    -0.237843    0.0731495    0.0866675   -0.0133655      1.42466    -0.458587      1.02952     0.557667
     0.94172    -0.475116    -0.232004    0.0425458    0.0884552  -0.00701095      1.43913    -0.510971      1.01193     0.325615
     0.94172    -0.474674    -0.229666    0.0255539     0.089891  -0.00388784      1.44465    -0.514206      1.02017     0.200728
     0.94172    -0.275561    -0.199335    0.0194631     0.130879  -0.00794566      1.45104    0.0448473      1.49797     0.245632
     0.94172    -0.273587    -0.200346    0.0319209     0.129022   -0.0142098      1.44606    0.0533447      1.48833     0.397497
     0.94172    -0.581089    -0.231018    0.0479673    0.0711512  -0.00416599      1.39623    -0.803774     0.635423     0.286326
     0.94172    -0.581228    -0.227772    0.0272397    0.0721794  -0.00204276      1.40208    -0.809024     0.638581     0.166086
     0.94172    -0.695057    -0.210149    0.0558991    0.0547006  -0.00195736      1.31853     -1.09649     0.145854     0.257293
     0.94172     -0.69645    -0.204284    0.0309055    0.0554133  -0.00080541      1.32431     -1.10526     0.138402      0.14384
     0.94172    -0.808344      -0.1568    0.0627192      0.04051 -0.000179605      1.21323     -1.34446    -0.399011     0.223619
     0.94172     -0.80923    -0.147354    0.0399266    0.0411788  4.93503e-05      1.21988     -1.35039    -0.409201     0.142647
     0.94172    -0.923088   -0.0534361     0.072045    0.0280019  0.000936408      1.08163      -1.5257    -0.970488     0.206241
     0.94172    -0.563159    -0.255255       0.1169    0.0660683   -0.0116422      1.36205    -0.719259     0.678113     0.676506
     0.94172    -0.576122    -0.242198    0.0871023    0.0683725  -0.00820108      1.37874    -0.773764     0.642878     0.507971
     0.94172    -0.980132    -0.333378    0.0988527   0.00465021   0.00333503     0.735062     -1.44724    -0.951355     0.164653
     0.94172    -0.992253    -0.167711    0.0470337    0.0114936   0.00142694     0.851403     -1.54648      -1.1573    0.0898115
     0.94172    -0.972153    -0.294036     0.165203   0.00783447   0.00524804     0.790014     -1.46965     -0.96253     0.297573
     0.94172    -0.985111    -0.147651    0.0932716    0.0135033   0.00256909     0.883589     -1.55094     -1.14738     0.193403
     0.94172     -0.44285    -0.347946     0.186202 -0.000616642   -0.0300792      1.12033    -0.142198     0.673903      1.02626
     0.94172    -0.293096    -0.286867     0.120733   -0.0151287   -0.0471906      1.18092     0.203726     0.799902      1.03971
     0.94172    -0.788786     -0.24239     0.178569    0.0354432 -0.000909971      1.15951     -1.25396    -0.250698     0.602637
     0.94172    -0.665375    -0.256968     0.145657    0.0511889  -0.00674226      1.28591    -0.977357     0.282197     0.660415
     0.94172    -0.648063    -0.286134     0.188657     0.047435  -0.00912353      1.25638    -0.896337     0.354115     0.836795
     0.94172    -0.756305    -0.286793     0.225617    0.0343197  -0.00235508      1.14646     -1.14269   -0.0805685     0.772698
     0.94172     -1.00457    0.0893145    0.0430774    0.0221651  0.000888786      1.00415     -1.61516     -1.37821     0.106435
     0.94172     -1.02211     0.134331    0.0338998    0.0215381  0.000753802     0.994032     -1.63136     -1.46884    0.0804383
     0.94172    -0.969664    0.0513549    0.0247084    0.0260325  0.000577776      1.05465     -1.58422     -1.22066    0.0617691
     0.94172    -0.954017     0.020218    0.0306426    0.0269888  0.000625779      1.06743     -1.56709     -1.14068     0.080593
     0.94172    -0.961665   -0.0169063    0.0765321    0.0236637   0.00135801      1.02662     -1.56679     -1.14825     0.199871
     0.94172    -0.423712    -0.311839     0.188784    0.0266906   -0.0371435      1.21689    -0.173129     0.821354      1.22558
     0.94172     -0.28981    -0.268994      0.13835     0.017067   -0.0569452      1.23765      0.16615      0.93994      1.29369
     0.94172    -0.293619    -0.275066     0.137487    0.0087299   -0.0550277      1.22151     0.169483     0.900298      1.24778
     0.94172    -0.432718    -0.326824     0.194025    0.0158859     -0.03504      1.17794    -0.164535      0.76034      1.17611
     0.94172    -0.548706    -0.352012     0.251847    0.0259143   -0.0210872      1.15279    -0.482819     0.592495      1.15743
     0.94172    -0.547764    -0.370722     0.259801    0.0152543   -0.0204993      1.10318    -0.433442      0.55618      1.12555
     0.94172    -0.621925     -0.38953     0.309089    0.0174685   -0.0124447      1.06363    -0.624549      0.40526      1.12771
     0.94172    -0.627502    -0.412089     0.323088   0.00968594   -0.0107214      1.00874    -0.586755     0.378438      1.08696
     0.94172     -1.03032     0.103904    0.0336846    0.0187564  0.000836808     0.957175     -1.63441     -1.48481    0.0744342
     0.94172     -1.03655    0.0932643    0.0153146    0.0172679  0.000516486     0.935793     -1.63555     -1.50047     0.026027
     0.94172     -1.05479     0.162101    0.0126104    0.0176143  0.000442657      0.93848     -1.65327     -1.60446    0.0193863
     0.94172     -1.04691     0.163741    0.0266044    0.0189636  0.000687858     0.957914     -1.65037     -1.57828    0.0564855
     0.94172    -0.691424    -0.229334     0.104741    0.0520776  -0.00405874      1.29729     -1.06815     0.166244     0.469223
     0.94172    -0.558679    -0.403907     0.251667  -0.00136325   -0.0157962      1.01565    -0.381867      0.47901     0.950644
     0.94172    -0.644357    -0.449458     0.321585  -0.00304934  -0.00622759     0.913643    -0.542146     0.316517     0.925174
     0.94172    -0.893664    -0.158022     0.145645    0.0263093   0.00182592      1.06071     -1.45964    -0.770422     0.407554
     0.94172    -0.968923   -0.0824648     0.111479     0.019043   0.00247908     0.964492     -1.55516     -1.12985     0.262853
     0.94172    -0.953718    -0.187396     0.154473    0.0160414   0.00377601     0.921801     -1.51495    -0.994934     0.344688
     0.94172    -0.914445    -0.219493     0.197478    0.0196213   0.00390302     0.972358     -1.45774    -0.804872     0.481619
     0.94172    -0.855088    -0.254056     0.222348    0.0252751   0.00245805      1.04551     -1.35565    -0.523396     0.616639
     0.94172     -0.80216    -0.197193      0.12436    0.0379278 -0.000535298      1.18642     -1.31163    -0.342811     0.429279
     0.94172     -0.54902    -0.271487     0.148453    0.0615168   -0.0156488      1.33476    -0.651616     0.704358     0.849476
     0.94172    -0.449803     -0.25135     0.112898    0.0779983   -0.0221596      1.38806    -0.395667      1.00597     0.845359
     0.94172    -0.255711    -0.212298    0.0875802     0.104537   -0.0440663      1.38941     0.137678       1.3683      1.05518
     0.94172    -0.805596    -0.175266    0.0942723    0.0393418 -0.000426146      1.20148     -1.33054    -0.374021     0.332233
     0.94172    -0.693423    -0.218922    0.0811321    0.0535297  -0.00306445      1.30907     -1.08397     0.155133     0.368547
     0.94172    -0.579002    -0.235814    0.0673075    0.0699868   -0.0061505      1.38889    -0.791195     0.638686     0.396924
     0.94172    -0.467124    -0.234371    0.0579306    0.0880868   -0.0102076      1.43322    -0.482596      1.02538     0.443608
     0.94172    -0.268647    -0.201469    0.0446974     0.126458   -0.0209751      1.43776    0.0715135      1.47569     0.555681
     0.94172    -0.625485    -0.326087     0.241751    0.0386113   -0.0122525      1.19645    -0.766555      0.42605      1.02514
     0.94172     -0.54372    -0.295608      0.18746    0.0519912   -0.0191213      1.28429    -0.589949     0.687691      1.01489
     0.94172    -0.549124    -0.390875     0.256064   0.00385054   -0.0183462      1.04794    -0.384927     0.513154      1.02771
     0.94172    -0.639543    -0.436608     0.330226   0.00164828  -0.00787053     0.946418    -0.561067     0.336205      1.00273
     0.94172    -0.430359    -0.268675       0.1477    0.0653138   -0.0307959      1.33964    -0.297747     0.983231      1.08761
     0.94172    -0.440218    -0.341393     0.191586   0.00458164   -0.0318783      1.13813    -0.150967     0.699374      1.08468
     0.94172    -0.261315     -0.22785     0.113172    0.0771439   -0.0553786       1.3435     0.156449      1.23356      1.28231
     0.94172    -0.293858    -0.283109     0.129214   -0.0060678   -0.0509912      1.19505     0.190653     0.837153      1.13505
     0.94172    -0.724315    -0.518834     0.168403     -0.01672   0.00232407     0.731988    -0.605511     0.122305     0.322471
     0.94172    -0.589424    -0.445857     0.100166   -0.0195802  -0.00306653     0.908438    -0.367845     0.361847     0.296761
     0.94172    -0.437436    -0.369929    0.0538737   -0.0295279  -0.00793958      1.05008   -0.0614932     0.566834     0.270737
     0.94172    -0.273482    -0.293122    0.0349364   -0.0494113   -0.0149949      1.13892     0.290152     0.685492     0.304945
     0.94172      -0.8609    -0.591672     0.236718   -0.0172385   0.00803764     0.516064    -0.815954    -0.168075     0.301366
     0.94172    -0.781324     -0.55084      0.25911   -0.0165137   0.00637862      0.64213    -0.691284    0.0119286     0.412002
     0.94172    -0.718009     -0.50939     0.328006   -0.0125286   0.00296352     0.759939    -0.612898     0.154662     0.685063
     0.94172    -0.980832    -0.477311     0.135197   -0.0046248   0.00539123     0.566798     -1.28935    -0.761928      0.15708
     0.94172    -0.984235    -0.537489     0.319989  -0.00915066    0.0133484      0.47449     -1.19475     -0.67024     0.335705
     0.94172    -0.972929    -0.608606     0.317926   -0.0154603    0.0134985     0.378987     -1.04528    -0.512792     0.299846
     0.94172    -0.968584    -0.589257      0.14289   -0.0138167   0.00583616     0.418978     -1.08142    -0.538698     0.142308
     0.94172    -0.917395    -0.618117     0.303407   -0.0178815    0.0121042     0.419328    -0.895435    -0.303033     0.313405
     0.94172    -0.901703    -0.605395     0.129463   -0.0171494   0.00475177     0.459565    -0.892249    -0.279856      0.14739
     0.94172    -0.978416    -0.405397     0.172377  0.000584383   0.00633891     0.660942     -1.37645    -0.852972     0.248674
     0.94172    -0.637103     -0.43827     0.325578  0.000465638  -0.00787444      0.94166    -0.548555     0.338333     0.984838
     0.94172    -0.549274    -0.393108     0.254144   0.00255304   -0.0180086       1.0418    -0.379437     0.508403      1.01136
     0.94172    -0.441323    -0.343853      0.19005   0.00263409   -0.0312333       1.1314    -0.148079     0.689417      1.06445
     0.94172     -1.09757     0.314663    0.0125318    0.0179551  0.000419005     0.937457     -1.69052     -1.83987    0.0178137
     0.94172     -1.06827     0.251725    0.0187517    0.0197511  0.000526086      0.96573     -1.67192     -1.70444    0.0363675
     0.94172     -1.03767     0.197202    0.0102304     0.022161  0.000397603      1.00042     -1.64988     -1.56373    0.0159176
     0.94172     -1.01958     0.159479  -0.00228371    0.0233159  0.000250379        1.017      -1.6354     -1.47633   -0.0181976
     0.94172     -1.10486     0.326176   0.00434425    0.0172967  0.000269227     0.927147     -1.69334     -1.86896  -0.00377226
     0.94172     -1.09529     0.294291  -0.00146099    0.0173543  0.000161836     0.929466     -1.68659     -1.81928   -0.0179278
     0.94172     -1.05917     0.227631   -0.0230234    0.0201288 -0.000128582     0.971838     -1.66596     -1.65899   -0.0747152
     0.94172     -1.08724     0.285277   -0.0169623    0.0182683 -9.98194e-05     0.943055     -1.68347     -1.78743   -0.0577649
     0.94172     -1.03143     0.180062   -0.0148942    0.0223907  6.22317e-05      1.00429     -1.64585     -1.53242   -0.0533678
     0.94172     -1.09778     0.305265  -0.00865348    0.0174747  2.87299e-05     0.930622     -1.68874     -1.83344   -0.0363258
     0.94172    0.0435534    -0.150039   -0.0314619    -0.120663    0.0643957       1.1002      0.90192     0.493748    -0.670444
     0.94172    0.0431299    -0.149008   -0.0401407    -0.110262     0.082786      1.10499     0.897819     0.526836    -0.865227
     0.94172    -0.113471    -0.217458   -0.0572623   -0.0665886    0.0556415      1.16715     0.613715     0.716577    -0.803721
     0.94172    -0.108254    -0.217273   -0.0425106   -0.0766845    0.0423366      1.15939     0.630641     0.680509    -0.600956
     0.94172    0.0658607    -0.127722   -0.0671804    -0.013327     0.147822      1.13015     0.901025     0.787442     -1.61927
     0.94172    0.0688834    -0.125027   -0.0677973  0.000497385     0.149943      1.13369     0.902647     0.823502     -1.65669
     0.94172    -0.118349    -0.198603   -0.0980818     0.022177    0.0947907      1.24428     0.544736      1.04789     -1.49581
     0.94172    -0.120427    -0.201614   -0.0977887    0.0131998    0.0936978      1.23654     0.546133      1.01371      -1.4713
     0.94172   -0.0863148    -0.154737   -0.0463161     0.163035    0.0514722      1.35166     0.532066      1.57289    -0.860659
     0.94172   -0.0902024    -0.158223   -0.0545873      0.15229    0.0595701      1.34566     0.529064      1.53475     -1.00049
     0.94172     0.107463   -0.0899414   -0.0388687     0.210865    0.0926475      1.17769     0.909047      1.36425     -1.14321
     0.94172     0.110309   -0.0875245   -0.0332978     0.227778     0.080026      1.17972      0.90842      1.40613    -0.989848
     0.94172   -0.0770675    -0.148027    -0.025648     0.182429    0.0305753      1.35974     0.543144      1.63744    -0.489807
     0.94172   -0.0715738    -0.145407   -0.0164159     0.188476    0.0210986      1.35971     0.553065      1.65399    -0.318145
     0.94172     0.117002   -0.0825841   -0.0181483     0.260158    0.0453522      1.18084     0.908258      1.47984    -0.546855
     0.94172      0.12506   -0.0790866   -0.0114722     0.271635    0.0303279      1.17324     0.917192      1.48785    -0.346657
     0.94172     -0.11795    -0.214819   -0.0766429    -0.046058    0.0737069       1.1833     0.590489     0.790929     -1.08999
     0.94172    -0.128002     -0.21044   -0.0953365  -0.00892769    0.0880363      1.21673     0.545761     0.928662     -1.37219
     0.94172    0.0513471    -0.142852   -0.0512471   -0.0909881      0.11067      1.10704     0.901118     0.576368     -1.14616
     0.94172   -0.0974011    -0.165811   -0.0690897      0.12714    0.0739391      1.33045     0.526688      1.44444     -1.23549
     0.94172    0.0998572   -0.0970955   -0.0512691      0.15861     0.121162        1.169     0.911687      1.23047     -1.46074
     0.94172    -0.081627    -0.151061   -0.0360574     0.173935    0.0411908      1.35665      0.53692      1.60964    -0.679621
     0.94172     0.113728   -0.0848416   -0.0258621     0.245903    0.0631564      1.18103     0.907968      1.44908    -0.777061
     0.94172   -0.0579466    -0.140622 -0.000235306      0.19679   0.00264285      1.35187      0.58006      1.66246   0.00387656
     0.94172     0.152848   -0.0687308  1.28309e-05     0.292111   0.00366442      1.14155      0.95492      1.46178   0.00723557
     0.94172    -0.104149    -0.179945   -0.0882845    0.0733959    0.0921693      1.28782     0.540726      1.24159     -1.47918
     0.94172   -0.0971995    -0.168005    -0.073602     0.117661    0.0789273      1.32211     0.532988      1.40744     -1.30894
     0.94172    0.0831987    -0.113997   -0.0657681    0.0466819     0.151656       1.1429     0.913285     0.939773     -1.70616
     0.94172    0.0871351    -0.107656   -0.0610528    0.0921255     0.142032      1.15897     0.908143      1.06664     -1.64969
     0.94172    0.0619089    -0.131828   -0.0650534   -0.0362775     0.142504      1.12335      0.90034      0.72612      -1.5357
     0.94172   -0.0981446    -0.214457   -0.0219111   -0.0867658    0.0225737      1.15156     0.655065     0.643765    -0.311368
     0.94172    -0.102875    -0.217168 -0.000742933   -0.0880881 -0.000415888       1.1502     0.647647     0.636235  0.000474662
     0.94172    0.0628892    -0.142565   -0.0177233    -0.137919    0.0389461      1.08237     0.932976     0.424642    -0.384979
     0.94172    0.0627753    -0.143085 -0.000690132    -0.141939 -0.000183274      1.08013     0.933569        0.409  -0.00465664
     0.94172    -0.107614    -0.216887    0.0410255   -0.0757821   -0.0431201      1.15961     0.631554     0.675365     0.602241
     0.94172    -0.112805    -0.217118    0.0552046   -0.0653093   -0.0563937      1.16743     0.614879      0.71025     0.806201
     0.94172    0.0438634    -0.148508     0.038461    -0.109021   -0.0845189      1.10431     0.897413     0.516714     0.858902
     0.94172    0.0441966    -0.149634     0.029943    -0.119694   -0.0665707      1.09984     0.902052     0.486109     0.666141
     0.94172    -0.119544    -0.200673    0.0959064    0.0156605   -0.0925671      1.23537     0.544634     0.996376      1.47137
     0.94172    -0.117276    -0.197497    0.0960348    0.0246635   -0.0935074        1.243     0.543287      1.02959      1.49528
     0.94172    0.0698657    -0.124217    0.0659241   0.00336709    -0.148614      1.13119     0.900361     0.801307      1.64346
     0.94172     0.066795    -0.126965      0.06535   -0.0104176    -0.146863      1.12788     0.899018     0.766254       1.6075
     0.94172     0.110237   -0.0875988    0.0330515     0.229777   -0.0742158      1.18004     0.909431      1.40108      1.00476
     0.94172     0.107348   -0.0900415    0.0386514      0.21325   -0.0871667      1.17786     0.909918      1.35781      1.15792
     0.94172   -0.0904187    -0.158275    0.0538983      0.15373    -0.055201      1.34502     0.528291       1.5264      1.00726
     0.94172   -0.0865015    -0.154763       0.0456     0.164293   -0.0468538      1.35094      0.53122      1.56508     0.867457
     0.94172   -0.0717803    -0.145466    0.0158691     0.189181   -0.0155764      1.35892     0.551578      1.64967     0.323886
     0.94172   -0.0772587    -0.148084    0.0250286     0.183252   -0.0253778      1.35912     0.542083       1.6324     0.496388
     0.94172     0.124989   -0.0791611    0.0112639     0.272458   -0.0233349      1.17376     0.917778      1.48775     0.361246
     0.94172     0.116948   -0.0826505    0.0179208     0.261315   -0.0387555      1.18131     0.909092      1.47819      0.56159
     0.94172    -0.115976    -0.213429     0.075081   -0.0446878   -0.0738692      1.18408     0.592515     0.779956      1.09179
     0.94172    -0.126341    -0.209221    0.0933566  -0.00696813   -0.0874515      1.21553     0.545978       0.9121      1.37115
     0.94172    0.0526507    -0.141879    0.0498493   -0.0901324    -0.110783      1.10665     0.900968     0.562034      1.13634
     0.94172   -0.0979573    -0.166184    0.0690803     0.129266   -0.0697361      1.32857      0.52494      1.43333      1.23894
     0.94172    0.0993165   -0.0974441    0.0512901     0.162643    -0.116307      1.16889      0.91176      1.22278      1.47483
     0.94172    -0.081803    -0.151106    0.0353759     0.174959   -0.0363094      1.35619     0.536201      1.60389     0.686859
     0.94172     0.113681   -0.0849093    0.0256366     0.247501   -0.0569141      1.18145     0.909004      1.44583     0.791916
     0.94172    -0.098024    -0.168325    0.0732618     0.118448   -0.0750731      1.31945     0.529517      1.39008      1.30403
     0.94172    -0.104908     -0.18029    0.0880397    0.0767038    -0.089497      1.28603     0.538096      1.22812      1.48911
     0.94172    0.0859458    -0.108211    0.0613321    0.0962689    -0.138843      1.15752     0.904745        1.054      1.65854
     0.94172    0.0829016    -0.113974    0.0646614    0.0505041    -0.149181      1.14126     0.910683     0.921864      1.70235
     0.94172    0.0635261    -0.130831    0.0631512   -0.0334121    -0.142367      1.12085     0.899881     0.705604      1.52576
     0.94172   -0.0978543    -0.214314    0.0202692   -0.0864023   -0.0232696      1.15172     0.655599     0.641109     0.312053
     0.94172    0.0630241    -0.142418     0.016035    -0.137198   -0.0402775      1.08186      0.93198     0.420412     0.376526
     0.94172     0.841866     0.217896  -0.00210693     0.606228    0.0495157    -0.276251     0.459313     -1.11685    -0.186858
     0.94172     0.842697     0.218561  -0.00465081     0.663694    0.0886413     -0.28705     0.423822     -1.03848    -0.370783
     0.94172     0.839672     0.216727  -0.00206817     0.571777    0.0484929    -0.265055     0.485261     -1.15075    -0.178308
     0.94172     0.821768     0.207233  -0.00309992     0.287414    0.0608822     -0.17672     0.681188     -1.40378    -0.195306
     0.94172     0.826737     0.209836  -0.00239754     0.362055    0.0506931    -0.200061     0.632003      -1.3442    -0.166451
     0.94172     0.824776     0.208845  -0.00396898     0.340806    0.0758746    -0.191811     0.648012     -1.35767     -0.25143
     0.94172     0.839276     0.216467  0.000660603     0.556796   0.00564041    -0.261398     0.496587     -1.17299  -0.00244749
     0.94172      0.81863     0.205703  -0.00744383     0.266089     0.131841    -0.165065      0.70126     -1.40958    -0.425971
     0.94172     0.822664     0.207607  0.000530177     0.278652   0.00116074    -0.178398     0.681129     -1.41943   0.00151603
     0.94172     0.837147     0.215343  0.000623519     0.525137   0.00553384    -0.250897     0.520219     -1.20245  -0.00268521
     0.94172     0.835128     0.214314  -0.00248742     0.501127    0.0543125    -0.242286     0.537012     -1.21731    -0.190945
     0.94172     0.832568     0.213051  -0.00457047     0.479131    0.0868538    -0.232507      0.55383     -1.22516    -0.315018
     0.94172     0.814543      0.20448   -0.0131453     0.408325     0.219029    -0.170865     0.650443     -1.20912    -0.826366
     0.94172     0.844961     0.219966   -0.0058395     0.740456     0.106563    -0.304223     0.375545    -0.946773    -0.474453
     0.94172     0.845272     0.220818    -0.007284     0.879837     0.124475    -0.325845     0.292773    -0.742271     -0.64575
     0.94172     0.475234    0.0543216   -0.0314452     0.276625     0.255729     0.621056      1.19058     0.223199     -1.78778
     0.94172     0.503563    0.0634125   -0.0390832    0.0298412     0.380005     0.562279      1.20835    -0.253685     -2.02109
     0.94172     0.524521    0.0726882   -0.0383896    0.0384208     0.391695     0.524098      1.20261    -0.319364     -2.03084
     0.94172     0.393329    0.0072685   -0.0197956    -0.309853     0.170242     0.708753      1.18709    -0.433158    -0.722902
     0.94172     0.389988   0.00630283   -0.0256909    -0.291714     0.219053     0.715369      1.18444    -0.387216    -0.952921
     0.94172      0.25541    -0.054683   -0.0269644    -0.205924      0.14007     0.900819      1.13844   0.00785523    -0.878682
     0.94172     0.250485   -0.0576712   -0.0201561    -0.216498     0.103503     0.904555       1.1378   -0.0106639    -0.647488
     0.94172     0.276215    -0.037904   -0.0486177   -0.0522331     0.246202      0.90799      1.14634     0.300688     -1.78276
     0.94172      0.27154   -0.0390573   -0.0493979   -0.0304086     0.243222     0.918121      1.14213     0.356944     -1.81473
     0.94172     0.395088    0.0142592   -0.0435284    -0.060155     0.326999     0.737554      1.20281   -0.0279265     -1.90127
     0.94172     0.288306   -0.0197025   -0.0260515     0.312775      0.11557     0.943704      1.11085      1.03946     -1.12783
     0.94172     0.282592   -0.0229432   -0.0305204      0.28355     0.133786     0.949474      1.11332     0.994037     -1.29621
     0.94172     0.421568    0.0337343   -0.0253638     0.368208     0.170529     0.720564      1.16754     0.615096     -1.39472
     0.94172     0.424605    0.0356864   -0.0218121     0.407787     0.146266     0.715275      1.15672     0.678196     -1.22192
     0.94172     0.447757    0.0452824   -0.0213934     0.425847     0.152751     0.672466      1.15439     0.610188     -1.24791
     0.94172     0.444822    0.0434447   -0.0245971     0.386777      0.17609     0.678207      1.16591     0.549394     -1.40828
     0.94172     0.476104     0.056655   -0.0234785      0.41561     0.182306     0.619084      1.15747     0.462626     -1.41904
     0.94172     0.487481    0.0619716   -0.0204448     0.463684     0.161246     0.595571      1.14002     0.498226     -1.27505
     0.94172     0.303001   -0.0119846   -0.0123327     0.376675    0.0584893      0.92564      1.10445       1.1276    -0.556265
     0.94172     0.313166  -0.00761001  -0.00614303     0.396528    0.0323744     0.910396      1.10652       1.1316    -0.281071
     0.94172     0.455405    0.0501426   -0.0060824     0.535463    0.0483994     0.656254      1.11716     0.790922    -0.382163
     0.94172     0.478296    0.0596963  -0.00616295     0.563549    0.0515777     0.610563      1.10501     0.736363    -0.404077
     0.94172     0.492251    0.0656952  0.000360638     0.592766   0.00671795     0.582087      1.09224     0.725612   0.00626083
     0.94172     0.470465    0.0565232  0.000321978     0.562784   0.00630799     0.626998      1.10841     0.773938   0.00700027
     0.94172     0.438592    0.0427841   -0.0119769     0.492682     0.084518     0.688899      1.13104     0.783489    -0.711804
     0.94172     0.462608    0.0527254   -0.0119076     0.517748    0.0892682     0.642931      1.12428     0.721553    -0.740342
     0.94172     0.429764    0.0384939   -0.0175195     0.448769     0.118622     0.705767      1.14479     0.735963     -1.00461
     0.94172       0.4534    0.0482799   -0.0171653     0.470574     0.123788     0.661465      1.14069     0.671532     -1.02779
     0.94172     0.419086    0.0305395    -0.033366     0.252245     0.232174     0.722058      1.19317     0.408692     -1.74778
     0.94172     0.443128    0.0406781   -0.0325318     0.261242     0.242664     0.679627      1.19418     0.329135     -1.76598
     0.94172     0.466041    0.0468997    -0.040424    0.0174302     0.358398     0.627993      1.21225    -0.137973     -1.99989
     0.94172     0.472932    0.0499148   -0.0401973     0.018537       0.3628     0.616083      1.21201    -0.160344     -2.00441
     0.94172     0.391063    0.0144033   -0.0429879      0.02063     0.306833     0.752812      1.20305     0.112889     -1.94883
     0.94172     0.597673     0.110856  -0.00404683     0.749817    0.0490497     0.344935     0.955402     0.476487    -0.349892
     0.94172     0.574841     0.100918  -0.00420191     0.710716     0.048014     0.400027     0.997329      0.52694    -0.347086
     0.94172     0.572342    0.0995491  -0.00829782     0.682789     0.082411     0.408787      1.01601     0.487609    -0.641049
     0.94172     0.593364     0.108696  -0.00794578     0.717919    0.0829524     0.358782      0.97968     0.440131    -0.637877
     0.94172     0.609554     0.116202  0.000677673     0.782694   0.00863553     0.313126     0.920988     0.470504   0.00665451
     0.94172     0.584243     0.105126  0.000611484     0.736824   0.00818557     0.375877     0.973126     0.523738   0.00647976
     0.94172     0.566073    0.0964972   -0.0119315     0.641874     0.112636     0.425391      1.03924     0.441886    -0.883587
     0.94172     0.587816     0.105938   -0.0114835     0.675658     0.113907     0.374956      1.00587     0.389198    -0.883552
     0.94172     0.560816    0.0937988   -0.0155119      0.59323     0.143986     0.440063      1.06382     0.377191     -1.11464
     0.94172     0.584238     0.103961    -0.014912     0.626903     0.145651     0.386632      1.03085     0.316301     -1.11182
     0.94172     0.559685    0.0921926   -0.0221618     0.479866     0.210321     0.448739      1.10594     0.178681     -1.50896
     0.94172     0.583912     0.102751   -0.0212982     0.511332     0.212277     0.394861       1.0759     0.110532     -1.50071
     0.94172     0.566412    0.0938652   -0.0277489      0.35408     0.278447     0.439629      1.13712   -0.0584048     -1.78693
     0.94172     0.599952     0.108696   -0.0259897      0.40085     0.277941     0.366092      1.09691    -0.148009     -1.75447
     0.94172      0.59869     0.105845   -0.0351995     0.102211     0.414884     0.378815      1.15653    -0.535217     -2.02109
     0.94172     0.646175      0.12746   -0.0317297     0.194252     0.400118     0.275102      1.09808    -0.639997     -1.95548
     0.94172     0.803382     0.198368   -0.0181111     0.169571     0.305033    -0.112528     0.778987     -1.40831    -0.964213
     0.94172     0.820684      0.20655  0.000333515     0.241892   0.00368176    -0.168853     0.700788     -1.44673  -0.00546677
     0.94172     0.269703   -0.0466173   -0.0359526    -0.181241     0.194875     0.888833      1.14359    0.0410147     -1.21892
     0.94172     0.390626   0.00802279   -0.0349939    -0.247258     0.292141     0.719628      1.18219    -0.301591     -1.34306
     0.94172     0.268272   -0.0314192   -0.0398048     0.205311      0.17148     0.961515       1.1178     0.867704     -1.60772
     0.94172     0.295018   -0.0160123   -0.0199786     0.345469    0.0905447     0.936115      1.10739      1.08831    -0.883762
     0.94172     0.521971    0.0773541    -0.014569     0.561572     0.124404     0.523735      1.09827     0.517031    -0.994093
     0.94172     0.513774    0.0732237   -0.0191283     0.500119      0.16024     0.542252      1.12143     0.440817     -1.24855
     0.94172     0.514281     0.072678   -0.0232811     0.435678     0.199639      0.54429       1.1441     0.322537     -1.48699
     0.94172     0.536027    0.0837841   -0.0104578     0.615669     0.093413     0.491035      1.06835     0.548978    -0.743873
     0.94172      0.32565  -0.00263341  0.000329869     0.411049   0.00535818     0.892158      1.11458      1.11748   0.00734952
     0.94172     0.537396    0.0848899  0.000501985     0.659424    0.0073462     0.484872      1.04623     0.625837   0.00710414
     0.94172     0.531707     0.082331  -0.00501926      0.64041    0.0497625     0.498329      1.05853     0.619566    -0.372976
     0.94172     0.515762    0.0717097   -0.0301548     0.297795     0.271932     0.543319      1.17606       0.0845     -1.80674
     0.94172     0.556891    0.0870367   -0.0373018    0.0551059     0.407602     0.462921      1.18895    -0.423066     -2.04101
     0.94172     0.774167     0.188464   -0.0129231     0.856624     0.181089    -0.117028     0.545204    -0.365887     -1.12893
     0.94172     0.786656     0.194386   -0.0117465     0.907004     0.168461    -0.159487     0.476283    -0.352875     -1.05348
     0.94172     0.780536     0.191897   -0.0108548     0.945967     0.154445    -0.148199     0.469188    -0.246042     -0.99823
     0.94172     0.745028      0.17601   -0.0102511     0.935306     0.137007   -0.0482346     0.576138   -0.0501258    -0.951318
     0.94172      0.76124     0.183611  -0.00898136     0.994795      0.12507    -0.101549     0.493466   -0.0380595     -0.86329
     0.94172     0.753404     0.180744  -0.00396018      1.07913    0.0656506   -0.0922136     0.459182     0.177188    -0.440616
     0.94172     0.730852     0.170285  -0.00534741      1.00672    0.0779603    -0.020168     0.565204     0.177516    -0.543165
     0.94172     0.704623     0.157982  -0.00866693     0.899775     0.110265    0.0648984     0.696396     0.132507    -0.796722
     0.94172     0.727126     0.167534   -0.0121647     0.856203     0.156367    0.0113593     0.671414   -0.0862783     -1.07602
     0.94172     0.751232     0.177661   -0.0149709     0.769405      0.20226   -0.0416911     0.661337    -0.379745     -1.25373
     0.94172     0.775867     0.187649   -0.0175122      0.58763     0.256237   -0.0833615     0.696518     -0.79535     -1.31577
     0.94172     0.775091     0.188096   -0.0152109     0.727304     0.216877    -0.100652     0.621164    -0.583709     -1.23723
     0.94172     0.754731     0.178485   -0.0174586      0.64723     0.242468   -0.0343153     0.721486    -0.592827     -1.36735
     0.94172     0.759267     0.179773   -0.0200063     0.516385     0.287986   -0.0297073     0.775622    -0.801691     -1.45042
     0.94172     0.779263     0.186943    -0.026098    0.0603117     0.426819   -0.0364101     0.879658     -1.37716     -1.36246
     0.94172     0.770128     0.182757   -0.0278366    0.0548081     0.449026   -0.0120101     0.903967     -1.33554     -1.47048
     0.94172     0.789744      0.19506   -0.0135498     0.788617     0.197374     -0.15037     0.541175    -0.569755     -1.13561
     0.94172     0.800416      0.19932   -0.0137778     0.688146     0.208137    -0.165441     0.568762    -0.787356     -1.09134
     0.94172     0.795358     0.197739   -0.0129343     0.813314     0.190137    -0.169861      0.50874    -0.562023     -1.09743
     0.94172     0.803541     0.197414   -0.0100361    -0.122214     0.178342   -0.0920454     0.833522     -1.63566    -0.401875
     0.94172     0.806317      0.19879  0.000116232   -0.0805918 -0.000393385    -0.101823     0.822882     -1.63828  -0.00443201
     0.94172     0.791982     0.191525 -2.79876e-05    -0.303585  -0.00371073    -0.055516     0.866197     -1.67666  -0.00637696
     0.94172     0.787065     0.189111   -0.0104794    -0.374422     0.187141   -0.0423784     0.868609     -1.65928    -0.313363
     0.94172     0.770618     0.181195 -8.01916e-06    -0.466934  -0.00859416  -0.00262541     0.891352     -1.63306  -0.00735494
     0.94172      0.76337     0.177766   -0.0115233    -0.513204     0.203944    0.0127384     0.890139     -1.59405    -0.291055
     0.94172     0.843871     0.220515  -0.00787779     0.941601     0.131368    -0.331517     0.257831    -0.633414    -0.719156
     0.94172      0.65448     0.136015   -0.0023606     0.863914    0.0390748     0.196604       0.8126      0.36798    -0.248155
     0.94172     0.663097     0.139937  0.000723193     0.889129    0.0099036     0.171761     0.781716     0.364211   0.00382278
     0.94172     0.645626     0.131781   -0.0067701      0.81656    0.0805181      0.22496     0.857898     0.329663    -0.597593
     0.94172     0.640801     0.129315  -0.00996197     0.772005     0.111196     0.241975     0.891259     0.272307     -0.83714
     0.94172     0.644807     0.129789   -0.0183047     0.618722     0.204049     0.247227     0.959687   -0.0301605     -1.40755
     0.94172     0.635963     0.126762   -0.0131574     0.716441     0.143049     0.259504     0.927886     0.195572     -1.06244
     0.94172     0.662016     0.136555   -0.0220907      0.51801     0.261499      0.21527     0.975928     -0.28721      -1.6244
     0.94172      0.69296     0.148869   -0.0277526     0.300123     0.371698     0.160345      1.00309    -0.737035     -1.81933
     0.94172     0.713377     0.162587   -0.0014919      0.99838    0.0353766    0.0276668      0.61173     0.270475    -0.201286
     0.94172     0.715452     0.163574  0.000890124      1.00896    0.0106995    0.0207611     0.600358     0.277528   0.00678326
     0.94172     0.748795     0.178809 -0.000927939      1.09175     0.032304   -0.0812872     0.463255     0.231646    -0.167449
     0.94172     0.700541     0.156475  -0.00579497     0.934024    0.0787057    0.0706912     0.682843      0.22443    -0.560596
     0.94172     0.690148     0.151434  -0.00896982     0.868873     0.110804     0.106483      0.74575     0.161908    -0.807658
     0.94172     0.709956     0.159457   -0.0140625     0.783824     0.175106    0.0661553     0.753896    -0.114303     -1.19427
     0.94172     0.678844     0.145934   -0.0120772     0.791693     0.142948     0.144589     0.811889    0.0840591     -1.02844
     0.94172     0.729049     0.167284   -0.0169944     0.690541     0.222338    0.0278825     0.761071    -0.382709     -1.36977
     0.94172     0.741696     0.171488   -0.0224334     0.446389     0.317388    0.0244178     0.849462    -0.800386     -1.57324
     0.94172     0.732443     0.168313   -0.0188226     0.610206     0.252117     0.028986     0.794415    -0.525356     -1.45103
     0.94172      0.26369   -0.0412229   -0.0500897  -0.00322445      0.23666     0.933217      1.13343     0.433659     -1.83535
     0.94172     0.252462   -0.0430511   -0.0492957     0.063754     0.217463     0.961803       1.1205     0.607524     -1.83474
     0.94172     0.283267   -0.0367948   -0.0459476    -0.102367     0.245625     0.889228      1.15154      0.18244     -1.66391
     0.94172     0.398359    0.0140881   -0.0422474    -0.143154     0.336507     0.722096      1.19385    -0.158009     -1.76035
     0.94172     0.729656     0.161861   -0.0140294    -0.586271     0.244935    0.0865897     0.929293     -1.49588    -0.342153
     0.94172     0.733429     0.163608 -0.000265822    -0.561828  -0.00776649    0.0798907     0.935569     -1.52878  -0.00850393
     0.94172      0.63072     0.115683 -0.000506552    -0.526762  -0.00313827     0.293509      1.07346     -1.24211  -0.00607569
     0.94172     0.621114     0.111294   -0.0118106    -0.527379     0.179128     0.311446      1.07723     -1.19628    -0.352301
     0.94172      0.25186   -0.0575748   -0.0124079    -0.226445    0.0617264     0.901668      1.14107   -0.0376792    -0.389305
     0.94172      0.25926   -0.0544858 -0.000742308    -0.235177  -0.00119166     0.892025      1.14701    -0.072126  -0.00623852
     0.94172     0.402249    0.0107878  -0.00946856    -0.330196    0.0805494     0.694175      1.19144    -0.497982    -0.334199
     0.94172     0.409896    0.0141559  -0.00059291     -0.33851  -0.00247282     0.682328      1.19271    -0.532486  -0.00500694
     0.94172     0.543109    0.0753097   -0.0105313    -0.454817     0.135592     0.457817      1.14474    -0.955646    -0.354861
     0.94172     0.555035    0.0807136 -0.000507941    -0.464662   -0.0037061     0.436897      1.14056     -1.00642  -0.00522854
     0.94172     0.799476     0.195476   -0.0197391    -0.179789     0.349293   -0.0781545     0.843907     -1.61054    -0.760617
     0.94172     0.543077    0.0756535   -0.0214184    -0.450209     0.284068     0.456969       1.1349    -0.913783    -0.743706
     0.94172     0.755008     0.181708  0.000982507      1.11368    0.0119842    -0.101689     0.431762     0.234896   0.00475123
     0.94172     0.812035     0.207028  -0.00797227      1.10138     0.122677    -0.262599     0.265165     -0.15586    -0.807103
     0.94172     0.824642     0.212607  -0.00832739      1.08375     0.130228    -0.297017     0.233032    -0.268622    -0.827264
     0.94172     0.794283     0.199207  -0.00661785      1.12384     0.102123     -0.21452      0.30828    0.0016844    -0.694569
     0.94172     0.840336     0.219361  -0.00815271      1.02217     0.132683     -0.33385     0.217626    -0.475741    -0.778794
     0.94172     0.789123     0.197387  -0.00252039      1.19406    0.0535344    -0.209974     0.277984     0.175747    -0.337424
     0.94172     0.789851     0.197838 -0.000203093      1.21335    0.0276778    -0.214653     0.263712     0.210373    -0.120323
     0.94172     0.794901     0.200207   0.00114825      1.23148    0.0128316    -0.231803     0.235979     0.213699   0.00697496
     0.94172     0.837818     0.218478  -0.00807467       1.0671     0.130297     -0.33342     0.197101    -0.380855    -0.792882
     0.94172     0.839743     0.216761   0.00346421     0.572569   -0.0378806    -0.265045     0.485879     -1.15401     0.174531
     0.94172     0.842625     0.218525   0.00619378      0.66538   -0.0760033    -0.286102     0.427416     -1.04641     0.369222
     0.94172     0.841917     0.217921   0.00355138     0.607082   -0.0380297    -0.276173      0.46006     -1.12014     0.183167
     0.94172     0.824914      0.20892   0.00490357     0.342124   -0.0684916    -0.192315     0.646575     -1.35885       0.2437
     0.94172     0.826853     0.209902   0.00335984     0.363398   -0.0425944    -0.200681     0.629969     -1.34324     0.159937
     0.94172     0.822071     0.207381   0.00380887     0.288224   -0.0522429    -0.177717     0.679176     -1.40555     0.181089
     0.94172     0.818765     0.205781   0.00835083     0.268244    -0.127789     -0.16537     0.700365     -1.41303     0.420729
     0.94172     0.835031     0.214269   0.00373337     0.501265   -0.0445702     -0.24172     0.538353     -1.22022     0.185224
     0.94172     0.832569     0.213059    0.0058174     0.480528   -0.0782151    -0.232356     0.554107     -1.22822     0.310741
     0.94172     0.846045     0.221204   0.00909218     0.882228    -0.106738    -0.328826     0.285596    -0.743345     0.637619
     0.94172     0.845413     0.220196    0.0074086     0.742676   -0.0909096    -0.305978     0.371233    -0.948371     0.466785
     0.94172     0.814231     0.204357    0.0142181     0.412728    -0.210763    -0.169534     0.652636     -1.21647     0.824164
     0.94172      0.52472    0.0728248    0.0382774    0.0488563     -0.38869     0.523454      1.20141    -0.335355      2.02921
     0.94172     0.503763    0.0635505    0.0389503    0.0397494    -0.377417     0.561648       1.2073    -0.270012       2.0209
     0.94172     0.474791    0.0541742    0.0317402     0.282016    -0.248893     0.621959      1.19035     0.211664      1.79465
     0.94172      0.25116   -0.0572457    0.0189551     -0.21495    -0.106691     0.903423      1.13671   -0.0186443      0.63483
     0.94172     0.256109   -0.0542149    0.0257733    -0.203474    -0.143931     0.899489      1.13681  -0.00210856     0.867828
     0.94172     0.390964    0.0068662    0.0246389    -0.286899    -0.223695     0.713481      1.18293    -0.398466     0.941135
     0.94172     0.394713   0.00798212     0.018713    -0.307197    -0.176844     0.706242       1.1856    -0.443632     0.710207
     0.94172     0.272144   -0.0385882    0.0484197   -0.0243645    -0.242053     0.916613      1.14067     0.338578      1.80849
     0.94172     0.276894   -0.0373985    0.0475852   -0.0460479     -0.24554     0.906321      1.14471     0.282362      1.77513
     0.94172     0.396268    0.0149942    0.0428714   -0.0543061     -0.32719     0.735337      1.20036   -0.0473332      1.89143
     0.94172     0.424558    0.0356628    0.0222441     0.411182    -0.136504     0.715598      1.15712     0.670878      1.23313
     0.94172     0.421547    0.0337244     0.025739     0.372566     -0.16142      0.72061      1.16741     0.606553      1.40439
     0.94172     0.282699   -0.0229515    0.0306314     0.286959    -0.126659     0.949739      1.11484     0.986631      1.31095
     0.94172     0.288407   -0.0197102    0.0262145     0.315769     -0.10774     0.943856      1.11201      1.03308      1.14211
     0.94172     0.487354    0.0619197    0.0211158      0.46746    -0.150667     0.596062       1.1404     0.490726      1.28946
     0.94172     0.475892    0.0565683    0.0240596     0.419667    -0.172622     0.619307       1.1568     0.453464      1.43023
     0.94172      0.44471    0.0434075    0.0250183     0.391032    -0.166656     0.678391      1.16558     0.540772      1.41704
     0.94172     0.447894    0.0453409    0.0218099     0.429596    -0.142484     0.672855      1.15563     0.603079       1.2574
     0.94172     0.313357  -0.00762478   0.00633798     0.396839   -0.0233504     0.912219      1.11086      1.13482     0.299944
     0.94172     0.303125   -0.0119993    0.0125684     0.377674   -0.0495799     0.926472      1.10681      1.12607     0.572686
     0.94172     0.478334    0.0597079   0.00695094     0.564806   -0.0388966      0.61066      1.10522     0.734412     0.419733
     0.94172     0.455293    0.0500901   0.00682567     0.536421   -0.0363279     0.656582      1.11725     0.789291     0.398677
     0.94172     0.462109    0.0525096    0.0127814     0.519003   -0.0779693     0.643341      1.12301     0.716488     0.759879
     0.94172     0.438201    0.0426151    0.0127266     0.494294   -0.0733831     0.689321      1.13017     0.779562     0.729248
     0.94172     0.452959    0.0480896    0.0177908      0.47296    -0.112824     0.662286      1.14055     0.666006      1.04061
     0.94172      0.42947    0.0383624    0.0180856     0.451111    -0.108209     0.706372      1.14482     0.730218      1.01855
     0.94172     0.442759    0.0405645    0.0327297     0.266643    -0.235956     0.680424      1.19401     0.318173      1.77249
     0.94172     0.418786    0.0304483    0.0335096     0.257361    -0.225678     0.722843      1.19334     0.397784      1.75513
     0.94172     0.472931     0.049941    0.0399565    0.0287361    -0.359588     0.615973       1.2118    -0.175386      2.00444
     0.94172     0.465932    0.0468805     0.040177    0.0275026    -0.355165     0.628008      1.21194    -0.152713      1.99982
     0.94172     0.390406    0.0140998    0.0427503    0.0309287    -0.303141     0.753722      1.20374     0.100947      1.95591
     0.94172     0.592744      0.10843   0.00902826      0.71893    -0.066678     0.360561     0.981339     0.438481     0.646595
     0.94172     0.571818    0.0993262   0.00928848     0.683951   -0.0667968     0.410294      1.01733     0.485726     0.649506
     0.94172     0.575054     0.101012   0.00531435     0.711967   -0.0320566     0.399405     0.996481     0.524026      0.35814
     0.94172     0.597848     0.110937   0.00523594     0.751162   -0.0321747     0.344332     0.954357     0.473841      0.35947
     0.94172     0.587302     0.105729    0.0124625     0.677886   -0.0983453     0.376505       1.0072     0.386277     0.890496
     0.94172     0.565412     0.096239    0.0127486     0.644645   -0.0973146     0.427522      1.04122     0.441161     0.888805
     0.94172     0.584133     0.103927    0.0159214     0.629739    -0.131651     0.386527      1.02962      0.30839      1.12001
     0.94172     0.560762    0.0937715    0.0165048     0.595648    -0.130971     0.439706      1.06232     0.368117      1.12535
     0.94172     0.583691     0.102688    0.0221168     0.515782    -0.200731     0.395075      1.07463      0.10073      1.50642
     0.94172     0.559385    0.0920911    0.0229009      0.48434    -0.199349     0.449271      1.10524     0.169286      1.51624
     0.94172     0.599824      0.10868    0.0266717     0.406855    -0.268888     0.365897      1.09463    -0.159824      1.75648
     0.94172     0.566212    0.0938027    0.0283216     0.360095     -0.27031     0.440142      1.13682    -0.070697      1.79401
     0.94172      0.64643     0.127649    0.0321811     0.203257    -0.396215     0.274051      1.09458    -0.654285      1.95256
     0.94172     0.598166     0.105683    0.0355261     0.110154     -0.41311     0.380542        1.158    -0.551652      2.03014
     0.94172     0.803029     0.198233    0.0187874     0.175296    -0.301302    -0.110886     0.781707      -1.4178     0.961654
     0.94172     0.271402   -0.0456743    0.0347589    -0.179012    -0.197651     0.886504      1.14282     0.024607      1.20808
     0.94172      0.39132   0.00847002    0.0338808    -0.238673    -0.296733     0.717117      1.17888    -0.314549      1.33239
     0.94172     0.267928   -0.0316113    0.0398129     0.209927    -0.165752     0.962237      1.11885      0.85893       1.6218
     0.94172     0.295086   -0.0160375    0.0202051     0.347719    -0.082027     0.936456      1.10867      1.08399      0.89856
     0.94172      0.52167    0.0772113    0.0155751     0.562554    -0.112556     0.523717      1.09681     0.507633       1.0104
     0.94172     0.513926    0.0725365    0.0239511     0.439694    -0.189691     0.544654      1.14299     0.312711      1.49662
     0.94172     0.513795    0.0732426    0.0198489     0.504172    -0.148858       0.5427      1.12227     0.433693      1.26267
     0.94172      0.53577     0.083686    0.0111777      0.61792   -0.0787032      0.49236      1.07023     0.547346     0.749065
     0.94172     0.531661    0.0823179   0.00592116     0.641646   -0.0350834      0.49843      1.05832     0.617914     0.383808
     0.94172     0.515486     0.071605    0.0305724     0.303431     -0.26495     0.544317      1.17701    0.0719277      1.81697
     0.94172     0.556583    0.0869823    0.0374246    0.0640029    -0.406078     0.463468      1.18813    -0.438666      2.04399
     0.94172      0.78026     0.191776    0.0126883     0.946967    -0.135004    -0.147022     0.471201    -0.254965      1.00351
     0.94172     0.786217     0.194199    0.0135488     0.908813     -0.14996    -0.157952     0.478339    -0.360671      1.05997
     0.94172     0.773961     0.188393    0.0146108     0.860411    -0.163255    -0.116363     0.545676    -0.373363      1.13584
     0.94172     0.761093     0.183547    0.0108824     0.995698    -0.104602    -0.100969     0.494393   -0.0463081     0.873729
     0.94172     0.744856     0.175922    0.0120483     0.934586    -0.118182   -0.0473571     0.578022   -0.0612807     0.959458
     0.94172     0.731209     0.170458   0.00716801      1.01035   -0.0563675   -0.0211652     0.563732     0.175287     0.556949
     0.94172     0.753571     0.180828   0.00594704        1.081   -0.0428335   -0.0927832     0.458106     0.173992     0.454063
     0.94172     0.727381     0.167679    0.0137971     0.860704    -0.138597    0.0102488     0.668664   -0.0932443      1.08725
     0.94172     0.704517     0.157918    0.0103359     0.898992   -0.0919005    0.0655558     0.697965     0.123188      0.80651
     0.94172     0.751488     0.177812    0.0164943     0.775077    -0.186433   -0.0427075     0.658708    -0.387685       1.2599
     0.94172     0.759368     0.179882    0.0211488     0.523289    -0.277689   -0.0305994     0.771495    -0.808794      1.44571
     0.94172     0.755198     0.178739    0.0188059     0.653951    -0.229582   -0.0359844     0.717567    -0.601233      1.36908
     0.94172     0.775383     0.188269    0.0167005     0.733443    -0.202023    -0.101813     0.618014    -0.590659      1.23881
     0.94172      0.77639     0.187943    0.0188139     0.594859    -0.244993   -0.0854591     0.691106    -0.802172      1.31314
     0.94172     0.770648     0.183063    0.0283947    0.0658996     -0.45013   -0.0130298     0.901994     -1.34737      1.46773
     0.94172      0.77976     0.187239    0.0267088    0.0709503    -0.428401   -0.0375385     0.876964     -1.38643      1.35849
     0.94172     0.795578     0.197872    0.0145582     0.819155    -0.172937    -0.170654     0.506715     -0.56829      1.09895
     0.94172     0.801074     0.199653    0.0152467     0.693969     -0.19434    -0.167362     0.565576    -0.796017      1.09163
     0.94172     0.789987     0.195203    0.0151355     0.794388    -0.180843    -0.151176     0.539244    -0.576742      1.13769
     0.94172     0.803734     0.197534    0.0104806    -0.118637    -0.185533   -0.0927286     0.830836     -1.63513     0.393296
     0.94172     0.787088     0.189139    0.0102827    -0.368945    -0.195048    -0.041991     0.869981     -1.66422     0.302204
     0.94172     0.764697     0.178391    0.0109609    -0.511351    -0.213674    0.0107424     0.890647     -1.60539     0.276687
     0.94172     0.843589     0.220396   0.00970905     0.945411    -0.109999    -0.330426     0.260094    -0.639913     0.717992
     0.94172     0.654651     0.136105   0.00380795     0.865381   -0.0198732     0.195797     0.810808     0.366469     0.257307
     0.94172     0.645959     0.131933   0.00811707     0.819005   -0.0624207     0.224255     0.857324     0.325554     0.606823
     0.94172     0.640623     0.129247    0.0112316     0.773966   -0.0940947     0.242571     0.891794     0.267194     0.845108
     0.94172     0.635884      0.12676    0.0143414     0.719962    -0.126952     0.259174     0.925874     0.188938      1.06835
     0.94172     0.644781     0.129801    0.0194248     0.622883    -0.190843     0.246926     0.957945   -0.0400243      1.41404
     0.94172     0.661982     0.136583    0.0230562     0.523629    -0.250334     0.214914     0.973604    -0.298245      1.62609
     0.94172     0.693166      0.14903    0.0284606     0.308385    -0.365835     0.159372     0.999528    -0.749956      1.81665
     0.94172     0.713433     0.162612   0.00327043     0.998909   -0.0141842    0.0276408     0.611964     0.268655     0.215121
     0.94172     0.748775     0.178808   0.00291606      1.09251  -0.00929763   -0.0814259     0.462497     0.230975     0.181525
     0.94172     0.690014     0.151358    0.0105568     0.868782   -0.0928349     0.107371     0.747877     0.153606     0.819149
     0.94172      0.70111      0.15674    0.0074816     0.937152   -0.0588406    0.0689926     0.680417     0.220201     0.573979
     0.94172     0.679303     0.146123     0.013584     0.795273    -0.126851     0.143945     0.812375    0.0758232      1.04639
     0.94172     0.710124     0.159553    0.0155334     0.787174    -0.158822    0.0656287     0.752699    -0.124121      1.20218
     0.94172     0.729457     0.167498    0.0183728     0.696005    -0.208509    0.0265924     0.758484    -0.393026      1.37562
     0.94172     0.733339     0.168742    0.0201114     0.617647    -0.240529    0.0267145     0.791616    -0.537479      1.45997
     0.94172     0.741763     0.171583    0.0234471     0.453443    -0.308662    0.0238688      0.84637    -0.809742      1.56996
     0.94172     0.251308   -0.0436188    0.0491797    0.0697298     -0.21432     0.962208      1.11946      0.59577      1.84205
     0.94172     0.264035   -0.0409825    0.0492495   0.00358822    -0.234714     0.932645      1.13407     0.417053        1.837
     0.94172       0.2843    -0.036119    0.0448735   -0.0969103    -0.246885      0.88727      1.15001     0.164122      1.65619
     0.94172     0.400164    0.0151161    0.0415974     -0.13899      -0.3401     0.719337      1.19196     -0.17887      1.75379
     0.94172     0.729163     0.161669    0.0131766    -0.578874     -0.25286    0.0876927     0.929611     -1.49656     0.323241
     0.94172      0.62157     0.111538    0.0109718    -0.523506    -0.188421     0.310725      1.07675     -1.20073     0.343664
     0.94172      0.25215   -0.0573928    0.0109942    -0.225298    -0.065724     0.901251      1.14069   -0.0418648     0.378189
     0.94172     0.402357    0.0108852   0.00830321    -0.328443   -0.0853972     0.693724      1.19043    -0.500853     0.320624
     0.94172     0.543454    0.0755066   0.00969618    -0.452767    -0.145662      0.45704      1.14345    -0.958994     0.345919
     0.94172     0.800303     0.195913    0.0201623    -0.170584    -0.358828   -0.0802031     0.840154     -1.61519     0.754583
     0.94172     0.544419    0.0763512    0.0207428    -0.446727    -0.296306      0.45424      1.13172    -0.922667     0.735912
     0.94172     0.824406     0.212491    0.0104537      1.08317    -0.108043    -0.295609     0.236561    -0.279711     0.834103
     0.94172     0.812119     0.207058    0.0100965      1.10124    -0.100144    -0.262252     0.266982    -0.166568     0.813402
     0.94172     0.794064     0.199123   0.00868561      1.12676    -0.077847    -0.213808     0.309055  -0.00110899     0.702673
     0.94172     0.840484     0.219438    0.0101567      1.02503    -0.110899    -0.334024     0.217992    -0.483918     0.780304
     0.94172     0.789274     0.197452   0.00477227      1.19413   -0.0289001    -0.210329     0.277802     0.170762      0.35161
     0.94172     0.789823     0.197826   0.00246936      1.21332  -0.00246502    -0.214608     0.263663     0.208928     0.134776
     0.94172     0.838242     0.218682    0.0101301      1.07017    -0.107516    -0.334524       0.1959    -0.389318     0.793304
     0.94172     0.618989     0.112272    0.0443164    -0.413879    -0.663337     0.322492      1.06966    -0.974431      1.69277
     0.94172     0.643669     0.123441    0.0460371    -0.467744    -0.723396      0.27137      1.03054     -1.04971      1.66278
     0.94172     0.638228      0.12086    0.0451981    -0.476573    -0.708976     0.280825      1.03183     -1.04091      1.61108
     0.94172     0.614419     0.110074    0.0436325    -0.426179    -0.653175     0.329769      1.06866    -0.969612      1.64076
     0.94172     0.525395    0.0709705    0.0413192    -0.198443    -0.478351     0.508434      1.17396    -0.588129      1.85893
     0.94172     0.544075    0.0793958    0.0415491    -0.201348     -0.50045     0.475537      1.16815    -0.646153      1.88641
     0.94172     0.583105    0.0961973    0.0424622    -0.335193    -0.584713      0.39518      1.11795    -0.847286      1.74347
     0.94172     0.568882    0.0896284    0.0414764     -0.33644    -0.559396     0.420095      1.12408    -0.812829      1.69046
     0.94172     0.508492    0.0651558    0.0395174  -0.00539886    -0.397306      0.55045      1.20273     -0.33903       2.0025
     0.94172     0.528726    0.0742403    0.0388242    0.0109203    -0.406291     0.514018      1.19694    -0.391696      2.01523
     0.94172     0.608895     0.107725     0.043735    -0.392892    -0.640723     0.343079      1.08398    -0.941154      1.70505
     0.94172     0.597962     0.102658    0.0428136    -0.393102    -0.618763     0.362803      1.09057    -0.915733      1.66219
     0.94172     0.670584     0.135702     0.048374    -0.530076    -0.796584     0.214059     0.980166     -1.11971      1.62738
     0.94172     0.663895     0.132556     0.047342    -0.533894    -0.776617     0.226646     0.985414     -1.10764      1.57931
     0.94172     0.564682    0.0866029    0.0341585    -0.429724    -0.483214     0.419216      1.10735    -0.894321      1.25363
     0.94172     0.535471    0.0736349    0.0356915    -0.377049    -0.467858     0.472992      1.12809    -0.777674      1.36851
     0.94172     0.555156    0.0826524    0.0370233    -0.394796    -0.505373     0.437752      1.11455    -0.831844      1.40542
     0.94172     0.580296    0.0938159    0.0360808    -0.448425    -0.526369     0.389248      1.08903    -0.930911      1.29664
     0.94172     0.630465     0.116253     0.032214    -0.549887    -0.530639     0.289861      1.03158     -1.12715     0.998628
     0.94172     0.640654     0.120998    0.0339233    -0.564686    -0.566228     0.268932      1.01429     -1.14585      1.02975
     0.94172     0.732573     0.163434    0.0290925     -0.64235     -0.54591     0.076076     0.883725     -1.42882     0.686256
     0.94172     0.513752    0.0643191    0.0378568    -0.316614    -0.459704     0.515695      1.14849    -0.667803      1.52584
     0.94172     0.529622    0.0715837    0.0387456    -0.325013    -0.486637     0.488369      1.14164    -0.711138      1.56369
     0.94172     0.489005    0.0545816    0.0409241    -0.190169    -0.435225     0.570973      1.18236    -0.476528      1.80553
     0.94172     0.503819    0.0612142    0.0410802    -0.198154    -0.453797     0.545497      1.17877    -0.525621       1.8219
     0.94172     0.731159     0.162742    0.0266809    -0.629752    -0.500972    0.0799357     0.893759      -1.4401     0.635618
     0.94172     0.767826     0.179964    0.0274635    -0.598749    -0.525247  6.28593e-05      0.84153     -1.53512     0.641013
     0.94172     0.609072     0.107131     0.039984    -0.481492    -0.612359     0.333848      1.05436    -0.994124      1.39069
     0.94172     0.486183    0.0546693    0.0406409    -0.066875    -0.400277     0.585989      1.20093    -0.333008       1.9461
     0.94172     0.545665    0.0771114    0.0241717    -0.442718    -0.342451     0.451903      1.12731    -0.908446     0.862561
     0.94172     0.663916     0.133198    0.0460937    -0.354971    -0.714307     0.240242      1.05299     -1.08036      1.88114
     0.94172     0.635634     0.120481    0.0441717    -0.292755    -0.646269     0.298967      1.09433    -0.977611      1.90753
     0.94172      0.59756      0.10378    0.0415588    -0.166411    -0.545036     0.378445      1.14836    -0.791002      1.98086
     0.94172     0.683303     0.142992    0.0379473    -0.054361    -0.549947     0.202329      1.07471     -1.03827      1.95836
     0.94172     0.636601     0.121583    0.0406104    -0.128581     -0.56113     0.301857      1.12225    -0.902171      2.00059
     0.94172     0.663598     0.133261    0.0445412    -0.289097    -0.676179     0.243369      1.07037     -1.06564      1.92782
     0.94172     0.712401     0.155475    0.0460007    -0.339082    -0.751359     0.138678      1.00017      -1.2399       1.8709
     0.94172     0.775075     0.184271    0.0400723    -0.304244    -0.699879  -0.00799502     0.894566     -1.47814      1.53096
     0.94172     0.786754      0.18964     0.035526    -0.276178    -0.627789   -0.0384673     0.871332     -1.53501      1.33443
     0.94172     0.796864     0.194434     0.026088    -0.167863    -0.459696   -0.0712238     0.843732     -1.57083      1.00958
     0.94172     0.789186     0.190654    0.0392627    -0.367069    -0.706835   -0.0428366     0.852461     -1.53641      1.35342
     0.94172     0.796228     0.193892     0.030729    -0.302873    -0.556739   -0.0644851     0.839967     -1.58737      1.05055
     0.94172     0.799247     0.195445    0.0220481    -0.174739    -0.391601   -0.0772882     0.841193      -1.6035     0.830755
     0.94172     0.798138     0.194782    0.0228731    -0.239568     -0.41309   -0.0724645     0.841309     -1.61552     0.801444
     0.94172     0.795448     0.193307    0.0268077    -0.366393    -0.496065   -0.0625859     0.835792     -1.61554     0.827192
     0.94172     0.792363     0.191682    0.0296804    -0.487762    -0.561316   -0.0546507     0.820062     -1.59896     0.791803
     0.94172     0.769781     0.180904    0.0308444    -0.626592    -0.590777  -0.00549313     0.824539     -1.51653     0.699539
     0.94172     0.772186     0.182055    0.0340449    -0.655157    -0.653321   -0.0120859     0.806422      -1.4985     0.750816
     0.94172     0.794702     0.192788    0.0345309     -0.54562    -0.657307   -0.0613405     0.793608     -1.56905     0.864539
     0.94172     0.792019     0.191539    0.0251272    -0.428797     -0.47185   -0.0534137     0.838168     -1.62373      0.71405
     0.94172      0.72633     0.162702     0.034417   0.00676276    -0.521362     0.101299      1.00505     -1.18306      1.80826
     0.94172     0.749735     0.172638     0.043674    -0.315498    -0.741099    0.0537943     0.944227     -1.37445      1.74184
     0.94172      0.76081     0.178563    0.0298887      0.05933    -0.468158    0.0126258     0.925855     -1.30413      1.56174
     0.94172     0.680495      0.14059    0.0481997    -0.434296    -0.778882     0.202116      1.00942     -1.13867      1.81445
     0.94172     0.698394     0.148669    0.0506567    -0.514823    -0.850618     0.160258     0.957734     -1.18486      1.74406
     0.94172     0.721948      0.15972    0.0486231    -0.418919    -0.817165     0.115435     0.963491     -1.26792      1.82705
     0.94172     0.732719     0.164579    0.0514094    -0.498584    -0.887235    0.0886067     0.919618      -1.2864      1.77547
     0.94172     0.756067     0.175449    0.0467162    -0.397914    -0.810731    0.0384417     0.913536     -1.38848      1.71972
     0.94172      0.76359      0.17885    0.0499352    -0.479909    -0.884934    0.0193437     0.875051     -1.39277      1.68977
     0.94172     0.778628     0.185822    0.0436911    -0.391044    -0.777454   -0.0160221     0.870013     -1.47818      1.53756
     0.94172     0.783577     0.188059    0.0475242    -0.476758    -0.860329   -0.0285605      0.83635      -1.4685      1.53605
     0.94172     0.687998     0.143051     0.041894    -0.646009    -0.739011     0.168743     0.921187        -1.22      1.13599
     0.94172     0.659948      0.12998    0.0370773    -0.595285    -0.633896     0.228654     0.978947     -1.17913      1.07766
     0.94172     0.639279     0.120961    0.0425528    -0.533035    -0.686288     0.273066      1.01034     -1.07175      1.39448
     0.94172     0.666794     0.133613    0.0453882    -0.584738    -0.762819     0.215841     0.962205     -1.13261      1.39529
     0.94172     0.738004     0.166011     0.032321    -0.662467    -0.607925    0.0633019     0.863907     -1.42085     0.746746
     0.94172     0.746039     0.169835    0.0369887    -0.694322    -0.698475    0.0438567     0.831688     -1.40411     0.826749
     0.94172     0.628914     0.115337    0.0267391    -0.543066    -0.443178     0.293442      1.04331     -1.15629     0.824413
     0.94172     0.571554    0.0903287    0.0394562    -0.396944    -0.551694     0.409066      1.10428    -0.862439      1.50562
     0.94172      0.54647    0.0792569    0.0396694    -0.336926    -0.516415     0.458626      1.13282    -0.760357       1.5975
     0.94172     0.507979    0.0630959     0.041158    -0.198772    -0.458979     0.538455      1.17801    -0.537881      1.83003
     0.94172     0.491521    0.0570352    0.0405119    -0.067009    -0.404446     0.576627      1.19982    -0.349967      1.94785
     0.94172     0.731191     0.162733    0.0248702    -0.621295    -0.467654     0.080501     0.899374     -1.45077     0.595874
     0.94172     0.766551     0.179342    0.0236478    -0.570666    -0.452044   0.00404153     0.857152     -1.55513     0.567475
     0.94172     0.790516     0.190816    0.0223405    -0.412717    -0.419178   -0.0498975     0.846864     -1.63296     0.643427
     0.94172      0.62799     0.114796    0.0232173    -0.539171     -0.38707     0.295802      1.05062     -1.17235      0.71369
     0.94172     0.708661     0.152971    0.0507259    -0.675784    -0.899301     0.124643     0.870113     -1.20053       1.3827
     0.94172     0.726909     0.161237    0.0491028    -0.730333    -0.899618    0.0819296     0.823463      -1.2531      1.18522
     0.94172     0.761791     0.177313    0.0443123    -0.753174    -0.844478   0.00546165     0.769421     -1.37531     0.928008
     0.94172     0.780023     0.185805    0.0406424    -0.712492    -0.783541   -0.0329369     0.759915     -1.45878     0.844805
     0.94172     0.800279     0.195423    0.0418996    -0.643505    -0.805758   -0.0768836     0.743632     -1.51952     0.949182
     0.94172     0.794943     0.192939    0.0322477    -0.488645    -0.608444   -0.0606838      0.81185      -1.5917     0.870805
     0.94172     0.807213     0.198821    0.0460411    -0.613275    -0.876867   -0.0913599     0.736814     -1.51774      1.13691
     0.94172     0.798343     0.194724     0.036516    -0.436846    -0.677506   -0.0675983      0.81318     -1.57644      1.09229
     0.94172     0.802856     0.196919    0.0499591    -0.591016     -0.93661   -0.0784098     0.755089     -1.48866      1.35741
     0.94172     0.793335     0.192514    0.0433969    -0.457531    -0.794847   -0.0528808     0.821652     -1.52528      1.36487
     0.94172     0.715626     0.156396    0.0535679    -0.647529    -0.941982     0.113803      0.87396     -1.20323      1.55609
     0.94172     0.712002     0.154667    0.0527933    -0.654294    -0.928739     0.120396     0.875287     -1.19744      1.51162
     0.94172     0.778529     0.185712    0.0640046    -0.847326     -1.20534   -0.0382394     0.662539     -1.21291      1.40148
     0.94172      0.77714     0.185041    0.0635613    -0.852426     -1.19835   -0.0359115     0.661727     -1.20983      1.37153
     0.94172     0.808332     0.199775    0.0701834    -0.955557     -1.35432    -0.115664      0.53244     -1.15845      1.29258
     0.94172      0.80776     0.199495    0.0699233    -0.960552     -1.35081    -0.115043     0.530133      -1.1553      1.26837
     0.94172     0.863417     0.226158    0.0842499     -1.18782     -1.68315    -0.271644     0.218466    -0.905891     0.985953
     0.94172     0.862518     0.225721    0.0839045     -1.18692     -1.67651    -0.269424     0.221778    -0.908804     0.977593
     0.94172     0.919461     0.253521     0.101367     -1.45822     -2.07602    -0.448203    -0.206333    -0.407934      0.48344
     0.94172     0.918807     0.253199      0.10111      -1.4564      -2.0708    -0.446334    -0.202457    -0.412582     0.482134
     0.94172     0.954105     0.270652     0.113015     -1.64017     -2.34178    -0.565248    -0.517294    0.0167427    0.0717984
     0.94172     0.953428     0.270317     0.112762     -1.63734     -2.33634    -0.563104    -0.512057   0.00978702    0.0754287
     0.94172     0.976762     0.281931     0.120955     -1.76389     -2.52266    -0.644606    -0.738111     0.338134    -0.237206
     0.94172     0.975467     0.281285     0.120486     -1.75713     -2.51214    -0.640121    -0.725795     0.320188    -0.221518
     0.94172     0.985881     0.286484       0.1242     -1.81434     -2.59656    -0.677061    -0.830213     0.475926    -0.369349
     0.94172     0.984853     0.285971     0.123825      -1.8089     -2.58814    -0.673463    -0.820185     0.461041    -0.356225
     0.94172     0.995085     0.291091     0.127507     -1.86586     -2.67191    -0.710232    -0.925736     0.621581    -0.509411
     0.94172      0.83229     0.210799    0.0630514    -0.926945     -1.24558    -0.169962     0.508291     -1.28818      1.01084
     0.94172     0.832689     0.210988    0.0630789    -0.925652     -1.24606    -0.170769     0.508265     -1.28995      1.01407
     0.94172     0.817527     0.203679    0.0547403    -0.816219     -1.07095    -0.126506     0.614681     -1.39564      1.01389
     0.94172     0.816296     0.203537    0.0707399    -0.930709     -1.36368     -0.13063     0.535138     -1.19311      1.37066
     0.94172     0.793543     0.192785    0.0652402     -0.82189     -1.23097    -0.068346     0.653457     -1.25782       1.4953
     0.94172     0.805119     0.198183    0.0644667    -0.801718     -1.22298   -0.0933773     0.643539     -1.30396      1.48475
     0.94172     0.824078     0.207172    0.0700805    -0.912849     -1.35487    -0.147117      0.53138     -1.22906      1.36957
     0.94172     0.811515     0.201287    0.0705968    -0.940772     -1.35999    -0.120882     0.537345     -1.17536      1.34746
     0.94172     0.784313     0.188452    0.0648048    -0.832743     -1.21921   -0.0489851     0.662645     -1.23113      1.46608
     0.94172     0.807056     0.199127    0.0690187    -0.967789     -1.33715    -0.114574     0.526971      -1.1553      1.21116
     0.94172     0.775506     0.184212     0.062249    -0.862226     -1.17826   -0.0337445     0.659366     -1.21123      1.29496
     0.94172     0.806976     0.199015    0.0671132    -0.966867     -1.30536    -0.114539     0.530362     -1.17296      1.13828
     0.94172     0.778458     0.185485    0.0601655    -0.873024     -1.14883   -0.0414355      0.65161     -1.23212      1.18296
     0.94172     0.817373     0.203814     0.064811    -0.968652     -1.27404    -0.138601     0.512523     -1.21364      1.01942
     0.94172     0.795519     0.193355    0.0569429    -0.879083     -1.10682    -0.080034     0.623697     -1.29621      1.01681
     0.94172     0.824511     0.207135    0.0633931    -0.952609     -1.25137    -0.153847     0.509367     -1.25111     0.985243
     0.94172     0.805167     0.197842    0.0548717    -0.855999     -1.07283    -0.100381     0.620293     -1.34654     0.970011
     0.94172     0.813334     0.201992    0.0632091     -0.79039     -1.20613     -0.11214     0.633555     -1.34031       1.4349
     0.94172     0.828049     0.208997    0.0688369    -0.896431     -1.33367     -0.15511     0.534878     -1.26159      1.35026
     0.94172     0.816865     0.203617     0.062259    -0.783701     -1.19156    -0.120142     0.630803     -1.36114      1.40123
     0.94172     0.831171     0.210426    0.0677408     -0.88732     -1.31575    -0.161803     0.535436      -1.2862      1.31996
     0.94172     0.823503     0.206675    0.0605315    -0.788676     -1.16859    -0.137218      0.61286     -1.38425      1.29007
     0.94172      0.83769     0.213468    0.0670464    -0.902175     -1.31221    -0.179487     0.509539     -1.29008      1.22178
     0.94172     0.826921     0.208216    0.0589032    -0.816848     -1.14902    -0.148402     0.588926     -1.38379      1.13935
     0.94172     0.841962     0.215466    0.0666971      -0.9353     -1.31638    -0.193564     0.476003     -1.26973        1.096
     0.94172     0.987271     0.287182     0.124677     -1.82069     -2.60727    -0.682006    -0.844142     0.498101    -0.388792
     0.94172     0.977657     0.282378      0.12124     -1.76691     -2.52894    -0.647618    -0.745954     0.350392    -0.246438
     0.94172     0.976152     0.281628     0.120618     -1.75667     -2.51491    -0.642218    -0.730235     0.327945    -0.225642
     0.94172     0.986796     0.286948     0.124452     -1.81682     -2.60225    -0.680373     -0.83954     0.492642    -0.384253
     0.94172     0.987952      0.28752     0.124942     -1.82542     -2.61336    -0.684437    -0.851147     0.507734    -0.398765
     0.94172     0.979157     0.283125     0.121801     -1.77641     -2.54179    -0.652993    -0.761435     0.372737    -0.268937
     0.94172     0.984316     0.285704      0.12362     -1.80609     -2.58361    -0.671632    -0.815225     0.453959    -0.350728
     0.94172     0.974626     0.280867      0.12017     -1.75273     -2.50513    -0.637241    -0.717954     0.308906    -0.212368
     0.94172     0.982229     0.284668     0.122795     -1.79451     -2.56539    -0.664534    -0.795979     0.427134    -0.330222
     0.94172     0.971947     0.279536     0.119107      -1.7379     -2.48167    -0.628089    -0.692974     0.273568    -0.185325
     0.94172     0.982159     0.284637     0.122697     -1.79359     -2.56354    -0.664475    -0.796264     0.429072    -0.335398
     0.94172     0.971307     0.279218     0.118766      -1.7335     -2.47444    -0.625955    -0.687105     0.265876    -0.182672
     0.94172     0.982022     0.284572     0.122565     -1.79191     -2.56089    -0.664126     -0.79551     0.429362    -0.338659
     0.94172     0.970684     0.278908     0.118414      -1.7286     -2.46693    -0.623792    -0.680796     0.257309    -0.178685
     0.94172     0.984282     0.285705     0.123326     -1.80357     -2.57834    -0.672269     -0.81882      0.46564     -0.37434
     0.94172     0.972572      0.27985        0.119      -1.7375     -2.48047    -0.630414    -0.699041      0.28486    -0.206469
     0.94172     0.986034     0.286583     0.123921     -1.81241      -2.5919    -0.678558    -0.836746      0.49362    -0.401156
     0.94172     0.974241     0.280683     0.119536     -1.74524     -2.49269    -0.636223    -0.714922      0.30879    -0.229297
     0.94172     0.988695     0.287915     0.124876     -1.82593     -2.61336    -0.687979    -0.863298     0.534435    -0.437342
     0.94172      0.97763     0.282374     0.120752     -1.76223     -2.51992    -0.647992    -0.747343     0.357142    -0.271032
     0.94172     0.989259     0.288195     0.125144     -1.82872     -2.61896    -0.689799    -0.867986     0.540904    -0.438692
     0.94172     0.978339     0.282727     0.121098     -1.76576      -2.5271    -0.650295    -0.753356     0.365671    -0.272805
     0.94172     0.989033     0.288078     0.125125     -1.82778     -2.61816    -0.688802     -0.86466     0.534525    -0.429417
     0.94172     0.978483     0.282797     0.121241     -1.76712     -2.52989    -0.650681    -0.754262     0.366197    -0.269149
     0.94172     0.988265     0.287689     0.124915     -1.82412     -2.61305    -0.685831     -0.85561     0.518942    -0.411621
     0.94172       0.9781     0.282603     0.121195      -1.7659     -2.52846    -0.649214    -0.749987     0.358739    -0.258594
     0.94172     0.777479     0.185236    0.0551879    -0.604302     -1.00687   -0.0172505     0.801045     -1.38008      1.62799
     0.94172      0.75315     0.173941    0.0561305    -0.621165     -1.00621    0.0370268     0.835207      -1.2986      1.68163
     0.94172     0.954431     0.270801     0.112771     -1.63306     -2.33637    -0.565326    -0.512926   0.00849108    0.0804894
     0.94172     0.954726     0.270943     0.112695     -1.63232     -2.33521    -0.566165    -0.514126   0.00962643    0.0748209
     0.94172     0.794752     0.193226    0.0538221    -0.609802    -0.998923    -0.058569      0.76459     -1.43634      1.50924
     0.94172      0.87391      0.23114    0.0849345     -1.17971     -1.70079    -0.295944     0.198127    -0.922661     0.998917
     0.94172      0.87243      0.23045    0.0851914     -1.18328     -1.70474    -0.292721      0.19877    -0.914412      1.00486
     0.94172     0.922681     0.255063     0.101598     -1.45473     -2.08165    -0.455962    -0.213936    -0.408993     0.485779
     0.94172     0.921053     0.254271      0.10129     -1.44964     -2.07401    -0.451025    -0.203362    -0.420325     0.501593
     0.94172     0.953631     0.270406     0.112584      -1.6301     -2.33187    -0.562674    -0.506287 -0.000702639     0.091275
     0.94172     0.876379     0.232232    0.0827489     -1.16185     -1.66206    -0.300388     0.207355    -0.963389     0.948506
     0.94172     0.878787     0.233384    0.0828349      -1.1788     -1.66911    -0.308681     0.186052    -0.943138     0.883287
     0.94172     0.923748     0.255543     0.100755     -1.44864     -2.06699    -0.458198    -0.212116    -0.421673     0.459727
     0.94172      0.91889     0.253134    0.0986103     -1.42129     -2.02081    -0.442014    -0.168644    -0.482093      0.49471
     0.94172     0.957088     0.272112     0.113224     -1.64304     -2.34859    -0.574366    -0.535976    0.0405846    0.0333106
     0.94172     0.957571     0.272353      0.11326      -1.6465     -2.35042    -0.576355     -0.54221     0.049905    0.0148402
     0.94172     0.998721      0.29294     0.128653     -1.88327     -2.69866    -0.724291    -0.968904      0.69718    -0.587108
     0.94172     0.998576      0.29287     0.128556     -1.88278     -2.69682    -0.723954     -0.96846     0.697266    -0.590777
     0.94172      0.72978     0.163044    0.0552397    -0.637147    -0.976888    0.0858411     0.860963     -1.23329      1.63751
     0.94172     0.865534     0.227174    0.0847073     -1.18439     -1.69156    -0.276154     0.215866    -0.909025      1.00938
     0.94172     0.920491     0.254023     0.101662     -1.45957     -2.08209     -0.45098    -0.211143    -0.403101     0.485523
     0.94172      0.95359     0.270394     0.112829     -1.63614     -2.33729    -0.563258    -0.511102   0.00756411    0.0831854
     0.94172     0.998275      0.29269     0.128666     -1.88346     -2.69819    -0.721758    -0.959042     0.672999    -0.557681
     0.94172     0.869916     0.229276    0.0855613     -1.19328     -1.71122    -0.287796     0.196733    -0.896924     0.999129
     0.94172     0.917278     0.252434     0.100452     -1.43757     -2.05416    -0.439657    -0.178978    -0.446808     0.532182
     0.94172     0.952487     0.269844      0.11238     -1.62772     -2.32691    -0.559153    -0.498651   -0.0104638     0.102507
     0.94172     0.997718     0.292413     0.128458     -1.87985     -2.69342    -0.719778    -0.953394     0.665115    -0.549534
     0.94172     0.874896     0.231566    0.0838599      -1.1668     -1.68067    -0.296977     0.206913    -0.947795     0.989351
     0.94172      0.92443     0.255906     0.101703     -1.45811     -2.08562    -0.461073    -0.223534     -0.40081     0.465088
     0.94172     0.997577     0.292347     0.128378     -1.87829     -2.69166    -0.719396    -0.952624     0.665624    -0.550317
     0.94172     0.997202     0.292167      0.12819     -1.87531     -2.68759    -0.718275    -0.950005     0.664057    -0.550506
     0.94172     0.924558     0.255954     0.101376     -1.45529     -2.07959    -0.461102    -0.221286    -0.406985      0.45899
     0.94172     0.956232     0.271689     0.113064     -1.63911     -2.34424    -0.571344    -0.527825    0.0289694     0.050623
     0.94172     0.861708     0.225285     0.082239     -1.18415     -1.64753    -0.267673     0.226464    -0.922107     0.915301
     0.94172     0.860508     0.224735    0.0829097     -1.18142     -1.65715    -0.264074     0.232115    -0.920822     0.960543
     0.94172      0.91437        0.251     0.099023     -1.43337     -2.02699    -0.432064    -0.165536    -0.463188     0.498002
     0.94172     0.918108     0.252853     0.100764     -1.45377     -2.06384    -0.444255    -0.197644    -0.419048     0.479901
     0.94172     0.945973     0.266617     0.109903     -1.59746     -2.27305    -0.537848    -0.443983   -0.0859294     0.150741
     0.94172     0.951426     0.269324     0.112018     -1.62715     -2.31986    -0.556388    -0.494251   -0.0150503    0.0948676
     0.94172     0.994622      0.29087     0.127285     -1.86358     -2.66737    -0.709067    -0.923909     0.621994    -0.514725
     0.94172     0.994617     0.290858     0.127328     -1.86342     -2.66796    -0.708639    -0.921446     0.615505    -0.504753
     0.94172     0.863811     0.226234    0.0809308     -1.17741     -1.62554    -0.272076     0.228156    -0.943079     0.874057
     0.94172     0.995165     0.291147     0.127442     -1.86638     -2.67119    -0.711269    -0.930966     0.634684    -0.529087
     0.94172     0.945848     0.266551     0.109633     -1.59486     -2.26786    -0.537356    -0.441852   -0.0894354     0.146018
     0.94172     0.910905     0.249277    0.0972327     -1.41042     -1.98893    -0.420261    -0.132251     -0.51027     0.520903
     0.94172     0.867337     0.227892     0.080521     -1.17409     -1.62048    -0.280415     0.221682    -0.952916      0.85121
     0.94172     0.949297     0.268251     0.110404     -1.60717     -2.28656    -0.548639    -0.469466   -0.0522422     0.101527
     0.94172     0.945407     0.266327      0.10922     -1.58951     -2.25938    -0.535649    -0.435886    -0.098563     0.147328
     0.94172     0.910734     0.249143    0.0960141     -1.39289     -1.96425    -0.417487    -0.114421    -0.545401     0.531063
     0.94172     0.909438     0.248529    0.0960766     -1.39483     -1.96476     -0.41446    -0.112274     -0.54212      0.53446
     0.94172     0.871537     0.229891    0.0808233     -1.17419      -1.6287    -0.290742     0.209993    -0.954271     0.844068
     0.94172     0.997576     0.292368     0.128209     -1.87829     -2.68908    -0.720409    -0.958499     0.681321    -0.577132
     0.94172     0.952501     0.269838      0.11143     -1.62166     -2.30979    -0.559344    -0.497264   -0.0133831     0.065881
     0.94172     0.913484      0.25048    0.0966848     -1.40001      -1.9793    -0.425427    -0.130196    -0.529409     0.518684
     0.94172     0.873589     0.230868    0.0810117     -1.17148      -1.6328    -0.295398     0.206695    -0.958515     0.851622
     0.94172     0.998459     0.292804     0.128599     -1.88198     -2.69717    -0.723131    -0.964946     0.689534    -0.577378
     0.94172     0.998935     0.293032     0.128856     -1.88778     -2.70307    -0.724699    -0.969265     0.691992     -0.58116
     0.94172      1.00804     0.297605     0.132183     -1.93919     -2.77877    -0.758021     -1.06696     0.844885     -0.72709
     0.94172      1.00386     0.295509     0.130625     -1.91538     -2.74351    -0.742918     -1.02328      0.77813    -0.665164
     0.94172     0.999723     0.293433     0.129113     -1.89206     -2.70912    -0.727809    -0.979044     0.709007    -0.599336
     0.94172     0.998102     0.292605      0.12859     -1.88294     -2.69667    -0.721267    -0.958051     0.671921    -0.558654
     0.94172      1.00778     0.297466     0.132113     -1.93758     -2.77691    -0.756729     -1.06214     0.835031    -0.715203
     0.94172     0.998245     0.292675     0.128649     -1.88359     -2.69792    -0.721696    -0.959012     0.672928    -0.558686
     0.94172      1.00861     0.297879     0.132422     -1.94206     -2.78384    -0.759641     -1.07033     0.847261    -0.725762
     0.94172      1.00166     0.294389     0.129894     -1.90258     -2.72618    -0.734114    -0.995134     0.729111     -0.61167
     0.94172      1.00809      0.29762     0.132237     -1.93895     -2.77956    -0.757728     -1.06463     0.838383    -0.716631
     0.94172      1.00115     0.294157       0.1296     -1.89978     -2.72041    -0.733246    -0.995546     0.736545    -0.627314
     0.94172     0.995611     0.291377     0.127557     -1.86839     -2.67404    -0.713098    -0.936837      0.64558    -0.541562
     0.94172     0.996654     0.291903     0.127902     -1.87372     -2.68203    -0.717005    -0.948491     0.664887    -0.561041
     0.94172      1.00182     0.294471     0.129946     -1.90304     -2.72732    -0.734724    -0.996985     0.732689    -0.614565
     0.94172      1.00232     0.294746         0.13     -1.90597     -2.72962    -0.737648     -1.00883     0.758681    -0.649399
     0.94172      1.00332     0.295249     0.130344     -1.91116      -2.7375    -0.741368     -1.01992     0.776998    -0.667282
     0.94172      1.00432     0.295754     0.130695     -1.91586     -2.74538    -0.744986     -1.03032     0.793903    -0.682176
     0.94172      1.00469     0.295936     0.130865     -1.91769     -2.74895    -0.746165     -1.03329     0.797817    -0.682973
     0.94172      1.00408     0.295624     0.130673     -1.91431     -2.74435    -0.743698     -1.02538     0.783784    -0.667425
     0.94172       1.0023     0.294723      0.13006     -1.90451     -2.73015    -0.736883      -1.0045     0.748693    -0.631646
     0.94172      1.00214     0.294636      0.13004     -1.90423     -2.72952    -0.736042     -1.00128     0.741162    -0.622995
     0.94172      1.00854     0.297856     0.132355     -1.94031     -2.78239    -0.759769     -1.07185     0.854044    -0.732661
     0.94172      1.01359     0.300396     0.134218     -1.96935     -2.82481     -0.77838     -1.12686     0.940633    -0.815692
     0.94172       1.0165      0.30185     0.135309     -1.98643     -2.84955    -0.788831     -1.15694     0.985562     -0.85786
     0.94172      1.01007     0.298619     0.132946     -1.94958     -2.79571    -0.765137     -1.08685     0.875029     -0.75166
     0.94172      1.00946     0.298334     0.132635     -1.94522      -2.7892    -0.763722     -1.08519     0.879421    -0.760861
     0.94172      1.01322     0.300224     0.134032     -1.96693     -2.82096    -0.777592     -1.12629     0.944297    -0.822761
     0.94172      1.01343     0.300322     0.134134     -1.96819     -2.82308    -0.778105     -1.12704     0.943574    -0.820174
     0.94172      1.00926     0.298226     0.132589     -1.94415     -2.78793    -0.762735     -1.08156     0.871917    -0.751683
     0.94172      1.00955     0.298382     0.132643     -1.94606     -2.78963    -0.764217     -1.08712     0.883171    -0.766938
     0.94172      1.01372     0.300477     0.134196     -1.97012     -2.82492    -0.779587     -1.13267     0.955091    -0.835303
     0.94172      1.01121     0.299187     0.133368     -1.95624      -2.8053    -0.769235     -1.09872     0.892912     -0.76871
     0.94172      1.01821     0.302715     0.135922     -1.99696     -2.86384    -0.795507     -1.17795      1.02079    -0.895046
     0.94172      1.01359     0.300391     0.134219     -1.97064     -2.82509    -0.778425     -1.12725     0.940183    -0.818065
     0.94172       1.0139      0.30054     0.134352     -1.97229      -2.8279    -0.779269      -1.1288     0.940513    -0.816329
     0.94172      1.01908     0.303148     0.136259     -2.00183     -2.87132    -0.798475     -1.18593      1.03163    -0.903701
     0.94172      1.01461     0.300894     0.134619     -1.97601     -2.83384    -0.781728     -1.13555     0.950349    -0.824332
     0.94172      1.01968     0.303446     0.136484     -2.00499     -2.87633    -0.800551     -1.19166      1.03999    -0.910563
     0.94172      1.01964     0.303426     0.136467     -2.00487       -2.876    -0.800436     -1.19144      1.03979    -0.910782
     0.94172      1.01473     0.300955     0.134663     -1.97685     -2.83488    -0.782221     -1.13717     0.953108    -0.827478
     0.94172      1.00932     0.298259     0.132592     -1.94587     -2.78846    -0.763262     -1.08411     0.876596    -0.760849
     0.94172      1.01512     0.301177     0.134747     -1.97907     -2.83739    -0.784626     -1.14723     0.976168    -0.855213
     0.94172      1.01452     0.300876      0.13451      -1.9754     -2.83208      -0.7825     -1.14125     0.967697     -0.84765
     0.94172      1.00948     0.298343     0.132635     -1.94647     -2.78949     -0.76395     -1.08641     0.881236    -0.765774
     0.94172      1.00906     0.298127     0.132517     -1.94468     -2.78666    -0.762189     -1.08054     0.869709    -0.753459
     0.94172      1.01574     0.301482     0.134985     -1.98272     -2.84274     -0.78676     -1.15317     0.984439    -0.862435
     0.94172      1.01163     0.299411     0.133486     -1.95947     -2.80853    -0.771379     -1.10692     0.909296    -0.789623
     0.94172      1.01745     0.302341      0.13563      -1.9926     -2.85732    -0.792948     -1.17108      1.01172    -0.887652
     0.94172      1.03809     0.312743     0.143313     -2.11094       -3.032    -0.869873     -1.40152      1.38249     -1.24039
     0.94172      1.04161     0.314523     0.144627     -2.13138     -3.06198    -0.883261     -1.44252      1.45037     -1.30595
     0.94172      1.03665     0.312014     0.142778      -2.1027      -3.0198    -0.864369     -1.38455        1.354      -1.2129
     0.94172      1.04021     0.313814     0.144099     -2.12316     -3.04996    -0.877993     -1.42663      1.42478     -1.28145
     0.94172      1.04315     0.315301     0.145202     -2.14032     -3.07509     -0.88914     -1.46063      1.48063     -1.33524
     0.94172      1.03933     0.313371     0.143774      -2.1181     -3.04253    -0.874635     -1.41625       1.4073     -1.26447
     0.94172      1.04507     0.316273     0.145921     -2.15152      -3.0915    -0.896495     -1.48336      1.51872     -1.37213
     0.94172      1.04404     0.315754     0.145537     -2.14553     -3.08273    -0.892565     -1.47122      1.49835      -1.3524
     0.94172      1.04091      0.31417     0.144361     -2.12724     -3.05595    -0.880684     -1.43495      1.43871     -1.29498
     0.94172      1.04235     0.314899     0.144901     -2.13564     -3.06825    -0.886205     -1.45201      1.46732     -1.32272
     0.94172      1.04759     0.317552     0.146868     -2.16628     -3.11313    -0.906211     -1.51353      1.56955     -1.42144
     0.94172      1.04582     0.316654     0.146204     -2.15592     -3.09795    -0.899392     -1.49236      1.53386     -1.38683
     0.94172      1.04297     0.315217     0.145136     -2.13931     -3.07363    -0.888631     -1.45957      1.48012     -1.33518
     0.94172      1.04623     0.316868     0.146358     -2.15835     -3.10152    -0.901092     -1.49795      1.54408     -1.39704
     0.94172      1.04867     0.318103     0.147277     -2.17266     -3.12246    -0.910399     -1.52656      1.59158     -1.44286
     0.94172        1.048     0.317763     0.147025     -2.16871      -3.1167    -0.907812      -1.5185      1.57796     -1.42961
     0.94172      1.04675     0.317127     0.146551     -2.16135     -3.10591    -0.903066     -1.50409      1.55447     -1.40715
     0.94172      1.04721     0.317364     0.146726     -2.16411     -3.10993    -0.904893     -1.50987      1.56445     -1.41696
     0.94172      1.04966     0.318604     0.147648     -2.17848     -3.13096    -0.914235     -1.53858      1.61206     -1.46285
     0.94172      1.04894     0.318235     0.147375      -2.1742     -3.12471    -0.911412     -1.52973      1.59697     -1.44811
     0.94172      1.04753     0.317527     0.146847       -2.166     -3.11268    -0.906135     -1.51375      1.57103     -1.42338
     0.94172      1.04842     0.317976      0.14718      -2.1712     -3.12029    -0.909538     -1.52429       1.5887     -1.44053
     0.94172      1.04971     0.318627     0.147665     -2.17878     -3.13135    -0.914422     -1.53921       1.6132     -1.46411
     0.94172      1.04979     0.318667     0.147695     -2.17922     -3.13203    -0.914721     -1.54011      1.61468     -1.46545
     0.94172      1.04856     0.318049     0.147233     -2.17206     -3.12152    -0.910096     -1.52605      1.59171     -1.44351
     0.94172      1.04831     0.317921     0.147138     -2.17061     -3.11936     -0.90915      -1.5232       1.5871     -1.43921
     0.94172      1.04947     0.318505     0.147574      -2.1774     -3.12928    -0.913516     -1.53647      1.60872     -1.45994
     0.94172      1.04957     0.318559     0.147614       -2.178     -3.13019    -0.913909     -1.53764      1.61058     -1.46162
     0.94172      1.04832     0.317926     0.147142     -2.17068     -3.11944    -0.909188     -1.52332       1.5873     -1.43944
     0.94172      1.04902     0.318281     0.147406      -2.1748     -3.12547    -0.911855     -1.53148      1.60072     -1.45236
     0.94172      1.03299     0.310162     0.141414     -2.08153      -2.9887    -0.850494     -1.34228      1.28442     -1.14582
     0.94172       1.0317     0.309516     0.140934     -2.07394     -2.97776    -0.845726     -1.32805      1.26199     -1.12415
     0.94172      1.03379     0.310575     0.141703     -2.08589     -2.99537    -0.853813     -1.35331      1.30519     -1.16644
     0.94172      1.03233     0.309838     0.141165      -2.0775     -2.98306    -0.848248     -1.33617      1.27652     -1.13852
     0.94172      1.03475     0.311061     0.142059     -2.09145      -3.0035    -0.857482     -1.36459      1.32399     -1.18476
     0.94172      1.03544     0.311409     0.142315     -2.09544     -3.00935    -0.860118     -1.37272      1.33761     -1.19803
     0.94172      1.03606     0.311727     0.142547     -2.09908     -3.01466    -0.862518     -1.38013      1.35002     -1.21014
     0.94172      1.03768     0.312542     0.143148     -2.10846     -3.02837    -0.868672     -1.39906      1.38155     -1.24081
     0.94172      1.03805     0.312735     0.143288     -2.11068      -3.0316    -0.870145     -1.40367      1.38943     -1.24859
     0.94172       1.0389     0.313165     0.143606     -2.11566     -3.03885    -0.873406     -1.41375      1.40628     -1.26504
     0.94172      1.03929     0.313362     0.143751     -2.11794     -3.04217    -0.874897     -1.41837      1.41404     -1.27263
     0.94172      1.04049     0.313968     0.144198     -2.12494     -3.05238    -0.879451     -1.43231      1.43706     -1.29497
     0.94172      1.04087     0.314161     0.144341      -2.1272     -3.05566    -0.880915     -1.43683      1.44458     -1.30232
     0.94172      1.04162      0.31454     0.144622     -2.13161     -3.06207    -0.883765     -1.44557      1.45902     -1.31633
     0.94172      1.04188      0.31467     0.144719     -2.13313     -3.06428    -0.884742     -1.44855      1.46388     -1.32106
     0.94172      1.04227     0.314869     0.144867     -2.13546     -3.06765    -0.886219       -1.453      1.47102     -1.32794
     0.94172      1.02536     0.306327      0.13857     -2.03715       -2.924    -0.822275     -1.25836      1.15182     -1.01906
     0.94172      1.02816     0.307735     0.139617     -2.05342     -2.94779    -0.832615     -1.28904      1.20014     -1.06499
     0.94172      1.02658     0.306946     0.139014     -2.04415      -2.9342    -0.827012     -1.27318      1.17718     -1.04429
     0.94172       1.0271     0.307209       0.1392     -2.04714      -2.9385    -0.829048     -1.27964       1.1884     -1.05567
     0.94172      1.02751     0.307416     0.139351     -2.04953     -2.94196    -0.830625     -1.28452       1.1966     -1.06381
     0.94172      1.02824     0.307785     0.139619     -2.05379     -2.94811    -0.833408     -1.29308      1.21082     -1.07787
     0.94172      1.02879     0.308065     0.139821     -2.05706     -2.95275    -0.835521     -1.29957      1.22153     -1.08865
     0.94172      1.02904     0.308192     0.139914     -2.05857      -2.9549    -0.836483     -1.30252      1.22637     -1.09348
     0.94172      1.02974     0.308544     0.140174      -2.0627     -2.96083    -0.839108     -1.31048      1.23925     -1.10607
     0.94172      1.03146      0.30941     0.140821     -2.07286     -2.97556    -0.845506      -1.3296      1.26954     -1.13515
     0.94172      1.04217     0.314818      0.14483     -2.13493     -3.06681    -0.885809     -1.45165      1.46847      -1.3255
     0.94172      1.04233     0.314898     0.144889     -2.13581     -3.06814    -0.886424     -1.45358      1.47185     -1.32875
     0.94172      1.03021     0.308779      0.14035     -2.06552     -2.96485    -0.840844     -1.31566      1.24736     -1.11396
     0.94172      1.03041     0.308869     0.140451     -2.06701     -2.96693    -0.841068      -1.3146      1.24097     -1.10572
     0.94172      1.03205     0.309689     0.141063     -2.07633     -2.98078    -0.847063     -1.33226      1.26871     -1.13155
     0.94172       1.0327     0.310018     0.141308     -2.07999     -2.98631    -0.849442     -1.33918      1.27945     -1.14132
     0.94172      1.03112     0.309226     0.140711     -2.07108     -2.97287    -0.843787     -1.32303      1.25523     -1.11977
     0.94172      1.03237     0.309864     0.141163      -2.0782     -2.98331    -0.848798      -1.3392      1.28416     -1.14887
     0.94172      1.03197     0.309666     0.141013     -2.07588     -2.97992    -0.847357       -1.335      1.27776     -1.14289
     0.94172      1.04743     0.317471     0.146811     -2.16545     -3.11181    -0.905555     -1.51132       1.5653     -1.41732
     0.94172      1.04817     0.317844     0.147087     -2.16972     -3.11812    -0.908405     -1.52023      1.58052     -1.43207
     0.94172      1.04911     0.318325     0.147443     -2.17526     -3.12624    -0.912081     -1.53175      1.60019     -1.45121
     0.94172      1.04969     0.318617     0.147658     -2.17863     -3.13118    -0.914313     -1.53875      1.61216     -1.46289
     0.94172      1.04976     0.318656     0.147687     -2.17909     -3.13184    -0.914612     -1.53969      1.61377     -1.46448
     0.94172      1.04963     0.318589     0.147638     -2.17834     -3.13072    -0.914106     -1.53812      1.61109     -1.46193
     0.94172      1.04882     0.318175     0.147331     -2.17359     -3.12371    -0.910943     -1.52823       1.5942     -1.44557
     0.94172      1.04786     0.317689     0.146971     -2.16798     -3.11549     -0.90723     -1.51662      1.57442     -1.42634
     0.94172      1.03589     0.311628     0.142494     -2.09838     -3.01333    -0.861474     -1.37573      1.33937     -1.19899
     0.94172      1.03607     0.311721      0.14256     -2.09953     -3.01489     -0.86223     -1.37826      1.34393     -1.20386
     0.94172      1.03808     0.312737     0.143305      -2.1112     -3.03193    -0.869923     -1.40204      1.38381     -1.24285
     0.94172      1.03491     0.311139     0.142126     -2.09293     -3.00506    -0.857973      -1.3657      1.32416     -1.18551
     0.94172      1.04563     0.316561     0.146128     -2.15504     -3.09634    -0.898837     -1.49123      1.53316     -1.38736
     0.94172      1.04666     0.317084     0.146518     -2.16106     -3.10521    -0.902749     -1.50313      1.55265     -1.40596
     0.94172       1.0485     0.318018     0.147211      -2.1718     -3.12102    -0.909826     -1.52505      1.58953     -1.44149
     0.94172       1.0475      0.31751     0.146833     -2.16594      -3.1124    -0.906023     -1.51348      1.57057     -1.42339
     0.94172      1.04176     0.314604     0.144674     -2.13253     -3.06324     -0.88418     -1.44656      1.45971     -1.31701
     0.94172      1.04233     0.314894     0.144889     -2.13586     -3.06813    -0.886321     -1.45297      1.47001     -1.32681
     0.94172      1.03567      0.31152     0.142404     -2.09729     -3.01143    -0.860863     -1.37462      1.33914     -1.20017
     0.94172      1.03835     0.312875     0.143405     -2.11279     -3.03423     -0.87099     -1.40541      1.38965     -1.24866
     0.94172      1.04162     0.314529     0.144625     -2.13173     -3.06205    -0.883452     -1.44369      1.45334     -1.31025
     0.94172      1.04052     0.313974     0.144214     -2.12537     -3.05269    -0.879294     -1.43101      1.43248     -1.29022
     0.94172      1.03781     0.312604       0.1432     -2.10967      -3.0296     -0.86905     -1.39984      1.38131     -1.24115
     0.94172      1.03233     0.309839     0.141153     -2.07802     -2.98302     -0.84847     -1.33767      1.28026     -1.14451
     0.94172      1.04555     0.316522     0.146099     -2.15459     -3.09567    -0.898495     -1.49001      1.53069     -1.38487
     0.94172      1.04522     0.316353     0.145973     -2.15264     -3.09281    -0.897244     -1.48625      1.52468     -1.37915
     0.94172      1.04918     0.318358     0.147464     -2.17571     -3.12678    -0.912403     -1.53303      1.60296     -1.45443
     0.94172      1.04891     0.318225     0.147364     -2.17416     -3.12451    -0.911424     -1.53013      1.59842     -1.45016
     0.94172      1.04099     0.314213     0.144387     -2.12808     -3.05667    -0.881176     -1.43709      1.44335     -1.30107
     0.94172      1.04411     0.315793     0.145559     -2.14622     -3.08335    -0.892994     -1.47307      1.50242     -1.35765
     0.94172      1.04511       0.3163     0.145935     -2.15204     -3.09192    -0.896818     -1.48484      1.52205     -1.37654
     0.94172      1.04232     0.314888     0.144885      -2.1358     -3.06804    -0.886258      -1.4527      1.46935     -1.32612
     0.94172       1.0333     0.310332     0.141511     -2.08359     -2.99122    -0.852223     -1.34933      1.30005     -1.16387
     0.94172      1.04587     0.316683      0.14622     -2.15645     -3.09842    -0.899705      -1.4937      1.53678     -1.39067
     0.94172      1.04566     0.316577     0.146141     -2.15523     -3.09662    -0.898907     -1.49124      1.53267     -1.38672
     0.94172      1.04528     0.316386     0.145999     -2.15303     -3.09338    -0.897459     -1.48677      1.52519     -1.37952
     0.94172      1.04441     0.315943     0.145671     -2.14794      -3.0859     -0.89411     -1.47645      1.50791     -1.36286
     0.94172      1.04612     0.316809     0.146314      -2.1579     -3.10056    -0.900664     -1.49667      1.54178     -1.39547
     0.94172      1.04526     0.316375      0.14599      -2.1529      -3.0932    -0.897431     -1.48689      1.52588     -1.38034
     0.94172      1.04811      0.31782     0.147062     -2.16945     -3.11764    -0.908388     -1.52087      1.58325     -1.43553
     0.94172      1.04961     0.318579     0.147629     -2.17822     -3.13053    -0.914052     -1.53805      1.61122      -1.4622
     0.94172      1.04154       0.3145     0.144592     -2.13116     -3.06139    -0.883467     -1.44468      1.45758     -1.31499
     0.94172      1.04715     0.317332     0.146702     -2.16374     -3.10938     -0.90466      -1.5092      1.56344     -1.41603
     0.94172      1.04877     0.318153     0.147314     -2.17324     -3.12331    -0.910777     -1.52773      1.59352     -1.44474
     0.94172      1.03893      0.31318     0.143616     -2.11583     -3.03909    -0.873525     -1.41416      1.40707     -1.26587
     0.94172      1.04253      0.31499     0.144968      -2.1367      -3.0698     -0.88691     -1.45424      1.47117      -1.3265
     0.94172      1.04538     0.316432     0.146039     -2.15336     -3.09419    -0.897698     -1.48708      1.52494     -1.37816
     0.94172      1.03564     0.311515     0.142392     -2.09664      -3.0111    -0.860919     -1.37521      1.34184      -1.2022
     0.94172      1.04213     0.314786     0.144822     -2.13442     -3.06641    -0.885235     -1.44856      1.46033     -1.31557
     0.94172      1.03761     0.312497     0.143134     -2.10824     -3.02791    -0.867986     -1.39559      1.37217     -1.23045
     0.94172      1.04345     0.315454     0.145315     -2.14208     -3.07767    -0.890283     -1.46413      1.48639     -1.34078
     0.94172      1.04416     0.315815     0.145582     -2.14625     -3.08377    -0.893021     -1.47259      1.50055     -1.35451
     0.94172      1.04494      0.31621     0.145875      -2.1508     -3.09045    -0.896008     -1.48181      1.51599     -1.36945
     0.94172      1.04544     0.316464     0.146064     -2.15376     -3.09476     -0.89792     -1.48768       1.5257     -1.37885
     0.94172      1.04618     0.316838      0.14634     -2.15805     -3.10106    -0.900774     -1.49661      1.54091     -1.39364
     0.94172       1.0477     0.317606     0.146909      -2.1669     -3.11405    -0.906614     -1.51475      1.57156     -1.42337
     0.94172        1.048     0.317763     0.147025     -2.16872      -3.1167    -0.907806     -1.51846      1.57782     -1.42945
     0.94172      1.04857     0.318048     0.147236     -2.17202     -3.12153    -0.909971     -1.52519      1.58916     -1.44047
     0.94172      1.04848     0.318001     0.147202     -2.17151     -3.12075    -0.909606     -1.52401      1.58704     -1.43841
     0.94172      1.04904     0.318288     0.147414     -2.17481      -3.1256    -0.911803     -1.53092       1.5989     -1.44997
     0.94172       1.0497     0.318622     0.147662     -2.17869     -3.13127    -0.914368     -1.53897      1.61264     -1.46339
     0.94172       1.0498     0.318676     0.147702     -2.17932     -3.13217    -0.914777     -1.54026      1.61485     -1.46558
     0.94172      1.04973      0.31864     0.147675     -2.17893     -3.13157     -0.91451     -1.53944      1.61347     -1.46432
     0.94172      1.04926     0.318399     0.147497     -2.17616      -3.1275    -0.912665     -1.53366      1.60357     -1.45472
     0.94172      1.04956     0.318552     0.147609     -2.17792     -3.13007    -0.913848     -1.53742      1.61014     -1.46119
     0.94172      1.04944     0.318493     0.147565     -2.17726     -3.12908    -0.913419     -1.53614      1.60811     -1.45934
     0.94172      1.04922     0.318379      0.14748     -2.17595     -3.12715    -0.912558     -1.53349      1.60366     -1.45508
     0.94172      1.04864     0.318087     0.147263     -2.17259     -3.12218    -0.910335     -1.52659      1.59203     -1.44386
     0.94172      1.04697     0.317241     0.146635     -2.16286     -3.10787    -0.903918     -1.50669      1.55847     -1.41151
     0.94172      1.04586     0.316678     0.146218      -2.1564     -3.09836     -0.89965     -1.49345      1.53616     -1.38994
     0.94172      1.04577     0.316631     0.146181     -2.15585     -3.09754    -0.899311     -1.49248      1.53472     -1.38867
     0.94172      1.04566     0.316578     0.146142     -2.15524     -3.09664    -0.898909     -1.49124      1.53264     -1.38668
     0.94172      1.04537     0.316431     0.146033     -2.15355     -3.09415    -0.897793     -1.48778      1.52682     -1.38106
     0.94172      1.04462     0.316049      0.14575     -2.14917      -3.0877    -0.894907     -1.47887      1.51188     -1.36665
     0.94172      1.04211      0.31478     0.144811     -2.13461      -3.0663    -0.885329     -1.44939      1.46269     -1.31918
     0.94172      1.03924     0.313327      0.14374     -2.11797     -3.04185    -0.874372     -1.41569      1.40651     -1.26484
     0.94172      1.03911     0.313259     0.143691     -2.11718     -3.04072    -0.873831     -1.41393      1.40335     -1.26161
     0.94172      1.03718      0.31228     0.142973     -2.10592     -3.02429    -0.866415       -1.391      1.36489     -1.22403
     0.94172      1.03698     0.312177     0.142899     -2.10467     -3.02257    -0.865592     -1.38829      1.36006     -1.21894
     0.94172      1.04267      0.31506     0.145025     -2.13758     -3.07104    -0.887297     -1.45488      1.47079     -1.32567
     0.94172      1.03862     0.313006      0.14351     -2.11409     -3.03649     -0.87181     -1.40728      1.39146     -1.24908
     0.94172       1.0438     0.315631     0.145447     -2.14413     -3.08067    -0.891618     -1.46821      1.49313     -1.34729
     0.94172      1.04424     0.315855     0.145613     -2.14672     -3.08446    -0.893315     -1.47346      1.50191      -1.3558
     0.94172      1.04468     0.316078     0.145777     -2.14929     -3.08822    -0.894998     -1.47865      1.51058     -1.36419
     0.94172      1.04527     0.316375     0.145999     -2.15278     -3.09328    -0.897236     -1.48552      1.52189     -1.37516
     0.94172       1.0466     0.317049     0.146496     -2.16049     -3.10463    -0.902367     -1.50151      1.54908     -1.40154
     0.94172      1.04783     0.317671     0.146957     -2.16766     -3.11516    -0.907106     -1.51626      1.57405     -1.42577
     0.94172      1.04796     0.317741     0.147009     -2.16847     -3.11633    -0.907634      -1.5179      1.57682     -1.42847
     0.94172      1.04835     0.317939     0.147156     -2.17077     -3.11969    -0.909137     -1.52256      1.58464     -1.43606
     0.94172      1.04803     0.317772     0.147034     -2.16889      -3.1169    -0.907856     -1.51852      1.57761     -1.42924
     0.94172      1.04911     0.318324     0.147441     -2.17524     -3.12622    -0.912074     -1.53174       1.6002     -1.45122
     0.94172      1.04971     0.318629     0.147668     -2.17878     -3.13139    -0.914414     -1.53908      1.61276     -1.46349
     0.94172      1.04979     0.318667     0.147696     -2.17922     -3.13203    -0.914706        -1.54      1.61434     -1.46505
     0.94172      1.04969     0.318616     0.147657     -2.17864     -3.13116    -0.914312     -1.53878      1.61226     -1.46309
     0.94172      1.04876     0.318148     0.147311     -2.17327     -3.12325    -0.910738      -1.5276      1.59317      -1.4446
     0.94172      1.04947     0.318506     0.147575      -2.1774     -3.12929    -0.913492     -1.53629      1.60816     -1.45927
     0.94172      1.04939     0.318465     0.147544     -2.17694      -3.1286    -0.913199     -1.53544      1.60686     -1.45811
     0.94172      1.04926       0.3184     0.147496      -2.1762      -3.1275    -0.912709     -1.53393      1.60433     -1.45569
     0.94172      1.04876     0.318145     0.147306     -2.17326     -3.12318     -0.91077      -1.5279      1.59414     -1.44585
     0.94172      1.04725     0.317382      0.14674     -2.16449     -3.11027    -0.904976      -1.5099      1.56374     -1.41651
     0.94172      1.04524     0.316364     0.145986      -2.1528     -3.09307    -0.897261     -1.48602      1.52357      -1.3777
     0.94172       1.0456     0.316544     0.146118     -2.15486     -3.09608    -0.898641     -1.49036      1.53103     -1.38505
     0.94172      1.04535     0.316421     0.146026     -2.15344     -3.09399     -0.89771      -1.4875      1.52627     -1.38049
     0.94172      1.04485     0.316166     0.145838     -2.15052     -3.08969    -0.895785     -1.48155      1.51628     -1.37084
     0.94172      1.04263     0.315043     0.145007     -2.13763     -3.07074    -0.887298     -1.45538      1.47253     -1.32859
     0.94172      1.04019     0.313807     0.144095     -2.12347     -3.04994    -0.877965     -1.42663      1.42449     -1.28209
     0.94172      1.04021     0.313816     0.144103     -2.12357     -3.05011    -0.878009     -1.42666       1.4243     -1.28174
     0.94172      1.03833     0.312863     0.143403      -2.1126      -3.0341    -0.870788     -1.40434      1.38688     -1.24521
     0.94172      1.03813     0.312761     0.143329     -2.11136     -3.03239    -0.869975     -1.40168      1.38215     -1.24026
     0.94172      1.04746     0.317486      0.14682     -2.16567     -3.11205    -0.905711     -1.51198      1.56677     -1.41912
     0.94172      1.04871     0.318123     0.147292     -2.17299     -3.12282    -0.910553     -1.52704      1.59227     -1.44376
     0.94172      1.04939     0.318463     0.147544     -2.17691     -3.12858    -0.913168     -1.53527      1.60641     -1.45757
     0.94172      1.04935     0.318447     0.147531     -2.17673     -3.12829    -0.913056     -1.53498      1.60605     -1.45732
     0.94172      1.04922     0.318382     0.147483     -2.17599      -3.1272    -0.912568     -1.53347      1.60353      -1.4549
     0.94172      1.04874     0.318139     0.147302     -2.17319     -3.12308    -0.910717     -1.52772      1.59379      -1.4455
     0.94172      1.04747     0.317491     0.146821     -2.16574      -3.1121    -0.905792     -1.51242      1.56793     -1.42053
     0.94172      1.04692     0.317213     0.146616     -2.16255     -3.10743    -0.903667     -1.50575       1.5565     -1.40936
     0.94172      1.04604     0.316767      0.14629     -2.15731     -3.09991    -0.900203     -1.49469      1.53726     -1.39006
     0.94172      1.04562     0.316552      0.14613     -2.15481     -3.09627    -0.898579     -1.48968      1.52891     -1.38196
     0.94172      1.04672     0.317113     0.146544     -2.16124     -3.10572    -0.902852     -1.50301      1.55157     -1.40395
     0.94172      1.04778     0.317648      0.14694      -2.1674     -3.11476    -0.906925     -1.51569      1.57305     -1.42479
     0.94172      1.04794      0.31773     0.147001     -2.16835     -3.11616    -0.907552     -1.51764      1.57634     -1.42799
     0.94172      1.04824     0.317884     0.147115     -2.17013     -3.11876    -0.908712     -1.52123      1.58234     -1.43382
     0.94172      1.04789     0.317702     0.146982     -2.16808     -3.11571    -0.907323     -1.51686      1.57481      -1.4265
     0.94172      1.04701     0.317257     0.146653     -2.16296      -3.1082    -0.903931     -1.50628      1.55683     -1.40906
     0.94172      1.04165     0.314542     0.144645     -2.13175     -3.06238    -0.883376     -1.44275       1.4503     -1.30594
     0.94172      1.03935      0.31338     0.143786     -2.11838     -3.04278    -0.874623      -1.4159      1.40578     -1.26291
     0.94172       1.0428     0.315122     0.145071     -2.13831      -3.0721    -0.887766     -1.45631      1.47316     -1.32797
     0.94172      1.04382     0.315643     0.145456     -2.14428     -3.08087    -0.891703     -1.46846      1.49351     -1.34764
     0.94172      1.04427     0.315871     0.145624      -2.1469     -3.08473    -0.893429     -1.47379      1.50241     -1.35627
     0.94172      1.04461      0.31604     0.145749     -2.14885     -3.08757    -0.894702     -1.47772      1.50897     -1.36262
     0.94172      1.04494     0.316206     0.145874     -2.15083     -3.09042    -0.895954     -1.48155      1.51525     -1.36873
     0.94172      1.04372     0.315592      0.14542      -2.1438     -3.08007    -0.891307      -1.4672      1.49118     -1.34547
     0.94172      1.04092     0.314176      0.14437     -2.12768     -3.05617    -0.880695     -1.43482      1.43767     -1.29454
     0.94172      1.03926     0.313333     0.143749     -2.11797     -3.04199    -0.874313     -1.41511      1.40469     -1.26237
     0.94172      1.03907     0.313238     0.143681     -2.11683     -3.04041    -0.873564     -1.41268      1.40038     -1.25789
     0.94172      1.04169     0.314562      0.14466       -2.132     -3.06272    -0.883531     -1.44324      1.45112      -1.3068
     0.94172      1.04396     0.315709     0.145507     -2.14517     -3.08206    -0.892193     -1.46994      1.49574     -1.34993
     0.94172      1.04566      0.31657     0.146144     -2.15506     -3.09659    -0.898708     -1.49006      1.52943     -1.38249
     0.94172      1.04676     0.317129     0.146558     -2.16151     -3.10604    -0.902956     -1.50325      1.55168     -1.40414
     0.94172      1.04728     0.317393     0.146752     -2.16458     -3.11049    -0.904981     -1.50963      1.56261     -1.41491
     0.94172       1.0468     0.317152     0.146573     -2.16184     -3.10642    -0.903177     -1.50411      1.55347     -1.40621
     0.94172      1.04642     0.316961      0.14643     -2.15965     -3.10317    -0.901748     -1.49977      1.54636     -1.39951
     0.94172      1.04416     0.315813      0.14558     -2.14647     -3.08378    -0.893067     -1.47299      1.50155     -1.35627
     0.94172       1.0421     0.314773     0.144811     -2.13454     -3.06625     -0.88521     -1.44875      1.46099     -1.31708
     0.94172      1.04419     0.315829     0.145591     -2.14666     -3.08404    -0.893198     -1.47342      1.50232     -1.35709
     0.94172      1.04497     0.316226     0.145884     -2.15122     -3.09074    -0.896218      -1.4828      1.51818     -1.37251
     0.94172      1.04544     0.316464     0.146059     -2.15394     -3.09473     -0.89803     -1.48846       1.5278     -1.38191
     0.94172      1.04528     0.316384     0.145999     -2.15302     -3.09337    -0.897429     -1.48662      1.52476     -1.37901
     0.94172      1.04478     0.316132     0.145812     -2.15012     -3.08912    -0.895521     -1.48072      1.51487     -1.36945
     0.94172      1.04289     0.315174     0.145104     -2.13914     -3.07296    -0.888283      -1.4584      1.47751     -1.33337
     0.94172      1.04082     0.314124     0.144329      -2.1271     -3.05528     -0.88035     -1.43395      1.43663     -1.29379
     0.94172      1.04214      0.31479     0.144823     -2.13474     -3.06653    -0.885355     -1.44926      1.46197     -1.31813
     0.94172      1.04383     0.315644     0.145459     -2.14441     -3.08096    -0.891705     -1.46843      1.49321     -1.34745
     0.94172      1.04572     0.316604     0.146169     -2.15544     -3.09716    -0.898968     -1.49086      1.53081     -1.38381
     0.94172      1.04698     0.317243     0.146642      -2.1628     -3.10795    -0.903818     -1.50592       1.5562     -1.40846
     0.94172      1.04706     0.317284     0.146672     -2.16329     -3.10864    -0.904128     -1.50688      1.55779     -1.41003
     0.94172      1.04762     0.317566     0.146881     -2.16658     -3.11342    -0.906301     -1.51373      1.56955     -1.42165
     0.94172      1.04719     0.317349     0.146719      -2.1641     -3.10974     -0.90467     -1.50874      1.56128     -1.41377
     0.94172      1.04422     0.315847     0.145605     -2.14686     -3.08436    -0.893332     -1.47382      1.50296     -1.35768
     0.94172      1.04657     0.317035     0.146484      -2.1605     -3.10441    -0.902314     -1.50156      1.54946     -1.40257
     0.94172      1.04181     0.314627     0.144703     -2.13286     -3.06378    -0.884118     -1.44543      1.45553     -1.31188
     0.94172      1.04125     0.314339     0.144495     -2.12942     -3.05895    -0.881844     -1.43804      1.44245     -1.29838
     0.94172     0.613534     0.109574   -0.0443196    -0.440135     0.644441     0.330379      1.06756    -0.950189      -1.6439
     0.94172     0.637295     0.120331   -0.0458627    -0.491664     0.698583     0.281527       1.0311     -1.02232     -1.61378
     0.94172     0.642957     0.123016   -0.0466836    -0.483485     0.713537     0.271601      1.02937     -1.03092     -1.66476
     0.94172     0.618373      0.11189   -0.0449543    -0.428549     0.654932     0.322682      1.06861    -0.955762     -1.69504
     0.94172     0.568068    0.0891475   -0.0420892    -0.349167     0.552185     0.420694      1.12308    -0.794188     -1.69036
     0.94172     0.582595    0.0958574   -0.0430236    -0.348562     0.577708     0.395156      1.11659    -0.828802     -1.74243
     0.94172     0.542963    0.0787723   -0.0420861    -0.213602     0.496944     0.477097      1.16824    -0.626073      -1.8893
     0.94172     0.524266    0.0703486   -0.0419808    -0.210571     0.475833     0.510284      1.17451    -0.568058     -1.86573
     0.94172     0.527918    0.0738258   -0.0392388 -0.000512494     0.410367     0.516734        1.201    -0.374025     -2.03238
     0.94172     0.507696    0.0647296   -0.0398783   -0.0156011     0.399547     0.552576      1.20553    -0.321486     -2.01329
     0.94172     0.598153     0.102646   -0.0434562    -0.407192     0.611271     0.361553      1.08891     -0.89943      -1.6633
     0.94172     0.608453     0.107421    -0.044348    -0.407098      0.63271      0.34297      1.08281    -0.922806     -1.70643
     0.94172     0.663061     0.132068   -0.0480133    -0.550486     0.764797     0.227127     0.984843     -1.09024      -1.5822
     0.94172     0.669883     0.135278   -0.0490423     -0.54747     0.785286     0.214171      0.97902     -1.10168     -1.62952
     0.94172     0.579845    0.0934937   -0.0367748    -0.459603     0.516639     0.389721      1.08985    -0.918611     -1.30064
     0.94172     0.553327    0.0817269   -0.0378455    -0.406268     0.496852     0.439947       1.1133    -0.812651     -1.40691
     0.94172      0.53378    0.0727835   -0.0365126    -0.388273     0.458982     0.474786      1.12612    -0.759284     -1.36686
     0.94172     0.563858    0.0861041   -0.0349023    -0.440055     0.474835     0.420416      1.10839    -0.881175     -1.25866
     0.94172     0.733882     0.163973   -0.0301252    -0.656382     0.539253    0.0728135     0.881775     -1.42674    -0.702434
     0.94172     0.640499     0.120855   -0.0345423    -0.574341      0.55064     0.268708      1.01501     -1.13655     -1.03557
     0.94172     0.630348     0.116132   -0.0327958    -0.558255     0.514556     0.289696      1.03264     -1.11838     -1.00443
     0.94172      0.52829    0.0708664   -0.0394218    -0.335698     0.478818     0.489882      1.14084     -0.69231     -1.56294
     0.94172     0.512115    0.0634642   -0.0385644    -0.326038     0.451665     0.517839      1.14806    -0.648124     -1.52616
     0.94172     0.503061     0.060732    -0.041657    -0.209833     0.450213     0.546428      1.17876    -0.507705      -1.8224
     0.94172     0.488331    0.0541421   -0.0415915    -0.201734     0.432584     0.571908      1.18256    -0.458925     -1.80895
     0.94172     0.767292     0.179657   -0.0283221     -0.61143      0.51818  0.000476065     0.841257     -1.52659    -0.658276
     0.94172     0.731034     0.162613    -0.027727    -0.642708     0.494792    0.0797611     0.893974     -1.43519    -0.653222
     0.94172     0.608015     0.106544   -0.0406833    -0.494092     0.601267     0.335006      1.05442     -0.97811     -1.39384
     0.94172     0.485434    0.0542349   -0.0411871   -0.0768713     0.401512      0.58774      1.20294    -0.314863     -1.95703
     0.94172     0.544326    0.0764195   -0.0248362    -0.446763     0.329361     0.454516      1.13021    -0.897808    -0.870406
     0.94172     0.634102     0.119711   -0.0447178    -0.308303     0.641338       0.3012      1.09411    -0.953935     -1.91296
     0.94172     0.662098     0.132302   -0.0466469    -0.371548     0.707549     0.242589      1.05179     -1.05465     -1.88393
     0.94172     0.596627     0.103281   -0.0419795    -0.180375     0.543274     0.380175      1.14949    -0.770717     -1.98788
     0.94172     0.634837     0.120715   -0.0408757    -0.141855     0.558794     0.305871      1.12649    -0.880434     -2.01328
     0.94172     0.682571     0.142581   -0.0378899    -0.067691     0.549027     0.203648      1.07596     -1.01837     -1.96122
     0.94172     0.711551     0.155004   -0.0463533    -0.355758     0.744892     0.139256     0.999079      -1.2185     -1.87473
     0.94172     0.661855     0.132408    -0.044964    -0.304444      0.67035     0.245763      1.06952     -1.03957     -1.93003
     0.94172     0.786623     0.189515   -0.0356155    -0.289512     0.622934   -0.0393612     0.869458     -1.52133     -1.34156
     0.94172     0.774652     0.184004   -0.0402209    -0.319501     0.694126  -0.00816755     0.893561     -1.46194     -1.53759
     0.94172     0.796211     0.194051   -0.0256569    -0.180518      0.45014   -0.0690428     0.850127     -1.57034     -1.01585
     0.94172     0.795483     0.193476   -0.0307265    -0.316601     0.548685   -0.0630695     0.842502     -1.57885     -1.06095
     0.94172      0.78918     0.190588   -0.0395494    -0.382117     0.701513    -0.044363     0.849064     -1.52034     -1.36018
     0.94172     0.794882     0.193008     -0.02727    -0.376547     0.493661   -0.0624579     0.833696     -1.60009    -0.844316
     0.94172     0.797289     0.194338   -0.0227178    -0.249916      0.40521   -0.0708154     0.843119     -1.60646    -0.810191
     0.94172      0.79841     0.194992   -0.0215816    -0.185155     0.381035   -0.0750198     0.846046     -1.60046    -0.835844
     0.94172     0.793439     0.192108   -0.0346048    -0.562144     0.638748   -0.0586673     0.798285     -1.56461    -0.870329
     0.94172     0.772028     0.181912   -0.0349181    -0.669431     0.643895   -0.0125518     0.806167     -1.49081    -0.767921
     0.94172     0.769126     0.180527   -0.0315875    -0.641245     0.580229  -0.00463847     0.825571     -1.50962    -0.714178
     0.94172     0.791694     0.191309     -0.02995     -0.50008     0.549163   -0.0537267     0.821279     -1.59038    -0.802845
     0.94172     0.791339     0.191185   -0.0255111    -0.438497      0.46471   -0.0528829     0.836903     -1.61038    -0.728842
     0.94172     0.725616     0.162312   -0.0340804  -0.00523974         0.52     0.102319      1.00549     -1.16411     -1.80632
     0.94172     0.749035     0.172244   -0.0439074    -0.332356     0.735244    0.0541498     0.943078     -1.35427     -1.74571
     0.94172     0.760534     0.178362   -0.0293987    0.0485152     0.467758    0.0131626     0.928044     -1.29328     -1.56732
     0.94172     0.697011     0.147936   -0.0512643     -0.53316     0.839253     0.161777     0.957575     -1.16426      -1.7485
     0.94172     0.678907     0.139778   -0.0487861     -0.45167      0.76992     0.204083      1.00897     -1.11589     -1.81895
     0.94172     0.731598      0.16397   -0.0519968     -0.51844     0.877833    0.0896154     0.919038     -1.26559     -1.78258
     0.94172     0.720959      0.15918   -0.0491047    -0.437223     0.809366      0.11624      0.96264     -1.24673     -1.83283
     0.94172     0.762955     0.178471   -0.0504339    -0.499951      0.87655    0.0193288     0.873719     -1.37366     -1.69672
     0.94172     0.755424     0.175074    -0.047087    -0.416319     0.803675    0.0385423     0.912181     -1.36879     -1.72508
     0.94172     0.783186     0.187794   -0.0479414    -0.495474     0.851597    -0.029086     0.834932       -1.452     -1.54365
     0.94172     0.778267     0.185578   -0.0439905     -0.40801     0.770502   -0.0165135     0.868507     -1.46155     -1.54461
     0.94172     0.666197     0.133238   -0.0461339     -0.60075     0.749972     0.216005     0.961943     -1.11784     -1.40035
     0.94172     0.638523     0.120516   -0.0432735    -0.547249     0.674318     0.273597      1.01018     -1.05643     -1.39878
     0.94172     0.659924     0.129888   -0.0377455    -0.607231      0.61874      0.22811     0.979527     -1.17034     -1.08414
     0.94172     0.688001     0.142965   -0.0426197    -0.661091     0.723909     0.167813      0.92086     -1.21013     -1.14163
     0.94172     0.746851     0.170128   -0.0379432    -0.710855     0.688195    0.0414705     0.830744     -1.40044    -0.840686
     0.94172     0.738997     0.166401   -0.0333173    -0.677418      0.59972    0.0605271     0.862062     -1.41689     -0.76152
     0.94172     0.627644     0.114663   -0.0272533     -0.55064      0.42697     0.295678      1.04597     -1.14809    -0.827039
     0.94172     0.570478    0.0897322   -0.0401658    -0.409137     0.542896     0.410173      1.10372    -0.845257     -1.50734
     0.94172     0.545004     0.078488   -0.0403645    -0.347872     0.508661     0.460393      1.13208    -0.740164     -1.59881
     0.94172     0.507144    0.0625798   -0.0417069    -0.210285     0.455078     0.539484      1.17795    -0.519505     -1.82988
     0.94172     0.490847     0.056641   -0.0410714   -0.0773444     0.406039     0.578318      1.20193    -0.332034     -1.95988
     0.94172     0.766083     0.179074   -0.0245148    -0.582356     0.446577   0.00428746     0.856096     -1.54611    -0.584712
     0.94172     0.730628     0.162401   -0.0258811    -0.633454      0.46128     0.081318     0.900381     -1.44549    -0.612765
     0.94172     0.789929     0.190509   -0.0226537    -0.421686     0.411459   -0.0494661     0.845601     -1.62089    -0.656981
     0.94172       0.6265     0.114032   -0.0237211    -0.544677     0.370392      0.29861      1.05386     -1.16449    -0.718236
     0.94172     0.726687     0.161032   -0.0499566     -0.74958     0.884294    0.0812843     0.823365     -1.24265     -1.19349
     0.94172     0.708412     0.152745   -0.0514934    -0.695154     0.884597     0.124048     0.869909     -1.18807       -1.388
     0.94172     0.762081     0.177354   -0.0452262    -0.772511     0.831123   0.00383163     0.768546     -1.36835    -0.938879
     0.94172     0.779961     0.185691   -0.0414132    -0.729449     0.769822    -0.033619     0.760291     -1.45237     -0.85822
     0.94172     0.799488     0.194959   -0.0422694    -0.662325     0.788516   -0.0758015     0.745967     -1.51274    -0.955991
     0.94172     0.794454     0.192661   -0.0328142    -0.501556     0.602164    -0.060815     0.809869     -1.57711    -0.885474
     0.94172     0.797609     0.194311   -0.0368373     -0.45253     0.669188   -0.0667754     0.813793     -1.56423     -1.10481
     0.94172     0.806443     0.198375   -0.0466911    -0.632815     0.866427   -0.0907611     0.737235     -1.50456     -1.15271
     0.94172     0.793298     0.192426   -0.0437886    -0.474584     0.787287   -0.0544104      0.81843     -1.50921     -1.37109
     0.94172     0.802452     0.196642   -0.0505223    -0.611636     0.925872    -0.079007     0.753666     -1.47359     -1.36666
     0.94172     0.711401     0.154277   -0.0535145    -0.674441       0.9143     0.120267     0.874685     -1.18219     -1.51466
     0.94172     0.714966     0.155979     -0.05428    -0.668089     0.927813     0.113714     0.873112     -1.18705     -1.55862
     0.94172     0.776578     0.184648   -0.0644313    -0.878427      1.17991   -0.0363888     0.661434     -1.19707     -1.37621
     0.94172     0.777943     0.185309   -0.0648686    -0.873416      1.18706   -0.0387162     0.662093     -1.19948     -1.40598
     0.94172     0.807156     0.199074   -0.0708963    -0.989517       1.3303    -0.115631     0.529917     -1.14329     -1.27409
     0.94172     0.807765      0.19937   -0.0711564     -0.98479      1.33412    -0.116327     0.532191     -1.14654     -1.29846
     0.94172     0.861888     0.225264   -0.0850764     -1.22261      1.65133    -0.270453     0.221379    -0.899208    -0.982043
     0.94172     0.862823     0.225718   -0.0854257      -1.2236      1.65805    -0.272769     0.217974    -0.896227    -0.990505
     0.94172     0.918201     0.252725    -0.102539     -1.50031      2.04021    -0.448035    -0.203118    -0.407692    -0.483883
     0.94172     0.918851     0.253044    -0.102797     -1.50225      2.04542    -0.449919    -0.207083    -0.402813    -0.484938
     0.94172     0.952799     0.269811    -0.114358     -1.68665      2.30192    -0.565173    -0.512784    0.0108819    -0.074531
     0.94172     0.953514     0.270164    -0.114628     -1.68983      2.30763    -0.567466    -0.518444    0.0184431   -0.0702569
     0.94172     0.974898     0.280795    -0.122222     -1.81048      2.47582    -0.642665    -0.727082      0.31896       0.2247
     0.94172     0.976176     0.281432    -0.122691      -1.8174      2.48607    -0.647135     -0.73941     0.336939     0.240832
     0.94172      0.98422     0.285444    -0.125587     -1.86352      2.55024    -0.675934    -0.821068      0.45806     0.360103
     0.94172     0.985272     0.285968    -0.125976      -1.8693      2.55876    -0.679642    -0.831399     0.473296     0.373818
     0.94172     0.994467     0.290565    -0.129329     -1.92232      2.63295    -0.712896     -0.92683      0.61739     0.514652
     0.94172     0.817345     0.203488   -0.0554813     -0.83818      1.05324     -0.12745     0.614747     -1.38677     -1.02389
     0.94172     0.832296     0.210684   -0.0639233    -0.951324       1.2257     -0.17159     0.508144     -1.27988     -1.02213
     0.94172     0.831919     0.210505   -0.0639019    -0.952731      1.22528    -0.170821      0.50818     -1.27838     -1.01894
     0.94172     0.823396     0.206717   -0.0710566    -0.942758      1.33716    -0.147473     0.531361     -1.21638     -1.38013
     0.94172     0.804233     0.197647   -0.0653142    -0.828799      1.20716   -0.0931138     0.643817     -1.28958     -1.49518
     0.94172      0.79299     0.192399   -0.0660505    -0.848144      1.21345   -0.0689323     0.653016     -1.24394     -1.50135
     0.94172     0.815681     0.203112   -0.0716799    -0.960071       1.3443    -0.131242      0.53476     -1.18009     -1.37739
     0.94172     0.783779     0.188078   -0.0656506    -0.858942      1.20153   -0.0496999     0.661602     -1.21622     -1.47016
     0.94172     0.810992     0.200906   -0.0715514    -0.969964       1.3403    -0.121725      0.53667     -1.16234     -1.35311
     0.94172     0.775104     0.183895   -0.0631376    -0.887852      1.15968    -0.034438     0.659238     -1.19999     -1.30045
     0.94172     0.806521     0.198739    -0.070028    -0.996682      1.31694    -0.115235      0.52684     -1.14416     -1.21803
     0.94172     0.777929     0.185121   -0.0611556    -0.897814      1.13126   -0.0418632     0.651358     -1.22015       -1.192
     0.94172     0.806461     0.198642   -0.0681605    -0.995386      1.28582    -0.115219     0.530018     -1.16194     -1.14611
     0.94172     0.794949     0.192972   -0.0579203    -0.904344      1.08969   -0.0802309     0.623697     -1.28616     -1.02613
     0.94172     0.816808      0.20342   -0.0658181    -0.996781      1.25414    -0.139077     0.512454     -1.20369     -1.02726
     0.94172     0.804929     0.197615   -0.0556073    -0.879711      1.05288    -0.101099     0.620728     -1.33944    -0.976013
     0.94172     0.824056     0.206794   -0.0642694    -0.979716      1.23011    -0.154418     0.509795     -1.24287    -0.992236
     0.94172      0.82721     0.208473   -0.0698185    -0.925716      1.31675    -0.154991     0.535466     -1.24866     -1.36409
     0.94172     0.812405      0.20144   -0.0641273    -0.817271      1.19226    -0.111591     0.634364     -1.32594     -1.45129
     0.94172     0.830453     0.209965   -0.0686516    -0.915633      1.29823    -0.162074     0.535215     -1.27232     -1.33062
     0.94172     0.816242     0.203212   -0.0630653    -0.809588      1.17649    -0.120461      0.63036     -1.34663     -1.41202
     0.94172     0.837125      0.21308   -0.0679787    -0.930499      1.29477    -0.180117     0.508927     -1.27699     -1.23248
     0.94172     0.822919     0.206291   -0.0613628    -0.814081      1.15402    -0.137588     0.612315     -1.37022     -1.30228
     0.94172     0.841513     0.215132   -0.0676527    -0.962923      1.29794    -0.194362     0.475797     -1.25863     -1.10816
     0.94172     0.826501      0.20791   -0.0597799    -0.841375      1.13407    -0.149003     0.588697     -1.37203     -1.15365
     0.94172     0.985967     0.286323    -0.126153     -1.87072       2.5627    -0.682172    -0.838466     0.486386     0.385434
     0.94172     0.975278     0.280986    -0.122245     -1.80849      2.47623    -0.643687     -0.72851     0.322123     0.224621
     0.94172     0.977086     0.281886    -0.122985     -1.82074      2.49245    -0.650206    -0.747386     0.349152     0.250311
     0.94172     0.986671      0.28667    -0.126465       -1.876      2.56948    -0.684639    -0.845442     0.495387     0.393528
     0.94172     0.978581      0.28263    -0.123553     -1.83041      2.50503    -0.655594    -0.762874      0.37142     0.273026
     0.94172     0.987373     0.287018    -0.126741     -1.88092       2.5756    -0.687156    -0.852664     0.505294     0.403917
     0.94172      0.97402     0.280359    -0.121889     -1.80573      2.46861     -0.63965    -0.718924     0.307375     0.215105
     0.94172     0.983692     0.285182    -0.125382     -1.86065      2.54582     -0.67412    -0.816145     0.451043     0.354538
     0.94172     0.971244     0.278982    -0.120763     -1.78985      2.44446    -0.630163    -0.693209     0.271476     0.187795
     0.94172     0.981558     0.284124    -0.124523     -1.84842      2.52737     -0.66684    -0.796492       0.4239     0.333676
     0.94172     0.970627     0.278677    -0.120433     -1.78545      2.43763    -0.628068    -0.687393     0.263726     0.184567
     0.94172     0.981469     0.284083    -0.124419     -1.84735      2.52542    -0.666693    -0.796479     0.425243     0.338191
     0.94172     0.970031     0.278381    -0.120095     -1.78063       2.4306    -0.625971    -0.681267     0.255372     0.180313
     0.94172     0.981305     0.284004    -0.124276     -1.84544      2.52258    -0.666211     -0.79526     0.424631     0.340445
     0.94172     0.971883     0.279302    -0.120668     -1.78945      2.44349    -0.632424    -0.698767     0.281194     0.206828
     0.94172     0.983583     0.285144    -0.125056     -1.85757      2.53997    -0.674447     -0.81877      0.46087     0.376554
     0.94172     0.973524     0.280119    -0.121201     -1.79725      2.45533    -0.638135     -0.71427     0.304246     0.229081
     0.94172     0.985287     0.285997    -0.125641     -1.86641      2.55296    -0.680574    -0.836144     0.487687     0.402638
     0.94172     0.976844     0.281775    -0.122412     -1.81459      2.48178    -0.649776    -0.746463     0.352208      0.27137
     0.94172     0.987912      0.28731    -0.126598     -1.88026      2.57392    -0.689933    -0.862538     0.528049     0.439088
     0.94172     0.977567     0.282135     -0.12277     -1.81842      2.48908    -0.652164    -0.752761     0.361224       0.2737
     0.94172     0.988512     0.287609    -0.126886     -1.88345      2.57983    -0.691914    -0.867734     0.535348     0.441307
     0.94172     0.977624     0.282162    -0.122882     -1.81935      2.49113    -0.652252    -0.752842     0.360599     0.268994
     0.94172     0.988225     0.287462    -0.126843     -1.88215      2.57856    -0.690701    -0.863817     0.528199     0.431184
     0.94172     0.977244      0.28197    -0.122844     -1.81819      2.48989    -0.650792    -0.748603     0.353267     0.258171
     0.94172     0.987255     0.286972    -0.126554     -1.87718      2.57186    -0.686986    -0.852628     0.509523     0.410154
     0.94172     0.751956     0.173284   -0.0568173    -0.643314     0.993623    0.0380304     0.834935     -1.27932     -1.68874
     0.94172     0.776674     0.184765   -0.0558598    -0.626916     0.996068   -0.0170131     0.800224     -1.36172     -1.63742
     0.94172     0.953854     0.270315    -0.114208     -1.68042      2.29923    -0.567325    -0.512209   0.00645355   -0.0786368
     0.94172     0.953718     0.270252     -0.11434     -1.68208       2.3016    -0.567046    -0.512539   0.00752718   -0.0821065
     0.94172     0.794358     0.192946   -0.0543669    -0.631249     0.986659    -0.059294     0.763199     -1.42056     -1.51578
     0.94172     0.871809     0.229997   -0.0863747     -1.21995      1.68034    -0.293793     0.198402    -0.905125      -1.0111
     0.94172      0.87316     0.230625   -0.0861128     -1.21605      1.67635    -0.296618     0.198513    -0.914006     -1.00735
     0.94172     0.920424     0.253784    -0.102717     -1.49366      2.04377      -0.4526    -0.203548    -0.416374      -0.5054
     0.94172     0.922039     0.254569    -0.103033     -1.49892      2.05138    -0.457511    -0.214078    -0.405176    -0.489832
     0.94172     0.952873     0.269835    -0.114133     -1.67874      2.29676    -0.564236    -0.505504  -0.00206591   -0.0933284
     0.94172     0.878047     0.232879   -0.0839111     -1.21342      1.64299    -0.309295     0.186793    -0.935515    -0.890312
     0.94172     0.875772     0.231792   -0.0839781     -1.19775      1.63953    -0.301364     0.207078    -0.954015    -0.959175
     0.94172     0.918201     0.252621   -0.0999663     -1.46365      1.99036    -0.443247    -0.167939    -0.479401    -0.500166
     0.94172     0.922976     0.254988    -0.102123     -1.49168      2.03563      -0.4593    -0.211166    -0.419252    -0.464867
     0.94172     0.956761     0.271756    -0.114804     -1.69525      2.31458    -0.577799    -0.541143    0.0477391   -0.0167151
     0.94172     0.956278     0.271516    -0.114763     -1.69179      2.31279    -0.575825    -0.535002    0.0387503   -0.0348369
     0.94172     0.997792     0.292259    -0.130333     -1.93887      2.65621    -0.726058    -0.967821     0.689596     0.593875
     0.94172     0.997966     0.292344    -0.130442     -1.93961      2.65831    -0.726514     -0.96865     0.690184     0.590862
     0.94172     0.728924     0.162538   -0.0559041    -0.657939     0.962638    0.0861561     0.860541     -1.21601     -1.64122
     0.94172      0.86491      0.22672   -0.0858631      -1.2203      1.66636    -0.277256     0.215316    -0.899034     -1.01338
     0.94172       0.9199     0.253554      -0.1031     -1.50383      2.05162    -0.452726     -0.21181     -0.39844    -0.487596
     0.94172     0.953007     0.269911    -0.114443     -1.68581      2.30336    -0.565504     -0.51236   0.00950371   -0.0816166
     0.94172     0.997501     0.292084    -0.130446     -1.93958      2.65761    -0.723922    -0.958648       0.6662     0.561276
     0.94172     0.869372     0.228858   -0.0867182     -1.22936      1.68582    -0.289082       0.1962     -0.88749     -1.00359
     0.94172     0.916676     0.251962    -0.101872     -1.48127      2.02422    -0.441311    -0.179487    -0.442022     -0.53517
     0.94172     0.951907     0.269363    -0.113993     -1.67737      2.29332    -0.561377    -0.499863  -0.00863236    -0.101377
     0.94172     0.997043     0.291857    -0.130272     -1.93648      2.65372     -0.72228     -0.95396     0.659724     0.554397
     0.94172     0.874154     0.231059   -0.0850603     -1.20294      1.65724    -0.297611     0.207329    -0.939101    -0.999784
     0.94172     0.923714     0.255374    -0.103135     -1.50213      2.05507    -0.462337    -0.222828    -0.398531    -0.471348
     0.94172      0.99635     0.291523    -0.129939     -1.93088      2.64666    -0.720132    -0.948759     0.655914     0.552534
     0.94172     0.996847     0.291764    -0.130175     -1.93464      2.65164    -0.721696    -0.952616     0.659288      0.55418
     0.94172     0.923778     0.255394    -0.102751     -1.49861       2.0481    -0.462223    -0.220413    -0.404417    -0.463768
     0.94172     0.955416     0.271089    -0.114597     -1.68771      2.30848    -0.572755    -0.526674    0.0269041   -0.0526652
     0.94172     0.859912     0.224296   -0.0841051     -1.21697      1.63257    -0.265125     0.231715    -0.911514    -0.966014
     0.94172      0.86121     0.224894    -0.083511     -1.22035      1.62435    -0.268942     0.225615    -0.912929     -0.92228
     0.94172     0.917498     0.252378    -0.102186     -1.49753      2.03324    -0.445955    -0.198401    -0.413868     -0.48123
     0.94172     0.913775     0.250536    -0.100433     -1.47636      1.99694    -0.433744    -0.166343    -0.457614    -0.499856
     0.94172     0.950733     0.268789    -0.113578     -1.67576      2.28511    -0.558239    -0.494526   -0.0142013   -0.0943661
     0.94172     0.945318     0.266104    -0.111439     -1.64526      2.23906    -0.539766     -0.44463   -0.0838916    -0.149803
     0.94172     0.994047     0.290357    -0.129166     -1.92009      2.62945    -0.711473    -0.923038     0.612104     0.510677
     0.94172      0.99386     0.290272    -0.129046     -1.91911       2.6272    -0.711205    -0.923499     0.615457     0.517981
     0.94172     0.863193     0.225791   -0.0821372     -1.21298      1.60153    -0.273112     0.227218      -0.9331    -0.878808
     0.94172     0.994441     0.290568    -0.129221     -1.92221      2.63129    -0.713543    -0.930903     0.628489     0.532803
     0.94172     0.945189     0.266035    -0.111172      -1.6425      2.23399     -0.53918    -0.442068   -0.0884047    -0.146643
     0.94172     0.910409      0.24886   -0.0986639     -1.45312      1.96025    -0.422065    -0.133081    -0.505266    -0.524799
     0.94172     0.866723     0.227447   -0.0816048     -1.20823      1.59441     -0.28125     0.222103    -0.945777    -0.856503
     0.94172     0.944774     0.265824    -0.110778     -1.63726      2.22609    -0.537504    -0.436108   -0.0978312    -0.148928
     0.94172     0.948653     0.267739     -0.11197     -1.65534      2.25275    -0.550466    -0.469409   -0.0525313    -0.103462
     0.94172     0.908845     0.248066   -0.0974496     -1.43639      1.93551    -0.415833    -0.111837    -0.539042    -0.540643
     0.94172     0.910165     0.248691   -0.0973851     -1.43444      1.93512    -0.418916    -0.114041    -0.542384    -0.537395
     0.94172     0.871163     0.229562   -0.0819342     -1.20748      1.60327     -0.29212     0.210142    -0.947414    -0.851855
     0.94172     0.996802     0.291762    -0.129983     -1.93419      2.64856     -0.72251    -0.957796     0.673574     0.579888
     0.94172     0.951875     0.269331    -0.113008     -1.67022      2.27565    -0.561183    -0.496844   -0.0150697   -0.0687888
     0.94172     0.912911     0.250026   -0.0980553     -1.44175      1.94994    -0.426874     -0.12982    -0.526428    -0.524884
     0.94172     0.873154      0.23051   -0.0821334     -1.20498      1.60773    -0.296631     0.206987    -0.951567    -0.860325
     0.94172     0.997658     0.292185    -0.130371     -1.93803      2.65648    -0.725188    -0.964239     0.681966     0.580438
     0.94172     0.998999     0.292851    -0.130916     -1.94868       2.6687    -0.730147    -0.979013     0.702168     0.603595
     0.94172      1.00313     0.294923     -0.13245     -1.97272       2.7026    -0.745315     -1.02332     0.770845     0.670071
     0.94172      1.00737     0.297043    -0.134053     -1.99759      2.73783    -0.760686     -1.06768     0.838134     0.733567
     0.94172     0.998161     0.292425    -0.130637     -1.94399      2.66232    -0.726851    -0.968743     0.684608     0.584672
     0.94172      1.00708     0.296892    -0.133971      -1.9958      2.73579    -0.759282     -1.06248      0.82764      0.72086
     0.94172     0.997534     0.292102    -0.130447     -1.94023      2.65778    -0.724163    -0.959734     0.668184     0.565165
     0.94172      1.00794      0.29732    -0.134298     -2.00062      2.74291    -0.762327     -1.07106     0.840387     0.732103
     0.94172     0.997627     0.292147    -0.130488     -1.94061       2.6586    -0.724416    -0.960196     0.668452     0.564502
     0.94172      1.00747     0.297084    -0.134125     -1.99767      2.73904    -0.760553     -1.06571     0.831982     0.723265
     0.94172      1.00088     0.293778     -0.13169     -1.95926      2.68515    -0.736301    -0.994692     0.721688     0.615567
     0.94172      1.00048       0.2936    -0.131433     -1.95696      2.68029     -0.73579    -0.996039     0.730188     0.632376
     0.94172     0.995919     0.291317    -0.129685     -1.92969       2.6419    -0.719232    -0.948173     0.657862     0.564284
     0.94172     0.994938     0.290823    -0.129358     -1.92458      2.63456    -0.715553    -0.937258     0.639953     0.545887
     0.94172       1.0011     0.293888    -0.131764     -1.96011      2.68676    -0.737114    -0.997123     0.726082     0.619307
     0.94172      1.00156     0.294146    -0.131806     -1.96282      2.68866    -0.739886     -1.00837     0.750602     0.653131
     0.94172      1.00255     0.294642    -0.132151     -1.96811      2.69635    -0.743579     -1.01936      0.76861     0.670961
     0.94172      1.00355     0.295147     -0.13251     -1.97306      2.70421    -0.747233      -1.0299     0.785703     0.686312
     0.94172      1.00392     0.295329    -0.132682     -1.97499      2.70777    -0.748424     -1.03294     0.789732     0.687287
     0.94172      1.00328     0.295002    -0.132477     -1.97135      2.70301    -0.745844     -1.02475     0.775442     0.671237
     0.94172      1.00135     0.294029      -0.1318     -1.96039      2.68781    -0.738472     -1.00231     0.738334     0.632922
     0.94172      1.00146     0.294077    -0.131881      -1.9617      2.68941    -0.738612     -1.00191     0.735116     0.628354
     0.94172      1.00945     0.298082    -0.134847     -2.00871      2.75504    -0.768007     -1.08807     0.868633     0.758856
     0.94172       1.0158     0.301272    -0.137218     -2.04624      2.80751    -0.791546     -1.15758     0.977448     0.865212
     0.94172      1.01261     0.299675    -0.136004     -2.02696      2.78076    -0.779977     -1.12426     0.927763     0.817639
     0.94172      1.00757     0.297149    -0.134122     -1.99717      2.73916    -0.761382      -1.0695     0.842425     0.734415
     0.94172      1.00849     0.297615    -0.134432     -2.00227      2.74621    -0.765059     -1.08126     0.863269     0.756589
     0.94172      1.01271     0.299734     -0.13602     -2.02736      2.78129    -0.780676     -1.12732     0.935167      0.82644
     0.94172       1.0124     0.299586    -0.135878     -2.02544      2.77835    -0.779791     -1.12547     0.934138     0.827366
     0.94172      1.00866     0.297706    -0.134466     -2.00316      2.74716    -0.765922      -1.0845     0.870057     0.765212
     0.94172      1.01311     0.299943     -0.13612     -2.02989       2.7839    -0.782546     -1.13403      0.94817     0.843268
     0.94172      1.00886     0.297811    -0.134516     -2.00464      2.74848     -0.76683     -1.08761     0.875545     0.773064
     0.94172      1.01055     0.298632    -0.135262     -2.01536      2.76421    -0.772007     -1.09965     0.885987     0.775726
     0.94172      1.01837     0.302563    -0.138177     -2.06199      2.82883    -0.801169     -1.18634      1.02255     0.910836
     0.94172      1.01321     0.299966    -0.136248     -2.03163      2.78616    -0.781949     -1.12933     0.932487     0.823046
     0.94172      1.01308     0.299912    -0.136185     -2.03103      2.78495    -0.781798     -1.12983     0.935364     0.827852
     0.94172      1.01771     0.302237    -0.137916     -2.05821      2.82323    -0.798976     -1.18068      1.01549     0.905635
     0.94172      1.01398     0.300355    -0.136544     -2.03605      2.79262     -0.78473     -1.13723     0.944325      0.83366
     0.94172       1.0189     0.302826    -0.138378     -2.06497      2.83322     -0.80304      -1.1916      1.03034     0.917692
     0.94172      1.01887     0.302813     -0.13837     -2.06473      2.83302    -0.802922     -1.19118      1.02961      0.91661
     0.94172      1.01373     0.300226     -0.13645     -2.03441      2.79052    -0.783754     -1.13426     0.939633     0.828596
     0.94172      1.00869     0.297725     -0.13447     -2.00444       2.7475    -0.766204     -1.08578     0.871786     0.770128
     0.94172      1.01371     0.300243    -0.136364     -2.03411      2.78927    -0.784736     -1.14039       0.9571     0.852291
     0.94172      1.01434     0.300555    -0.136612     -2.03804      2.79469    -0.786956     -1.14664     0.965908     0.860337
     0.94172      1.00853     0.297637    -0.134424     -2.00377       2.7464    -0.765485      -1.0834     0.867081     0.765096
     0.94172      1.01486     0.300813    -0.136818     -2.04125      2.79918     -0.78876     -1.15161     0.972665     0.866266
     0.94172      1.00815     0.297446    -0.134301     -2.00183      2.74361    -0.763977      -1.0786     0.858448     0.755981
     0.94172      1.01676     0.301766    -0.137545     -2.05258      2.81516    -0.795692     -1.17169      1.00315     0.895023
     0.94172      1.01092     0.298828    -0.135361     -2.01828      2.76687    -0.773958     -1.10727     0.901345     0.795963
     0.94172      1.03605     0.311471    -0.144833     -2.16662      2.97613    -0.867731     -1.38638      1.34428      1.22458
     0.94172      1.04097     0.313959    -0.146697       -2.196      3.01743    -0.886571     -1.44404      1.43931      1.31789
     0.94172      1.03739      0.31215     -0.14534     -2.17458      2.98737    -0.872901     -1.40232       1.3709      1.25071
     0.94172      1.03869     0.312804    -0.145828     -2.18225      2.99819    -0.877871      -1.4176      1.39632      1.27576
     0.94172      1.04241     0.314685    -0.147241      -2.2046      3.02951    -0.892085     -1.46099      1.46738      1.34552
     0.94172      1.03958     0.313255    -0.146164     -2.18757      3.00565    -0.881305      -1.4282      1.41398      1.29322
     0.94172      1.04176     0.314362    -0.146995     -2.20071      3.02407    -0.889727     -1.45413      1.45702      1.33567
     0.94172      1.04028     0.313611    -0.146431     -2.19179      3.01157    -0.884014     -1.43654      1.42784       1.3069
     0.94172      1.04334     0.315156    -0.147595     -2.21019      3.03734    -0.895661     -1.47199       1.4856      1.36345
     0.94172      1.04432     0.315651    -0.147967     -2.21609       3.0456    -0.899432     -1.48362      1.50492      1.38249
     0.94172      1.04539     0.316197    -0.148375     -2.22255      3.05467    -0.903683     -1.49712      1.52833       1.4059
     0.94172      1.04245     0.314708    -0.147254     -2.20482      3.02984    -0.892372     -1.46233      1.47073      1.34924
     0.94172      1.04517     0.316081    -0.148291     -2.22121      3.05278    -0.902716     -1.49377      1.52186      1.39919
     0.94172      1.04686     0.316936    -0.148934     -2.23138      3.06705    -0.909244     -1.51399      1.55565      1.43253
     0.94172      1.04651     0.316765    -0.148802     -2.22934      3.06416    -0.908042      -1.5107      1.55119      1.42859
     0.94172      1.04598     0.316493    -0.148598     -2.22609      3.05963    -0.905949     -1.50413      1.54003      1.41746
     0.94172      1.04726     0.317141    -0.149089     -2.23383      3.07048    -0.910814     -1.51885       1.5638      1.44058
     0.94172      1.04791     0.317469    -0.149336     -2.23775      3.07596    -0.913322     -1.52664      1.57683      1.45347
     0.94172      1.04764     0.317335    -0.149231     -2.23616      3.07369    -0.912398     -1.52419      1.57371      1.45086
     0.94172      1.04683     0.316928    -0.148925      -2.2313       3.0669    -0.909299     -1.51461      1.55777      1.43512
     0.94172      1.04828     0.317657    -0.149478        -2.24      3.07911    -0.914763     -1.53112      1.58436      1.46093
     0.94172      1.04893     0.317988    -0.149727     -2.24397      3.08464    -0.917312     -1.53909      1.59784      1.47432
     0.94172      1.04757     0.317303    -0.149206     -2.23582      3.07315    -0.912178      -1.5236      1.57291      1.45029
     0.94172      1.04782     0.317427    -0.149301     -2.23727      3.07523    -0.913106      -1.5264      1.57742      1.45456
     0.94172      1.04902     0.318033    -0.149761     -2.24452       3.0854    -0.917663     -1.54021      1.59974      1.47625
     0.94172      1.04887     0.317956    -0.149702     -2.24361       3.0841    -0.917075     -1.53841      1.59677      1.47342
     0.94172      1.04812     0.317579    -0.149415     -2.23913      3.07776    -0.914259     -1.52994      1.58321      1.46043
     0.94172      1.04759     0.317309    -0.149211     -2.23591      3.07326    -0.912231     -1.52377      1.57319      1.45061
     0.94172      1.04884     0.317944    -0.149693     -2.24348       3.0839    -0.916991     -1.53817       1.5964      1.47311
     0.94172      1.04865     0.317846    -0.149618     -2.24233      3.08225    -0.916253     -1.53594      1.59277      1.46966
     0.94172      1.03098     0.308913    -0.142915     -2.13625      2.93365    -0.848561     -1.32856      1.25117      1.13332
     0.94172      1.03219     0.309521    -0.143374     -2.14362      2.94381    -0.853058     -1.34189      1.27189      1.15366
     0.94172      1.03176      0.30931    -0.143206     -2.14083      2.94014    -0.851621     -1.33813      1.26757      1.14965
     0.94172      1.03308     0.309978    -0.143702     -2.14867      2.95115    -0.856707      -1.3538      1.29368      1.17555
     0.94172      1.03435     0.310623     -0.14418     -2.15628      2.96179    -0.861638     -1.36905       1.3192      1.20096
     0.94172      1.03396     0.310427    -0.144036     -2.15396      2.95856     -0.86012      -1.3643       1.3111      1.19282
     0.94172      1.03699     0.311957    -0.145177     -2.17209      2.98391     -0.87174     -1.39998      1.37011      1.25127
     0.94172      1.03493     0.310916    -0.144398     -2.15974      2.96664    -0.863872     -1.37596      1.33072      1.21241
     0.94172      1.03814     0.312539    -0.145612     -2.17902      2.99357    -0.876192     -1.41377      1.39318      1.27427
     0.94172      1.03728     0.312101    -0.145284     -2.17381      2.98629    -0.872861     -1.40352       1.3762      1.25744
     0.94172      1.03985       0.3134    -0.146258      -2.1893       3.0079    -0.882711     -1.43372      1.42592      1.30661
     0.94172      1.03853     0.312736    -0.145759     -2.18138      2.99684    -0.877694     -1.41841      1.40089      1.28196
     0.94172      1.04098     0.313976    -0.146691      -2.1962       3.0175    -0.887068     -1.44706      1.44781      1.32826
     0.94172      1.04018      0.31357    -0.146386     -2.19134      3.01073    -0.884004      -1.4377      1.43252      1.31319
     0.94172      1.04165     0.314313    -0.146946     -2.20027      3.02314    -0.889596     -1.45469      1.46002      1.34028
     0.94172      1.04122     0.314095    -0.146781     -2.19764       3.0195    -0.887967      -1.4498      1.45224      1.33264
     0.94172      1.02777       0.3073    -0.141703     -2.11708      2.90686    -0.836576      -1.2928      1.19455      1.07812
     0.94172      1.02486     0.305838    -0.140601     -2.09967      2.88252    -0.825799     -1.26101      1.14508      1.03029
     0.94172      1.02536     0.306095    -0.140778     -2.10257      2.88655    -0.827881      -1.2679      1.15774      1.04362
     0.94172      1.02625     0.306545    -0.141108     -2.10788      2.89391     -0.83132     -1.27852      1.17546      1.06152
     0.94172      1.02736      0.30711    -0.141525      -2.1146      2.90319    -0.835617     -1.29173      1.19729      1.08349
     0.94172      1.02661      0.30673    -0.141244     -2.11008      2.89694     -0.83274     -1.28293      1.18284      1.06898
     0.94172      1.02822     0.307545    -0.141846     -2.11981      2.91034      -0.8389     -1.30174      1.21358      1.09992
     0.94172       1.0292     0.308035    -0.142213     -2.12574      2.91849    -0.842589     -1.31291      1.23157      1.11789
     0.94172      1.02844     0.307654    -0.141927     -2.12114      2.91215     -0.83973     -1.30428      1.21774      1.10416
     0.94172      1.02953     0.308203    -0.142342     -2.12784      2.92133    -0.843837     -1.31662      1.23727      1.12356
     0.94172      1.04169     0.314332    -0.146961     -2.20053      3.02347    -0.889733     -1.45507      1.46051      1.34076
     0.94172      1.04135     0.314156     -0.14683     -2.19848      3.02056    -0.888396     -1.45095      1.45361      1.33403
     0.94172       1.0307     0.308788    -0.142785     -2.13488      2.93112    -0.848164     -1.32947       1.2574      1.14314
     0.94172      1.03129     0.309073    -0.143035     -2.13852      2.93637    -0.849783     -1.33232      1.25695       1.1399
     0.94172      1.02958     0.308213    -0.142384     -2.12845      2.92205    -0.843485     -1.31387      1.22835      1.11287
     0.94172      1.03198     0.309417    -0.143296      -2.1425       2.9421    -0.852296     -1.33964      1.26827      1.15041
     0.94172      1.03022     0.308535     -0.14262     -2.13222      2.92731    -0.845947      -1.3215      1.24116      1.12576
     0.94172       1.0312     0.309038    -0.142976     -2.13792      2.93534    -0.849987     -1.33477      1.26539      1.15078
     0.94172      1.03161     0.309243    -0.143133      -2.1404       2.9388    -0.851489     -1.33914      1.27201      1.15709
     0.94172      1.04719     0.317106    -0.149064     -2.23353      3.06993    -0.910524     -1.51786      1.56175      1.43872
     0.94172      1.04802     0.317524    -0.149378      -2.2385      3.07691    -0.913738      -1.5279      1.57875      1.45555
     0.94172       1.0488     0.317921    -0.149677      -2.2432      3.08353    -0.916785      -1.5374      1.59484      1.47139
     0.94172        1.049     0.318019    -0.149751     -2.24436      3.08517    -0.917536     -1.53973      1.59874      1.47519
     0.94172      1.04894     0.317993    -0.149731     -2.24404      3.08473    -0.917331     -1.53908      1.59763      1.47406
     0.94172      1.04846      0.31775    -0.149548     -2.24113      3.08067    -0.915456      -1.5332      1.58765      1.46413
     0.94172      1.04751     0.317266    -0.149184     -2.23537      3.07259    -0.911734     -1.52158      1.56798      1.44468
     0.94172      1.04662     0.316813    -0.148844     -2.23002      3.06504    -0.908266      -1.5108      1.54982       1.4268
     0.94172       1.0351      0.31099    -0.144473     -2.16104      2.96817     -0.86412     -1.37547      1.32649      1.20739
     0.94172      1.03414      0.31051    -0.144105      -2.1555      2.96012    -0.860662     -1.36559      1.31167      1.19406
     0.94172      1.03735     0.312128    -0.145319     -2.17462        2.987    -0.872837     -1.40251      1.37172      1.25277
     0.94172      1.03528     0.311085    -0.144542     -2.16225      2.96973    -0.864893     -1.37804      1.33109      1.21239
     0.94172      1.04682     0.316921    -0.148918     -2.23133      3.06676    -0.909255     -1.51453      1.55759       1.4354
     0.94172      1.04771     0.317369    -0.149258     -2.23667      3.07427    -0.912625     -1.52475      1.57416      1.45147
     0.94172      1.04587     0.316439    -0.148556     -2.22564      3.05873    -0.905541     -1.50287      1.53769      1.41574
     0.94172       1.0448     0.315898    -0.148147     -2.21921      3.04968    -0.901475     -1.49055      1.51771      1.39636
     0.94172        1.041     0.313978    -0.146697     -2.19641      3.01762    -0.887021     -1.44663      1.44618       1.3267
     0.94172      1.04164     0.314302    -0.146941     -2.20025      3.02301    -0.889431     -1.45384      1.45767      1.33783
     0.94172         1.04     0.313469     -0.14632     -2.19045      3.00921    -0.883018      -1.4338       1.4236      1.30403
     0.94172      1.04098     0.313966    -0.146695     -2.19634       3.0175    -0.886769     -1.44521      1.44223      1.32221
     0.94172      1.03769     0.312304    -0.145449     -2.17669      2.98989    -0.874182      -1.4067      1.37881      1.25989
     0.94172      1.03487     0.310878    -0.144378     -2.15985      2.96619    -0.863469     -1.37425      1.32611      1.20846
     0.94172      1.03151     0.309193    -0.143105     -2.13992       2.9381    -0.850979      -1.3371      1.26739      1.15198
     0.94172      1.03704     0.311978    -0.145199     -2.17282       2.9844    -0.871818     -1.39986      1.36846      1.25027
     0.94172      1.04452     0.315759    -0.148042     -2.21756      3.04735    -0.900396     -1.48715      1.51188       1.3906
     0.94172      1.04472     0.315856    -0.148115     -2.21871      3.04898    -0.901117      -1.4893      1.51525      1.39385
     0.94172      1.04801     0.317524    -0.149374     -2.23849      3.07686    -0.913842     -1.52864      1.58101      1.45828
     0.94172      1.04836       0.3177    -0.149507      -2.2406       3.0798    -0.915143     -1.53252       1.5871      1.46413
     0.94172      1.04165     0.314305    -0.146944      -2.2003      3.02307    -0.889432     -1.45376      1.45733      1.33744
     0.94172      1.04431     0.315649    -0.147959     -2.21626      3.04552    -0.899543     -1.48445      1.50722      1.38598
     0.94172      1.04336     0.315168    -0.147597     -2.21056       3.0375    -0.895897     -1.47326       1.4887      1.36786
     0.94172      1.04031     0.313631    -0.146438     -2.19233      3.01185    -0.884328     -1.43813      1.43155      1.31219
     0.94172      1.03263     0.309757    -0.143522      -2.1465      2.94737     -0.85527      -1.3503      1.28939      1.17376
     0.94172      1.04501     0.316005    -0.148228     -2.22048      3.05147    -0.902235     -1.49269      1.52075      1.39918
     0.94172      1.04521     0.316105    -0.148304     -2.22167      3.05314       -0.903     -1.49505      1.52469      1.40305
     0.94172      1.04366      0.31532    -0.147712     -2.21236      3.04004    -0.897032     -1.47669      1.49423      1.37321
     0.94172      1.04457      0.31578    -0.148058     -2.21781      3.04771    -0.900525     -1.48742      1.51203      1.39064
     0.94172      1.04448     0.315738    -0.148026      -2.2173        3.047    -0.900253     -1.48678      1.51142      1.39019
     0.94172      1.04532      0.31616    -0.148345     -2.22232      3.05407    -0.903412      -1.4963      1.52672      1.40499
     0.94172      1.04882     0.317931    -0.149683     -2.24332      3.08368    -0.916883     -1.53781      1.59574      1.47242
     0.94172      1.04738     0.317206    -0.149134     -2.23468      3.07154    -0.911451     -1.52139      1.56928      1.44677
     0.94172      1.04089     0.313928    -0.146655     -2.19565      3.01671    -0.886715     -1.44601      1.44612      1.32665
     0.94172      1.04809     0.317559    -0.149404     -2.23884      3.07747    -0.914009     -1.52876      1.58036      1.45695
     0.94172      1.04645     0.316734    -0.148779     -2.22898      3.06365    -0.907823     -1.51007      1.55027      1.42773
     0.94172      1.03817     0.312552    -0.145621     -2.17918      2.99377    -0.876298     -1.41414      1.39389      1.27505
     0.94172      1.04478     0.315884    -0.148143     -2.21887       3.0495    -0.901209      -1.4891      1.51402      1.39146
     0.94172      1.04195     0.314457    -0.147066     -2.20184      3.02565    -0.890461     -1.45644      1.46097      1.33961
     0.94172      1.03453     0.310714    -0.144248     -2.15735      2.96329    -0.862339     -1.37125      1.32293      1.20471
     0.94172      1.03698     0.311941    -0.145186      -2.1722      2.98394    -0.871276     -1.39717      1.36189      1.24187
     0.94172       1.0415     0.314226    -0.146898     -2.19918      3.02188    -0.888587     -1.45019      1.44936      1.32775
     0.94172      1.04272     0.314842    -0.147359     -2.20647      3.03212    -0.893267     -1.46459      1.47326      1.35128
     0.94172      1.04344     0.315206    -0.147633      -2.2108      3.03819    -0.896038     -1.47312       1.4874      1.36521
     0.94172      1.04421     0.315593    -0.147924     -2.21541      3.04465    -0.898985      -1.4822      1.50249      1.38007
     0.94172      1.04473     0.315857    -0.148124     -2.21858      3.04907    -0.900983     -1.48831      1.51247      1.38989
     0.94172      1.04559     0.316293    -0.148451     -2.22374      3.05633    -0.904324      -1.4987      1.52996      1.40716
     0.94172      1.04698     0.316996     -0.14898      -2.2321      3.06806    -0.909699     -1.51537       1.5579      1.43473
     0.94172      1.04727     0.317147    -0.149093      -2.2339      3.07057     -0.91085     -1.51894      1.56388      1.44064
     0.94172      1.04782     0.317424    -0.149302     -2.23722      3.07521    -0.912968     -1.52551      1.57485      1.45149
     0.94172      1.04778     0.317401    -0.149286     -2.23697      3.07484    -0.912782     -1.52488      1.57365      1.45028
     0.94172      1.04839     0.317714    -0.149521     -2.24068      3.08006    -0.915188     -1.53241      1.58643      1.46294
     0.94172      1.04896     0.318004    -0.149739     -2.24416       3.0849    -0.917422     -1.53941      1.59829      1.47475
     0.94172      1.04904     0.318042    -0.149767     -2.24462      3.08554    -0.917717     -1.54034       1.5999      1.47637
     0.94172      1.04889     0.317969    -0.149712     -2.24377      3.08432    -0.917165     -1.53865      1.59707      1.47367
     0.94172      1.04848     0.317758    -0.149554     -2.24128      3.08081    -0.915545     -1.53357      1.58843      1.46515
     0.94172      1.04881     0.317929    -0.149681     -2.24331      3.08364    -0.916866     -1.53775      1.59562      1.47233
     0.94172      1.04863     0.317835     -0.14961      -2.2422      3.08207    -0.916164     -1.53564      1.59222       1.4691
     0.94172       1.0484     0.317718    -0.149522     -2.24082      3.08012     -0.91528     -1.53292       1.5877       1.4647
     0.94172      1.04782     0.317424    -0.149299     -2.23732      3.07519    -0.913033     -1.52597      1.57611      1.45334
     0.94172      1.04611     0.316559    -0.148647     -2.22706      3.06073    -0.906436     -1.50558      1.54207      1.41998
     0.94172      1.04514      0.31607    -0.148279     -2.22126      3.05258    -0.902704     -1.49403      1.52273      1.40096
     0.94172      1.04512     0.316061    -0.148271     -2.22115      3.05241    -0.902657     -1.49396      1.52281      1.40117
     0.94172      1.04502     0.316007     -0.14823     -2.22051      3.05151     -0.90225     -1.49271      1.52076      1.39917
     0.94172      1.04469      0.31584    -0.148104     -2.21853      3.04872    -0.900975     -1.48878      1.51419      1.39273
     0.94172       1.0439     0.315443    -0.147805     -2.21382      3.04209    -0.897956     -1.47949      1.49878      1.37761
     0.94172      1.04144     0.314199    -0.146871      -2.1991      3.02139     -0.88852     -1.45052      1.45084      1.33058
     0.94172      1.03858     0.312751    -0.145785     -2.18197      2.99732    -0.877544      -1.4169      1.39539      1.27606
     0.94172      1.03837     0.312646    -0.145708     -2.18073      2.99561    -0.876731     -1.41433      1.39097      1.27157
     0.94172       1.0364     0.311649    -0.144965     -2.16891       2.9791    -0.869138     -1.39092      1.35207      1.23292
     0.94172      1.03621     0.311552    -0.144894     -2.16769       2.9775    -0.868356     -1.38834      1.34747      1.22796
     0.94172      1.03797      0.31244     -0.14556     -2.17811      2.99223    -0.875041     -1.40865      1.38066       1.2603
     0.94172      1.04207      0.31451    -0.147111     -2.20256      3.02662    -0.890736     -1.45675      1.46012      1.33832
     0.94172      1.04306     0.315014    -0.147489     -2.20853        3.035    -0.894569     -1.46857      1.47976      1.35766
     0.94172       1.0435     0.315234    -0.147654     -2.21114      3.03866    -0.896242     -1.47372      1.48831      1.36608
     0.94172      1.04393     0.315456    -0.147822     -2.21378      3.04237    -0.897932     -1.47892      1.49693      1.37457
     0.94172      1.04452     0.315751    -0.148045     -2.21735      3.04732     -0.90016     -1.48572      1.50799      1.38547
     0.94172      1.04599     0.316497    -0.148605     -2.22618      3.05974    -0.905872     -1.50346      1.53782      1.41489
     0.94172      1.04711     0.317064    -0.149031     -2.23292       3.0692    -0.910213     -1.51694      1.56046      1.43724
     0.94172      1.04724     0.317131    -0.149082     -2.23372      3.07032    -0.910725     -1.51853      1.56313      1.43987
     0.94172      1.04763     0.317328     -0.14923     -2.23607       3.0736    -0.912223     -1.52316      1.57084      1.44749
     0.94172      1.04734     0.317178    -0.149118     -2.23432      3.07112    -0.911061     -1.51949      1.56448      1.44121
     0.94172      1.04845     0.317744    -0.149544     -2.24106      3.08057    -0.915416     -1.53309      1.58749      1.46398
     0.94172      1.04897     0.318006    -0.149741     -2.24419      3.08495    -0.917436     -1.53942      1.59825      1.47468
     0.94172      1.04902     0.318033    -0.149761     -2.24451      3.08539     -0.91764     -1.54007      1.59936      1.47581
     0.94172      1.04886     0.317953      -0.1497     -2.24358      3.08405    -0.917031     -1.53819       1.5962      1.47275
     0.94172        1.048     0.317514    -0.149371     -2.23839      3.07674    -0.913665     -1.52768      1.57841      1.45523
     0.94172       1.0487      0.31787    -0.149638     -2.24262      3.08267    -0.916416     -1.53633      1.59319      1.46993
     0.94172      1.04857     0.317804    -0.149587     -2.24184      3.08156    -0.915927     -1.53488      1.59089      1.46778
     0.94172      1.04843     0.317735    -0.149534     -2.24101      3.08039    -0.915397     -1.53325      1.58819      1.46515
     0.94172       1.0479     0.317467    -0.149333     -2.23784      3.07592    -0.913356     -1.52693      1.57762      1.45479
     0.94172      1.04637      0.31669    -0.148746     -2.22861      3.06293    -0.907422     -1.50857      1.54692      1.42466
     0.94172      1.04463     0.315808    -0.148082     -2.21816      3.04821    -0.900695     -1.48778      1.51221      1.39056
     0.94172      1.04491     0.315952    -0.148189     -2.21986      3.05059    -0.901811     -1.49129      1.51824      1.39661
     0.94172      1.04469      0.31584    -0.148104     -2.21853      3.04872    -0.900965     -1.48871        1.514      1.39249
     0.94172      1.04416     0.315575    -0.147905     -2.21539       3.0443     -0.89895      -1.4825      1.50369      1.38237
     0.94172      1.04192     0.314441    -0.147053     -2.20197      3.02543     -0.89034     -1.45604      1.45982       1.3393
     0.94172      1.03953      0.31323    -0.146145     -2.18764       3.0053    -0.881152     -1.42785      1.41325      1.29348
     0.94172      1.03946     0.313193    -0.146119      -2.1872       3.0047    -0.880852     -1.42686      1.41143      1.29155
     0.94172      1.03757     0.312237    -0.145406     -2.17585      2.98886    -0.873571      -1.4044      1.37407      1.25444
     0.94172      1.03739     0.312148    -0.145341     -2.17473      2.98739    -0.872848     -1.40201       1.3698      1.24986
     0.94172      1.04624     0.316623    -0.148698     -2.22783      3.06184    -0.906883     -1.50678      1.54363      1.42126
     0.94172      1.04658     0.316799    -0.148829     -2.22991      3.06476     -0.90825     -1.51111      1.55111      1.42875
     0.94172      1.04787     0.317452    -0.149321     -2.23766      3.07567    -0.913235     -1.52654      1.57693      1.45409
     0.94172      1.04839     0.317715     -0.14952     -2.24078      3.08007    -0.915244     -1.53276      1.58735      1.46431
     0.94172      1.04853     0.317786    -0.149573     -2.24163      3.08126    -0.915786     -1.53443      1.59011        1.467
     0.94172      1.04862     0.317831    -0.149608     -2.24215      3.08202    -0.916113     -1.53538      1.59157      1.46833
     0.94172      1.04797     0.317501     -0.14936     -2.23823      3.07652    -0.913568      -1.5274      1.57796      1.45482
     0.94172      1.04662     0.316816    -0.148844     -2.23011      3.06508    -0.908334     -1.51118       1.5508      1.42814
     0.94172      1.04634     0.316674     -0.14874     -2.22835      3.06272    -0.907204     -1.50749      1.54429      1.42128
     0.94172      1.04718     0.317097    -0.149057     -2.23336      3.06977    -0.910443     -1.51758      1.56128      1.43805
     0.94172      1.04752      0.31727    -0.149187     -2.23539      3.07264    -0.911779     -1.52177      1.56847      1.44514
     0.94172      1.04723     0.317123    -0.149076     -2.23363      3.07019    -0.910663     -1.51832      1.56275      1.43949
     0.94172      1.04708     0.317048    -0.149019     -2.23273      3.06893    -0.910087     -1.51654      1.55976      1.43654
     0.94172      1.04612      0.31656    -0.148653     -2.22693      3.06079    -0.906351     -1.50493      1.54025      1.41728
     0.94172      1.04489     0.315941    -0.148188     -2.21961      3.05048    -0.901609      -1.4902      1.51546      1.39283
     0.94172      1.04523     0.316112    -0.148317     -2.22166      3.05335    -0.902913     -1.49422      1.52211       1.3994
     0.94172      1.04317     0.315071    -0.147534      -2.2093      3.03599    -0.894978     -1.46974      1.48136      1.35929
     0.94172      1.04419     0.315585     -0.14792     -2.21538      3.04455    -0.898899     -1.48184      1.50154      1.37912
     0.94172      1.04383     0.315402    -0.147781     -2.21315      3.04147    -0.897518     -1.47763      1.49474       1.3724
     0.94172       1.0435     0.315234    -0.147655     -2.21114      3.03867    -0.896239     -1.47369      1.48822      1.36598
     0.94172      1.04308     0.315026    -0.147498     -2.20867      3.03519    -0.894654     -1.46881      1.48012      1.35801
     0.94172      1.04221     0.314581    -0.147165     -2.20341       3.0278    -0.891272     -1.45839       1.4628      1.34096
     0.94172      1.03871     0.312812    -0.145839     -2.18251      2.99841    -0.877857     -1.41726      1.39482      1.27421
     0.94172      1.04082     0.313882    -0.146642     -2.19522      3.01621    -0.885963     -1.44208      1.43569      1.31441
     0.94172      1.04169      0.31432    -0.146966     -2.20054      3.02347    -0.889364     -1.45281      1.45394      1.33314
     0.94172       1.0435     0.315239    -0.147657     -2.21142      3.03877    -0.896353     -1.47433       1.4897      1.36828
     0.94172      1.04566      0.31633    -0.148477     -2.22435      3.05695    -0.904644     -1.49984      1.53202      1.40981
     0.94172      1.04604     0.316522    -0.148624     -2.22662      3.06018    -0.906088     -1.50422      1.53912      1.41661
     0.94172      1.04652     0.316765    -0.148807     -2.22948      3.06423    -0.907918      -1.5098      1.54829      1.42549
     0.94172      1.04598      0.31649    -0.148601     -2.22619      3.05966    -0.905801     -1.50316      1.53703      1.41421
     0.94172      1.04491     0.315949    -0.148195     -2.21974      3.05064    -0.901665     -1.49035      1.51562      1.39302
     0.94172      1.04329     0.315131     -0.14758     -2.21004      3.03701    -0.895445     -1.47119       1.4838      1.36175
     0.94172      1.04097     0.313954    -0.146696     -2.19609      3.01741    -0.886506     -1.44374      1.43839      1.31712
     0.94172      1.03836     0.312637    -0.145707     -2.18053      2.99552    -0.876547      -1.4133      1.38832      1.26807
     0.94172       1.0385     0.312708    -0.145759     -2.18142      2.99668    -0.877123     -1.41522      1.39179       1.2718
     0.94172      1.04009     0.313515    -0.146362       -2.191      3.01007    -0.883275     -1.43421      1.42338      1.30318
     0.94172       1.0417     0.314326     -0.14697     -2.20061      3.02356    -0.889428     -1.45308      1.45457      1.33387
     0.94172      1.04017     0.313556     -0.14639     -2.19149      3.01072    -0.883615     -1.43538       1.4256      1.30559
     0.94172      1.04217     0.314565    -0.147146     -2.20343      3.02748     -0.89127     -1.45887      1.46447      1.34383
     0.94172      1.04409     0.315536    -0.147876     -2.21494      3.04367    -0.898655     -1.48159      1.50213      1.38083
     0.94172      1.04467     0.315832    -0.148099     -2.21844      3.04859    -0.900899     -1.48848      1.51357      1.39205
     0.94172      1.04482     0.315907    -0.148156     -2.21933      3.04986    -0.901469     -1.49022       1.5164      1.39478
     0.94172      1.04431      0.31565    -0.147964     -2.21629      3.04559    -0.899501     -1.48411      1.50614      1.38461
     0.94172      1.04335     0.315164    -0.147599     -2.21053       3.0375    -0.895793     -1.47266      1.48704      1.36577
     0.94172      1.04496     0.315975    -0.148214     -2.22003      3.05106    -0.901861     -1.49096      1.51665      1.39402
     0.94172      1.04322     0.315095    -0.147553      -2.2096       3.0364    -0.895165     -1.47032      1.48233      1.36026
     0.94172      1.04628      0.31664    -0.148714     -2.22796      3.06216    -0.906945      -1.5067      1.54294         1.42
     0.94172      1.04627     0.316637    -0.148712     -2.22791       3.0621    -0.906917     -1.50661      1.54279      1.41982
     0.94172      1.04638     0.316692    -0.148751     -2.22864      3.06301    -0.907385     -1.50823      1.54584      1.42323
     0.94172      1.04691     0.316962    -0.148956     -2.23183      3.06753    -0.909427     -1.51447       1.5561      1.43318
     0.94172      1.04588     0.316443    -0.148562     -2.22569      3.05883    -0.905511     -1.50255      1.53658      1.41434
     0.94172      1.04344     0.315209    -0.147634     -2.21107      3.03826    -0.896133     -1.47369       1.4887      1.36737
     0.94172      1.04136     0.314155    -0.146842     -2.19859      3.02071    -0.888126     -1.44907      1.44789      1.32728
     0.94172      1.04048     0.313706     -0.14651     -2.19314      3.01329    -0.884629     -1.43799      1.42891      1.30777
     0.94172     0.866025     0.230498 -0.000741754     0.907087     0.034026    -0.393883     0.189199    -0.814049    -0.130136
     0.94172     0.872959     0.234079 -0.000504516     0.981484    0.0319206    -0.427126     0.112372    -0.735627     -0.12128
     0.94172     0.872152     0.233738  -0.00167161     0.987167     0.048702     -0.42558     0.111908    -0.721136     -0.21472
     0.94172     0.865514     0.230354  -0.00231468     0.924655    0.0569241    -0.395056     0.180319    -0.783091    -0.255186
     0.94172     0.850356     0.222443  -0.00291284     0.739913    0.0634435    -0.320646     0.353599    -0.977119    -0.264988
     0.94172     0.850017     0.222163  -0.00136973     0.715355    0.0399145    -0.315888     0.369665     -1.01242    -0.153161
     0.94172     0.855444     0.224994  -0.00115224     0.783024    0.0377797    -0.342319     0.308975    -0.944259     -0.14673
     0.94172     0.855171        0.225  -0.00293669     0.808449    0.0644182    -0.345429     0.294376    -0.903151     -0.28139
     0.94172      0.87426     0.234824  -0.00161144      1.00887    0.0481865    -0.435642    0.0886108    -0.697908    -0.213411
     0.94172     0.875173     0.235218 -0.000453586      1.00404    0.0316146    -0.437653    0.0880944     -0.71177    -0.119941
     0.94172     0.879593     0.237489 -0.000385752      1.04807    0.0314891    -0.458649    0.0395823    -0.664763    -0.119677
     0.94172     0.878423     0.236998   -0.0017421      1.05658    0.0507167    -0.456443    0.0386743    -0.642781    -0.232464
     0.94172     0.887436     0.241606  -0.00142615      1.14046    0.0476924    -0.498679   -0.0583536    -0.553159    -0.219978
     0.94172     0.886599     0.241081  -0.00028606      1.11525    0.0313718    -0.491777   -0.0369434    -0.592638     -0.11962
     0.94172     0.891662     0.243666 -0.000182879      1.16119    0.0308251    -0.515468   -0.0913706    -0.543764    -0.116563
     0.94172     0.892772     0.244299  -0.00102948      1.18293    0.0429842    -0.522691    -0.111799    -0.511643     -0.19225
     0.94172      0.86286     0.229264  -0.00424248     0.949241    0.0842629    -0.390745     0.175769    -0.728373     -0.41413
     0.94172     0.869591     0.232663  -0.00351716       1.0063    0.0747322    -0.420726      0.11016    -0.674278    -0.368858
     0.94172     0.859006     0.227637  -0.00561634     0.976114     0.102627    -0.383136     0.174605    -0.663655    -0.537049
     0.94172      0.84857     0.221407  -0.00145199     0.696679    0.0408579    -0.308856     0.385673     -1.03072    -0.156276
     0.94172     0.848856     0.221664   -0.0030371     0.721507    0.0650743     -0.31348     0.369736    -0.994844    -0.270334
     0.94172     0.846943     0.220673  -0.00324334     0.698289    0.0678986     -0.30443     0.389902     -1.01666    -0.280241
     0.94172     0.845907     0.220013  -0.00168605     0.661337    0.0438784    -0.295881     0.415135     -1.06491    -0.167105
     0.94172     0.848816     0.221952  -0.00528632      0.78328    0.0985086    -0.322248      0.33523     -0.90511    -0.447648
     0.94172     0.853044     0.224211  -0.00510796     0.845717    0.0959241    -0.344484     0.281125    -0.835266    -0.453578
     0.94172     0.856811     0.227121  -0.00661957      1.06396     0.114976    -0.390686     0.124523    -0.501461    -0.654485
     0.94172     0.894226     0.245214  -0.00220719      1.22739     0.059734    -0.534698    -0.149273    -0.440547    -0.304277
     0.94172     0.898844     0.247587  -0.00217064      1.27133    0.0599152    -0.556766     -0.20113    -0.389758    -0.310039
     0.94172     0.894103     0.245437  -0.00325594      1.27787     0.074149    -0.542489    -0.183181    -0.347331    -0.412385
     0.94172     0.882194     0.240007  -0.00462223      1.28572    0.0907006     -0.50552    -0.133713    -0.255898    -0.547454
     0.94172     0.866772     0.232397  -0.00578166      1.19004     0.104168    -0.441742  -0.00189883    -0.336738    -0.624923
     0.94172     0.873606     0.235502  -0.00516724      1.18612    0.0972236    -0.462417   -0.0281424    -0.386481    -0.564839
     0.94172     0.887675     0.242502  -0.00413066      1.28192     0.085016    -0.522432    -0.155993    -0.298477    -0.497573
     0.94172     0.857647     0.228318  -0.00619743      1.20522     0.107835      -0.4158    0.0257727    -0.250455     -0.67333
     0.94172     0.862472     0.230491  -0.00601805      1.20019     0.106404    -0.429985   0.00919802    -0.290799    -0.652605
     0.94172      0.87789     0.238055  -0.00488305      1.28939    0.0934401    -0.492396    -0.116949    -0.220914    -0.575474
     0.94172     0.874005     0.236308  -0.00502625      1.29468    0.0946613    -0.480948    -0.103599    -0.185162    -0.592702
     0.94172     0.848902     0.225123  -0.00383627      1.33498     0.076013    -0.408667   -0.0261602    0.0648034    -0.498306
     0.94172     0.848118      0.22486  -0.00324612      1.34999    0.0687681    -0.408395   -0.0327407     0.101527    -0.444716
     0.94172     0.816967     0.210114  -0.00419498      1.23803    0.0764253    -0.297592     0.157535    0.0812345    -0.505348
     0.94172     0.821951     0.212247   -0.0053421      1.22073    0.0908315    -0.310077     0.150617    0.0127586    -0.608308
     0.94172     0.858706     0.229557  -0.00449482      1.33238    0.0854525    -0.438789   -0.0644752  -0.00735517    -0.560272
     0.94172      0.85441     0.227592    -0.004335      1.33022    0.0828896    -0.425054   -0.0452918    0.0175276    -0.544616
     0.94172     0.829832     0.215757  -0.00593938      1.21389    0.0995791    -0.332614     0.126686     -0.05248    -0.660266
     0.94172     0.814861     0.209355  -0.00252846      1.26567    0.0565549    -0.295545     0.145945     0.151829    -0.353653
     0.94172      0.84406     0.223162  -0.00158136      1.37223    0.0485003    -0.398977   -0.0308685     0.176233    -0.284654
     0.94172     0.844525     0.223455 -0.000621408      1.38602    0.0372554    -0.402261   -0.0412181     0.202274    -0.190116
     0.94172     0.815072     0.209564  -0.00126051       1.2832    0.0418458    -0.298693     0.133728     0.186723    -0.233521
     0.94172     0.869021     0.234173  -0.00490839      1.31855    0.0922341    -0.469005   -0.0985195    -0.104897    -0.592323
     0.94172     0.851625     0.225594  -0.00633793       1.2074     0.108473    -0.397821    0.0476449     -0.20759    -0.689024
     0.94172     0.870244     0.234638  -0.00506322       1.3027    0.0944976    -0.470391    -0.093012    -0.144461    -0.600611
     0.94172     0.818543     0.211266  0.000431142      1.30587    0.0227281    -0.312248     0.106823     0.210201   -0.0710157
     0.94172     0.816673     0.210364 -0.000277169      1.29624    0.0307519    -0.305223     0.119979     0.202936    -0.139855
     0.94172     0.845944     0.224163  0.000123749      1.39694    0.0286442    -0.408132   -0.0536613     0.215632    -0.115673
     0.94172     0.847417     0.224877   0.00068666      1.40485    0.0221435    -0.413796   -0.0645698     0.222163   -0.0587729
     0.94172     0.914421     0.255308 -0.000684145      1.36689    0.0417034    -0.623184    -0.342436    -0.314037    -0.190044
     0.94172       0.9096     0.252876 -0.000845866      1.32994    0.0431687    -0.601334    -0.293211    -0.351427    -0.199267
     0.94172      0.91106     0.253529  8.31463e-05      1.32609    0.0305144    -0.605439    -0.297429    -0.369247    -0.112627
     0.94172     0.917024     0.256557  9.01772e-05      1.37511    0.0314104    -0.633087    -0.360942    -0.316688    -0.118573
     0.94172     0.900555     0.248193 -1.26528e-05      1.23835    0.0300096    -0.556822    -0.186169    -0.461956     -0.11112
     0.94172     0.900605     0.248307 -0.000999308      1.25463    0.0438446    -0.559716     -0.19789    -0.432075    -0.201108
     0.94172     0.895631     0.245747 -0.000894374      1.20656    0.0415618    -0.535753    -0.141291     -0.48754    -0.183978
     0.94172     0.894508     0.245115  -8.5017e-05      1.18598     0.029957    -0.528672    -0.121544    -0.517734    -0.111127
     0.94172     0.871724     0.233416  0.000986134     0.964314    0.0100485    -0.420323     0.129797    -0.758175  -0.00256483
     0.94172     0.849417     0.221813  0.000788711     0.701773   0.00694927    -0.311648     0.381899     -1.03267  -0.00217768
     0.94172     0.876705     0.235974   0.00102847      1.01407    0.0105634    -0.443916    0.0755023     -0.70569  -0.00255695
     0.94172     0.874691     0.235322  -0.00342335      1.06406        0.074    -0.446014    0.0497079     -0.60742    -0.374698
     0.94172     0.846694     0.220382  0.000755106     0.664477   0.00662119    -0.298236     0.412555     -1.06919  -0.00226655
     0.94172     0.867646     0.232101  -0.00505918       1.0668    0.0956165     -0.42452    0.0779983    -0.561176    -0.516669
     0.94172     0.886727     0.241451  -0.00276194      1.17153     0.066371    -0.501568   -0.0765366    -0.493927    -0.341637
     0.94172      0.88214     0.239423  -0.00400997      1.18653    0.0828864    -0.489444   -0.0661225    -0.438667    -0.457622
     0.94172     0.898981     0.248101  -0.00337611      1.35307    0.0763794    -0.570149    -0.256697    -0.236981    -0.446105
     0.94172     0.895625     0.246618  -0.00372717      1.36424    0.0805751    -0.560942    -0.248059    -0.192997    -0.485371
     0.94172     0.884113     0.242057  -0.00220103      1.49054    0.0601262    -0.542163    -0.276409     0.148946    -0.377345
     0.94172     0.883891     0.242009  -0.00184447      1.50018     0.055776    -0.542703     -0.28114     0.171566    -0.342685
     0.94172     0.892276     0.245844   -0.0025845      1.49985    0.0657334    -0.570022     -0.32021     0.110486    -0.419617
     0.94172     0.886261        0.243  -0.00258671      1.48357    0.0650767    -0.548231    -0.282186     0.118412    -0.415221
     0.94172     0.888665     0.243967  -0.00320877      1.45993    0.0730553    -0.552771     -0.27865    0.0507387     -0.47058
     0.94172     0.892622     0.245941  -0.00283243      1.48888    0.0688391    -0.569661    -0.315128    0.0844409    -0.441319
     0.94172     0.860091     0.230113  -0.00478375      1.31996    0.0893126    -0.441252    -0.061981   -0.0419371    -0.583391
     0.94172     0.845263     0.223586    -0.002768      1.35304    0.0627058    -0.399976    -0.023259     0.127646    -0.397912
     0.94172     0.883572     0.241899  -0.00154662      1.50658    0.0521437    -0.542483    -0.283427     0.187868    -0.312987
     0.94172     0.882245     0.241315  -0.00115536      1.51045    0.0472968    -0.538664    -0.279586     0.205866    -0.272509
     0.94172      0.83752     0.219214  -0.00626899      1.21076        0.105    -0.355385    0.0999331    -0.109425    -0.688542
     0.94172     0.845078      0.22263  -0.00637163      1.20912     0.107703    -0.378072    0.0721514    -0.161698    -0.694989
     0.94172     0.865737     0.232687  -0.00487345      1.32049    0.0912885    -0.458985   -0.0858882   -0.0788748    -0.590662
     0.94172     0.881843     0.241183 -0.000525679      1.51957    0.0396969    -0.538489    -0.282991     0.228843    -0.206894
     0.94172     0.882061     0.241324  5.07693e-05      1.52724    0.0328083    -0.540115    -0.288291     0.244146    -0.145911
     0.94172     0.882793     0.241694  0.000577328      1.53411     0.026569    -0.543253     -0.29525     0.253928   -0.0898981
     0.94172     0.883538     0.242058  0.000981047      1.53873    0.0217786    -0.546179    -0.301069     0.258646    -0.046342
     0.94172     0.894509     0.245085   0.00115844      1.18102    0.0125224    -0.527675    -0.117298    -0.528104   -0.0029518
     0.94172     0.887903     0.241714   0.00110826       1.1215    0.0118834    -0.496807   -0.0464609     -0.59112  -0.00297067
     0.94172     0.912874     0.254655  -0.00153967      1.37827    0.0533154    -0.619879    -0.342404    -0.281501    -0.273135
     0.94172     0.907574     0.251998  -0.00181916      1.34046    0.0563691    -0.596384    -0.290455     -0.31794      -0.2918
     0.94172     0.904052     0.250415  -0.00266658      1.34858    0.0674952    -0.586072    -0.278463    -0.279169    -0.374902
     0.94172     0.893575     0.245742  -0.00386531      1.37625    0.0820967    -0.556095    -0.246199    -0.155557    -0.504291
     0.94172      0.89221     0.245198  -0.00389239      1.39107     0.082244    -0.553919    -0.249573     -0.11665     -0.51314
     0.94172     0.891326     0.244903   -0.0038106      1.41018    0.0810398    -0.554006    -0.258331   -0.0717239    -0.512419
     0.94172      0.89457     0.246582  -0.00348731      1.44402    0.0772938    -0.569558    -0.295589   -0.0244342    -0.491637
     0.94172     0.894519     0.246679  -0.00324667      1.46549    0.0742314    -0.572524    -0.309214    0.0209064    -0.475254
     0.94172     0.890168     0.244624  -0.00333252      1.45454    0.0747899     -0.55685    -0.282082    0.0286905    -0.480938
     0.94172     0.879028     0.239909   0.00142363       1.5224    0.0160407    -0.529435    -0.270706     0.254656   0.00442656
     0.94172     0.855864      0.22888   0.00136508      1.43595    0.0148537    -0.444152    -0.117467     0.229936   0.00696413
     0.94172     0.918558      0.25729   0.00132665       1.3794    0.0146714    -0.638771    -0.371143    -0.320498  -0.00307235
     0.94172     0.830297     0.216795    0.0012631      1.34623    0.0140516    -0.353081    0.0389995     0.214926   0.00638588
     0.94172     0.865674     0.230434   0.00421677     0.925457   -0.0377232    -0.395526      0.17945    -0.785395     0.249242
     0.94172     0.872253     0.233789    0.0036623     0.987625   -0.0278788    -0.425854     0.111381    -0.723012     0.208364
     0.94172     0.873053     0.234124   0.00250224     0.981802   -0.0114287    -0.427353     0.112149    -0.737248     0.115857
     0.94172     0.866151     0.230557    0.0026219     0.907615   -0.0152179    -0.394165     0.189069    -0.816147     0.124766
     0.94172     0.855366     0.225096   0.00469622     0.809581   -0.0484901    -0.345955     0.293627    -0.906352     0.277807
     0.94172     0.855422     0.224987   0.00285025     0.783373   -0.0219549     -0.34222     0.309021    -0.945316     0.142109
     0.94172     0.850024     0.222168   0.00297501     0.715888   -0.0258396    -0.315768     0.370162     -1.01457     0.149032
     0.94172     0.850374     0.222456   0.00452005     0.741002   -0.0481871    -0.320517     0.354149    -0.980195     0.259908
     0.94172     0.878598     0.237083   0.00386117      1.05726   -0.0286153    -0.456985    0.0376824    -0.645005     0.227145
     0.94172      0.87961     0.237497   0.00249138      1.04799  -0.00951129    -0.458613    0.0397608    -0.666318     0.114412
     0.94172     0.875251     0.235255   0.00249159      1.00425    -0.010682    -0.437836       0.0879    -0.713304     0.114751
     0.94172     0.874324     0.234857   0.00363244      1.00918   -0.0268009    -0.435791    0.0882852    -0.699708     0.206862
     0.94172     0.892777       0.2443   0.00335492       1.1828   -0.0180378    -0.522549    -0.111316    -0.514144     0.187005
     0.94172     0.891683     0.243675   0.00247426      1.16096  -0.00636307    -0.515416   -0.0910538    -0.545721      0.11103
     0.94172     0.886608     0.241084    0.0024973      1.11496  -0.00786266    -0.491677   -0.0365463    -0.594575     0.113815
     0.94172     0.887506      0.24164    0.0036915      1.14078   -0.0238541    -0.498814   -0.0584762    -0.555668     0.215261
     0.94172     0.859452      0.22786   0.00757003     0.978252   -0.0821326    -0.384721     0.171116    -0.666658     0.530908
     0.94172     0.869832     0.232786   0.00554222      1.00774   -0.0536614    -0.421613     0.108073    -0.676393     0.362927
     0.94172      0.86319     0.229431   0.00616262     0.950982   -0.0643149    -0.391979     0.172886    -0.730423     0.407379
     0.94172     0.845885     0.220003   0.00321525     0.661903   -0.0311491    -0.295579     0.416185     -1.06773     0.163353
     0.94172     0.846965     0.220684   0.00480762     0.699493   -0.0539448    -0.304111     0.391453      -1.0216     0.276399
     0.94172     0.848877     0.221676   0.00462719     0.722636   -0.0504284    -0.313266     0.370741     -0.99876     0.265858
     0.94172     0.848571     0.221409   0.00303189     0.697218   -0.0272591    -0.308679     0.386379     -1.03315     0.152406
     0.94172     0.853466     0.224427   0.00683446     0.847816   -0.0778254    -0.346146     0.277006    -0.836389     0.445485
     0.94172     0.849259     0.222175   0.00694253     0.785356   -0.0822409    -0.323914     0.331325     -0.90703      0.44084
     0.94172     0.856829     0.227135   0.00868037      1.06616   -0.0918045    -0.390397     0.125755    -0.508419      0.65294
     0.94172     0.894352     0.245564   0.00571622      1.28028   -0.0468527    -0.543391    -0.184978    -0.349827     0.408733
     0.94172     0.899193     0.247765     0.004628      1.27434   -0.0327798    -0.558208      -0.2043    -0.390235      0.30491
     0.94172     0.894592     0.245399   0.00459882      1.23012   -0.0336925    -0.536159     -0.15239    -0.441575     0.299255
     0.94172     0.887781     0.242559   0.00659834      1.28385   -0.0577444    -0.522711    -0.156413    -0.302563     0.496348
     0.94172     0.873723     0.235568   0.00746079      1.18875   -0.0718196    -0.462811   -0.0289553    -0.390782     0.563454
     0.94172     0.866876     0.232447   0.00807053      1.19149   -0.0787776    -0.441728  -0.00114344    -0.343775     0.624645
     0.94172     0.882248     0.240036   0.00708984      1.28708      -0.0634    -0.505478    -0.133243    -0.261468     0.547393
     0.94172     0.874135     0.236372   0.00749425      1.29622   -0.0671775    -0.481127      -0.1034     -0.19134     0.593909
     0.94172     0.878016     0.238119   0.00734649      1.29118   -0.0660111     -0.49263    -0.117019    -0.226479     0.575851
     0.94172     0.862615      0.23056   0.00832131      1.20192   -0.0808735    -0.430137   0.00959848    -0.297886     0.653427
     0.94172     0.857701     0.228349    0.0085085       1.2069   -0.0822844    -0.415747    0.0262371    -0.257166     0.675184
     0.94172     0.821874     0.212216   0.00763019      1.22174   -0.0650526    -0.309629     0.151611   0.00716409     0.615752
     0.94172     0.816889     0.210077    0.0065408      1.23808    -0.050701    -0.297177     0.158496    0.0752843     0.516278
     0.94172     0.848154     0.224878   0.00576292      1.35113   -0.0401378    -0.408319   -0.0322569    0.0976648     0.451677
     0.94172       0.8489     0.225123   0.00633634      1.33583   -0.0477854    -0.408424   -0.0253211    0.0599313     0.504898
     0.94172     0.829784     0.215736   0.00823815      1.21502   -0.0740899      -0.3321     0.128178   -0.0589231     0.667704
     0.94172     0.854366     0.227575   0.00683671      1.33133   -0.0547528    -0.424699   -0.0443752    0.0126647     0.550581
     0.94172     0.858663     0.229537   0.00701463      1.33297   -0.0574106    -0.438318   -0.0630587   -0.0134287     0.566154
     0.94172     0.815259     0.209647   0.00363381      1.28418   -0.0147391     -0.29907     0.133673     0.184481     0.243898
     0.94172     0.844633     0.223498   0.00322676      1.38597  -0.00832366     -0.40233   -0.0406029     0.198995     0.201595
     0.94172     0.844185     0.223214   0.00415492      1.37244   -0.0197565    -0.399063   -0.0302052     0.172126     0.294953
     0.94172     0.815004     0.209424   0.00486593      1.26734   -0.0296642    -0.295835     0.145814     0.149576     0.363188
     0.94172     0.870297     0.234665    0.0075414      1.30402   -0.0668887    -0.470306   -0.0923858    -0.150655     0.602849
     0.94172     0.851746      0.22565   0.00865193      1.20893   -0.0830421    -0.397809    0.0485155    -0.215173     0.692745
     0.94172     0.869144      0.23423   0.00741239      1.31966   -0.0643649      -0.4691   -0.0980295    -0.111628      0.59528
     0.94172      0.84768     0.224992   0.00193994      1.40533   0.00735158    -0.414368    -0.064704     0.220597    0.0695603
     0.94172     0.846126     0.224241   0.00249449      1.39724  0.000613304    -0.408469   -0.0535148     0.213517     0.126861
     0.94172     0.816778      0.21041   0.00268918      1.29669  -0.00353852     -0.30542     0.120014     0.201348     0.151621
     0.94172     0.818646      0.21131   0.00199224      1.30619   0.00473503    -0.312408      0.10699     0.209257    0.0823668
     0.94172     0.916953      0.25652   0.00259035      1.37431  -0.00268181    -0.632667    -0.359864    -0.319247     0.115641
     0.94172     0.911064     0.253531   0.00249195      1.32609  -0.00251188    -0.605407    -0.297343      -0.3705     0.107994
     0.94172     0.909497     0.252824   0.00343854       1.3292   -0.0153159    -0.600761    -0.291822     -0.35476      0.19558
     0.94172     0.914392     0.255295   0.00332659      1.36695   -0.0128273    -0.622987    -0.341975     -0.31609     0.185489
     0.94172     0.894539     0.245127   0.00242334      1.18573  -0.00503537    -0.528632    -0.121162     -0.51991     0.105958
     0.94172     0.895566     0.245714   0.00325414      1.20605   -0.0160165    -0.535331    -0.140249    -0.490105     0.178515
     0.94172     0.900624     0.248314   0.00345229      1.25428   -0.0174555     -0.55959     -0.19733    -0.435324     0.196442
     0.94172     0.900566     0.248196   0.00244187      1.23808  -0.00397604    -0.556692    -0.185563      -0.4642     0.106377
     0.94172     0.874963     0.235461   0.00554945        1.066   -0.0517114    -0.447036     0.047441    -0.609627     0.369937
     0.94172     0.867935     0.232247   0.00715887       1.0692   -0.0728924    -0.425475    0.0761286    -0.564904     0.512606
     0.94172      0.88242     0.239567   0.00631496      1.18927   -0.0575641    -0.490496    -0.068331     -0.44141     0.453875
     0.94172     0.887022     0.241599   0.00504909      1.17351   -0.0414381    -0.502671    -0.078863    -0.495884     0.336112
     0.94172     0.895642     0.246628   0.00633362      1.36513   -0.0516073     -0.56078      -0.2474    -0.198086     0.484655
     0.94172     0.899076     0.248154   0.00597228      1.35517   -0.0476293    -0.570476    -0.257407    -0.239785     0.444844
     0.94172     0.883897     0.242012   0.00465291      1.50059   -0.0240502    -0.542545    -0.280513     0.167806     0.348762
     0.94172     0.884121     0.242061   0.00499402       1.4911   -0.0285929    -0.542018    -0.275823     0.145003     0.382979
     0.94172     0.886265     0.242999   0.00537698      1.48367   -0.0337832    -0.547962    -0.281129     0.113104     0.420443
     0.94172     0.892312     0.245861   0.00539939      1.50047   -0.0339568    -0.569942     -0.31966     0.105846     0.423649
     0.94172     0.860053     0.230097   0.00728057      1.32076   -0.0614544    -0.440838   -0.0607672   -0.0480409     0.588133
     0.94172     0.892686     0.245972   0.00562577      1.48975   -0.0372255    -0.569679    -0.314747    0.0797491     0.444626
     0.94172     0.888567     0.243918   0.00597438      1.45962   -0.0423859     -0.55212     -0.27691    0.0446038      0.47523
     0.94172     0.845334     0.223622   0.00527518      1.35444   -0.0338809    -0.400057   -0.0231236     0.124674     0.404706
     0.94172      0.88224      0.24131   0.00399053      1.51045   -0.0155152    -0.538449    -0.278784     0.202301     0.280274
     0.94172     0.883576     0.241899   0.00437109      1.50673   -0.0203679      -0.5423    -0.282684      0.18401     0.319805
     0.94172     0.837472     0.219189   0.00858039      1.21114   -0.0797359    -0.354766      0.10184    -0.117492     0.694465
     0.94172     0.865703      0.23267   0.00738445      1.32111   -0.0634867    -0.458539   -0.0845022   -0.0855518     0.595012
     0.94172     0.845005     0.222591   0.00869385      1.20949   -0.0824727    -0.377297    0.0745143    -0.170155     0.700633
     0.94172     0.882147     0.241365   0.00278612      1.52804 -0.000366456    -0.540321    -0.288457      0.24327      0.15265
     0.94172     0.881896     0.241208   0.00335282      1.52037  -0.00744237    -0.538579    -0.282976     0.227386      0.21357
     0.94172     0.883503     0.242042   0.00189255      1.53868    0.0107058    -0.546048    -0.300842     0.258112    0.0545231
     0.94172     0.882779     0.241687   0.00228997      1.53419   0.00579628    -0.543153     -0.29498     0.252963    0.0982165
     0.94172     0.907918     0.252174   0.00440102      1.34365   -0.0278135    -0.597844    -0.293739    -0.317718     0.287543
     0.94172     0.913054     0.254745   0.00418627      1.37962   -0.0239964    -0.620525    -0.343685    -0.283466     0.268482
     0.94172     0.904324     0.250555   0.00524769      1.35127    -0.038646     -0.58714    -0.280734    -0.280777     0.370911
     0.94172     0.892235     0.245212   0.00653819      1.39184   -0.0527648    -0.553767    -0.248878    -0.122242     0.513773
     0.94172     0.893589     0.245748   0.00649001       1.3768   -0.0529331    -0.555846    -0.245194    -0.161487     0.504408
     0.94172     0.894489     0.246542   0.00622196      1.44411   -0.0467545    -0.568964    -0.293945   -0.0304003     0.493705
     0.94172     0.891291     0.244884   0.00649262      1.41038   -0.0512837    -0.553581    -0.257027   -0.0778901     0.514269
     0.94172     0.890122     0.244599   0.00608581      1.45442   -0.0441585     -0.55637    -0.280603    0.0224244     0.484615
     0.94172     0.894463     0.246651   0.00601836      1.46552    -0.043294    -0.572043    -0.307811    0.0150054     0.478164
     0.94172     0.993458     0.294985    0.0017024      1.90172    0.0213354    -0.980021     -1.14876     0.201974    -0.013858
     0.94172     0.992031     0.294245   0.00170117      1.88946    0.0210827    -0.972659     -1.12951     0.181123   -0.0126972
     0.94172     0.992245      0.29435    0.0017731      1.89042    0.0201558    -0.973538     -1.13125     0.180899  -0.00415112
     0.94172      0.99365     0.295079   0.00178182       1.9026    0.0203088    -0.980818     -1.15038     0.201897  -0.00432423
     0.94172      0.99775     0.297207   0.00162813      1.93811    0.0231082     -1.00208     -1.20627     0.263607   -0.0271202
     0.94172     0.995528     0.296058   0.00168424      1.91944    0.0219625    -0.990698      -1.1767     0.232244   -0.0180121
     0.94172      0.99604     0.296314   0.00179902      1.92249    0.0205208    -0.993021     -1.18201     0.234833  -0.00424671
     0.94172     0.998764     0.297712   0.00181822      1.94371    0.0207371     -1.00661     -1.21647     0.267459  -0.00412688
     0.94172     0.992588     0.294551   0.00161502      1.89664    0.0223726    -0.976129     -1.14005     0.198116   -0.0238242
     0.94172      0.99115     0.293805   0.00163255      1.88408    0.0218674    -0.968683     -1.12051     0.176509   -0.0203018
     0.94172     0.996562     0.296614   0.00152952      1.93144    0.0242534    -0.996744     -1.19424     0.258628   -0.0384519
     0.94172      0.99437     0.295478   0.00157992      1.91252    0.0231801    -0.985444      -1.1647     0.226209   -0.0299244
     0.94172     0.990592     0.293524   0.00160673      1.88044    0.0221271    -0.966107     -1.11452     0.172752    -0.022955
     0.94172     0.992245     0.294379    0.0015935      1.89451    0.0226087    -0.974567     -1.13647     0.196143   -0.0261592
     0.94172     0.990665     0.293585   0.00151852      1.88445    0.0233729     -0.96731     -1.11968     0.186113   -0.0339166
     0.94172     0.989608      0.29303   0.00156098      1.87431    0.0225939    -0.961643     -1.10435     0.167205   -0.0276584
     0.94172     0.993867     0.295226   0.00154745      1.90947    0.0235391    -0.983154     -1.15945     0.223431   -0.0334925
     0.94172      0.99522     0.295943   0.00144817      1.92364    0.0251471     -0.99067     -1.18038     0.252056   -0.0474255
     0.94172     0.991719     0.294177   0.00132917      1.90063     0.026202    -0.974292     -1.14162     0.225945   -0.0587872
     0.94172     0.991904     0.294241   0.00145066      1.89725    0.0245405    -0.974154     -1.13864     0.211483   -0.0436299
     0.94172     0.991393     0.293906   0.00176568      1.88277    0.0200854    -0.969058     -1.11934     0.167289  -0.00428926
     0.94172     0.991303     0.293861   0.00173386      1.88226    0.0204942    -0.968664     -1.11848     0.166993   -0.0080504
     0.94172     0.991173     0.293795   0.00173528      1.88115     0.020451    -0.967999     -1.11675     0.165139  -0.00776609
     0.94172     0.991255     0.293835   0.00176472      1.88163    0.0200728    -0.968359     -1.11754     0.165433  -0.00428929
     0.94172     0.990981     0.293701    0.0016963      1.88035    0.0209473     -0.96723     -1.11529     0.165583   -0.0123295
     0.94172     0.990904     0.293661   0.00169757      1.87966    0.0209154    -0.966827     -1.11422     0.164365   -0.0121064
     0.94172     0.989961     0.293191   0.00163428      1.87419    0.0216281     -0.96266     -1.10505     0.160686   -0.0190002
     0.94172     0.990189     0.293302   0.00165801      1.87513    0.0213365    -0.963568     -1.10676     0.160124   -0.0163047
     0.94172     0.990615     0.293517   0.00167567      1.87796    0.0211662    -0.965543     -1.11137     0.163118   -0.0145232
     0.94172     0.990716     0.293571   0.00166934      1.87903    0.0212732    -0.966115     -1.11299     0.165342   -0.0153881
     0.94172      0.99033     0.293382   0.00163086      1.87734     0.021742    -0.964549     -1.10994     0.165872   -0.0197512
     0.94172     0.991713     0.294076   0.00172534      1.88608    0.0206903    -0.970853     -1.12438      0.17405  -0.00945482
     0.94172     0.990889     0.293663   0.00165862      1.88092    0.0214556    -0.967109     -1.11583     0.169346   -0.0168589
     0.94172     0.991926     0.294184   0.00176929      1.88751     0.020142    -0.971846     -1.12672     0.175599   -0.0043258
     0.94172     0.990737     0.293575   0.00169658      1.87833    0.0208991    -0.965994     -1.11211     0.162338    -0.012082
     0.94172     0.990961     0.293686   0.00173015      1.87949     0.020482    -0.966949     -1.11411      0.16268  -0.00820631
     0.94172     0.991058     0.293734   0.00176338      1.88003    0.0200553    -0.967371     -1.11502     0.162961  -0.00428808
     0.94172     0.990444     0.293428   0.00167639      1.87654    0.0211257    -0.964677     -1.10915     0.160885   -0.0142858
     0.94172      0.98959     0.293011   0.00159888      1.87263    0.0220593    -0.961172      -1.1022     0.161391   -0.0229969
     0.94172     0.990861     0.293633   0.00176214      1.87847    0.0200371     -0.96639     -1.11255     0.160601  -0.00427726
     0.94172     0.990771     0.293588   0.00172916      1.87798    0.0204617       -0.966     -1.11172     0.160407  -0.00816574
     0.94172     0.990547     0.293473   0.00173035       1.8762    0.0204067    -0.964886     -1.10891     0.157722  -0.00783831
     0.94172     0.990641      0.29352   0.00176077      1.87673    0.0200168    -0.965298      -1.1098     0.158034  -0.00426345
     0.94172     0.990509     0.293459   0.00169253      1.87662    0.0209146    -0.964885     -1.10938     0.159986   -0.0123782
     0.94172     0.990242     0.293323   0.00168727      1.87464    0.0209404    -0.963595     -1.10623     0.157357   -0.0127895
     0.94172     0.990317     0.293363   0.00167744      1.87551    0.0210889    -0.964038     -1.10753     0.159268   -0.0140473
     0.94172      0.99017     0.293287   0.00168183      1.87422    0.0210029    -0.963277     -1.10553      0.15708   -0.0133887
     0.94172     0.989895     0.293152   0.00165723      1.87284    0.0212965    -0.962121     -1.10315     0.156808   -0.0161433
     0.94172     0.989864     0.293217    0.0013623       1.8846    0.0254219    -0.964844     -1.11724     0.199451   -0.0525649
     0.94172     0.988666     0.292582   0.00143966      1.87187    0.0241325    -0.958194     -1.09876      0.17413   -0.0417001
     0.94172     0.988847     0.292651   0.00152492      1.86979    0.0229684    -0.958248     -1.09678     0.163726    -0.031372
     0.94172     0.989098     0.292765   0.00157661      1.86963    0.0222859     -0.95896     -1.09721     0.158863   -0.0252754
     0.94172     0.989479      0.29295   0.00161076      1.87128    0.0218733      -0.9605     -1.10021     0.158339   -0.0214436
     0.94172     0.989853     0.293132   0.00165003      1.87276    0.0213893    -0.961976     -1.10294     0.157221   -0.0169837
     0.94172     0.989707     0.293146   0.00132987      1.88474     0.025849    -0.964375     -1.11682     0.202327    -0.056474
     0.94172     0.989964     0.293181   0.00168405      1.87255    0.0209367    -0.962243      -1.1029     0.154477   -0.0129453
     0.94172     0.989452     0.292928   0.00164199      1.86989    0.0214318    -0.960065     -1.09835     0.153646   -0.0176122
     0.94172     0.989182     0.292876   0.00133546      1.88039    0.0256816    -0.961746     -1.11015     0.195509   -0.0551948
     0.94172     0.990337     0.293366    0.0017291      1.87457    0.0203872    -0.963853     -1.10633     0.155371  -0.00781545
     0.94172     0.990434     0.293414   0.00175937      1.87511    0.0199994    -0.964273     -1.10724     0.155649  -0.00426504
     0.94172     0.989037     0.292726   0.00160235      1.86813    0.0219148      -0.9584     -1.09516     0.154427   -0.0220782
     0.94172     0.988694      0.29256   0.00156765      1.86682    0.0223422    -0.957059      -1.0927     0.155592   -0.0260042
     0.94172     0.988213     0.292331   0.00150769      1.86557    0.0231024    -0.955314     -1.08994     0.159226    -0.032887
     0.94172     0.987946      0.29222   0.00141598      1.86727    0.0243427    -0.954904      -1.0912     0.169618   -0.0439032
     0.94172      1.01711     0.307089   0.00189408      2.08198    0.0227953     -1.09676     -1.44179      0.47426   -0.0103101
     0.94172      1.01714     0.307107   0.00189617      2.08256    0.0227804     -1.09694     -1.44234     0.475728   -0.0100701
     0.94172      1.01713     0.307103   0.00189259      2.08279    0.0228315     -1.09692     -1.44235     0.476562   -0.0106063
     0.94172      1.01672       0.3069   0.00184693      2.08079    0.0233811     -1.09504     -1.43791     0.475259   -0.0169127
     0.94172      1.01668     0.306877   0.00184235      2.08006    0.0234253     -1.09479      -1.4372     0.473468    -0.017487
     0.94172      1.01671     0.306897     0.001848      2.08106    0.0233725     -1.09502     -1.43796     0.476208   -0.0167835
     0.94172      1.01666      0.30687   0.00185053      2.08146     0.023347     -1.09481     -1.43762     0.478165   -0.0164445
     0.94172      1.01652     0.306798   0.00183296      2.07994    0.0235434      -1.0941     -1.43574      0.47509   -0.0187909
     0.94172      1.01715     0.307115   0.00189673      2.08316    0.0227855     -1.09705     -1.44273     0.477457   -0.0100477
     0.94172      1.01696     0.307023   0.00188222      2.08324    0.0229741     -1.09625     -1.44109     0.480064   -0.0121056
     0.94172      1.01721     0.307139   0.00191997       2.0828    0.0224759     -1.09724     -1.44301     0.475642  -0.00666308
     0.94172      1.01721     0.307143   0.00193463      2.08278    0.0222845     -1.09727     -1.44307     0.475463  -0.00453826
     0.94172      1.01726     0.307168   0.00193577      2.08391    0.0222934     -1.09756     -1.44398     0.478502  -0.00447685
     0.94172      1.01723     0.307155   0.00191779      2.08364    0.0225219     -1.09743     -1.44364     0.477989  -0.00705792
     0.94172      1.01712     0.307092   0.00193369      2.08135    0.0222663     -1.09674     -1.44156     0.472104  -0.00453004
     0.94172      1.01712     0.307095    0.0019165      2.08153    0.0224941     -1.09678      -1.4417     0.472611  -0.00703218
     0.94172      1.01697     0.307011   0.00193244      2.07935    0.0222395     -1.09591     -1.43928     0.467599  -0.00450243
     0.94172      1.01724      0.30716   0.00193588      2.08444    0.0223029     -1.09752     -1.44404     0.480438  -0.00449661
     0.94172      1.01717     0.307126   0.00191032      2.08417    0.0226296      -1.0972     -1.44332     0.480461  -0.00816944
     0.94172      1.01622     0.306649   0.00181337      2.07826    0.0237606      -1.0927     -1.43238     0.473405   -0.0213635
     0.94172      1.01648     0.306775   0.00182885      2.07946    0.0235866     -1.09387     -1.43514      0.47411    -0.019321
     0.94172      1.01642     0.306749   0.00182643      2.07944     0.023617     -1.09364     -1.43465     0.474713   -0.0196554
     0.94172      1.01717     0.307122   0.00190394      2.08271    0.0226825     -1.09708     -1.44266     0.475811  -0.00896689
     0.94172       1.0171     0.307082    0.0018983      2.08154    0.0227313     -1.09666     -1.44147     0.473024  -0.00965657
     0.94172      1.01664     0.306853   0.00183825      2.07947    0.0234663     -1.09455     -1.43654     0.472165   -0.0180068
     0.94172      1.01644     0.306756   0.00182548      2.07909    0.0236226     -1.09368     -1.43464     0.473414    -0.019759
     0.94172      1.01636     0.306714   0.00181784      2.07832    0.0237053     -1.09327     -1.43358     0.471958   -0.0207568
     0.94172      1.01663     0.306856   0.00185003      2.08143    0.0233526     -1.09469     -1.43736     0.478418   -0.0165073
     0.94172       1.0166     0.306844   0.00184759      2.08125    0.0233805     -1.09457     -1.43707     0.478162   -0.0168363
     0.94172       1.0172     0.307146   0.00193602      2.08457    0.0223033      -1.0974     -1.44383     0.481204  -0.00447542
     0.94172      1.01712     0.307106    0.0019099      2.08423    0.0226359     -1.09703     -1.44298     0.481168  -0.00822255
     0.94172      1.01691     0.306998   0.00188102      2.08317    0.0229878     -1.09603      -1.4406     0.480477   -0.0122588
     0.94172      1.01691     0.306985   0.00189454      2.07913    0.0227287     -1.09567     -1.43872     0.467617  -0.00992802
     0.94172      1.01595     0.306481   0.00188554      2.06965    0.0226405     -1.09069     -1.42568     0.449464   -0.0100825
     0.94172      1.01539     0.306197   0.00182066      2.06581    0.0234025     -1.08799     -1.41904     0.444313   -0.0187676
     0.94172      1.01539     0.306196   0.00182777      2.06565    0.0233064     -1.08797     -1.41894     0.443797   -0.0177437
     0.94172      1.01586     0.306435   0.00188901      2.06884    0.0225777     -1.09023      -1.4245     0.447998  -0.00949237
     0.94172      1.01603      0.30652   0.00192553      2.07017    0.0221301     -1.09106     -1.42658     0.450107  -0.00445913
     0.94172       1.0159     0.306458   0.00192468       2.0691     0.022118     -1.09045     -1.42501     0.448232  -0.00445769
     0.94172     0.989083     0.292725   0.00170541      1.86509    0.0204902    -0.957746     -1.09127     0.142293  -0.00963969
     0.94172     0.989349     0.292858   0.00175275      1.86668    0.0199001     -0.95893      -1.0939     0.143456  -0.00419057
     0.94172     0.989468     0.292919   0.00175346      1.86757    0.0199104    -0.959504     -1.09531     0.144662  -0.00419762
     0.94172     0.989206     0.292788    0.0017087      1.86596    0.0204662    -0.958329     -1.09267     0.143377  -0.00934367
     0.94172     0.988558     0.292465   0.00166072      1.86214    0.0210147     -0.95546     -1.08635     0.140705   -0.0145876
     0.94172     0.988665     0.292519   0.00166151      1.86294    0.0210219    -0.955977     -1.08761      0.14176   -0.0145802
     0.94172      0.98718      0.29178   0.00159416       1.8543    0.0217181    -0.949445     -1.07331     0.136054   -0.0214735
     0.94172     0.987297     0.291841   0.00159095      1.85528     0.021782    -0.950036     -1.07483     0.137618   -0.0219565
     0.94172       0.9857     0.291049    0.0015129      1.84649     0.022615    -0.943133     -1.06006     0.133177   -0.0299909
     0.94172     0.985856      0.29113   0.00150733      1.84783    0.0227178    -0.943927     -1.06211      0.13535   -0.0307947
     0.94172     0.983772     0.290098   0.00140405      1.83648    0.0238259    -0.934939     -1.04293     0.129789   -0.0413595
     0.94172      0.98405     0.290241   0.00139794      1.83873    0.0239555    -0.936312     -1.04635     0.133071   -0.0423532
     0.94172     0.982482     0.289475   0.00127374       1.8319    0.0254364    -0.929917     -1.03372      0.13442   -0.0558536
     0.94172     0.983066     0.289771   0.00127551      1.83616    0.0255058    -0.932681     -1.04032     0.139712   -0.0562333
     0.94172     0.981873     0.289204   0.00112076      1.83353    0.0274743    -0.928307     -1.03311     0.148663   -0.0739399
     0.94172     0.982757      0.28965   0.00113831      1.83947    0.0273731    -0.932388      -1.0426     0.155083   -0.0727528
     0.94172      0.98243      0.28953  0.000955209      1.84488    0.0298785    -0.932327     -1.04618     0.176212   -0.0950702
     0.94172     0.984521     0.290575    0.0010383      1.85739    0.0290633    -0.941734     -1.06746     0.187193   -0.0872188
     0.94172     0.992203     0.294483   0.00111904      1.91468    0.0292345    -0.978522      -1.1567     0.264346   -0.0870274
     0.94172     0.988882     0.292801   0.00105636      1.89123    0.0295487    -0.962827     -1.11912     0.234765   -0.0907099
     0.94172     0.989559     0.293136   0.00109555      1.89461    0.0291125    -0.965791     -1.12563      0.23649   -0.0864366
     0.94172     0.992543     0.294647   0.00115692       1.9154    0.0287592     -0.97987     -1.15927     0.262251   -0.0823643
     0.94172     0.998992     0.297911   0.00129353      1.95965    0.0279383     -1.01035     -1.23232      0.31754   -0.0727335
     0.94172     0.998865     0.297843   0.00130361      1.95809    0.0277742     -1.00965     -1.23038      0.31427   -0.0711382
     0.94172      1.00441     0.300644   0.00143841       1.9948    0.0268206     -1.03584     -1.29323     0.358852   -0.0597276
     0.94172      1.00417     0.300524   0.00143998      1.99284    0.0267579     -1.03468      -1.2903     0.355688   -0.0591594
     0.94172      1.01197     0.304468   0.00166011      2.04338    0.0250014     -1.07166     -1.37931     0.416166   -0.0378241
     0.94172      1.01054     0.303743   0.00161314      2.03419    0.0254107     -1.06484     -1.36285     0.405179   -0.0428155
     0.94172      1.01042      0.30368   0.00161486      2.03312    0.0253652     -1.06423     -1.36127     0.403351   -0.0424048
     0.94172      1.01189     0.304425   0.00166144      2.04267    0.0249686     -1.07124     -1.37825     0.414952   -0.0375222
     0.94172      1.01309     0.305031   0.00170501      2.05043     0.024572     -1.07695     -1.39209     0.424456   -0.0327073
     0.94172      1.01304     0.305005   0.00170849       2.0499    0.0245151     -1.07669     -1.39138     0.423377   -0.0321398
     0.94172      1.01402     0.305505   0.00174657      2.05653    0.0241646     -1.08142     -1.40294     0.432002   -0.0278361
     0.94172      1.01401     0.305498   0.00175138      2.05628    0.0240966     -1.08134      -1.4027     0.431366   -0.0271232
     0.94172      1.00086      0.29879   0.00166982      1.96054    0.0230556     -1.01718     -1.24355     0.294587   -0.0247123
     0.94172     0.998136     0.297404   0.00163247      1.94095    0.0231138     -1.00396     -1.21096      0.26766   -0.0269282
     0.94172     0.999266     0.297969   0.00182135      1.94745    0.0207788     -1.00908     -1.22263      0.27289  -0.00413952
     0.94172      1.00147     0.299091   0.00183605      1.96346    0.0209409     -1.01982     -1.24927     0.295417  -0.00403155
     0.94172       1.0049     0.300841   0.00185614        1.988    0.0212216     -1.03653     -1.29055     0.329281  -0.00422442
     0.94172      1.00481       0.3008   0.00173416      1.98823    0.0228245     -1.03626     -1.29034     0.331532   -0.0200414
     0.94172      1.00216      0.29945   0.00168995      1.96969    0.0229939     -1.02345     -1.25893     0.306876   -0.0233249
     0.94172      1.00247     0.299601    0.0018418      1.97067    0.0210252      -1.0247     -1.26134     0.305447  -0.00410209
     0.94172     0.984199     0.290369   0.00119463        1.848    0.0268211    -0.938811     -1.05695     0.161836   -0.0673661
     0.94172     0.985107     0.290842   0.00115727      1.85658    0.0274937     -0.94351      -1.0692     0.176443   -0.0730227
     0.94172     0.989659     0.293016   0.00175471      1.86903    0.0199262    -0.960439     -1.09762     0.146689  -0.00419901
     0.94172     0.989393     0.292884   0.00170871       1.8674    0.0204979    -0.959247     -1.09495     0.145399   -0.0094932
     0.94172     0.988893     0.292635   0.00166433      1.86462    0.0210219    -0.957076     -1.09029     0.143965    -0.014429
     0.94172     0.987698     0.292044   0.00159438      1.85816    0.0218003    -0.951941      -1.0794     0.141158   -0.0218807
     0.94172     0.986391     0.291401   0.00151005      1.85168    0.0227667    -0.946465     -1.06818     0.140067   -0.0309361
     0.94172     0.985077     0.290757   0.00141964      1.84544    0.0238176     -0.94101     -1.05715     0.139777   -0.0406854
     0.94172     0.984386     0.290431   0.00132047      1.84419    0.0250915    -0.938593     -1.05359     0.146437   -0.0520798
     0.94172     0.988572     0.292608   0.00117129      1.88276    0.0278765    -0.960242     -1.11011     0.212287   -0.0751976
     0.94172     0.993229     0.294965   0.00127589      1.91497    0.0272056    -0.982218     -1.16262     0.251796   -0.0674414
     0.94172     0.996677     0.296707    0.0013703      1.93794    0.0264726    -0.998423     -1.20121     0.278859   -0.0592251
     0.94172     0.999923     0.298328   0.00156087      1.95605     0.024382      -1.0131     -1.23467     0.293102   -0.0378521
     0.94172     0.996884     0.296779   0.00152808      1.93396    0.0243273    -0.998342     -1.19827     0.262472   -0.0389646
     0.94172     0.995788     0.296232   0.00145906      1.92768    0.0250924    -0.993388     -1.18699     0.257343   -0.0466581
     0.94172     0.991511     0.294082   0.00128428      1.90098     0.026795    -0.973669     -1.14105     0.230098   -0.0642957
     0.94172       1.0013     0.299029   0.00157523      1.96594    0.0244113     -1.01977     -1.25108     0.306656   -0.0374126
     0.94172     0.998994     0.297878   0.00143214       1.9533    0.0260011     -1.00935     -1.22734     0.297169   -0.0537635
     0.94172     0.998098     0.297449   0.00130584      1.95187    0.0276117     -1.00587     -1.22096     0.304686   -0.0697322
     0.94172     0.999226      0.29802   0.00133397      1.95935     0.027408     -1.01118     -1.23361     0.313565   -0.0674035
     0.94172      1.00401     0.300439   0.00144864      1.99111    0.0266084     -1.03383     -1.28804     0.352307   -0.0576827
     0.94172      1.01019     0.303562   0.00161523      2.03128    0.0253203     -1.06309     -1.35841     0.400424   -0.0420531
     0.94172       1.0117     0.304329   0.00166049      2.04124    0.0249498     -1.07032     -1.37596     0.412787   -0.0374206
     0.94172      1.01291     0.304937    0.0017104      2.04878     0.024466     -1.07603     -1.38969     0.421486    -0.031701
     0.94172      1.01395     0.305466   0.00175639      2.05566    0.0240178     -1.08103     -1.40186     0.430135   -0.0263254
     0.94172      1.01537     0.306184   0.00183544      2.06529    0.0231986     -1.08784     -1.41856     0.442894   -0.0166186
     0.94172      1.01574     0.306372   0.00189352      2.06776    0.0224953     -1.08962     -1.42292     0.446069  -0.00872194
     0.94172       1.0158     0.306406   0.00192333      2.06822    0.0221163     -1.08994     -1.42369     0.446679  -0.00454632
     0.94172     0.990318     0.293354   0.00175851       1.8742    0.0199905    -0.963698     -1.10579     0.154279  -0.00427483
     0.94172     0.990202     0.293297   0.00172857      1.87353    0.0203711    -0.963189     -1.10467     0.153858  -0.00776961
     0.94172     0.989782     0.293087   0.00168631      1.87104    0.0208736    -0.961321     -1.10054     0.152074   -0.0125182
     0.94172     0.989624     0.293008   0.00167744      1.87003    0.0209683    -0.960601     -1.09889     0.151119   -0.0134578
     0.94172     0.989204     0.292801   0.00164336      1.86789    0.0213699    -0.958828     -1.09521     0.150585   -0.0172338
     0.94172      1.00457     0.300687   0.00164077      1.98832     0.024047     -1.03543     -1.28916     0.335425   -0.0321241
     0.94172       1.0025     0.299659   0.00148988      1.97772    0.0257816     -1.02616     -1.26824      0.32908   -0.0500898
     0.94172      1.00798     0.302434   0.00161204      2.01445    0.0249943     -1.05225     -1.33131     0.374965   -0.0398476
     0.94172      1.00998     0.303448   0.00165842      2.02795    0.0246865     -1.06184     -1.35467     0.392311   -0.0356665
     0.94172      1.00808     0.302496    0.0015548      2.01769    0.0258084     -1.05309     -1.33433     0.384208   -0.0480117
     0.94172      1.00829     0.302574   0.00171272      2.01383    0.0236689     -1.05329     -1.33278     0.368704   -0.0263074
     0.94172      1.01111     0.304013   0.00175923      2.03374    0.0235003       -1.067     -1.36658     0.396078   -0.0228121
     0.94172      1.00808     0.302463   0.00176716      2.01136    0.0229034     -1.05211     -1.32944     0.363283   -0.0187386
     0.94172      1.01124     0.304074   0.00181216      2.03382    0.0228113      -1.0675     -1.36749     0.394573    -0.015633
     0.94172      1.00798     0.302406   0.00187386      2.00988    0.0214747     -1.05148     -1.32753     0.359655  -0.00440849
     0.94172      1.01144     0.304171   0.00189506      2.03472    0.0217473     -1.06837     -1.36946      0.39477  -0.00449191
     0.94172      1.01253     0.304743   0.00172196      2.04546    0.0242431     -1.07412     -1.38477     0.415635     -0.02959
     0.94172      1.01432     0.305646   0.00181222      2.05719    0.0233241     -1.08265     -1.40554     0.430325    -0.018757
     0.94172      1.01485     0.305918   0.00182465      2.06114    0.0232488     -1.08526     -1.41204     0.436203   -0.0175833
     0.94172      1.01466     0.305817   0.00186489      2.05913    0.0226799     -1.08424     -1.40931     0.432152   -0.0116635
     0.94172      1.01511     0.306051   0.00186987      2.06279    0.0226951     -1.08652     -1.41507     0.438092   -0.0114315
     0.94172      1.01467     0.305822   0.00191687      2.05898    0.0219977     -1.08427     -1.40929     0.431438  -0.00437095
     0.94172       1.0152     0.306094   0.00192031      2.06325    0.0220467     -1.08691       -1.416     0.438427  -0.00439162
     0.94172       1.0138     0.305375   0.00191017       2.0521    0.0219337     -1.07994     -1.39834     0.420438  -0.00449982
     0.94172      1.01389     0.305422   0.00186498      2.05299     0.022544     -1.08042     -1.39962     0.422212   -0.0108795
     0.94172      1.01376     0.305361   0.00181606      2.05263    0.0231744     -1.07988     -1.39846      0.42274    -0.017621
     0.94172      0.98872     0.292565   0.00159595       1.8659      0.02195    -0.956902     -1.09159     0.151759   -0.0225776
     0.94172     0.989075     0.292737    0.0016322      1.86728    0.0215035    -0.958296     -1.09416     0.150641   -0.0184756
     0.94172     0.988401     0.292412   0.00156087      1.86483    0.0223875    -0.955691     -1.08948     0.153348   -0.0265684
     0.94172     0.987796     0.292121   0.00149708       1.8628     0.023181    -0.953386     -1.08545     0.156283   -0.0337925
     0.94172     0.987481     0.291987   0.00140042      1.86433    0.0244825    -0.952785     -1.08634     0.166829   -0.0453567
     0.94172     0.988591     0.292581   0.00130817      1.87695    0.0259638    -0.959105     -1.10424     0.192828   -0.0579693
     0.94172     0.990148     0.293405    0.0012064      1.89371    0.0276533    -0.967664      -1.1278     0.225637   -0.0726548
     0.94172      1.00832      0.30262    0.0015516      2.01975    0.0258947      -1.0543      -1.3374     0.387691   -0.0487982
     0.94172      1.00851     0.302717   0.00155058      2.02132    0.0259418     -1.05524     -1.33977     0.390229   -0.0492079
     0.94172     0.986779     0.291726   0.00105141      1.87464    0.0292605    -0.952608     -1.09398     0.210913   -0.0884776
     0.94172     0.985774     0.291225   0.00100477      1.86899    0.0297459    -0.948122     -1.08391      0.20655   -0.0931985
     0.94172     0.985772     0.291619   0.00182386      1.96353    0.0209467     -0.95684     -1.12546     0.463048 -0.000980797
     0.94172     0.980321     0.288941   0.00180395      1.94103     0.020688    -0.933335     -1.07429     0.453649 -0.000454886
     0.94172     0.985198     0.291337   0.00175069      1.96114    0.0218276    -0.954346     -1.11998     0.462086   -0.0114979
     0.94172     0.963946     0.280239  0.000472201      1.72231    0.0335917    -0.847857    -0.851855    0.0485404    -0.130364
     0.94172     0.959856     0.278223  0.000169152       1.7023    0.0371281    -0.830408    -0.814649    0.0389199    -0.160795
     0.94172     0.956598     0.276569  0.000166875      1.67674    0.0366386    -0.815126    -0.778697   0.00790443    -0.156297
     0.94172     0.958536      0.27751  0.000396829      1.68388    0.0337753    -0.822991    -0.794478   0.00658827    -0.132287
     0.94172     0.972374     0.284396   0.00108234      1.76518    0.0264999    -0.883815     -0.92811    0.0678081   -0.0685427
     0.94172     0.970718     0.283575  0.000987077      1.75592    0.0275534     -0.87662     -0.91255    0.0620654   -0.0779139
     0.94172     0.967432     0.281916  0.000991305      1.73263    0.0269913    -0.861439    -0.877338    0.0366108   -0.0742776
     0.94172      0.96872     0.282553   0.00109439      1.73944    0.0257781    -0.866947    -0.889015    0.0398753   -0.0638113
     0.94172     0.968809     0.282638  0.000823259      1.74701    0.0295142    -0.868644    -0.896113    0.0603563   -0.0950004
     0.94172     0.966539     0.281519  0.000652316      1.73554    0.0315142    -0.858977    -0.875645    0.0552786    -0.112296
     0.94172     0.960366     0.278396  0.000651736      1.69024    0.0305567    -0.830309    -0.808812   0.00371794    -0.105484
     0.94172     0.963755      0.28009  0.000780187      1.71154    0.0293197    -0.845401    -0.842443    0.0221818   -0.0945706
     0.94172     0.968895     0.283341   0.00150415      1.89248    0.0233903    -0.884774    -0.970276     0.429613   -0.0364845
     0.94172     0.966099     0.281974   0.00148818      1.88055    0.0233182    -0.873063    -0.945614     0.423414   -0.0366969
     0.94172     0.965671      0.28176   0.00131391      1.87808    0.0254707    -0.871129    -0.941164     0.420966    -0.061159
     0.94172     0.968654     0.283218   0.00133806      1.89082    0.0254608    -0.883618    -0.967453     0.427608   -0.0601468
     0.94172     0.962516     0.280219   0.00128777      1.86454    0.0254869    -0.857986    -0.913663     0.413736   -0.0622054
     0.94172     0.963177     0.280547   0.00147236      1.86806    0.0232317    -0.860876    -0.920078     0.416835    -0.036804
     0.94172     0.958494     0.278261   0.00144622      1.84798    0.0231009    -0.841463    -0.879681     0.406057   -0.0369819
     0.94172      0.95904     0.278524   0.00129398      1.84974    0.0250649    -0.843612    -0.883842     0.405994   -0.0584603
     0.94172     0.968273     0.283025   0.00117032       1.8883    0.0275333    -0.881801    -0.963048     0.424605   -0.0838616
     0.94172     0.964841     0.281348   0.00113186      1.87357     0.027675    -0.867445    -0.932854     0.416808   -0.0862395
     0.94172     0.964948     0.281392  0.000980463      1.87301    0.0295851    -0.867624    -0.932524     0.414613    -0.107828
     0.94172     0.968357     0.283058   0.00102785       1.8877    0.0293318    -0.881892    -0.962558     0.422485    -0.104401
     0.94172     0.961256     0.279588  0.000924167      1.85692    0.0299175    -0.852254    -0.900375     0.405568    -0.111942
     0.94172     0.953578     0.275845  0.000843988      1.82356    0.0301395    -0.820643    -0.835129     0.386817    -0.114797
     0.94172     0.955905     0.276973  0.000784834      1.83292    0.0311128    -0.830032    -0.854004     0.390736    -0.125306
     0.94172     0.968873     0.283302  0.000906161      1.88897    0.0309124    -0.883766     -0.96575     0.421368    -0.122487
     0.94172     0.965992     0.281893  0.000860387      1.87652    0.0311965    -0.871681    -0.940257     0.414666    -0.126053
     0.94172     0.966998     0.282376  0.000752814      1.87991    0.0326486    -0.875561    -0.947556      0.41474    -0.142657
     0.94172     0.969334     0.283519  0.000794388      1.89002    0.0323633    -0.885379    -0.968319     0.420194    -0.139225
     0.94172     0.964541     0.281174  0.000703212      1.86906    0.0330185    -0.865271     -0.92588     0.408418    -0.146836
     0.94172      0.96297     0.280416  0.000805819      1.86325    0.0315726    -0.859063    -0.913766     0.407069    -0.130426
     0.94172     0.958607     0.278282   0.00068765      1.84352    0.0326009    -0.840873    -0.875632     0.394605    -0.141712
     0.94172     0.961083      0.27948  0.000605341      1.85328     0.033884    -0.850791    -0.895383     0.398235    -0.156209
     0.94172     0.969724       0.2837  0.000694296      1.89086    0.0336613    -0.886683    -0.970212     0.419089     -0.15434
     0.94172     0.967869     0.282792  0.000657594      1.88281    0.0339335    -0.878872    -0.953656     0.414726    -0.157536
     0.94172     0.969336     0.283499  0.000574549      1.88838    0.0351297    -0.884632    -0.964803     0.416376     -0.17168
     0.94172     0.970413     0.284028  0.000605166      1.89306    0.0348537    -0.889219     -0.97465     0.418875    -0.168389
     0.94172     0.968252     0.282968  0.000541499      1.88354    0.0354332    -0.880029    -0.954943     0.413482     -0.17515
     0.94172     0.965951     0.281853  0.000613058      1.87427    0.0342941     -0.87081    -0.936603      0.40964    -0.161542
     0.94172     0.963293      0.28055  0.000535226      1.86204    0.0349903    -0.859641    -0.912983      0.40158    -0.168988
     0.94172     0.966698     0.282205   0.00049169      1.87636    0.0358948    -0.873451    -0.940912     0.408721    -0.180175
     0.94172     0.970947     0.284281  0.000529557      1.89472    0.0358612    -0.891134    -0.977846     0.418612    -0.180389
     0.94172     0.970485     0.284052  0.000503083      1.89268    0.0361487    -0.889103    -0.973326     0.417497    -0.183879
     0.94172     0.970689     0.284149   0.00047623      1.89329    0.0365075    -0.889838    -0.974568     0.417335    -0.188135
     0.94172     0.971025     0.284315  0.000501376      1.89481     0.036224    -0.891339     -0.97797     0.418227    -0.184702
     0.94172     0.970447     0.284029  0.000460177      1.89217     0.036685    -0.888769    -0.972171     0.416612    -0.190245
     0.94172     0.970071     0.283848   0.00047929      1.89079    0.0364061    -0.887288    -0.969304     0.416338    -0.186939
     0.94172     0.969497     0.283565  0.000453596      1.88811     0.036669    -0.884815    -0.963921     0.414521    -0.189931
     0.94172     0.970169     0.283891   0.00044185      1.89079    0.0368859    -0.887545    -0.969445     0.415542    -0.192544
     0.94172     0.971102     0.284353  0.000498318      1.89508    0.0362701    -0.891648    -0.978585     0.418246    -0.185227
     0.94172     0.970771     0.284189  0.000475192       1.8936    0.0365286    -0.890178    -0.975268     0.417399    -0.188364
     0.94172     0.971067     0.284333   0.00047764      1.89474    0.0365265    -0.891421    -0.977897     0.417715    -0.188248
     0.94172     0.971336     0.284466  0.000492667       1.8959    0.0363635    -0.892607     -0.98054     0.418275    -0.186235
     0.94172     0.970752     0.284178  0.000459133      1.89334     0.036728    -0.890034    -0.974802     0.416917    -0.190682
     0.94172     0.970511      0.28406  0.000458949      1.89241    0.0367067    -0.889027    -0.972697     0.416667    -0.190492
     0.94172     0.970233     0.283923  0.000440428      1.89103    0.0369101    -0.887808    -0.969979     0.415577    -0.192814
     0.94172     0.970628     0.284115  0.000436927      1.89246     0.036992     -0.88944    -0.973357     0.415781    -0.193642
     0.94172     0.975231     0.286352  0.000396817      1.90612    0.0378914    -0.908747     -1.01398     0.409649    -0.199909
     0.94172     0.975225     0.286349  0.000396471      1.90609    0.0378952     -0.90872     -1.01392     0.409632    -0.199955
     0.94172     0.975229     0.286351  0.000396494       1.9061    0.0378952    -0.908735     -1.01396     0.409635    -0.199954
     0.94172     0.975216     0.286344  0.000396634      1.90605    0.0378921    -0.908681     -1.01385     0.409619    -0.199917
     0.94172     0.975232     0.286352  0.000397627      1.90613    0.0378813    -0.908754     -1.01401     0.409668    -0.199787
     0.94172     0.975289     0.286382  0.000409512      1.90652    0.0377378    -0.909043     -1.01475     0.410156    -0.198102
     0.94172     0.975222     0.286348  0.000402414      1.90616    0.0378202    -0.908734     -1.01402     0.409831    -0.199073
     0.94172     0.975237     0.286355  0.000396921      1.90612    0.0378904    -0.908772     -1.01404     0.409614    -0.199881
     0.94172     0.975238     0.286355  0.000397077      1.90614    0.0378887    -0.908775     -1.01405     0.409646     -0.19987
     0.94172     0.975233     0.286353  0.000396638      1.90612    0.0378938    -0.908754       -1.014     0.409629    -0.199931
     0.94172     0.975219     0.286346   0.00039614      1.90606    0.0378987    -0.908694     -1.01387     0.409605    -0.199993
     0.94172     0.975215     0.286344  0.000395867      1.90603    0.0379016    -0.908676     -1.01383     0.409576    -0.200022
     0.94172     0.975224     0.286348  0.000396215      1.90608    0.0378982    -0.908714     -1.01391     0.409613    -0.199987
     0.94172     0.975361     0.286417  0.000410548      1.90673    0.0377305    -0.909354     -1.01542     0.410039    -0.197929
     0.94172     0.975247      0.28636  0.000398285      1.90618    0.0378742    -0.908821     -1.01416     0.409665    -0.199688
     0.94172     0.975247      0.28636  0.000397924      1.90616    0.0378785     -0.90882     -1.01416     0.409599    -0.199718
     0.94172     0.975319     0.286396  0.000405289      1.90647    0.0377921    -0.909156     -1.01495     0.409765    -0.198638
     0.94172     0.975222     0.286347  0.000395978      1.90605    0.0379006    -0.908705     -1.01389     0.409547    -0.199996
     0.94172     0.975228      0.28635  0.000396313      1.90607    0.0378971    -0.908734     -1.01396      0.40956    -0.199951
     0.94172     0.975228      0.28635  0.000396285      1.90609    0.0378976    -0.908731     -1.01395     0.409597    -0.199971
     0.94172      0.97523     0.286351  0.000396573      1.90605    0.0378933    -0.908746     -1.01399     0.409465    -0.199869
     0.94172     0.975205     0.286339  0.000395087      1.90592    0.0379094    -0.908632     -1.01373     0.409377    -0.200056
     0.94172     0.975194     0.286333  0.000394218      1.90583    0.0379187    -0.908585     -1.01363     0.409244    -0.200133
     0.94172      0.97529     0.286381  0.000400504       1.9062    0.0378477    -0.909018     -1.01462      0.40931      -0.1992
     0.94172     0.975317     0.286394  0.000403288      1.90637    0.0378159    -0.909145     -1.01492     0.409512    -0.198853
     0.94172     0.975179     0.286326  0.000394583      1.90585    0.0379137     -0.90852     -1.01349     0.409429    -0.200144
     0.94172       0.9752     0.286336  0.000395892      1.90597    0.0378997    -0.908612     -1.01369     0.409553    -0.199998
     0.94172     0.975171     0.286323  0.000400999      1.90595    0.0378331    -0.908512     -1.01353     0.409763    -0.199241
     0.94172     0.975134     0.286305  0.000398394      1.90576     0.037862    -0.908345     -1.01316     0.409608    -0.199573
     0.94172     0.975155     0.286314  0.000393404      1.90572    0.0379259    -0.908416     -1.01326     0.409313     -0.20027
     0.94172     0.976705      0.28709    0.0005475      1.91437    0.0361526    -0.915526     -1.02983     0.417671    -0.179802
     0.94172     0.976143     0.286814  0.000535015      1.91238    0.0362601     -0.91309      -1.0245     0.417611    -0.181492
     0.94172       0.9748     0.286145  0.000420434      1.90515    0.0375582    -0.907017     -1.01055     0.411014    -0.196405
     0.94172     0.975853     0.286661  0.000444038      1.90876    0.0373531    -0.911576     -1.02052     0.410813     -0.19313
     0.94172      0.97579     0.286629  0.000435901       1.9083    0.0374473    -0.911283     -1.01983      0.41018    -0.194141
     0.94172     0.977293     0.287366  0.000475938      1.91312    0.0370675    -0.917856     -1.03436      0.40894    -0.188075
     0.94172     0.978154       0.2878  0.000577516      1.91923    0.0358986    -0.921823     -1.04365      0.41706    -0.175491
     0.94172      0.97518     0.286326  0.000390552      1.90544    0.0379587    -0.908528     -1.01351     0.408326    -0.200323
     0.94172      0.97521     0.286341  0.000394222      1.90578    0.0379184    -0.908659      -1.0138     0.408955    -0.200017
     0.94172     0.975136     0.286304  0.000390165      1.90553    0.0379634    -0.908327     -1.01305     0.408972    -0.200637
     0.94172     0.975097     0.286285  0.000387808      1.90531    0.0379886    -0.908155     -1.01266     0.408764    -0.200905
     0.94172     0.975087      0.28628  0.000388261      1.90532    0.0379826    -0.908114     -1.01258      0.40887    -0.200871
     0.94172     0.975117     0.286295  0.000390427      1.90549    0.0379588    -0.908245     -1.01287     0.409056    -0.200618
     0.94172      0.97509     0.286282  0.000392616      1.90547    0.0379295     -0.90814     -1.01267     0.409246    -0.200327
     0.94172     0.974995     0.286236  0.000390372      1.90506     0.037948    -0.907735      -1.0118     0.409023    -0.200535
     0.94172     0.974882     0.286179  0.000379027      1.90424    0.0380756    -0.907224     -1.01062     0.407916    -0.201824
     0.94172      0.97502     0.286247  0.000384379      1.90493    0.0380235    -0.907819     -1.01192     0.408481     -0.20129
     0.94172     0.975055     0.286265  0.000386296      1.90513    0.0380036    -0.907975     -1.01227     0.408681    -0.201088
     0.94172     0.974833     0.286155  0.000379912      1.90411    0.0380605    -0.907022     -1.01021     0.408034      -0.2017
     0.94172     0.975058     0.286265  0.000385498      1.90509    0.0380131    -0.907983     -1.01228     0.408536    -0.201156
     0.94172     0.975004     0.286239  0.000382736      1.90478    0.0380415     -0.90775     -1.01177     0.408226    -0.201436
     0.94172     0.974897     0.286186  0.000376202      1.90405    0.0381092    -0.907287     -1.01076     0.407276    -0.202017
     0.94172     0.974965     0.286219   0.00037789      1.90426    0.0380935    -0.907582      -1.0114     0.407191     -0.20175
     0.94172     0.974706     0.286091  0.000366863      1.90298    0.0382044     -0.90646     -1.00894     0.406218     -0.20295
     0.94172     0.974938     0.286206  0.000379307       1.9044    0.0380766    -0.907463     -1.01114     0.407813    -0.201771
     0.94172     0.974499     0.285988    0.0003569      1.90183    0.0383055     -0.90556     -1.00697     0.405097    -0.203945
     0.94172     0.973432     0.285459  0.000296819      1.89525    0.0389282    -0.900929    -0.996791      0.39757    -0.209737
     0.94172     0.972852      0.28517  0.000264531      1.89183    0.0392646    -0.898399    -0.991207     0.393931    -0.213006
     0.94172     0.972559     0.285016  0.000211077      1.88653    0.0398541    -0.897084    -0.988193     0.382707    -0.216727
     0.94172      0.97455     0.286003  0.000312847      1.89794     0.038809    -0.905752     -1.00729     0.394338    -0.206589
     0.94172     0.971845     0.284672  0.000213411      1.88672    0.0397982    -0.893998    -0.981475     0.389758    -0.218797
     0.94172     0.971894     0.284697  0.000217451      1.88722    0.0397563    -0.894211    -0.981936     0.390622    -0.218554
     0.94172      0.97184      0.28467  0.000214631      1.88702     0.039787    -0.893969     -0.98139     0.390589    -0.218965
     0.94172     0.971818     0.284659  0.000213332      1.88688    0.0398005    -0.893873     -0.98118     0.390412    -0.219083
     0.94172     0.971968     0.284734  0.000221561      1.88762    0.0397129    -0.894532    -0.982648     0.390994      -0.2181
     0.94172      0.97206     0.284779  0.000227049      1.88813    0.0396543    -0.894938    -0.983552     0.391472    -0.217479
     0.94172     0.971865     0.284683  0.000216138      1.88716    0.0397709    -0.894079    -0.981635     0.390712    -0.218791
     0.94172     0.971829     0.284665  0.000214096      1.88698    0.0397927    -0.893922    -0.981284     0.390566    -0.219036
     0.94172     0.971832     0.284666  0.000214481        1.887    0.0397883    -0.893934    -0.981314     0.390611    -0.218994
     0.94172     0.971814     0.284658  0.000214967      1.88696    0.0397807    -0.893864    -0.981173     0.390648    -0.218916
     0.94172      0.97181     0.284656  0.000216471        1.887    0.0397619     -0.89385     -0.98116     0.390792    -0.218726
     0.94172     0.971592     0.284548  0.000205136      1.88568    0.0398775    -0.892912    -0.979113     0.389325    -0.219765
     0.94172     0.971767     0.284634  0.000211269       1.8866    0.0398206    -0.893654    -0.980706      0.39016    -0.219271
     0.94172     0.971803     0.284652  0.000212858      1.88682     0.039805    -0.893808    -0.981038     0.390395    -0.219143
     0.94172     0.971562     0.284534  0.000205625      1.88561     0.039869    -0.892788    -0.978856     0.389434    -0.219707
     0.94172     0.971788     0.284645  0.000211839      1.88669    0.0398155    -0.893748    -0.980908     0.390185    -0.219205
     0.94172     0.971727     0.284614  0.000209103      1.88631    0.0398421    -0.893484     -0.98034     0.389764    -0.219418
     0.94172     0.971577      0.28454    0.0002019      1.88529    0.0399123    -0.892846     -0.97897     0.388454    -0.219898
     0.94172     0.971638      0.28457  0.000203461      1.88549    0.0398979    -0.893108    -0.979539     0.388428    -0.219678
     0.94172     0.971313     0.284409  0.000190744      1.88375    0.0400203    -0.891718    -0.976537      0.38683    -0.220794
     0.94172      0.97164     0.284571  0.000205334      1.88578    0.0398786    -0.893115    -0.979544     0.389171    -0.219703
     0.94172     0.971006     0.284258  0.000178886      1.88206    0.0401333    -0.890409    -0.973716     0.385227    -0.221772
     0.94172     0.969956     0.283737  0.000128459      1.87522    0.0406297    -0.885921    -0.964025     0.376933    -0.225518
     0.94172     0.966469     0.282003 -5.05011e-05       1.8521    0.0424226    -0.870888    -0.931271     0.348639    -0.239513
     0.94172     0.970147     0.283821  9.87895e-05      1.87248    0.0409764     -0.88666    -0.965414     0.368096    -0.226841
     0.94172     0.971661     0.284582  0.000207061        1.886    0.0398607    -0.893203    -0.979735     0.389554    -0.219607
     0.94172     0.971382     0.284444  0.000196855      1.88449    0.0399565    -0.892014    -0.977179     0.388158    -0.220433
     0.94172     0.971074     0.284292  0.000184682      1.88275    0.0400726    -0.890701    -0.974356     0.386407      -0.2214
     0.94172     0.969238     0.283386  0.000115729      1.87272     0.040724    -0.882881    -0.957552     0.376956    -0.226976
     0.94172     0.970308     0.283917  0.000167179      1.87938    0.0402128    -0.887461    -0.967451     0.384569    -0.222832
     0.94172     0.970129     0.283829  0.000164965      1.87876    0.0402242    -0.886702    -0.965841     0.384582    -0.223068
     0.94172     0.966975     0.282269  2.57211e-05      1.86018    0.0415883    -0.873233    -0.936795     0.364881    -0.234389
     0.94172     0.974947     0.286211  0.000380807      1.90453    0.0380599    -0.907503     -1.01123     0.408077    -0.201647
     0.94172     0.974746     0.286112  0.000372233      1.90347     0.038145    -0.906636     -1.00934     0.407129    -0.202498
     0.94172     0.974527     0.286003  0.000361759      1.90223    0.0382509    -0.905687     -1.00726     0.405902    -0.203523
     0.94172     0.973267      0.28538  0.000302048      1.89526    0.0388552    -0.900234    -0.995323     0.399115    -0.209438
     0.94172     0.973716     0.285602  0.000328274      1.89801    0.0385809    -0.902186    -0.999624     0.402236    -0.206835
     0.94172     0.973819     0.285656  0.000348482      1.89934    0.0383477    -0.902668     -1.00077     0.404769    -0.204727
     0.94172      0.97361     0.285554  0.000346125      1.89862    0.0383584    -0.901782    -0.998876     0.404784    -0.204982
     0.94172     0.971864     0.284683  0.000218427      1.88725     0.039743    -0.894086    -0.981672     0.390951    -0.218519
     0.94172     0.971827     0.284664   0.00021461      1.88699    0.0397863    -0.893915    -0.981276      0.39062    -0.218973
     0.94172     0.972022     0.284761  0.000227108      1.88808    0.0396513    -0.894777    -0.983206     0.391682    -0.217533
     0.94172     0.954501     0.276056 -0.000617097      1.77646    0.0480523    -0.819093    -0.817973     0.263379    -0.283303
     0.94172      0.95792     0.277777 -0.000401349       1.8032    0.0458132    -0.834355    -0.852473     0.300087    -0.267038
     0.94172       0.9479     0.272811 -0.000862202      1.74239    0.0503885    -0.791308    -0.759089     0.235898    -0.302264
     0.94172     0.966416     0.281961 -0.000100176      1.84695     0.042983    -0.870437    -0.929725     0.335885    -0.242593
     0.94172     0.962475     0.279987 -0.000313354      1.81845    0.0451327    -0.853038    -0.890829     0.298633    -0.258704
     0.94172      0.96926     0.283349 -3.42756e-05      1.85714    0.0424155     -0.88243    -0.955167     0.336243    -0.235589
     0.94172      0.97103     0.284238  7.46863e-05      1.87087    0.0412997    -0.890265    -0.972752     0.355814    -0.226909
     0.94172     0.942369     0.269613 -0.000987328      1.61653    0.0503323    -0.756062    -0.656157  -0.00911369    -0.271739
     0.94172     0.939855     0.268348  -0.00106237      1.59822      0.05096     -0.74469    -0.630321   -0.0295031    -0.275165
     0.94172      0.94058     0.268675 -0.000935426      1.59616    0.0493173    -0.746945     -0.63325   -0.0395563    -0.260705
     0.94172     0.950426     0.273535 -0.000317453      1.64776    0.0423487    -0.789033    -0.723523  -0.00491915    -0.204368
     0.94172     0.950531     0.273517  2.59583e-05      1.63467    0.0376215    -0.787556    -0.715859   -0.0357029    -0.164156
     0.94172     0.944786      0.27064 -0.000181476      1.59672    0.0395722     -0.76184    -0.658164   -0.0720479    -0.179437
     0.94172      0.94626     0.271336  0.000143513      1.59855    0.0353334    -0.767237    -0.667607   -0.0805879    -0.145531
     0.94172     0.951844     0.274141  0.000288711      1.63688    0.0342136     -0.79246    -0.724656    -0.042532    -0.136382
     0.94172     0.939855     0.268115 -1.63827e-05      1.55335    0.0365238    -0.738238     -0.60194    -0.126293    -0.154595
     0.94172     0.937216     0.266832 -0.000384907      1.54307    0.0411804     -0.72759    -0.580607      -0.1271     -0.19068
     0.94172     0.930004     0.263205 -0.000586544      1.49136    0.0428244    -0.695036    -0.507177    -0.179508     -0.20171
     0.94172     0.934984     0.265651 -3.67298e-05      1.51613    0.0360364    -0.715822    -0.550478    -0.166462    -0.150649
     0.94172     0.952551     0.274469   0.00050996       1.6368     0.031289    -0.794875    -0.728346   -0.0495147    -0.112876
     0.94172     0.946182     0.271265  0.000416111      1.59203    0.0315838    -0.765945    -0.662604   -0.0948792    -0.116141
     0.94172     0.951278     0.273816  0.000606329      1.62563    0.0297735      -0.7887    -0.713401   -0.0641881    -0.101074
     0.94172     0.943328     0.270818   0.00020381        1.772    0.0370084    -0.777906    -0.745361     0.344825    -0.185364
     0.94172     0.945241     0.271775  0.000555882      1.78514    0.0328616    -0.786348    -0.764315     0.361092    -0.143226
     0.94172      0.93438     0.266477  0.000106583      1.73339    0.0372818       -0.742    -0.673478     0.323587    -0.186396
     0.94172     0.938684     0.268559  0.000104739      1.75098    0.0377467    -0.759118    -0.707342     0.331448     -0.19171
     0.94172     0.952609     0.275347    0.0004748      1.81536    0.0346252    -0.815947     -0.82356     0.374853    -0.162735
     0.94172     0.948376     0.273268  0.000218187      1.79338    0.0373561    -0.798213    -0.786095      0.35582    -0.190141
     0.94172      0.95286     0.275446  0.000234142      1.81262    0.0376288    -0.816328    -0.822626     0.366141    -0.194309
     0.94172     0.956417     0.277195  0.000436747      1.83113    0.0354947    -0.831304    -0.854428     0.382301    -0.172867
     0.94172     0.950802     0.274422  1.81738e-05      1.79926    0.0400706     -0.80739    -0.802931     0.350347    -0.218211
     0.94172     0.946551     0.272353 -4.77596e-05      1.78012    0.0404347    -0.790139    -0.767923     0.338443    -0.220218
     0.94172     0.945693     0.271907 -0.000264433      1.77044    0.0429952       -0.786    -0.757785     0.321952    -0.244127
     0.94172     0.948874     0.273452 -0.000225417      1.78407    0.0428475    -0.798836    -0.783634     0.329063    -0.243772
     0.94172     0.941058     0.269649 -0.000378236      1.74886    0.0439053     -0.76717    -0.719494     0.307397    -0.251043
     0.94172     0.941816     0.270051  -0.00012217      1.75901    0.0408533    -0.771007    -0.729307     0.325713      -0.2227
     0.94172     0.937526      0.26796 -0.000245196      1.73878     0.041915     -0.75359    -0.693905     0.311521    -0.231641
     0.94172     0.936051     0.267199  -0.00057095      1.72303    0.0457352    -0.746652    -0.677291     0.285768    -0.265731
     0.94172     0.940164     0.269189 -0.000522865      1.73953    0.0455689     -0.76303    -0.709745     0.292227    -0.264978
     0.94172     0.971639     0.284656   0.00094472      1.90071    0.0307031    -0.895422    -0.990469     0.427209    -0.119563
     0.94172     0.971608     0.284631  0.000829198      1.89965    0.0321527    -0.894969    -0.988681     0.424899    -0.136433
     0.94172     0.973809     0.285708  0.000846479      1.90863    0.0321514     -0.90426     -1.00841     0.428553     -0.13587
     0.94172     0.973785     0.285704  0.000942554       1.9094    0.0309411    -0.904431     -1.00948      0.43063    -0.121785
     0.94172     0.973168     0.285386  0.000741527      1.90514    0.0334089    -0.901227     -1.00113       0.4254     -0.15077
     0.94172     0.971544     0.284591  0.000724506      1.89854    0.0334637    -0.894369     -0.98655     0.422779      -0.1518
     0.94172      0.97155     0.284585  0.000635417      1.89787    0.0345862     -0.89407    -0.985086     0.421173    -0.165061
     0.94172     0.972588     0.285095   0.00066635      1.90222    0.0342985     -0.89853    -0.994753     0.423114    -0.161404
     0.94172     0.946803     0.272569   0.00137864      1.79787    0.0228035    -0.793562    -0.781351     0.378922   -0.0376304
     0.94172      0.93764     0.268118    0.0013242      1.75878    0.0225916    -0.756502    -0.706434     0.357903   -0.0383323
     0.94172     0.936877     0.267743   0.00107668      1.75447    0.0255849    -0.753325    -0.699733     0.353771   -0.0690471
     0.94172     0.949445     0.273847   0.00115698      1.80815    0.0258283    -0.804144     -0.80244     0.382684    -0.069133
     0.94172     0.956683     0.276523   0.00077183      1.66113    0.0283443    -0.812931    -0.767756   -0.0313981   -0.0884201
     0.94172     0.952242     0.274298  0.000643817      1.63185    0.0294098    -0.792991    -0.722948   -0.0586806   -0.0979945
     0.94172     0.953292     0.274815  0.000781159       1.6371    0.0276975    -0.797426     -0.73227   -0.0563183   -0.0843027
     0.94172     0.960591     0.278465    0.0010541      1.68402    0.0250977    -0.829969    -0.804787   -0.0152236   -0.0611363
     0.94172     0.965025     0.280687   0.00114145      1.71318    0.0245797    -0.849906    -0.849619    0.0116177   -0.0552997
     0.94172     0.962752     0.279556   0.00101903      1.69947    0.0259013     -0.83991    -0.827686   0.00123077   -0.0668843
     0.94172     0.965498     0.280923   0.00116738      1.71604    0.0242986    -0.851987    -0.854182    0.0137694   -0.0528278
     0.94172     0.960716     0.278526   0.00108593      1.68446    0.0246845    -0.830462    -0.805724   -0.0154943   -0.0577786
     0.94172     0.959476     0.277896   0.00119194      1.67476    0.0230619    -0.824615    -0.791922   -0.0270801   -0.0452392
     0.94172     0.965007     0.280666   0.00132412      1.71094    0.0221049    -0.849418    -0.847507   0.00548289   -0.0351852
     0.94172     0.967773     0.282063   0.00121269      1.73085    0.0240243    -0.862215    -0.877181    0.0272382   -0.0496976
     0.94172     0.933892     0.265239 -0.000878272      1.53418    0.0474597     -0.71477    -0.556271    -0.120031    -0.240171
     0.94172     0.929683      0.26321  -0.00133984      1.52052    0.0531624    -0.698241      -0.5241    -0.117138    -0.285258
     0.94172     0.921523     0.259156  -0.00178743      1.47045    0.0580519    -0.662941    -0.447567    -0.160336    -0.319382
     0.94172     0.921883     0.259271  -0.00155633      1.46054    0.0549278     -0.66273    -0.443312    -0.182805    -0.293105
     0.94172     0.925424     0.260986  -0.00117157      1.47405    0.0501764    -0.676796    -0.471095    -0.180942    -0.257232
     0.94172     0.916973     0.257082  -0.00240832      1.47681    0.0658746    -0.648457    -0.427399    -0.115331    -0.386017
     0.94172     0.919396     0.258223  -0.00218305      1.48035    0.0631563    -0.657184    -0.442523    -0.125358    -0.363231
     0.94172     0.927468     0.262218  -0.00173737      1.52784    0.0582983    -0.691601     -0.51611   -0.0857995    -0.329783
     0.94172     0.927067     0.262055  -0.00183218      1.53237    0.0595477    -0.690823     -0.51652   -0.0733789    -0.341528
     0.94172     0.925847     0.261495  -0.00196344      1.53364     0.061172    -0.686814      -0.5106   -0.0618433    -0.356163
     0.94172     0.910373     0.253754  -0.00269524      1.42557    0.0687836    -0.618755    -0.360513    -0.172293     -0.39992
     0.94172      0.90741     0.252345  -0.00294074      1.41816    0.0716805    -0.607769    -0.340639     -0.16666    -0.423016
     0.94172      0.90571     0.251447  -0.00298004      1.39736    0.0719713    -0.599037    -0.318761    -0.196084     -0.42016
     0.94172     0.909025     0.252959  -0.00252166      1.39384    0.0662249    -0.609476    -0.333086    -0.225299    -0.373146
     0.94172     0.913555     0.255148  -0.00208517      1.41111    0.0609234    -0.627223    -0.367551    -0.222576      -0.3341
     0.94172     0.913174     0.255025  -0.00229113        1.421    0.0636876    -0.627432    -0.371963    -0.200514    -0.357445
     0.94172     0.914002     0.255324  -0.00190781      1.40543    0.0585552    -0.627834    -0.366074    -0.236732    -0.315198
     0.94172     0.908304     0.252563  -0.00248429      1.38232    0.0656147    -0.605324    -0.321914    -0.242789    -0.366149
     0.94172     0.917609     0.257062  -0.00147631        1.418    0.0531678    -0.641867    -0.393112    -0.236959    -0.275401
     0.94172     0.906408     0.251866  -0.00301589      1.41515    0.0725512    -0.604008     -0.33372    -0.165746     -0.42976
     0.94172     0.907493     0.252463  -0.00300162      1.43264    0.0725189    -0.610236    -0.350542     -0.13825    -0.434073
     0.94172     0.904037     0.250609  -0.00306486      1.38523    0.0728809    -0.591672    -0.302548    -0.208474    -0.424974
     0.94172     0.906758     0.252208  -0.00308552      1.44817    0.0735591    -0.610099    -0.356863    -0.101715    -0.448535
     0.94172     0.904652     0.251232  -0.00319696      1.44704     0.074758    -0.602976    -0.345733   -0.0893336    -0.460221
     0.94172     0.900707     0.249366  -0.00339693      1.43781    0.0768747    -0.588653    -0.320626   -0.0805634    -0.478263
     0.94172     0.916786     0.257177    -0.002539      1.51053    0.0676965     -0.65274    -0.447879   -0.0442487    -0.411608
     0.94172     0.918445     0.257946  -0.00244014      1.51089    0.0665837    -0.658374    -0.456713   -0.0554664    -0.400827
     0.94172     0.926442     0.261891  -0.00202641      1.55629    0.0621858    -0.692079    -0.528015   -0.0181336    -0.370503
     0.94172     0.927164     0.262282  -0.00200476      1.56685     0.062031    -0.696035    -0.538479 -0.000879938    -0.371769
     0.94172     0.906491     0.252873  -0.00132557      1.59203    0.0518629    -0.629315    -0.445165      0.21002    -0.312714
     0.94172     0.905152     0.252273  -0.00104816      1.59504    0.0483536    -0.625171    -0.440028      0.22682    -0.282856
     0.94172     0.907009     0.252995  -0.00194122      1.57047    0.0594349    -0.628269    -0.435089     0.157915     -0.37279
     0.94172     0.906552     0.252837  -0.00167873      1.58005    0.0561743    -0.628012    -0.438573     0.182773    -0.347362
     0.94172     0.901945     0.250427   -0.0025571      1.52606    0.0664667    -0.605559    -0.383459    0.0976217     -0.42347
     0.94172     0.906129     0.252477  -0.00231019      1.54945    0.0638772    -0.622555    -0.418119     0.118019     -0.40505
     0.94172     0.907722     0.253282  -0.00213392      1.56288    0.0618772    -0.629645    -0.434101     0.135748    -0.390866
     0.94172      0.94808      0.27302 -0.000472865       1.7703    0.0457636    -0.794676     -0.77272     0.302072    -0.268451
     0.94172     0.944183     0.271118 -0.000566957       1.7518     0.046509    -0.778734     -0.74004     0.289193    -0.273632
     0.94172     0.943427     0.270723 -0.000712575       1.7424    0.0481958     -0.77508    -0.731097     0.272771    -0.287409
     0.94172     0.946159     0.272037 -0.000715224      1.75076    0.0484913    -0.785873     -0.75222     0.270562    -0.289696
     0.94172     0.949772     0.273819 -0.000547389      1.77171    0.0468229     -0.80108    -0.784484     0.291547    -0.276782
     0.94172     0.917987     0.258385   -0.0012793      1.63286    0.0525003     -0.67338    -0.528347     0.216189    -0.319247
     0.94172     0.917988     0.258328   -0.0015349      1.62188    0.0556183    -0.672029    -0.522161     0.191136    -0.343962
     0.94172     0.926301     0.262364  -0.00127924       1.6594    0.0533552    -0.705246    -0.588396     0.213278     -0.32678
     0.94172     0.927881     0.263177  -0.00104436      1.67546    0.0506581    -0.712642    -0.605942     0.238232    -0.305506
     0.94172     0.917754     0.258127  -0.00185576      1.60424    0.0595174    -0.668978    -0.510679     0.153019    -0.373045
     0.94172     0.926471     0.262339  -0.00162789       1.6394     0.057617    -0.703331    -0.577954     0.166015     -0.35848
     0.94172     0.928174     0.263204  -0.00146895      1.65417    0.0558525    -0.711085    -0.595817     0.186671    -0.345728
     0.94172     0.934374     0.266506  0.000518989      1.73926    0.0322168    -0.742732    -0.676992     0.337477    -0.136351
     0.94172     0.946418     0.272359   0.00074041      1.79215    0.0306984    -0.791412    -0.775372     0.368508    -0.120778
     0.94172     0.947479     0.272882  0.000890863      1.79802    0.0289409    -0.795907    -0.785007     0.374101    -0.102347
     0.94172     0.935174     0.266907  0.000778921      1.74523    0.0290967    -0.746254    -0.684908     0.345305    -0.105029
     0.94172     0.917894     0.258476 -0.000351192      1.65896    0.0411947    -0.676158    -0.542203      0.27684    -0.221282
     0.94172     0.916404     0.257782 -0.000112562      1.65746    0.0381399    -0.670878    -0.533457     0.284703     -0.19299
     0.94172     0.905506     0.252513 -0.000454213      1.60935    0.0411899    -0.628118    -0.449971      0.25657    -0.220149
     0.94172     0.909748      0.25453 -0.000636009      1.62187    0.0438249    -0.643974    -0.478806     0.253321    -0.244012
     0.94172     0.900142     0.249965 -0.000132792      1.59383    0.0367683    -0.608148    -0.413869     0.261162     -0.18028
     0.94172     0.913052     0.256188  0.000163843      1.64814    0.0344418    -0.658276    -0.510413     0.288556    -0.158403
     0.94172     0.911761     0.255584  0.000497385      1.64663    0.0302531    -0.653656    -0.502659     0.294747    -0.118959
     0.94172     0.897595     0.248768  0.000287794      1.58884    0.0314356    -0.598975    -0.398172     0.268632    -0.131709
     0.94172      0.90253     0.251047 -0.000818444      1.59096    0.0452992    -0.615879    -0.424523     0.237069     -0.25631
     0.94172     0.900264     0.249987 -0.000579203      1.58723    0.0421726    -0.607817    -0.410991     0.245446    -0.228558
     0.94172     0.941207     0.269265   -0.0013582      1.65539    0.0554599    -0.756951    -0.671497    0.0865125    -0.327519
     0.94172     0.934381     0.265889   -0.0016703      1.61626    0.0586456    -0.727782    -0.608773    0.0522082    -0.350735
     0.94172     0.934041     0.265658  -0.00166068      1.60203    0.0583886    -0.724696    -0.598397    0.0234726    -0.344421
     0.94172     0.930841      0.26395   -0.0016824      1.55948    0.0580938    -0.707703    -0.554411   -0.0441517     -0.33313
     0.94172      0.92725     0.262187   -0.0018874      1.54132    0.0603482    -0.692721    -0.523072   -0.0560112     -0.35025
     0.94172     0.928424     0.262738  -0.00178092      1.54238    0.0590606    -0.696923    -0.530269    -0.062376    -0.338897
     0.94172      0.90825     0.253475  -0.00232584      1.55348    0.0642957    -0.630221    -0.431386     0.111239    -0.407612
     0.94172     0.906535     0.252667  -0.00231457      1.55022    0.0639747    -0.624017     -0.42064     0.116726    -0.405689
     0.94172     0.902794     0.250835  -0.00253076       1.5294    0.0662346    -0.608815     -0.38963    0.0986863    -0.421751
     0.94172     0.901621     0.250225  -0.00269476      1.51651    0.0681397    -0.603136    -0.375829    0.0792103    -0.434649
     0.94172     0.904937     0.251754  -0.00273741       1.5175    0.0690331    -0.614202    -0.392513    0.0569708    -0.438929
     0.94172     0.905049      0.25184  -0.00266221      1.52382    0.0681121    -0.615465    -0.397045    0.0698996    -0.433276
     0.94172     0.902547     0.250675  -0.00265147      1.52105    0.0677043    -0.606827    -0.383173    0.0822746    -0.431561
     0.94172     0.905828     0.252223  -0.00261943      1.52821    0.0676652    -0.618667    -0.403657    0.0737241    -0.430179
     0.94172     0.907796     0.253198  -0.00249137      1.54088    0.0662895    -0.626984    -0.421376    0.0868602    -0.420767
     0.94172     0.915699     0.256954  -0.00234257      1.56215    0.0652765     -0.65637    -0.474539     0.074809     -0.41068
     0.94172     0.915665     0.256906  -0.00239942      1.55619    0.0659733    -0.655419    -0.470629    0.0620072    -0.414528
     0.94172     0.925033     0.261465  -0.00200917      1.59938     0.062089    -0.693131    -0.546458    0.0865977    -0.385707
     0.94172      0.92497     0.261479  -0.00194767      1.60758    0.0613441     -0.69403    -0.551111     0.105385    -0.382141
     0.94172     0.936702     0.267369  -0.00116525      1.69573    0.0530053    -0.745948    -0.667258     0.216145    -0.324145
     0.94172     0.938231     0.268091  -0.00117767      1.69789    0.0532958    -0.751604    -0.677345     0.208919    -0.325784
     0.94172     0.943958     0.270936 -0.000862887      1.73483    0.0500546    -0.776239     -0.73088     0.250337    -0.301499
     0.94172      0.94246     0.270233 -0.000821907      1.73383    0.0494224    -0.770735    -0.721177     0.260109    -0.297206
     0.94172     0.930901     0.264502  -0.00146113      1.66085    0.0560223    -0.721381    -0.614792     0.180719    -0.346497
     0.94172     0.929282     0.263735  -0.00145748      1.65761    0.0558224    -0.715347    -0.603885     0.185949    -0.345418
     0.94172     0.928503     0.263331  -0.00155165      1.64921    0.0568886    -0.711598    -0.594797     0.172681    -0.353034
     0.94172     0.931723     0.264747  -0.00171123      1.63438    0.0590829    -0.720832    -0.604031     0.113525    -0.363878
     0.94172     0.933142     0.265389  -0.00169851      1.63118    0.0590157    -0.725366    -0.610224    0.0952062    -0.360518
     0.94172     0.939616     0.268582  -0.00140554      1.66728    0.0560483    -0.752741    -0.668469     0.126261     -0.33879
     0.94172     0.940061     0.268889  -0.00129731      1.68732    0.0548667     -0.75678    -0.682208      0.16925    -0.334405
     0.94172     0.951562      0.27452 -0.000862456      1.74184    0.0506283    -0.804582    -0.781986     0.203728    -0.299607
     0.94172     0.946457     0.272031  -0.00103891      1.72015    0.0523244    -0.783577    -0.738663     0.194372    -0.314476
     0.94172     0.950421     0.273914 -0.000933904       1.7263    0.0513083    -0.798701     -0.76692     0.176138    -0.302014
     0.94172     0.927818     0.262768  -0.00194561      1.60203    0.0615406     -0.70304    -0.563175    0.0711659    -0.378714
     0.94172     0.926281     0.262057  -0.00197412       1.6022    0.0617694    -0.697779    -0.554878    0.0833199    -0.382524
     0.94172     0.924791     0.261283  -0.00208533       1.5862    0.0629678    -0.690514    -0.537158    0.0591698    -0.389012
     0.94172     0.926024     0.261806  -0.00206601      1.57706     0.062781    -0.693511    -0.538403    0.0298342    -0.382767
     0.94172     0.928581     0.263014  -0.00193987      1.58102    0.0614003    -0.702878    -0.554967    0.0191231    -0.369469
     0.94172     0.929048     0.263289  -0.00192141      1.59239    0.0612753    -0.706031    -0.564393    0.0404314    -0.371611
     0.94172     0.985421     0.290877   0.00170174       1.8401    0.0199816     -0.94069     -1.05128     0.114858  -0.00736334
     0.94172      0.98524     0.290786   0.00168233      1.83905    0.0202149    -0.939897     -1.04956     0.114213  -0.00950941
     0.94172     0.984195     0.290263   0.00167308      1.83237    0.0201879    -0.935169     -1.03885      0.10817  -0.00984794
     0.94172     0.984015     0.290172    0.0016862      1.83115    0.0199867    -0.934337     -1.03691     0.106852   -0.0081902
     0.94172     0.984062     0.290197   0.00165428      1.83168    0.0204212    -0.934607     -1.03768     0.107967   -0.0119492
     0.94172     0.984994     0.290664   0.00166261      1.83765    0.0204444    -0.938827     -1.04726     0.113397   -0.0116464
     0.94172     0.984533     0.290435   0.00163855      1.83495    0.0207025    -0.936808     -1.04286     0.111647   -0.0141339
     0.94172     0.983756     0.290045   0.00163927      1.82988    0.0205795    -0.933265     -1.03475     0.106751   -0.0134814
     0.94172     0.982424     0.289376   0.00166015      1.82116    0.0201078    -0.927196      -1.0209    0.0983857   -0.0101036
     0.94172     0.982669       0.2895    0.0016427      1.82285    0.0203769    -0.928335     -1.02356     0.100249    -0.012301
     0.94172     0.982336     0.289334   0.00162616      1.82088    0.0205517    -0.926872     -1.02036    0.0988993    -0.013983
     0.94172     0.983836      0.29011      0.00149      1.83397    0.0226403    -0.934534     -1.04011     0.120019   -0.0311395
     0.94172     0.982285     0.289333   0.00146073      1.82407    0.0228071    -0.927519     -1.02421     0.110975    -0.033298
     0.94172     0.983734     0.290052   0.00151911      1.83237    0.0222213    -0.933834     -1.03787     0.116047   -0.0276014
     0.94172     0.979605     0.288011   0.00129645      1.81025    0.0246658    -0.916169     -1.00056     0.106451   -0.0503409
     0.94172     0.980425      0.28841   0.00138067      1.81353     0.023629    -0.919433     -1.00677     0.104731   -0.0411529
     0.94172     0.981374     0.288891   0.00137048      1.82047     0.023916    -0.923925     -1.01749     0.113251   -0.0431863
     0.94172     0.978601     0.287491   0.00137069      1.80123    0.0234891    -0.911053    -0.987439    0.0920201   -0.0407574
     0.94172     0.976448     0.286421   0.00127574      1.78878    0.0244669    -0.901648       -0.967    0.0838735   -0.0499223
     0.94172     0.973837     0.285106   0.00127728      1.77089    0.0240526    -0.889651     -0.93932    0.0651374   -0.0474991
     0.94172     0.976453     0.286409   0.00137543      1.78659    0.0231028    -0.901183    -0.964661    0.0767656   -0.0384235
     0.94172      0.98173     0.289043   0.00151683      1.81885    0.0219512      -0.9246     -1.01649      0.10192   -0.0262638
     0.94172     0.980337     0.288352   0.00145358      1.81098    0.0226114    -0.918567     -1.00355    0.0974983   -0.0325354
     0.94172      0.97883     0.287593     0.001464      1.80069    0.0222454    -0.911623    -0.987482    0.0866562   -0.0301206
     0.94172      0.98064     0.288493   0.00153094      1.81136    0.0215981    -0.919557     -1.00476    0.0938683   -0.0237768
     0.94172     0.982899     0.289618    0.0016082      1.82474    0.0208755    -0.929479     -1.02644     0.103073   -0.0164826
     0.94172     0.983761     0.290051   0.00160389      1.83046    0.0210601    -0.933427      -1.0355     0.108754   -0.0176316
     0.94172     0.982836     0.289592   0.00156534      1.82512    0.0214504    -0.929396     -1.02679     0.105487    -0.021447
     0.94172     0.981969     0.289154   0.00158059      1.81915    0.0211157    -0.925374     -1.01741    0.0989862   -0.0190094
     0.94172     0.979509     0.287923   0.00155412      1.80364    0.0211195    -0.914346    -0.992708    0.0857639   -0.0202477
     0.94172     0.977159     0.286751   0.00148859       1.7893    0.0216668    -0.903944    -0.969769    0.0748297   -0.0260011
     0.94172     0.976084     0.286208   0.00154177      1.78172    0.0207934    -0.898953    -0.958133    0.0664534   -0.0191422
     0.94172     0.978828     0.287579   0.00159616      1.79883    0.0204552    -0.911171    -0.985269      0.08035   -0.0149323
     0.94172      0.97274     0.284536   0.00148235      1.76061    0.0211097    -0.884026     -0.92487    0.0487556   -0.0234365
     0.94172     0.974153      0.28525   0.00140792      1.77073    0.0223212    -0.890601    -0.940226    0.0600787   -0.0328832
     0.94172     0.970988      0.28367   0.00131481      1.75103    0.0231172     -0.87653    -0.909007    0.0440456   -0.0408923
     0.94172     0.968983     0.282656   0.00140696      1.73664    0.0215758     -0.86723    -0.887374    0.0281612   -0.0290607
     0.94172     0.956802     0.277363   0.00025042      1.82971    0.0378431    -0.832317    -0.855016     0.375645    -0.197933
     0.94172     0.961576     0.279687  0.000270723      1.85064    0.0380987    -0.851774     -0.89465     0.387715    -0.202581
     0.94172     0.964245     0.280996  0.000357222      1.86382    0.0373112    -0.862937    -0.918136     0.398137    -0.195229
     0.94172     0.948853     0.273353 -0.000632902      1.76347    0.0477572    -0.796956    -0.775097     0.279077    -0.283807
     0.94172     0.949817     0.273819 -0.000620428      1.76689    0.0476967    -0.800831    -0.782865     0.279392    -0.283157
     0.94172     0.957701     0.277705 -0.000298534       1.8114    0.0445952    -0.834074    -0.853497     0.322461    -0.259286
     0.94172     0.957934     0.277827 -0.000265069      1.81444    0.0442214     -0.83516    -0.856064     0.328037    -0.256638
     0.94172     0.951656      0.27474 -0.000493892      1.78082    0.0463619    -0.808871    -0.800663     0.298126    -0.273203
     0.94172      0.95881     0.278249 -0.000267576      1.81664    0.0443276    -0.838705    -0.863218      0.32602    -0.257006
     0.94172     0.951969     0.274868  -0.00056842      1.77627     0.047274    -0.809666    -0.801039     0.284342    -0.279591
     0.94172     0.958021     0.277848 -0.000337379      1.80913    0.0450779    -0.835171     -0.85518     0.314055    -0.262309
     0.94172     0.960144     0.278903 -0.000228458      1.82309    0.0439836    -0.844301    -0.875024     0.330701    -0.254043
     0.94172     0.966645     0.282117  5.64222e-05      1.86179    0.0412055    -0.871925    -0.934245     0.371921    -0.232296
     0.94172     0.969137     0.283347  0.000160162      1.87582    0.0401992    -0.882539    -0.957057     0.385878    -0.223678
     0.94172     0.968922     0.283244  0.000163383      1.87541    0.0401429    -0.881646    -0.955201     0.386735    -0.223393
     0.94172     0.965653     0.281628   2.1419e-05      1.85656     0.041531    -0.867727    -0.925297     0.367339    -0.235052
     0.94172     0.971895     0.284714  0.000311535      1.89206    0.0386303    -0.894452     -0.98309     0.403252    -0.208807
     0.94172     0.970717     0.284131  0.000250042      1.88554    0.0392665    -0.889355    -0.971938     0.396921    -0.215165
     0.94172      0.97103     0.284283  0.000247774      1.88632    0.0393201    -0.890667    -0.974692     0.396109    -0.215385
     0.94172     0.972589     0.285055  0.000330385       1.8949    0.0384614    -0.897428    -0.989533     0.404377    -0.206691
     0.94172     0.973835     0.285675  0.000422399       1.9022    0.0374504     -0.90294     -1.00189     0.412111    -0.195998
     0.94172     0.973408     0.285463  0.000393141      1.89984      0.03777    -0.901057    -0.997685     0.409827    -0.199454
     0.94172     0.974026     0.285766  0.000413177       1.9025      0.03758    -0.903718     -1.00347     0.411166    -0.197184
     0.94172     0.971635     0.284588  0.000315201      1.89143    0.0385637    -0.893364    -0.980813     0.403983    -0.208374
     0.94172     0.972147     0.284841  0.000341325      1.89405    0.0382913    -0.895592    -0.985715     0.406165    -0.205438
     0.94172     0.971641     0.284594  0.000336392       1.8924     0.038309    -0.893438      -0.9811     0.406456    -0.206069
     0.94172     0.974224     0.285873  0.000488425      1.90532    0.0366724    -0.904787     -1.00636     0.416697     -0.18759
     0.94172     0.973742      0.28564  0.000498391      1.90406    0.0365079    -0.902777     -1.00215     0.417786    -0.186224
     0.94172     0.972925      0.28523  0.000414422       1.8992    0.0374706    -0.899062    -0.993578     0.412566    -0.196966
     0.94172     0.973545     0.285534  0.000423789      1.90137    0.0374088    -0.901717    -0.999301      0.41259    -0.195817
     0.94172     0.967984     0.282784  0.000143151      1.87133    0.0402998    -0.877691    -0.946816     0.384601    -0.224993
     0.94172     0.967784     0.282687  0.000146625      1.87091    0.0402406    -0.876866    -0.945116     0.385293    -0.224603
     0.94172     0.964175     0.280906 -9.53586e-06      1.85021    0.0417665    -0.861539    -0.912271     0.364163    -0.237392
     0.94172     0.964308     0.280969 -1.60667e-05      1.85015    0.0418549    -0.862074    -0.913338     0.362841    -0.237932
     0.94172      0.98019     0.288821  0.000781883      1.93135    0.0335532    -0.931164     -1.06543     0.430134    -0.148812
     0.94172     0.981064     0.289264  0.000926763      1.93732    0.0318298    -0.935322     -1.07547     0.437705    -0.129076
     0.94172     0.979814     0.288649  0.000893226      1.93214    0.0321331    -0.929875     -1.06348     0.435589    -0.133141
     0.94172     0.979093     0.288282  0.000758923      1.92713    0.0337414    -0.926396     -1.05496     0.429136    -0.151647
     0.94172     0.976719     0.287139  0.000944338      1.92104    0.0312018    -0.916841     -1.03589     0.434596    -0.123816
     0.94172     0.976212     0.286882  0.000846082      1.91799     0.032387    -0.914404     -1.02996     0.431335    -0.137751
     0.94172     0.977383     0.287453  0.000828763      1.92219    0.0327141    -0.919322     -1.04032     0.431717    -0.140997
     0.94172     0.978779     0.288143  0.000900518       1.9284    0.0319459    -0.925476     -1.05406     0.435224    -0.131513
     0.94172     0.977895     0.287716  0.000956335      1.92576    0.0311632    -0.921867     -1.04673     0.436295      -0.1229
     0.94172     0.974123     0.285879   0.00106723      1.91184    0.0294063    -0.906162     -1.01394     0.433815    -0.103872
     0.94172     0.975362     0.286486   0.00108017      1.91692    0.0293635    -0.911422     -1.02519     0.435902    -0.102979
     0.94172     0.975088     0.286358   0.00118842      1.91679     0.027976    -0.910482     -1.02377     0.437949   -0.0870287
     0.94172     0.971533      0.28462   0.00120638      1.90218    0.0274016     -0.89552    -0.992101     0.431675    -0.081485
     0.94172     0.955709     0.276789 -6.34607e-05      1.81684    0.0415819    -0.826869    -0.841265     0.352879    -0.234739
     0.94172     0.958303     0.278064  3.97758e-05      1.83081    0.0405921    -0.837705    -0.864051     0.365789    -0.226421
     0.94172     0.954567     0.276256  7.65752e-05      1.81638     0.039749    -0.822734    -0.834214     0.361301    -0.216538
     0.94172     0.952728     0.275335 -0.000124134      1.80285    0.0420125    -0.814652    -0.816183     0.343225    -0.237588
     0.94172     0.963183     0.280449  0.000131758      1.85368    0.0399755    -0.857858    -0.905786     0.381627    -0.222343
     0.94172     0.964099     0.280896  0.000138917      1.85756    0.0399817    -0.861627    -0.913549     0.383527    -0.222652
     0.94172      0.96614     0.281903  0.000237591       1.8691    0.0389871      -0.8703    -0.932155     0.395225    -0.213601
     0.94172     0.964297     0.281002  0.000208788       1.8607    0.0391494    -0.862661    -0.916266     0.389838    -0.214634
     0.94172      0.96792     0.282785  0.000355552      1.87974    0.0377233    -0.877974    -0.948899      0.40691     -0.20123
     0.94172     0.966257     0.281969  0.000305026      1.87148    0.0381719    -0.870986    -0.934112     0.400286    -0.205366
     0.94172     0.967904     0.282773    0.0003205      1.87875    0.0381529    -0.877797    -0.948236     0.404512    -0.205696
     0.94172     0.968807     0.283219  0.000365389      1.88368    0.0376942    -0.881659    -0.956576     0.409254    -0.201174
     0.94172     0.969988     0.283791  0.000347772      1.88755    0.0380244     -0.88652    -0.966575     0.408769    -0.204358
     0.94172     0.969806     0.283692  0.000275033      1.88396    0.0388872    -0.885593     -0.96417     0.401033    -0.212402
     0.94172     0.971209     0.284387  0.000352784      1.89178    0.0380738    -0.891657    -0.977427      0.40876    -0.204218
     0.94172     0.970717     0.284151  0.000377365      1.89109    0.0377313    -0.889648    -0.973347     0.411413    -0.201209
     0.94172     0.968912      0.28327  0.000364872      1.88409    0.0377113    -0.882089    -0.957461     0.409401    -0.201375
     0.94172     0.968047     0.282842  0.000319557       1.8793    0.0381791    -0.878387    -0.949447      0.40466    -0.205984
     0.94172     0.968405     0.283015  0.000307416      1.88031    0.0383632    -0.879833    -0.952354     0.404114    -0.207841
     0.94172     0.969073     0.283347  0.000354996      1.88444    0.0378485    -0.882728    -0.958711     0.408868     -0.20278
     0.94172     0.966683     0.282165  0.000222574      1.87071    0.0392249    -0.872491    -0.936544     0.394563    -0.215998
     0.94172     0.966378     0.282019  0.000238482      1.87008    0.0390005    -0.871281    -0.934177     0.395644    -0.213789
     0.94172     0.964404     0.281044  0.000140751       1.8588    0.0399901    -0.862881    -0.916133     0.384053    -0.222791
     0.94172     0.964867      0.28127  0.000144694      1.86072    0.0399884    -0.864793    -0.920088     0.384899    -0.222841
     0.94172      0.96767     0.282637  0.000169585      1.87188    0.0399578    -0.876445    -0.944378     0.388789    -0.222447
     0.94172     0.964039     0.280849  3.84999e-05      1.85275    0.0411854    -0.861092     -0.91167     0.371788    -0.233164
     0.94172     0.964362     0.281004  2.65255e-05      1.85311    0.0413574    -0.862396    -0.914285     0.369859    -0.234411
     0.94172      0.97492     0.286226  0.000599497      1.90994    0.0353552    -0.908111     -1.01441      0.42234    -0.172566
     0.94172     0.975718     0.286621  0.000645283      1.91347    0.0348559    -0.911648     -1.02237     0.424254    -0.166414
     0.94172     0.975598      0.28657  0.000713726      1.91406    0.0339891    -0.911378      -1.0224     0.426804    -0.156566
     0.94172     0.973947     0.285756  0.000641547      1.90711    0.0347401    -0.904144     -1.00637     0.423706    -0.166079
     0.94172      0.97553     0.286539  0.000736375      1.91411    0.0336989    -0.911167     -1.02215     0.427501    -0.153246
     0.94172      0.97478     0.286173  0.000746861      1.91142    0.0334968    -0.908031     -1.01557     0.427254    -0.151234
     0.94172     0.973745     0.285661  0.000675403      1.90674     0.034296     -0.90342     -1.00516     0.424482     -0.16098
     0.94172     0.973847     0.285709  0.000657491      1.90693    0.0345307    -0.903783     -1.00575     0.424094    -0.163684
     0.94172     0.977274     0.287387  0.000699018      1.91975    0.0343251    -0.918446     -1.03738     0.426446     -0.15939
     0.94172     0.978383     0.287933  0.000736297      1.92425    0.0339598    -0.923294      -1.0481     0.428085    -0.154554
     0.94172     0.978982     0.288239  0.000862896      1.92858    0.0324351    -0.926232     -1.05541     0.433884    -0.136993
     0.94172      0.97748     0.287498  0.000802126      1.92217    0.0330565    -0.919651     -1.04081     0.430814    -0.144874
     0.94172     0.981059     0.289268  0.000997556      1.93842     0.030944    -0.935478     -1.07627     0.440638    -0.118986
     0.94172     0.981689     0.289587   0.00112841       1.9426    0.0293628    -0.938485     -1.08357     0.445771    -0.100547
     0.94172     0.978771     0.288157   0.00112452      1.93104    0.0291347    -0.925995     -1.05661     0.442005   -0.0991137
     0.94172     0.978567     0.288048  0.000997345      1.92887    0.0307126    -0.924833     -1.05336     0.438287    -0.117428
     0.94172     0.979524     0.288511  0.000939499      1.93176    0.0315274    -0.928761     -1.06141     0.437215    -0.126371
     0.94172     0.961656     0.279689  1.97328e-05      1.84332    0.0411798    -0.851261    -0.891355     0.368569    -0.233022
     0.94172     0.960572      0.27916  4.33313e-06      1.83852     0.041257    -0.846794    -0.882125     0.365776    -0.233431
     0.94172     0.958762     0.278267 -8.00514e-05        1.828    0.0420951    -0.839153    -0.865866     0.354862    -0.240351
     0.94172     0.959295     0.278523 -9.23731e-05      1.82937    0.0422963    -0.841282    -0.870074     0.353734    -0.242143
     0.94172     0.959725     0.278733  -8.5734e-05      1.83124    0.0422587    -0.843055    -0.873737     0.354752    -0.241878
     0.94172     0.960987     0.279352 -4.57263e-05      1.83775    0.0419015    -0.848326    -0.884822     0.360295    -0.239041
     0.94172      0.96249     0.280095  2.67981e-05      1.84674    0.0411772    -0.854695    -0.898431     0.369999    -0.233128
     0.94172     0.962031     0.279872  2.34608e-05      1.84489    0.0411722    -0.852806    -0.894539       0.3693    -0.233023
     0.94172     0.959053     0.278387   -0.0001818      1.82332    0.0433383        -0.84    -0.866674     0.340646    -0.250124
     0.94172     0.959146      0.27844 -0.000146497      1.82586    0.0429286    -0.840498    -0.868007      0.34622    -0.247106
     0.94172     0.957561     0.277662  -0.00019482       1.8178    0.0433542    -0.833889    -0.854158     0.339611    -0.250429
     0.94172     0.954576     0.276188 -0.000337082      1.79966    0.0447678     -0.82129     -0.82733     0.319943    -0.261175
     0.94172     0.952306     0.275094 -0.000322575      1.79272    0.0443729    -0.812209     -0.80928     0.321855     -0.25789
     0.94172      0.95363     0.275724 -0.000365484      1.79489    0.0450166     -0.81736    -0.819129     0.316137    -0.263072
     0.94172     0.956812     0.277296 -0.000214029      1.81419    0.0435119    -0.830789    -0.847707     0.336998    -0.251628
     0.94172      0.95549     0.276655 -0.000222508      1.80914    0.0434847    -0.825412    -0.836786     0.335669    -0.251257
     0.94172     0.968627     0.283133  0.000386934       1.8834    0.0374091    -0.880985    -0.955373     0.410106    -0.198062
     0.94172     0.969297      0.28346  0.000389807      1.88626    0.0374432    -0.883758    -0.961119     0.411592    -0.198602
     0.94172     0.969705     0.283662  0.000413886      1.88842    0.0371864    -0.885525    -0.964995     0.413534    -0.195857
     0.94172     0.968671     0.283159  0.000416541      1.88407    0.0370452    -0.881277    -0.956259     0.411424    -0.194015
     0.94172     0.969781     0.283699  0.000413073      1.88871    0.0372043    -0.885838    -0.965637     0.413616    -0.196058
     0.94172     0.969367     0.283495  0.000389008      1.88653    0.0374602    -0.884046     -0.96171     0.411654    -0.198791
     0.94172     0.969565      0.28359  0.000383045      1.88715    0.0375533    -0.884847    -0.963326     0.411524    -0.199772
     0.94172     0.970107     0.283857   0.00040285      1.88973    0.0373627    -0.887162     -0.96831     0.413365    -0.197723
     0.94172     0.972109     0.284841  0.000477228      1.89834     0.036627    -0.895802    -0.987141     0.417682    -0.188777
     0.94172     0.971705     0.284643  0.000461651      1.89668    0.0367841    -0.894045    -0.983284     0.417041    -0.190781
     0.94172     0.972241     0.284898   0.00041896      1.89728    0.0373569     -0.89618    -0.987475     0.413769    -0.196408
     0.94172     0.972775     0.285167  0.000483901      1.90065     0.036603    -0.898635    -0.993214     0.417673    -0.188024
     0.94172     0.972434     0.285012  0.000586598      1.90092    0.0352874    -0.897578    -0.991956      0.42128    -0.173143
     0.94172     0.972329     0.284962  0.000600189      1.90065    0.0351064    -0.897188    -0.991272     0.421503    -0.171049
     0.94172     0.971581     0.284593  0.000566752      1.89748    0.0354548    -0.893926    -0.984078     0.420043    -0.175403
     0.94172     0.971524     0.284562  0.000533505      1.89699    0.0358681    -0.893558     -0.98296     0.419346    -0.180327
     0.94172     0.972761     0.285167  0.000545864      1.90166    0.0358295    -0.898796    -0.994125     0.420345    -0.179324
     0.94172     0.972529     0.285057   0.00057755      1.90118    0.0354102    -0.897939    -0.992627     0.421134    -0.174549
     0.94172     0.971618     0.284607  0.000528627       1.8973    0.0359384    -0.893928    -0.983686     0.419324    -0.181128
     0.94172     0.971918     0.284753  0.000520428      1.89832    0.0360699    -0.895156    -0.986189     0.419299    -0.182542
     0.94172     0.925705     0.262233 -0.000411807      1.68818    0.0427313    -0.706523    -0.600547     0.284788    -0.236516
     0.94172     0.918937     0.258901 -0.000945119      1.64794     0.048529    -0.678437    -0.541732     0.243511     -0.28638
     0.94172     0.928548      0.26356 -0.000714568      1.69054    0.0467141    -0.716656    -0.617498     0.268294    -0.272584
     0.94172     0.930652     0.264624 -0.000377835       1.7083    0.0428255    -0.726049    -0.638838     0.293525    -0.238347
     0.94172     0.898327     0.249136  0.000725357      1.59508    0.0262082    -0.602102    -0.405046     0.277199   -0.0832987
     0.94172     0.912502     0.255956  0.000869193      1.65246     0.025787    -0.656846    -0.509685     0.302464   -0.0762969
     0.94172     0.912887     0.256148   0.00116426      1.65541    0.0222078    -0.658503    -0.513333     0.306203   -0.0417777
     0.94172     0.898929     0.249433   0.00107099      1.59906    0.0220648    -0.604541    -0.410065       0.2816   -0.0445946
     0.94172     0.926017     0.261051   0.00137805      1.43534    0.0152318    -0.672669    -0.447767    -0.264448  -0.00281882
     0.94172     0.935071     0.265617   0.00144264      1.50266     0.015864    -0.713908    -0.541262    -0.196642   -0.0024147
     0.94172     0.931643     0.263911  0.000776279      1.48129    0.0243766    -0.698955    -0.508715     -0.21355   -0.0658103
     0.94172      0.92658     0.261404 -8.84986e-05      1.45185    0.0354161    -0.677291    -0.462466    -0.234309    -0.145944
     0.94172     0.922337     0.259346 -0.000795344      1.43525    0.0444974    -0.660406    -0.429126    -0.236385    -0.212413
     0.94172     0.917974     0.257127  -0.00078098      1.39872    0.0436105    -0.640061    -0.382041    -0.277239    -0.204544
     0.94172     0.920487     0.258317 -3.30406e-05      1.40376     0.033674    -0.649215    -0.398179    -0.285403    -0.133967
     0.94172     0.982969     0.290228   0.00132515      1.94979    0.0270101    -0.944349     -1.09723     0.452911   -0.0727966
     0.94172     0.983648     0.290566   0.00142147      1.95333    0.0258595    -0.947405     -1.10421      0.45595   -0.0591502
     0.94172      0.98057     0.289057   0.00143792      1.94094    0.0253581    -0.934198     -1.07562     0.451455   -0.0546055
     0.94172     0.979726     0.288637   0.00131763      1.93667    0.0267956     -0.93043     -1.06708     0.447992   -0.0716359
     0.94172     0.905599     0.251714   -0.0031411      1.45535    0.0741538    -0.607332    -0.355774   -0.0789632     -0.45731
     0.94172     0.907975     0.252931  -0.00299417      1.47762    0.0725584    -0.618485    -0.381947   -0.0497347    -0.449774
     0.94172     0.902428     0.250218   -0.0032939       1.4488    0.0757543    -0.595932    -0.336089   -0.0700672    -0.471413
     0.94172     0.903468     0.250832  -0.00315074      1.47314    0.0740573     -0.60296     -0.35699   -0.0267601    -0.465575
     0.94172     0.908553     0.253323  -0.00288183      1.50034     0.071224    -0.623712    -0.399394   -0.0060694    -0.446558
     0.94172     0.907158     0.252685  -0.00289599      1.50129    0.0712553    -0.619212     -0.39304    0.0060539    -0.448878
     0.94172     0.905733     0.251999   -0.0029532      1.49569    0.0718186    -0.613683    -0.382421   0.00445962    -0.453157
     0.94172     0.905173     0.251764  -0.00292582      1.49972     0.071417    -0.612428    -0.382315     0.017158    -0.451899
     0.94172     0.901513     0.249876  -0.00325558      1.46276    0.0751642    -0.595018    -0.340843   -0.0345446    -0.472968
     0.94172     0.971484     0.284603   0.00136129      1.90285    0.0254459    -0.895525    -0.992665     0.433701   -0.0590567
     0.94172     0.976328     0.286977   0.00145415      1.92353    0.0247445    -0.916112     -1.03677     0.444185   -0.0491875
     0.94172     0.975711     0.286678   0.00155031      1.92134    0.0234687     -0.91357     -1.03153     0.443938    -0.034688
     0.94172     0.971549     0.284639   0.00151887      1.90376    0.0234631    -0.895941     -0.99392     0.435327   -0.0362943
     0.94172     0.969176     0.282895   0.00047387       1.7627    0.0344116    -0.872515     -0.91035    0.0990632    -0.137329
     0.94172     0.976754     0.286596   0.00116225      1.79403    0.0260768    -0.903725    -0.973518    0.0960569   -0.0634474
     0.94172     0.973628     0.285017   0.00115814      1.77209    0.0256516    -0.889232     -0.93974    0.0717355   -0.0609842
     0.94172     0.973615      0.28508  0.000797932      1.78355     0.030628    -0.891393    -0.950337     0.106103    -0.103441
     0.94172     0.975686     0.286075   0.00105909      1.78955    0.0273352    -0.899375     -0.96491    0.0969677   -0.0745349
     0.94172      0.96119     0.279564   0.00109032      1.85781    0.0278312    -0.852258    -0.901123     0.408217   -0.0886958
     0.94172      0.97548      0.28648  0.000453884      1.90811    0.0372033    -0.910014     -1.01725     0.412533    -0.192041
     0.94172      0.97526     0.286371  0.000436724      1.90702     0.037397     -0.90902     -1.01497     0.411706    -0.194335
     0.94172     0.975864     0.286668  0.000457594      1.90926    0.0371883    -0.911662     -1.02081     0.412014     -0.19145
     0.94172     0.975137      0.28631  0.000429626      1.90645    0.0374741    -0.908477     -1.01374     0.411353     -0.19526
     0.94172     0.975601     0.286532  0.000408973      1.90655    0.0377564    -0.910413     -1.01779     0.407318    -0.197171
     0.94172     0.973769     0.285625   0.00031265      1.89704    0.0387672    -0.902392           -1     0.399195    -0.208097
     0.94172     0.974512     0.285991  0.000342959      1.90047    0.0384625    -0.905618     -1.00709     0.401377    -0.204626
     0.94172     0.972122     0.284807  0.000218683      1.88694    0.0397455    -0.895219    -0.984191       0.3878    -0.217285
     0.94172     0.972527     0.285009  0.000246183      1.88994    0.0394567    -0.896981    -0.988073     0.391953      -0.2149
     0.94172     0.970735      0.28412  0.000155593      1.87902    0.0403733    -0.889249    -0.971207     0.379762    -0.222976
     0.94172     0.969347     0.283437  0.000107572      1.87216    0.0408246    -0.883323     -0.95844     0.374533    -0.227345
     0.94172     0.969971     0.283749  0.000146632      1.87699    0.0404248    -0.886011    -0.964291     0.381399    -0.224502
     0.94172     0.974643     0.286066  0.000406017      1.90414    0.0377204     -0.90631     -1.00894     0.409826    -0.198123
     0.94172     0.972704       0.2851  0.000269367      1.89194    0.0391985    -0.897779    -0.989903     0.395561    -0.212812
     0.94172     0.972317     0.284909  0.000252523      1.89007    0.0393692    -0.896098    -0.986213       0.3942    -0.214685
     0.94172     0.971564     0.284538  0.000224513      1.88642    0.0396401    -0.892864    -0.979194     0.391509    -0.217507
     0.94172     0.958163     0.277485 -0.000301434      1.71353    0.0434048    -0.825753    -0.810893    0.0813719    -0.217895
     0.94172     0.948611     0.272735 -0.000741866      1.65747    0.0479535     -0.78383    -0.718275     0.032077    -0.254715
     0.94172      0.95383     0.275262 -0.000271776      1.67443    0.0422704    -0.804871    -0.760482    0.0271692    -0.205247
     0.94172     0.943806     0.270221 -0.000568042      1.60423    0.0447514    -0.759469    -0.657244   -0.0474572    -0.222413
     0.94172     0.960846     0.278649  0.000584824      1.69558    0.0315512    -0.832836    -0.815392    0.0123906    -0.113605
     0.94172     0.948333     0.273274  0.000521127      1.79779     0.033609    -0.798762    -0.789143     0.366809    -0.151338
     0.94172     0.957315     0.277676   0.00108324      1.84126    0.0275315    -0.836288    -0.868122     0.399449   -0.0860046
     0.94172     0.951726     0.274964   0.00140996      1.81895    0.0228925    -0.813639    -0.822333     0.390336   -0.0369737
     0.94172     0.952362      0.27527   0.00125238      1.82105     0.024926    -0.816141    -0.827185     0.390393   -0.0587426
     0.94172     0.976334     0.286889  0.000414768      1.90791    0.0377311    -0.913598     -1.02477     0.404096    -0.195358
     0.94172     0.974649     0.286035  0.000250144      1.89239    0.0395293     -0.90605      -1.0076     0.378803    -0.210666
     0.94172     0.977519      0.28746  0.000395027      1.90849    0.0380369    -0.918656     -1.03563     0.394583    -0.195615
     0.94172     0.946637     0.271438    0.0015098      1.58523    0.0168174    -0.766333    -0.659772    -0.115335  -0.00289299
     0.94172     0.951853     0.274075  0.000989367      1.62412    0.0246438    -0.790408    -0.715242    -0.073467   -0.0608061
     0.94172     0.944571     0.270417  0.000874002      1.57391    0.0250864    -0.757538     -0.64113    -0.121827   -0.0667195
     0.94172     0.952965     0.274647  0.000812499      1.63432    0.0272206    -0.795857    -0.728517   -0.0598196   -0.0806356
     0.94172     0.918306     0.257788  -0.00238887      1.49347    0.0658272     -0.65538    -0.444947   -0.0906424    -0.389321
     0.94172     0.925572     0.261385  -0.00200914      1.53684    0.0617678    -0.686339     -0.51115   -0.0529841    -0.362121
     0.94172     0.919009     0.258768  -0.00170768      1.61604     0.057836    -0.674767      -0.5242     0.170164    -0.360745
     0.94172     0.927616     0.262954   -0.0014222      1.65563    0.0552284    -0.709344    -0.593594     0.194388    -0.341171
     0.94172     0.954529     0.276315  0.000982984       1.8287    0.0285035    -0.824734    -0.844049     0.391564   -0.0969929
     0.94172     0.934501     0.266552  0.000304063      1.73697    0.0348703    -0.742874     -0.67628     0.331116    -0.162689
     0.94172     0.944074     0.270582    -0.001145      1.65091    0.0528581    -0.766692    -0.686645    0.0537523    -0.299861
     0.94172     0.937278     0.267189  -0.00143516      1.60678    0.0557456    -0.736712    -0.620083   0.00907536    -0.319831
     0.94172     0.933005     0.265091  -0.00166454      1.58536    0.0582311    -0.718828    -0.582529  -0.00486322    -0.339174
     0.94172     0.932864     0.265046  -0.00169405      1.58945    0.0586335    -0.718885    -0.584149   0.00505296    -0.343961
     0.94172      0.91893     0.258658  -0.00192554      1.60198    0.0604893    -0.672686    -0.515574     0.138983    -0.379511
     0.94172     0.917895     0.258063   -0.0021763      1.58001    0.0634558    -0.666223    -0.496856    0.0977584    -0.398869
     0.94172     0.936256      0.26717  -0.00112725      1.69738    0.0525057    -0.744563    -0.665524     0.223621    -0.320608
     0.94172     0.932129     0.265013  -0.00159264      1.64949    0.0577109    -0.724206    -0.615149     0.144863    -0.356356
     0.94172     0.934694     0.266272  -0.00148621        1.663    0.0566628    -0.734879    -0.637463     0.155707    -0.348603
     0.94172     0.942797     0.270312  -0.00104187      1.71767    0.0520821    -0.770148     -0.71502     0.218756    -0.315873
     0.94172     0.925953     0.262057  -0.00171247      1.63118    0.0585898    -0.700492    -0.570353     0.151253    -0.364898
     0.94172     0.931694     0.264769  -0.00166724      1.64142    0.0585679    -0.721656    -0.608028     0.129847    -0.361708
     0.94172     0.922757      0.26029   -0.0021763      1.57651    0.0638951     -0.68224    -0.520329    0.0532573    -0.395897
     0.94172     0.924012     0.260798  -0.00217047       1.5625    0.0638642    -0.684615    -0.518597    0.0132825    -0.389262
     0.94172      0.98716     0.291752   0.00170294      1.85158    0.0202224    -0.948678      -1.0697     0.126361  -0.00847114
     0.94172     0.981283     0.288808   0.00160181      1.81442    0.0207292    -0.922191     -1.00999    0.0938572     -0.01604
     0.94172     0.980923     0.288626   0.00163332      1.81183     0.020254    -0.920499     -1.00598    0.0907914   -0.0121456
     0.94172     0.977544     0.286935   0.00168843      1.79037    0.0190415     -0.90534    -0.972012    0.0722468  -0.00359019
     0.94172     0.970844     0.283614   0.00115567      1.75284    0.0252624    -0.876436    -0.910222    0.0514344   -0.0587524
     0.94172     0.959801     0.278838  0.000406793      1.84529    0.0362227    -0.844982    -0.881995     0.389229    -0.181693
     0.94172     0.956889     0.277281 -0.000408775      1.80055    0.0458175    -0.830206    -0.844159      0.30239    -0.267744
     0.94172     0.965419     0.281492  -6.9064e-05      1.84848    0.0425587    -0.866505    -0.922078     0.348732    -0.241407
     0.94172     0.965698     0.281635 -3.92029e-05      1.85174    0.0422364    -0.867765    -0.924968     0.354572    -0.239302
     0.94172     0.946023     0.271941 -0.000806116       1.7439    0.0495649    -0.784664    -0.748095     0.255174    -0.297494
     0.94172     0.949883     0.273829 -0.000684026      1.76213    0.0484571    -0.800615    -0.781174     0.267253    -0.288503
     0.94172     0.971973     0.284741  0.000248787      1.88894    0.0393856    -0.894641    -0.983104     0.394376     -0.21512
     0.94172     0.974583     0.286049  0.000494037      1.90658    0.0366339     -0.90633      -1.0097     0.416698    -0.186874
     0.94172     0.970217     0.283887  0.000245784      1.88382    0.0392741    -0.887248    -0.967478     0.396963    -0.215533
     0.94172     0.979219     0.288309  0.000510684      1.91911    0.0367884    -0.926223     -1.05272     0.406821    -0.182885
     0.94172     0.982945     0.290184  0.000910313       1.9439    0.0322075    -0.943368     -1.09282     0.437723    -0.132375
     0.94172       0.9716     0.284645    0.0010693      1.90149    0.0291327    -0.895548    -0.991491     0.429429    -0.101406
     0.94172     0.959475     0.278649  0.000143656      1.83871    0.0394423    -0.842811    -0.875325     0.375636     -0.21557
     0.94172     0.970098     0.283831  0.000253717      1.88387     0.039169    -0.886769    -0.966515     0.398166    -0.214719
     0.94172     0.967219     0.282421  0.000191269      1.87135    0.0396551    -0.874622    -0.940728     0.391474    -0.219897
     0.94172     0.969229     0.283414  0.000291254      1.88272    0.0386387    -0.883217    -0.959292     0.403013    -0.210364
     0.94172     0.975221     0.286363  0.000521298      1.90922    0.0363516    -0.909127      -1.0159     0.417788    -0.183293
     0.94172     0.977232     0.287349  0.000560572      1.91622    0.0360341    -0.917822     -1.03488     0.417662    -0.177972
     0.94172     0.965137     0.281394  0.000103523      1.85991    0.0405115     -0.86579    -0.921832     0.380451    -0.227513
     0.94172     0.964569     0.281159  0.000409634      1.86605    0.0366934    -0.864445     -0.92171      0.40096    -0.188516
     0.94172     0.971462      0.28452  0.000427754      1.89508    0.0371811    -0.892915    -0.980613     0.415082    -0.195191
     0.94172      0.97406     0.285805  0.000589943      1.90683    0.0353969    -0.904437      -1.0065     0.422027    -0.173595
     0.94172     0.937003     0.267589 -0.000902074        1.712     0.049851    -0.748872    -0.677533     0.252037    -0.300062
     0.94172     0.916211     0.257621 -0.000737976      1.64373    0.0457268    -0.668602    -0.524882     0.254585    -0.261641
     0.94172      0.94064      0.26846  0.000520603      1.54987    0.0292913    -0.740349    -0.603599    -0.140755   -0.0996532
     0.94172     0.984781     0.291108   0.00117253      1.95515    0.0290985    -0.951899     -1.11297     0.450413   -0.0961067
     0.94172     0.986095     0.291766   0.00137194      1.96269    0.0267163    -0.957927     -1.12702     0.458162   -0.0680461
     0.94172     0.917983     0.257949  -0.00240397      1.55125    0.0662389    -0.662539    -0.479554    0.0339138    -0.412378
     0.94172     0.918465     0.258065  -0.00245026      1.53132    0.0667997    -0.661367    -0.469682   -0.0125179    -0.409469
     0.94172     0.916103     0.257086  -0.00242805      1.55211     0.066365    -0.656326    -0.470359    0.0498112    -0.415905
     0.94172     0.967697     0.282758   0.00175552      1.88777     0.020095    -0.879825    -0.960035      0.42775    0.0004072
     0.94172      0.98114     0.289341   0.00159909      1.94407    0.0233714    -0.936785     -1.08159      0.45436   -0.0312697
     0.94172     0.985135     0.291304   0.00163232      1.96057    0.0233286    -0.954029     -1.11917      0.46126   -0.0290283
     0.94172     0.984419     0.290949   0.00151585      1.95709    0.0247389    -0.950839     -1.11196     0.458753     -0.04578
     0.94172     0.981101     0.289319   0.00150725      1.94351    0.0245317    -0.936546     -1.08089     0.453313   -0.0447771
     0.94172     0.975193     0.286418   0.00135105      1.91828    0.0259363    -0.911178     -1.02591     0.440753   -0.0633943
     0.94172     0.986357     0.291351   0.00165945      1.84671    0.0206886      -0.9451     -1.06175     0.122629    -0.013027
     0.94172     0.985083     0.290721   0.00158057      1.83987    0.0215776    -0.939661     -1.05033     0.119953   -0.0214046
     0.94172     0.988034     0.292726   0.00153623      1.97178    0.0248215    -0.966545     -1.14644     0.464194   -0.0451651
     0.94172     0.989393     0.293398   0.00164691      1.97784     0.023543    -0.972555     -1.15991     0.467561   -0.0296616
     0.94172      1.00353      0.30032   0.00131202      2.01892    0.0289037     -1.03433     -1.29625     0.440112   -0.0834583
     0.94172        1.008     0.302555   0.00150742      2.04149    0.0268851     -1.05494     -1.34443      0.45698   -0.0593393
     0.94172      1.00584     0.301487   0.00146551      2.03395    0.0272444     -1.04518     -1.32209     0.458527   -0.0644495
     0.94172     0.933604     0.266166   0.00162295      1.74235    0.0184907    -0.740434    -0.674601     0.350254    0.0020729
     0.94172     0.917325     0.258292   0.00156211      1.67437    0.0177272    -0.675931    -0.547384     0.316217   0.00285997
     0.94172     0.971706     0.284719   0.00177092      1.90482    0.0202858    -0.896685    -0.995713     0.436472  0.000145649
     0.94172     0.975906     0.286776   0.00178735      1.92257    0.0204797    -0.914477     -1.03368     0.445165 -0.000105532
     0.94172     0.966737     0.281808 -6.66619e-05      1.77484    0.0415875    -0.865078    -0.901807     0.153091    -0.205235
     0.94172      0.95963     0.278335 -0.000493005      1.74727    0.0464135    -0.835245    -0.838937     0.148745    -0.250966
     0.94172     0.953486     0.275258 -0.000727545      1.70659    0.0486252    -0.807729     -0.77678     0.104706    -0.267289
     0.94172     0.977047     0.286877  0.000602703      1.81973    0.0339187    -0.909182    -0.996453     0.167306    -0.133086
     0.94172     0.986142     0.291256   0.00158306      1.84716    0.0217064    -0.944596     -1.06191     0.128052   -0.0219547
     0.94172     0.987672     0.292015   0.00165923      1.85578    0.0208933    -0.951246     -1.07622      0.13282   -0.0140605
     0.94172     0.988319     0.292337   0.00170547      1.85954    0.0203664    -0.954093     -1.08244     0.135258  -0.00903847
     0.94172     0.988677     0.292517   0.00174845       1.8618    0.0198485    -0.955714     -1.08612     0.137271  -0.00419274
     0.94172     0.958866     0.277578   0.00158229      1.66878    0.0177234    -0.821516    -0.784124    -0.035994  -0.00312191
     0.94172     0.962993     0.279648   0.00160493      1.69629    0.0180394    -0.840096    -0.825916   -0.0105439  -0.00334209
     0.94172     0.966805     0.281559   0.00162699       1.7214    0.0183091    -0.857234    -0.864408    0.0122831  -0.00341661
     0.94172      0.98096     0.288642   0.00170598      1.81181    0.0192906      -0.9206     -1.00604    0.0900753  -0.00383478
     0.94172     0.984152      0.29024   0.00172296      1.83192    0.0195172    -0.934929     -1.03818     0.107265  -0.00401005
     0.94172     0.982726     0.289526   0.00171454       1.8229    0.0194263    -0.928512     -1.02374     0.099429  -0.00401993
     0.94172     0.989868     0.293634   0.00183939       1.9802    0.0211297    -0.974678     -1.16473     0.469255    -0.001305
     0.94172     0.989625     0.293514   0.00176197      1.97915    0.0220978    -0.973608     -1.16234     0.468799   -0.0126948
     0.94172       1.0035     0.300358   0.00188758      2.03306    0.0217309     -1.03513     -1.30045     0.480283  -0.00282911
     0.94172     0.999734     0.298498   0.00187521      2.01892    0.0215621     -1.01826     -1.26217     0.478994  -0.00228149
     0.94172      0.99932     0.298292   0.00177931      2.01717    0.0227579      -1.0164     -1.25793     0.478376   -0.0162812
     0.94172      1.00308     0.300149   0.00177836      2.03118    0.0230987     -1.03322     -1.29604     0.479417   -0.0187159
     0.94172      1.00691     0.302042   0.00189957      2.04581    0.0218728      -1.0505     -1.33562     0.481024  -0.00321443
     0.94172      1.00642     0.301802   0.00180255      2.04366    0.0230791      -1.0483     -1.33051     0.480048   -0.0171626
     0.94172      1.01107     0.304105    0.0019149      2.06185    0.0220467     -1.06944      -1.3793     0.482774  -0.00364996
     0.94172      1.00906     0.303112   0.00190769      2.05406    0.0219595      -1.0603     -1.35819     0.481802  -0.00340649
     0.94172      1.00879     0.302975   0.00182714      2.05272    0.0229727     -1.05904     -1.35523     0.480924   -0.0150058
     0.94172      1.01094     0.304041   0.00183595        2.061    0.0230522     -1.06884     -1.37786     0.481723   -0.0150561
     0.94172      1.01486     0.305987   0.00192861      2.07676    0.0222148     -1.08678     -1.41952      0.48476  -0.00413004
     0.94172      1.01316     0.305143    0.0019225      2.07009    0.0221392       -1.079     -1.40147     0.483967  -0.00390952
     0.94172      1.01305     0.305087   0.00185775      2.06934    0.0229636     -1.07847     -1.40019     0.483038   -0.0132401
     0.94172      1.01476     0.305937   0.00187426      2.07609    0.0229066     -1.08631     -1.41838      0.48389   -0.0119558
     0.94172       1.0169     0.306998   0.00193546      2.08409    0.0222977     -1.09607     -1.44092     0.483383  -0.00441402
     0.94172      1.01622     0.306662   0.00193349      2.08188    0.0222708     -1.09299      -1.4339     0.484588  -0.00429262
     0.94172        1.016      0.30655   0.00189081      2.08081    0.0228019     -1.09196     -1.43145     0.483967   -0.0103457
     0.94172       1.0167     0.306897   0.00189937      2.08321    0.0227473     -1.09514     -1.43876     0.483081  -0.00953005
     0.94172      1.01711     0.307099   0.00193596      2.08454    0.0223025     -1.09699     -1.44297     0.482292  -0.00444825
     0.94172      1.01696     0.307028   0.00190539      2.08394    0.0226867     -1.09633     -1.44144     0.482146  -0.00880199
     0.94172     0.991985     0.294659   0.00133203      1.98488    0.0277632    -0.983569     -1.18342     0.461995   -0.0774156
     0.94172     0.994368      0.29583   0.00132184      1.99346    0.0281047    -0.994016     -1.20658     0.462248   -0.0801828
     0.94172     0.996592     0.296934   0.00145009      2.00381    0.0266943     -1.00402     -1.22941     0.468779     -0.06302
     0.94172     0.994436     0.295875   0.00148362      1.99625    0.0260784     -0.99455     -1.20837     0.469154   -0.0569052
     0.94172      1.00051     0.298873   0.00156682      2.01975    0.0255658     -1.02156      -1.2692     0.473705   -0.0482597
     0.94172       1.0026     0.299906   0.00159547      2.02755    0.0253823     -1.03094     -1.29048     0.474223   -0.0451954
     0.94172       1.0025     0.299862   0.00169084      2.02837    0.0241651     -1.03058     -1.28991     0.477501   -0.0312423
     0.94172     0.999499     0.298379   0.00169599      2.01739    0.0238383     -1.01716     -1.25953     0.477264   -0.0287302
     0.94172     0.996009     0.296632   0.00126471      1.99791     0.028959     -1.00113     -1.22213     0.458349   -0.0889985
     0.94172     0.997889     0.297567   0.00136812      2.00695    0.0278353     -1.00963     -1.24163     0.464609   -0.0754506
     0.94172     0.997283     0.297272   0.00140787      2.00561    0.0272853     -1.00701     -1.23594     0.466896   -0.0694725
     0.94172     0.995249     0.296262   0.00129403      1.99601    0.0285292    -0.997843     -1.21496     0.460605   -0.0845524
     0.94172      1.00833     0.302746   0.00174216      2.05009    0.0240151     -1.05691     -1.35017     0.478269   -0.0270393
     0.94172      1.00778     0.302466   0.00166669      2.04675    0.0249188     -1.05431     -1.34399     0.474623   -0.0375345
     0.94172      1.01062     0.303876   0.00175495      2.05868    0.0240523     -1.06729      -1.3741      0.47854   -0.0265188
     0.94172      1.01249     0.304804   0.00174627      2.06525    0.0243222      -1.0758     -1.39365     0.477167   -0.0288432
     0.94172      1.01014     0.303635   0.00169387      2.05559    0.0247765     -1.06503     -1.36866     0.474748   -0.0349043
     0.94172      1.01026      0.30369   0.00164972      2.05466    0.0253329     -1.06549     -1.36948     0.470714   -0.0411269
     0.94172      1.01212     0.304614   0.00170101      2.06253    0.0248507     -1.07401     -1.38927     0.473265   -0.0349677
     0.94172       1.0154      0.30625   0.00181539       2.0771    0.0237005     -1.08914     -1.42462     0.479549   -0.0207689
     0.94172      1.01517     0.306133   0.00178844      2.07533    0.0240124     -1.08801     -1.42183     0.476839   -0.0244152
     0.94172      1.01586     0.306474   0.00181224       2.0781    0.0237675     -1.09115     -1.42911      0.47727   -0.0214326
     0.94172      1.01608     0.306585    0.0018348       2.0797    0.0235091     -1.09221     -1.43174     0.479614   -0.0183947
     0.94172      1.01637     0.306727   0.00184137      2.08063    0.0234458     -1.09351      -1.4347     0.479049   -0.0176101
     0.94172      1.01626     0.306673   0.00183031      2.07982    0.0235722       -1.093     -1.43341     0.477825   -0.0191002
     0.94172      1.01111       0.3041   0.00161289      2.05535    0.0258383     -1.06916     -1.37746     0.463284   -0.0464757
     0.94172      1.00934      0.30322   0.00155323      2.04741    0.0264288     -1.06106     -1.35861     0.459564   -0.0537312
     0.94172      1.00481     0.300924   0.00131177      2.01571    0.0288748     -1.03955     -1.30673     0.416814   -0.0817315
     0.94172      1.00873     0.302885   0.00146389      2.03577    0.0273551     -1.05762      -1.3489     0.431777   -0.0639789
     0.94172      1.01547     0.306274   0.00177701       2.0751    0.0241606     -1.08924     -1.42436     0.472643   -0.0260859
     0.94172      1.01465     0.305868    0.0017408      2.07134    0.0245454     -1.08549     -1.41557     0.470709   -0.0306935
     0.94172      1.01461     0.305845    0.0017323       2.0706    0.0246407     -1.08525     -1.41488     0.468947   -0.0318103
     0.94172      1.01549     0.306282   0.00177438      2.07487    0.0241905      -1.0893     -1.42443     0.471724   -0.0264383
     0.94172      1.01218     0.304596   0.00160633      2.04985    0.0258339     -1.07322     -1.38457     0.433932   -0.0463607
     0.94172      1.01373     0.305372   0.00167614      2.05824    0.0251137     -1.08043     -1.40159     0.441166   -0.0379568
     0.94172      1.01456       0.3058   0.00170555       2.0655    0.0248867     -1.08457     -1.41214      0.45373   -0.0349216
     0.94172      1.01334     0.305188    0.0016475       2.0594    0.0255037     -1.07891     -1.39886     0.449623   -0.0421453
     0.94172      1.00268     0.299835   0.00124109      1.99793    0.0294165     -1.02924     -1.28133     0.388481   -0.0876383
     0.94172      1.00684     0.301919    0.0013992       2.0206    0.0278714     -1.04844     -1.32621      0.40813   -0.0700562
     0.94172     0.998929     0.297967   0.00108505      1.97929    0.0310176     -1.01222     -1.24219     0.376101     -0.10544
     0.94172       1.0023     0.299675   0.00121306      2.00423    0.0298886     -1.02813     -1.28042     0.411076   -0.0936366
     0.94172       0.9869     0.292079  0.000683112      1.94562    0.0352756    -0.959735     -1.12663      0.40487    -0.160362
     0.94172     0.988565       0.2929  0.000737231      1.95234    0.0347462    -0.967089     -1.14307     0.406942    -0.153734
     0.94172     0.990853     0.294068  0.000993007      1.97232    0.0318652    -0.977879     -1.16894     0.438887     -0.12363
     0.94172     0.988042     0.292686  0.000961415      1.96231    0.0320172    -0.965558     -1.14163     0.438853    -0.127046
     0.94172     0.991756     0.294452   0.00079448      1.95855     0.034218     -0.98084     -1.17294     0.392594    -0.144301
     0.94172     0.993966     0.295566  0.000908596      1.97388    0.0330718    -0.991035     -1.19682     0.412612    -0.132661
     0.94172     0.991217     0.294195  0.000788959      1.95909    0.0342801    -0.978609     -1.16834     0.399374    -0.146043
     0.94172     0.997657     0.297385   0.00103801      1.98731    0.0317374     -1.00742     -1.23361     0.412275     -0.11607
     0.94172     0.996401     0.296747  0.000974833      1.97739     0.032347      -1.0015     -1.21948     0.397535    -0.122142
     0.94172     0.993217     0.295232   0.00103128      1.98106    0.0315917    -0.988308     -1.19222     0.439658    -0.119269
     0.94172     0.992063     0.294664   0.00101281      1.97683    0.0317232    -0.983214     -1.18084     0.439387    -0.121372
     0.94172     0.974979      0.28595  0.000203005      1.83013    0.0392356     -0.90263    -0.988221     0.215363    -0.185963
     0.94172     0.978625     0.287784  0.000323534      1.85469    0.0381863    -0.919318     -1.02685     0.243874    -0.177023
     0.94172     0.975364     0.286215  0.000114241      1.84971    0.0406946    -0.906003     -0.99977     0.262035    -0.204673
     0.94172      0.97368     0.285371  4.88423e-05      1.83876    0.0413093    -0.898392    -0.982365     0.249648    -0.209926
     0.94172     0.983011     0.289901   0.00070072      1.86397    0.0335651    -0.937222     -1.06308     0.223972    -0.130281
     0.94172     0.985566     0.291197  0.000744235      1.88312    0.0333998    -0.949287     -1.09191     0.249362    -0.128962
     0.94172     0.994916     0.295929  0.000971849       1.9493    0.0318505    -0.993187      -1.1964      0.33421    -0.113848
     0.94172      1.00064     0.298787   0.00121306      1.97971    0.0293984     -1.01921     -1.25623     0.358035   -0.0875113
     0.94172      1.00495     0.300948   0.00136864      2.00454     0.027927     -1.03913     -1.30295     0.381934    -0.071097
     0.94172      1.01278     0.304885   0.00165714      2.05036    0.0251909     -1.07572     -1.38968     0.428113   -0.0393665
     0.94172        1.011     0.303987   0.00158631      2.03983     0.025879     -1.06734     -1.36969     0.417213   -0.0474623
     0.94172      1.01376     0.305379   0.00170307      2.05621    0.0247223     -1.08033     -1.40072     0.434311   -0.0338808
     0.94172       1.0029     0.299992   0.00125737      2.01152    0.0294616     -1.03119     -1.28827     0.425582   -0.0892398
     0.94172      1.00106     0.299083     0.001191      2.00522    0.0301637     -1.02295      -1.2696     0.427262    -0.098034
     0.94172      1.00015     0.298618    0.0011353      1.99691    0.0307129     -1.01859     -1.25893     0.413202    -0.103628
     0.94172      1.01535     0.306212    0.0017597      2.07336    0.0243496     -1.08861      -1.4226     0.468633   -0.0283373
     0.94172      1.01585     0.306458   0.00178322      2.07526     0.024088     -1.09086     -1.42777     0.468546   -0.0252812
     0.94172      1.01596     0.306518   0.00179704      2.07689    0.0239424     -1.09148     -1.42949     0.472296   -0.0235067
     0.94172      1.00089     0.299035   0.00130025      2.01509    0.0289274     -1.02277     -1.27069     0.456996    -0.086288
     0.94172       1.0015     0.299338    0.0013369      2.01792    0.0285193     -1.02555     -1.27714     0.458672   -0.0813446
     0.94172        1.001     0.299095   0.00133115      2.01638    0.0285544     -1.02335     -1.27218     0.459423   -0.0820493
     0.94172       1.0007     0.298944   0.00130278      2.01467    0.0288829     -1.02195     -1.26889     0.457741   -0.0859147
     0.94172     0.953566     0.275396 -0.000820895      1.72792    0.0500734    -0.810503     -0.78845     0.153671    -0.286751
     0.94172      1.00524     0.301208   0.00162485      2.03718    0.0252328     -1.04279     -1.31753     0.474132   -0.0422735
     0.94172      1.00576     0.301472   0.00171044      2.04036    0.0241961     -1.04525     -1.32338     0.477635   -0.0302075
     0.94172     0.993008     0.295104  0.000907273       1.9733     0.033049    -0.986959     -1.18811     0.420504     -0.13382
     0.94172     0.990748     0.293982  0.000821161      1.96255    0.0339067    -0.976834     -1.16512     0.413378    -0.143877
     0.94172      1.00072      0.29893   0.00120441      2.00774    0.0300278     -1.02164     -1.26716     0.437961   -0.0974873
     0.94172       1.0025     0.299825   0.00132029      2.01861    0.0287688     -1.02991     -1.28664     0.450116   -0.0830824
     0.94172      1.00295     0.300058   0.00138473      2.02342    0.0280338     -1.03212     -1.29217     0.459054   -0.0749943
     0.94172      0.99837     0.297799   0.00131387      2.00741    0.0285537     -1.01166     -1.24591     0.461093   -0.0833756
     0.94172     0.997255     0.297244   0.00125193      2.00194    0.0292265      -1.0066     -1.23426     0.457136   -0.0914421
     0.94172     0.994844     0.296036   0.00107123      1.98776    0.0312394    -0.995546     -1.20853     0.441991    -0.114616
     0.94172     0.994423     0.295808  0.000967642      1.98059    0.0324379    -0.993342     -1.20272     0.426507    -0.126843
     0.94172     0.995187     0.296177  0.000966817      1.98117    0.0324811    -0.996604     -1.20972     0.420455    -0.126276
     0.94172     0.998199     0.297669   0.00108121      1.99407    0.0313125      -1.0101     -1.24037     0.425662    -0.112234
     0.94172      1.00468     0.300925   0.00154577      2.03362    0.0261773     -1.04016     -1.31123      0.46993   -0.0532696
     0.94172      1.00246     0.299818    0.0014002      2.02265    0.0278095     -1.02996     -1.28743     0.462026   -0.0728279
     0.94172      1.00261     0.299902   0.00151545      2.02609    0.0263881     -1.03084     -1.28997     0.470145   -0.0566893
     0.94172      1.00184     0.299516   0.00142382      2.02144    0.0274691     -1.02725     -1.28146        0.465   -0.0693462
     0.94172     0.979882     0.288558  0.000314654      1.89915    0.0390267    -0.927948     -1.05361     0.348131    -0.196692
     0.94172     0.981983     0.289658  0.000533678      1.92637    0.0367091    -0.938173     -1.07879     0.400126    -0.178715
     0.94172     0.977116     0.287229  0.000267934      1.89631    0.0394625    -0.916506     -1.02989     0.366199    -0.205739
     0.94172     0.984289     0.290747  0.000494626      1.92226    0.0372372    -0.947532     -1.09767     0.367474    -0.177999
     0.94172     0.988369     0.292776  0.000666718      1.94382    0.0355103    -0.965792     -1.13909     0.385875    -0.159447
     0.94172     0.985595     0.291359  0.000516171      1.91898    0.0369585    -0.952705     -1.10777     0.346189    -0.171624
     0.94172      0.98932     0.293224  0.000677565      1.94174    0.0353703    -0.969624     -1.14674     0.370969    -0.155662
     0.94172     0.990988     0.294014   0.00074956      1.93934    0.0344536    -0.976345     -1.16013     0.347717    -0.143091
     0.94172     0.994877     0.295974  0.000906026      1.96572    0.0329925    -0.994357     -1.20246     0.380742    -0.128464
     0.94172     0.972721     0.284958 -1.50263e-05      1.84894    0.0422333    -0.895502    -0.979116     0.284375    -0.223826
     0.94172      0.99601     0.296513  0.000962773      1.96466    0.0322693    -0.998992     -1.21185      0.36588     -0.11929
     0.94172     0.998942        0.298   0.00107585      1.98671    0.0312703     -1.01281     -1.24491     0.397098    -0.109287
     0.94172      1.00007     0.298633   0.00130504      2.01285    0.0288058     -1.01915     -1.26264     0.459095   -0.0854092
     0.94172       1.0001     0.298645   0.00129491      2.01267     0.028934     -1.01925     -1.26279     0.458334   -0.0868437
     0.94172      1.00058     0.298868   0.00121703      2.00956    0.0298944     -1.02113     -1.26628     0.444611   -0.0966195
     0.94172      1.00176     0.299464   0.00131983      2.01786    0.0287444     -1.02666      -1.2795     0.455786    -0.083624
     0.94172       1.0011     0.299135   0.00128367       2.0149    0.0291427     -1.02364      -1.2725     0.454339   -0.0884878
     0.94172      1.00044     0.298798   0.00121698      2.00972    0.0298947     -1.02051     -1.26496     0.446594   -0.0968813
     0.94172     0.998511     0.297834   0.00111076      1.99845    0.0310167     -1.01166     -1.24433      0.43477      -0.1096
     0.94172     0.998792     0.297977   0.00112939      2.00094    0.0308277     -1.01299     -1.24752     0.438893    -0.107719
     0.94172     0.996553     0.296862   0.00103584      1.98971    0.0317773     -1.00286     -1.22427     0.430367    -0.118714
     0.94172     0.997482     0.297329   0.00108161      1.99548    0.0313134     -1.00712     -1.23416      0.43701    -0.113709
     0.94172     0.997083     0.297134   0.00107803      1.99455    0.0313324     -1.00537     -1.23031     0.438462    -0.114263
     0.94172     0.996125     0.296656   0.00103951      1.98951    0.0317143     -1.00104     -1.22037     0.434098    -0.118602
     0.94172     0.997152     0.297177   0.00112537      1.99738    0.0307735     -1.00583     -1.23176     0.445608    -0.108508
     0.94172      0.99651     0.296858   0.00110489      1.99443    0.0309682     -1.00295     -1.22521     0.443834    -0.110877
     0.94172     0.998235     0.297723   0.00122449      2.00455    0.0296513     -1.01087     -1.24364     0.454585   -0.0957619
     0.94172     0.998519     0.297863   0.00122353      2.00552     0.029688     -1.01212     -1.24643      0.45441   -0.0960573
     0.94172     0.999334     0.298268   0.00126859      2.00952    0.0291987     -1.01583     -1.25499     0.457296   -0.0902086
     0.94172       0.9992     0.298204   0.00127929      2.00935    0.0290544     -1.01526     -1.25377     0.458164   -0.0886424
     0.94172      1.00251     0.299842   0.00137471      2.02193    0.0281267     -1.03015     -1.28769     0.459415   -0.0763172
     0.94172      1.00173     0.299454     0.001335      2.01845    0.0285587     -1.02659     -1.27946       0.4577   -0.0816145
     0.94172      1.00233     0.299753   0.00138115      2.02167    0.0280349     -1.02936     -1.28595      0.46059   -0.0754187
     0.94172      1.00102     0.299097   0.00129423      2.01518    0.0290097     -1.02332     -1.27187     0.455951   -0.0871065
     0.94172     0.997646     0.297421   0.00113338      1.99939    0.0307191     -1.00803      -1.2367     0.446227    -0.107734
     0.94172      1.00061       0.2989   0.00129013      2.01404    0.0290326     -1.02153     -1.26787     0.456882   -0.0876468
     0.94172      1.00076      0.29897   0.00128656      2.01429    0.0290867     -1.02216     -1.26923     0.456115   -0.0881497
     0.94172      1.00083     0.299003   0.00127847      2.01417    0.0291906     -1.02245     -1.26982     0.455072   -0.0892495
     0.94172      1.00086     0.299015   0.00127037      2.01391    0.0292911     -1.02254     -1.26997     0.454064   -0.0903291
     0.94172      1.00035     0.298758   0.00121515      2.00965     0.029915     -1.02014     -1.26416     0.447252   -0.0972236
     0.94172     0.998813     0.297989    0.0011322      2.00142    0.0308006      -1.0131     -1.24782     0.440031    -0.107517
     0.94172      0.99779     0.297483   0.00109663      1.99748    0.0311632     -1.00852     -1.23744     0.439488    -0.112127
     0.94172     0.997565     0.297373   0.00109523      1.99702     0.031167     -1.00754     -1.23528     0.440474    -0.112375
     0.94172     0.998729     0.297965   0.00121652      2.00604    0.0297931     -1.01303     -1.24842     0.453773   -0.0971476
     0.94172     0.999454     0.298326   0.00125525      2.00958    0.0293748     -1.01632     -1.25602     0.456284    -0.092145
     0.94172      1.00012     0.298654   0.00128051      2.01236    0.0291147     -1.01931     -1.26285     0.457273    -0.088876
     0.94172     0.999389     0.298305   0.00136804      2.01214    0.0279648     -1.01627     -1.25651      0.46397   -0.0762184
     0.94172      1.00049     0.298847   0.00139329      2.01639    0.0277412     -1.02118     -1.26765     0.464694   -0.0731438
     0.94172      1.00099     0.299102   0.00147526      2.01986    0.0267583     -1.02357      -1.2734     0.469234   -0.0617106
     0.94172     0.999463     0.298348   0.00144563      2.01404    0.0270008     -1.01673      -1.2579     0.468452   -0.0652087
     0.94172      1.00721     0.302179   0.00159408      2.04298    0.0257768     -1.05163     -1.33754     0.469867   -0.0474709
     0.94172      1.00951      0.30332   0.00162889      2.05151    0.0255296     -1.06209     -1.36159     0.469667   -0.0436399
     0.94172      1.01667     0.306883   0.00187094      2.08248    0.0231022     -1.09498     -1.43823     0.481113   -0.0135896
     0.94172      1.01627     0.306683   0.00185581      2.08098     0.023264     -1.09314       -1.434     0.481282   -0.0155296
     0.94172      1.01645     0.306773   0.00185081      2.08125    0.0233368     -1.09394     -1.43576     0.479934   -0.0163309
     0.94172       1.0156     0.306338   0.00178521      2.07589    0.0240713     -1.08985     -1.42583     0.473561   -0.0250236
     0.94172      1.01602     0.306549   0.00180466      2.07766    0.0238594     -1.09179     -1.43034      0.47401   -0.0225096
     0.94172        1.015     0.306043   0.00177233      2.07405     0.024194     -1.08716     -1.41973     0.474986   -0.0265535
     0.94172      1.01653     0.306794   0.00183556      2.07742    0.0234582     -1.09392     -1.43464      0.46695   -0.0181532
     0.94172      1.01604     0.306536   0.00182569      2.07172    0.0234652     -1.09131     -1.42762     0.454952   -0.0188464
     0.94172      1.01629     0.306657   0.00188967      2.07267    0.0226526     -1.09241     -1.43011     0.454853  -0.00986579
     0.94172      1.01625     0.306657   0.00180681      2.07655     0.023812     -1.09267     -1.43185     0.467688   -0.0221245
     0.94172      1.01555     0.306315   0.00178064      2.07546    0.0241217     -1.08963     -1.42525     0.472781   -0.0256221
     0.94172      1.01589     0.306484   0.00179609      2.07687    0.0239535     -1.09118     -1.42885     0.473103   -0.0236281
     0.94172      1.01634     0.306685   0.00192781        2.073    0.0221622     -1.09267     -1.43074     0.455168  -0.00446061
     0.94172      1.01455     0.305774   0.00174886      2.06086     0.024229     -1.08403     -1.40958      0.43921   -0.0281661
     0.94172      1.01556     0.306288   0.00182119      2.06734    0.0234289     -1.08887     -1.42132     0.446992   -0.0189006
     0.94172      1.01564     0.306339   0.00177701      2.07034    0.0240671     -1.08953     -1.42361     0.455582   -0.0255516
     0.94172     0.981496     0.289304  0.000342349      1.89285    0.0386418     -0.93411     -1.06502     0.316322    -0.187524
     0.94172     0.986135     0.291571  0.000570285      1.90702    0.0360854    -0.953992     -1.10794     0.308865    -0.158709
     0.94172     0.992355      0.29466   0.00084929      1.93765      0.03317    -0.981782     -1.17072     0.328821    -0.128018
     0.94172     0.971465     0.283893   0.00165312      1.75165    0.0186409    -0.878143    -0.911266    0.0391466  -0.00356747
     0.94172      1.01457     0.305791   0.00172163      2.06279    0.0246232     -1.08432      -1.4108     0.445134   -0.0322726
     0.94172      1.01519     0.306113   0.00174214      2.06842    0.0244771     -1.08746     -1.41886      0.45517   -0.0301992
     0.94172      1.01517     0.306095   0.00176364      2.06601    0.0241482     -1.08715     -1.41746     0.447735   -0.0268347
     0.94172      1.01582      0.30642   0.00182212      2.06965    0.0234668     -1.09017     -1.42467     0.451152   -0.0190786
     0.94172     0.985625     0.290979   0.00173064      1.84137    0.0196273    -0.941606     -1.05333      0.11589   -0.0041199
     0.94172     0.987694      0.29202   0.00174256      1.85501    0.0197748    -0.951107     -1.07525     0.129559  -0.00417502
     0.94172     0.970207     0.283788 -4.98909e-05      1.85458    0.0426308    -0.886006     -0.96171     0.321331    -0.234606
     0.94172      1.01416     0.305629   0.00175711      2.07113     0.024322     -1.08337     -1.41104     0.475823    -0.028259
     0.94172      1.01438     0.305741   0.00178881      2.07298    0.0239498     -1.08444     -1.41373       0.4789   -0.0239401
     0.94172      1.01351     0.305298   0.00169449      2.06607    0.0250263     -1.08021     -1.40323     0.467992   -0.0365001
     0.94172      1.01171     0.304376   0.00157958      2.05114    0.0261998      -1.0714     -1.38121     0.443563   -0.0503542
     0.94172      1.01008      0.30354   0.00152191      2.03834    0.0266739     -1.06343     -1.36147     0.423829   -0.0561702
     0.94172      1.00837     0.302665   0.00149041      2.02443     0.026785     -1.05505     -1.34052     0.401623   -0.0580253
     0.94172     0.999005     0.298126   0.00149715      2.01331     0.026314     -1.01478     -1.25369     0.471002   -0.0575482
     0.94172      1.01276     0.304939   0.00179053      2.06725    0.0237911     -1.07708     -1.39679     0.480138   -0.0227224
     0.94172      1.01449       0.3058   0.00181793      2.07415    0.0235962     -1.08501     -1.41519     0.481142   -0.0198772
     0.94172       1.0156     0.306351   0.00184199      2.07854     0.023386     -1.09009     -1.42697     0.481646   -0.0171132
     0.94172     0.996578     0.296936   0.00162197      2.00579      0.02452     -1.00414     -1.23017     0.474264   -0.0378922
     0.94172     0.998487     0.297874   0.00155293      2.01221     0.025565     -1.01254     -1.24882     0.473119   -0.0491522
     0.94172     0.994891     0.296108   0.00176913      2.00012    0.0224915    -0.996749     -1.21379     0.475138    -0.015019
     0.94172     0.994401     0.295865   0.00167754      1.99784    0.0236166    -0.994548     -1.20877     0.473751   -0.0283305
     0.94172     0.995291     0.296306   0.00185974       2.0018    0.0213655    -0.998526     -1.21779     0.475757  -0.00175718
     0.94172     0.992013     0.294683   0.00151815      1.98734    0.0254205    -0.983931     -1.18485     0.468321   -0.0503805
     0.94172     0.989336     0.293358   0.00134587      1.97511    0.0273477    -0.972007     -1.15793     0.460924   -0.0739135
     0.94172     0.985103     0.291243  0.000929448      1.95187    0.0321616     -0.95274     -1.11338     0.438733    -0.130569
     0.94172     0.956784     0.277112 -0.000633229       1.7732    0.0483634    -0.827231    -0.831602      0.23576    -0.281857
     0.94172     0.957302     0.277683   0.00171481      1.84327    0.0196054    -0.836609    -0.869813     0.404074  0.000940044
     0.94172     0.952658      0.27542   0.00169564      1.82336    0.0193982    -0.817515    -0.830457     0.393296   0.00106857
     0.94172     0.959686     0.278448 -0.000561946      1.76644    0.0475376     -0.83752    -0.848673     0.194094    -0.267294
     0.94172      0.96166     0.279809    0.0017313      1.86194    0.0198179    -0.854645    -0.907267     0.414099  0.000670003
     0.94172     0.985223     0.291252  0.000628833      1.93877    0.0358037    -0.952344     -1.11014      0.40255    -0.166956
     0.94172     0.999125     0.298151   0.00113764      2.00532    0.0308091     -1.01458     -1.25136     0.447908    -0.108482
     0.94172     0.999377     0.298276   0.00114992      2.00634    0.0306749     -1.01572     -1.25397     0.448152    -0.106806
     0.94172     0.999905     0.298539   0.00117915      2.00891    0.0303567     -1.01812     -1.25954     0.449934    -0.103007
     0.94172      1.00034     0.298756   0.00121306      2.01155     0.029977     -1.02013     -1.26426     0.452903   -0.0986327
     0.94172      1.00034     0.298757   0.00121491      2.01166    0.0299551     -1.02014     -1.26431     0.453191   -0.0984027
     0.94172      1.00031     0.298746   0.00121671      2.01171    0.0299322     -1.02004     -1.26411     0.453576   -0.0981814
     0.94172      1.00027     0.298723   0.00121745      2.01165    0.0299203     -1.01984     -1.26367     0.453867   -0.0980909
     0.94172      1.00006     0.298623   0.00121283      2.01096    0.0299627     -1.01893     -1.26162     0.454035   -0.0986975
     0.94172     0.999701     0.298442   0.00119663      2.00932    0.0301334     -1.01729     -1.25784     0.453161    -0.100781
     0.94172     0.999296      0.29824   0.00117304      2.00717    0.0303891     -1.01544     -1.25355      0.45128    -0.103777
     0.94172     0.998967     0.298074    0.0011454      2.00498    0.0306984      -1.0139     -1.24991     0.448527    -0.107276
     0.94172     0.999039     0.298108   0.00113755      2.00497    0.0308016      -1.0142     -1.25051     0.447795    -0.108406
     0.94172     0.980179     0.288464  0.000654226      1.84287    0.0337296    -0.923882      -1.0313     0.196575    -0.131586
     0.94172     0.971013     0.283956  7.39558e-05      1.80346    0.0403548    -0.884522    -0.946449      0.18498    -0.195258
     0.94172     0.964963     0.281004 -0.000287238      1.78188    0.0444663    -0.859132    -0.892955     0.186073    -0.235775
     0.94172     0.899392     0.249658   0.00149132      1.60163     0.016973    -0.606375    -0.413723     0.283741   0.00324714
     0.94172      0.94777     0.273042   0.00167563      1.80244    0.0191785    -0.797553    -0.789635     0.381976   0.00124533
     0.94172     0.992028     0.294244   0.00184136      1.88945    0.0192327    -0.972643     -1.12948     0.181039   0.00419161
     0.94172     0.993469     0.294991    0.0018612      1.90182    0.0192446    -0.980072     -1.14889     0.202024   0.00542929
     0.94172     0.995592     0.296091   0.00190868      1.91994    0.0190202    -0.991011     -1.17748       0.2328    0.0095252
     0.94172     0.997821     0.297243   0.00199799      1.93864    0.0182606     -1.00242     -1.20711     0.264083     0.018891
     0.94172      0.99119     0.293825    0.0018994      1.88432    0.0183516    -0.968856     -1.12089     0.176531    0.0117069
     0.94172     0.992613     0.294564   0.00193961      1.89683    0.0180988    -0.976245     -1.14032     0.198137    0.0154675
     0.94172     0.994419     0.295503   0.00200016      1.91286    0.0176571    -0.985667     -1.16523     0.226297    0.0214598
     0.94172     0.996543     0.296606    0.0020876      1.93147    0.0169218    -0.996681     -1.19418     0.258617    0.0307295
     0.94172     0.989662     0.293058   0.00195574      1.87468    0.0173913     -0.96188     -1.10489     0.167308    0.0193883
     0.94172     0.990697     0.293601   0.00201419      1.88467    0.0168422    -0.967447     -1.11999     0.185998    0.0256125
     0.94172     0.992275     0.294394   0.00195714      1.89473    0.0178204      -0.9747     -1.13677     0.196137    0.0177929
     0.94172     0.990635     0.293545   0.00191927      1.88071    0.0180082    -0.966293     -1.11493     0.172765    0.0144409
     0.94172      0.99201     0.294294   0.00210395        1.898    0.0159569    -0.974645     -1.13981     0.211938    0.0354869
     0.94172     0.991646      0.29414   0.00223407      1.90028    0.0142956    -0.973945     -1.14081     0.225083     0.051447
     0.94172     0.995113      0.29589   0.00215628       1.9231    0.0158308    -0.990196     -1.17936     0.251309    0.0399824
     0.94172     0.993916     0.295251   0.00202711       1.9098    0.0172336    -0.983374     -1.15996      0.22343    0.0250498
     0.94172     0.991194     0.293805     0.001793      1.88129    0.0196917    -0.968091     -1.11696     0.165237 -0.000858063
     0.94172     0.991328     0.293874   0.00179588      1.88243    0.0196788     -0.96878     -1.11875     0.167124 -0.000623741
     0.94172     0.990863      0.29364   0.00183051      1.87942    0.0191541    -0.966638     -1.11379     0.164069   0.00384376
     0.94172     0.990929     0.293675   0.00183324      1.88004    0.0191317    -0.966992     -1.11474     0.165202   0.00411264
     0.94172     0.990715      0.29357   0.00185651      1.87905    0.0188017    -0.966108     -1.11298     0.165282   0.00701588
     0.94172     0.990595     0.293507   0.00184903      1.87786    0.0188742    -0.965453     -1.11117     0.162954   0.00622739
     0.94172     0.990184       0.2933   0.00186169      1.87513     0.018646    -0.963548     -1.10672     0.160044   0.00801144
     0.94172     0.989986     0.293204   0.00188259      1.87438    0.0183525    -0.962771     -1.10531     0.160724     0.010598
     0.94172      0.99035     0.293392   0.00189111      1.87749     0.018309    -0.964636     -1.11014     0.165854    0.0113346
     0.94172     0.990914     0.293676   0.00186952      1.88111    0.0186754    -0.967222      -1.1161     0.169441   0.00839016
     0.94172     0.991698     0.294068   0.00181262      1.88599    0.0195361    -0.970783     -1.12422     0.173921   0.00104899
     0.94172     0.990972     0.293691   0.00179594      1.87957    0.0196146    -0.966998     -1.11422     0.162711 -0.000333158
     0.94172     0.990715     0.293564   0.00182879      1.87821    0.0191499    -0.965892     -1.11188     0.162164   0.00375388
     0.94172     0.990429     0.293421   0.00184579      1.87648    0.0188864    -0.964609       -1.109     0.160745    0.0059695
     0.94172     0.989606     0.293019   0.00191534      1.87275    0.0178826    -0.961235     -1.10233     0.161285    0.0146904
     0.94172     0.990553     0.293476   0.00179075      1.87624    0.0196094     -0.96491     -1.10896     0.157707 -0.000622886
     0.94172     0.990778     0.293592   0.00179463      1.87803     0.019598    -0.966032     -1.11179     0.160413 -0.000337557
     0.94172     0.990246     0.293325   0.00183107      1.87468    0.0190414    -0.963613     -1.10627     0.157304   0.00437201
     0.94172     0.990502     0.293455   0.00182956      1.87659    0.0191038    -0.964854     -1.10931     0.159883   0.00400408
     0.94172     0.990177      0.29329   0.00183559      1.87428    0.0189725    -0.963307     -1.10559     0.157023   0.00495515
     0.94172      0.99031      0.29336   0.00184273      1.87548    0.0189049    -0.964005     -1.10745     0.159154   0.00569609
     0.94172     0.989903     0.293156   0.00185815      1.87292    0.0186435    -0.962155     -1.10323     0.156782   0.00779617
     0.94172     0.988692     0.292595   0.00207201      1.87206    0.0157957      -0.9583     -1.09899     0.173858    0.0336556
     0.94172     0.989816     0.293194   0.00217352      1.88438    0.0147341    -0.964621     -1.11674     0.198791    0.0450544
     0.94172     0.988905      0.29268   0.00198367      1.87017    0.0169209    -0.958499     -1.09733     0.163747    0.0231497
     0.94172     0.989111     0.292771    0.0019331      1.86975    0.0175805    -0.959017     -1.09735       0.1588    0.0170992
     0.94172     0.989496     0.292959   0.00190154      1.87142    0.0180355    -0.960575     -1.10038     0.158296    0.0131528
     0.94172     0.989874     0.293142   0.00186463      1.87291    0.0185574    -0.962068     -1.10315     0.157229     0.008577
     0.94172     0.989733     0.293159   0.00220405        1.885    0.0143459    -0.964484     -1.11709     0.202109    0.0487728
     0.94172     0.989967     0.293182   0.00183103      1.87258     0.018995    -0.962253     -1.10292     0.154398     0.004573
     0.94172     0.989471     0.292938   0.00186807      1.87003    0.0184477    -0.960149     -1.09854     0.153664   0.00926231
     0.94172     0.989144     0.292857   0.00219292      1.88023    0.0143849    -0.961562     -1.10974      0.19486     0.047723
     0.94172     0.990351     0.293372   0.00178933      1.87465    0.0195931    -0.963911     -1.10646     0.155386 -0.000634743
     0.94172     0.989061     0.292738   0.00190437      1.86831    0.0179286    -0.958505      -1.0954     0.154436    0.0137805
     0.94172     0.988695     0.292561   0.00193735      1.86687    0.0174598    -0.957061     -1.09271     0.155435    0.0178675
     0.94172     0.988269     0.292359   0.00199371      1.86595    0.0166934    -0.955556     -1.09047      0.15923    0.0247168
     0.94172     0.987977     0.292236   0.00208715      1.86747    0.0154927    -0.955024     -1.09144     0.169282    0.0358421
     0.94172      1.01669     0.306882   0.00202181      2.08013    0.0210884     -1.09483     -1.43729     0.473387   0.00845714
     0.94172      1.01672     0.306899   0.00201835       2.0808    0.0211479     -1.09502     -1.43787      0.47512   0.00790733
     0.94172      1.01713     0.307101   0.00197634      2.08277    0.0217399      -1.0969     -1.44229     0.476462   0.00153995
     0.94172      1.01714     0.307108   0.00197214      2.08257    0.0217907     -1.09695     -1.44235      0.47564  0.000939345
     0.94172       1.0171     0.307087   0.00197324      2.08197    0.0217634     -1.09673     -1.44172       0.4742   0.00115321
     0.94172      1.01651     0.306794   0.00203148      2.07992    0.0209566     -1.09405     -1.43561     0.474921   0.00994319
     0.94172      1.01666     0.306873   0.00201668       2.0815    0.0211838     -1.09483     -1.43766     0.478044   0.00765417
     0.94172      1.01671     0.306896   0.00201782      2.08106    0.0211602     -1.09501      -1.4379     0.476066   0.00782132
     0.94172      1.01696     0.307025   0.00198742      2.08327    0.0216048     -1.09627     -1.44113     0.480001   0.00317891
     0.94172      1.01715     0.307113    0.0019727      2.08314    0.0217953     -1.09703     -1.44267     0.477377  0.000979507
     0.94172      1.01724     0.307158   0.00195319      2.08368    0.0220615     -1.09745      -1.4437     0.477993  -0.00192374
     0.94172      1.01721      0.30714   0.00194932      2.08281    0.0220936     -1.09724     -1.44301     0.475624  -0.00240915
     0.94172      1.01712     0.307091   0.00195081      2.08149    0.0220459     -1.09674      -1.4416     0.472552  -0.00206283
     0.94172      1.01716     0.307125   0.00196047      2.08417    0.0219764      -1.0972      -1.4433     0.480429 -0.000875158
     0.94172      1.01642     0.306748   0.00203684      2.07945    0.0208763     -1.09363     -1.43461     0.474544    0.0107804
     0.94172      1.01648      0.30678   0.00203403      2.07951    0.0209146     -1.09391      -1.4352     0.473938     0.010342
     0.94172      1.01622     0.306647   0.00204821      2.07821    0.0207004     -1.09267     -1.43228      0.47306    0.0125705
     0.94172      1.01717      0.30712   0.00196459       2.0827     0.021892     -1.09706     -1.44261      0.47578 -0.000172812
     0.94172      1.01709      0.30708   0.00196861      2.08152    0.0218143     -1.09664     -1.44141     0.472922  0.000517965
     0.94172      1.01665      0.30686   0.00202471      2.07957    0.0210387     -1.09461     -1.43667     0.472128   0.00892152
     0.94172      1.01638     0.306724   0.00204265      2.07845     0.020779     -1.09335     -1.43376     0.471895    0.0116859
     0.94172      1.01645     0.306762   0.00203674      2.07917    0.0208717     -1.09373     -1.43474     0.473278    0.0107668
     0.94172      1.01661     0.306846   0.00201925      2.08128    0.0211453     -1.09458     -1.43708     0.478021   0.00806249
     0.94172      1.01663     0.306858    0.0020171      2.08146    0.0211773      -1.0947     -1.43738     0.478279    0.0077299
     0.94172      1.01713     0.307108     0.001961      2.08426    0.0219708     -1.09705     -1.44301     0.481153 -0.000789341
     0.94172      1.01692     0.307003   0.00198844      2.08324    0.0215903     -1.09607      -1.4407     0.480448   0.00334781
     0.94172      1.01692     0.306985   0.00196962      2.07915    0.0217501     -1.09567     -1.43872     0.467573  0.000889828
     0.94172      1.01586     0.306435   0.00196054      2.06886    0.0216443     -1.09023     -1.42449     0.448005  0.000668034
     0.94172      1.01539     0.306199   0.00201485      2.06569    0.0208648     -1.08799     -1.41899      0.44367   0.00874871
     0.94172       1.0154     0.306201   0.00202219      2.06587    0.0207727     -1.08802     -1.41911      0.44419   0.00977817
     0.94172      1.01595     0.306482   0.00196493      2.06969     0.021605      -1.0907      -1.4257     0.449483   0.00120483
     0.94172     0.989209     0.292789   0.00179512      1.86599     0.019324    -0.958342      -1.0927     0.143345  0.000931262
     0.94172     0.989086     0.292727   0.00179697      1.86511    0.0192799    -0.957755     -1.09129     0.142251    0.0012402
     0.94172      0.98866     0.292517   0.00183711      1.86292    0.0186994    -0.955953     -1.08755     0.141649   0.00624753
     0.94172     0.988548      0.29246   0.00183634      1.86209     0.018691    -0.955414     -1.08624      0.14055   0.00623817
     0.94172      0.98736     0.291873   0.00189433      1.85573    0.0177799     -0.95032     -1.07548     0.137865    0.0137561
     0.94172     0.987252     0.291816   0.00188937      1.85479    0.0178246    -0.949764     -1.07403     0.136337    0.0132565
     0.94172     0.985903     0.291154   0.00196422      1.84818    0.0166846    -0.944133     -1.06258     0.135422      0.02274
     0.94172     0.985735     0.291067   0.00195644      1.84676    0.0167556    -0.943284     -1.06041     0.133186    0.0219441
     0.94172     0.984074     0.290253   0.00205827      1.83897    0.0152327    -0.936413     -1.04658     0.132982    0.0346622
     0.94172     0.983789     0.290107   0.00204839      1.83668    0.0153117    -0.935013      -1.0431     0.129688    0.0336792
     0.94172     0.982988     0.289732   0.00217831      1.83574    0.0135729    -0.932311     -1.03947     0.138758    0.0491136
     0.94172     0.982419     0.289444   0.00217307       1.8316    0.0135484    -0.929622     -1.03305     0.133643    0.0487815
     0.94172     0.982533     0.289537   0.00231997      1.83793    0.0117539    -0.931312     -1.04003     0.152367    0.0658533
     0.94172     0.981616     0.289074   0.00232828      1.83175    0.0115038    -0.927072     -1.03015     0.145602    0.0672058
     0.94172     0.984594     0.290613   0.00244624      1.85805    0.0105518    -0.942046     -1.06817     0.187106    0.0801156
     0.94172     0.982629     0.289631   0.00250419      1.84637    0.0095249    -0.933213     -1.04821     0.176915     0.087739
     0.94172      0.99237     0.294559   0.00242926      1.91425    0.0120508    -0.979039      -1.1573     0.259982    0.0752992
     0.94172      0.98966     0.293189   0.00245719      1.89563    0.0112632    -0.966267     -1.12681      0.23718    0.0798003
     0.94172     0.988913     0.292818   0.00249011      1.89175    0.0107442    -0.962969      -1.1195     0.234751    0.0841531
     0.94172     0.992075      0.29442   0.00246946        1.914    0.0115195    -0.977925     -1.15533     0.262851    0.0805406
     0.94172     0.998699      0.29776   0.00235854      1.95721    0.0139453     -1.00888     -1.22862     0.312844    0.0640706
     0.94172      0.99888     0.297855   0.00236886      1.95909    0.0138525     -1.00982     -1.23112     0.316348    0.0653917
     0.94172      1.00438     0.300627   0.00227339      1.99421    0.0158897     -1.03561     -1.29246      0.35658    0.0505412
     0.94172      1.00459     0.300735    0.0022787      1.99602    0.0158608     -1.03666     -1.29513     0.359574    0.0511796
     0.94172      1.01197     0.304464   0.00214134      2.04313      0.01871     -1.07159     -1.37904     0.415015     0.028737
     0.94172      1.01045     0.303693   0.00217144       2.0333    0.0180972     -1.06434     -1.36151     0.403082    0.0337509
     0.94172      1.01057     0.303758   0.00217472      2.03437    0.0180781     -1.06497     -1.36312     0.404879     0.034138
     0.94172      1.01205     0.304504   0.00214393      2.04382    0.0186914     -1.07198     -1.38005     0.416216    0.0290531
     0.94172      1.01312     0.305047   0.00210673       2.0504    0.0193246     -1.07706     -1.39226     0.423556    0.0232317
     0.94172      1.01317     0.305071   0.00211107      2.05092    0.0192792     -1.07731     -1.39293     0.424605    0.0238069
     0.94172      1.01408     0.305532   0.00207509      2.05671    0.0198783     -1.08165     -1.40343     0.431548    0.0181768
     0.94172       1.0141     0.305541   0.00208034      2.05698    0.0198157     -1.08175     -1.40371     0.432197    0.0189035
     0.94172      0.99821     0.297442   0.00199831      1.94151    0.0183205     -1.00432     -1.21184     0.268172    0.0186667
     0.94172      1.00096      0.29884   0.00199749      1.96128    0.0187723     -1.01765     -1.24469     0.295388    0.0167543
     0.94172      1.00226     0.299504    0.0019904      1.97046    0.0190699     -1.02395     -1.26015     0.307642    0.0149701
     0.94172      1.00484     0.300816   0.00197778      1.98848    0.0196369     -1.03641     -1.29069     0.331697    0.0115597
     0.94172     0.984959     0.290767    0.0023281      1.85561    0.0120491    -0.942798      -1.0675     0.174514    0.0658448
     0.94172     0.984188     0.290363   0.00227345      1.84786    0.0125927    -0.938717     -1.05665     0.160708    0.0596897
     0.94172     0.989398     0.292886   0.00179736      1.86744    0.0193266    -0.959265     -1.09498     0.145369    0.0010523
     0.94172     0.988896     0.292637   0.00183714      1.86466    0.0187376    -0.957086     -1.09031      0.14389   0.00608154
     0.94172     0.987755     0.292073   0.00189573      1.85856    0.0178248    -0.952196     -1.07998     0.141357    0.0136549
     0.94172     0.986448      0.29143   0.00196783      1.85208    0.0167244    -0.946712     -1.06873     0.140154    0.0228244
     0.94172     0.985071     0.290754   0.00204932       1.8455    0.0154981    -0.940977     -1.05708     0.139513    0.0330643
     0.94172     0.984322       0.2904   0.00214884      1.84393    0.0141474    -0.938301     -1.05294     0.145802    0.0450187
     0.94172     0.988638     0.292642   0.00235879       1.8834    0.0122748    -0.960536      -1.1108     0.212398    0.0679531
     0.94172     0.996632     0.296686   0.00226371      1.93802    0.0147559    -0.998258     -1.20098     0.279062    0.0526549
     0.94172     0.993156     0.294929   0.00231135       1.9146    0.0136034    -0.981865      -1.1618     0.250768    0.0602127
     0.94172     0.996882     0.296779   0.00209331       1.9341    0.0169055     -0.99836      -1.1984      0.26259    0.0312325
     0.94172      1.00005     0.298392    0.0020956      1.95698    0.0173879     -1.01368       -1.236     0.293804    0.0297521
     0.94172     0.991508     0.294081   0.00227513        1.901    0.0137725    -0.973617     -1.14085     0.229286    0.0565501
     0.94172     0.995676     0.296177   0.00215501      1.92719     0.015939    -0.992919     -1.18605     0.256913    0.0395018
     0.94172      1.00142     0.299087   0.00209714      1.96674    0.0175857     -1.02029     -1.25228     0.307213       0.0291
     0.94172     0.999016      0.29789   0.00222248      1.95365    0.0156474     -1.00946     -1.22766     0.297322    0.0463123
     0.94172      0.99898     0.297897    0.0023324      1.95797    0.0143042     -1.01005     -1.23101     0.311652    0.0605026
     0.94172     0.997921     0.297361   0.00234588       1.9509    0.0139686     -1.00505     -1.21908     0.303113    0.0626602
     0.94172      1.00427     0.300567   0.00226072      1.99277    0.0160234     -1.03499     -1.29074      0.35351    0.0488757
     0.94172      1.01179     0.304372   0.00213997      2.04176    0.0186973      -1.0707     -1.37684     0.412918    0.0286466
     0.94172       1.0102     0.303567   0.00216843      2.03138    0.0180937     -1.06312     -1.35848     0.400115     0.033468
     0.94172        1.013     0.304981   0.00210295      2.04931    0.0193498     -1.07642     -1.39062     0.421683    0.0227866
     0.94172      1.01537     0.306184   0.00200677      2.06528    0.0209615     -1.08783     -1.41853     0.442715   0.00763965
     0.94172      1.01402       0.3055   0.00206898      2.05608    0.0199443     -1.08133     -1.40257     0.430315      0.01736
     0.94172      1.01574     0.306375   0.00195478      2.06783     0.021697     -1.08965     -1.42298      0.44618 -3.94613e-05
     0.94172     0.990218     0.293304   0.00178827      1.87362    0.0195841    -0.963257     -1.10482      0.15387 -0.000657288
     0.94172     0.989789      0.29309   0.00182634      1.87109     0.019024     -0.96135      -1.1006     0.152017   0.00415717
     0.94172     0.989229     0.292813   0.00186293      1.86804    0.0184715    -0.958931     -1.09543     0.150555   0.00883564
     0.94172     0.989631     0.293011   0.00183305      1.87009     0.018913    -0.960632     -1.09896     0.151087   0.00505763
     0.94172      1.00465     0.300728   0.00206868      1.98889    0.0184533      -1.0358     -1.29004     0.335775    0.0234354
     0.94172      1.00273     0.299773   0.00219752      1.97922    0.0165477      -1.0272     -1.27065     0.330234    0.0412581
     0.94172      1.00812     0.302514   0.00220483      2.01797    0.0173181     -1.05324     -1.33466     0.384056    0.0395239
     0.94172      1.00992     0.303416   0.00212208       2.0276    0.0186162     -1.06153     -1.35395      0.39165    0.0272881
     0.94172      1.00784     0.302361   0.00214653      2.01363    0.0179847     -1.05157     -1.32974     0.373835    0.0317827
     0.94172      1.01113     0.304021   0.00203009      2.03384      0.01996     -1.06707     -1.36674     0.395948    0.0140367
     0.94172      1.00824      0.30255    0.0020433      2.01356     0.019336     -1.05306     -1.33224     0.368224    0.0177974
     0.94172      1.01127      0.30409   0.00197684      2.03402    0.0206614     -1.06765     -1.36784     0.394641   0.00672257
     0.94172       1.0081     0.302472    0.0019835       2.0115     0.020074      -1.0522     -1.32964     0.363313   0.00999262
     0.94172      1.01264     0.304798   0.00208571      2.04611    0.0195044     -1.07462     -1.38595     0.415974    0.0206294
     0.94172      1.01486     0.305925   0.00201096      2.06126    0.0208179     -1.08533      -1.4122     0.436221   0.00863509
     0.94172      1.01434     0.305657   0.00201667      2.05735    0.0206568     -1.08276     -1.40579     0.430369   0.00981855
     0.94172      1.01512     0.306057   0.00196817      2.06285    0.0214125     -1.08657     -1.41519     0.438026    0.0024082
     0.94172      1.01466     0.305818   0.00196774      2.05914    0.0213363     -1.08425     -1.40933     0.432041   0.00274674
     0.94172      1.01389     0.305424    0.0019577      2.05302    0.0213326     -1.08043     -1.39964     0.422177   0.00200585
     0.94172      1.01373     0.305347   0.00200661      2.05249    0.0206811     -1.07975     -1.39816     0.422478   0.00889605
     0.94172     0.989096     0.292748   0.00187355      1.86745    0.0183176     -0.95839     -1.09438     0.150708    0.0101634
     0.94172     0.988745     0.292578   0.00190715       1.8661    0.0178425    -0.957015     -1.09185     0.151808    0.0143178
     0.94172     0.988385     0.292404   0.00194099      1.86477    0.0173645    -0.955616     -1.08931     0.153084     0.018491
     0.94172     0.987859     0.292153   0.00199941      1.86322    0.0165569    -0.953659     -1.08605     0.156318    0.0256316
     0.94172     0.987513     0.292003   0.00209739      1.86453    0.0152914     -0.95291     -1.08659     0.166462    0.0373049
     0.94172     0.988553     0.292562   0.00221407      1.87679    0.0140286    -0.958922     -1.10382     0.192135    0.0505424
     0.94172     0.990121     0.293392   0.00233989      1.89354    0.0127528    -0.967497     -1.12733     0.224501    0.0650474
     0.94172      1.00855     0.302738   0.00221465      2.02162    0.0172712     -1.05541     -1.34015     0.390054    0.0406675
     0.94172      1.00836     0.302641   0.00221119      2.02006    0.0172818     -1.05447     -1.33779     0.387549    0.0402777
     0.94172        0.987     0.291839   0.00246624      1.87653    0.0107105    -0.953645     -1.09648     0.212663    0.0818051
     0.94172      0.98589     0.291285   0.00250205      1.87011    0.0100954    -0.948659     -1.08521     0.207244    0.0865532
     0.94172      0.98519     0.291332   0.00189293      1.96109    0.0200083    -0.954307     -1.11989     0.461907   0.00967499
     0.94172     0.958773      0.27763   0.00278643      1.68574   0.00210035    -0.824027    -0.796801   0.00709352     0.126348
     0.94172     0.956767     0.276654   0.00299751      1.67814 -0.000856722    -0.815833    -0.780249   0.00762874     0.150151
     0.94172     0.960025     0.278309   0.00304435      1.70367 -0.000867763    -0.831131    -0.816275    0.0385708     0.155127
     0.94172     0.964095     0.280314   0.00277794      1.72349   0.00309349    -0.848484    -0.853225     0.048242     0.124323
     0.94172     0.968835     0.282611   0.00218776      1.74035    0.0112818    -0.867453    -0.890169    0.0402281    0.0568755
     0.94172     0.967541     0.281972   0.00227718      1.73352    0.0099402    -0.861916    -0.878417    0.0368069    0.0673368
     0.94172     0.970887      0.28366   0.00232001      1.75719   0.00991365    -0.877372     -0.91427    0.0626836    0.0706833
     0.94172     0.972557     0.284489   0.00224172      1.76653    0.0111628     -0.88463    -0.929969    0.0685559    0.0611927
     0.94172     0.963835      0.28013   0.00244998      1.71207   0.00715813    -0.845714    -0.843091    0.0215377    0.0878009
     0.94172     0.960459     0.278444   0.00254415      1.69106   0.00542693    -0.830693    -0.809653   0.00345017    0.0993004
     0.94172     0.966557     0.281528   0.00262225      1.73582   0.00542949    -0.859011    -0.875655    0.0542812     0.106095
     0.94172     0.968815     0.282641   0.00247106      1.74708    0.0076848     -0.86862    -0.895979    0.0592254     0.088409
     0.94172     0.968661     0.283222   0.00217968      1.89089    0.0147883    -0.883623    -0.967418     0.426959     0.060926
     0.94172     0.965661     0.281755    0.0021806      1.87807    0.0144946    -0.871065    -0.940985     0.420239    0.0622937
     0.94172     0.966105     0.281977   0.00201003      1.88061    0.0167111    -0.873074    -0.945606     0.423043    0.0377065
     0.94172     0.968896     0.283341   0.00201582      1.89251    0.0169021    -0.884763    -0.970228     0.429208    0.0371695
     0.94172     0.959011      0.27851   0.00214718      1.84965    0.0142935     -0.84347    -0.883503     0.405254     0.060111
     0.94172     0.958467     0.278248   0.00199105      1.84787    0.0162242    -0.841341    -0.879405     0.405527    0.0386431
     0.94172      0.96316     0.280539   0.00200324        1.868    0.0165168    -0.860796    -0.919883     0.416346    0.0381542
     0.94172     0.962501     0.280212   0.00218107      1.86451    0.0141909    -0.857899    -0.913427     0.412991     0.063595
     0.94172     0.968398     0.283078   0.00248468      1.88794    0.0108525    -0.882022    -0.962741     0.421408     0.105197
     0.94172     0.965002     0.281418   0.00250616      1.87329    0.0102648    -0.867801    -0.932801     0.413486     0.109109
     0.94172     0.964842     0.281348   0.00235506      1.87362    0.0121873    -0.867411    -0.932703     0.415829     0.087532
     0.94172       0.9683     0.283038   0.00234293      1.88846    0.0126636    -0.881879    -0.963137     0.423715     0.084673
     0.94172     0.955976     0.277008   0.00262741       1.8333   0.00787592     -0.83028    -0.854432     0.389457     0.127237
     0.94172     0.953683     0.275896    0.0025489      1.82408   0.00867177    -0.821027    -0.835826     0.385739     0.116666
     0.94172      0.96136     0.279638    0.0025347       1.8574   0.00956256    -0.852633    -0.901065     0.404468     0.113795
     0.94172     0.969405     0.283553   0.00272209      1.89042   0.00788649     -0.88562    -0.968714     0.418816     0.139767
     0.94172     0.967057     0.282404   0.00274533      1.88025   0.00737525    -0.875747    -0.947831     0.413267     0.143486
     0.94172     0.966083     0.281937   0.00263181      1.87698   0.00874883    -0.872007    -0.940826     0.413449      0.12705
     0.94172     0.968934     0.283332   0.00260859      1.88931   0.00930699     -0.88397    -0.966073      0.42014     0.123151
     0.94172     0.961177     0.279526   0.00284368      1.85378   0.00556731    -0.851119    -0.895936     0.396682     0.157506
     0.94172     0.958713     0.278333   0.00274315      1.84406   0.00663792    -0.841245    -0.876279     0.393224      0.14324
     0.94172      0.96306     0.280459   0.00266214      1.86371   0.00808133    -0.859379    -0.914311     0.405776      0.13173
     0.94172     0.964625     0.281214   0.00277505       1.8695   0.00677021    -0.865556    -0.926354     0.406951     0.147899
     0.94172     0.970439      0.28404   0.00291807      1.89326   0.00544916    -0.889263    -0.974607     0.417003     0.168935
     0.94172     0.969309     0.283486   0.00294173      1.88832    0.0050441     -0.88445    -0.964279     0.414245     0.172569
     0.94172     0.967956     0.282834   0.00284548      1.88328   0.00616482    -0.879169     -0.95415     0.413173     0.158189
     0.94172     0.969794     0.283734    0.0028236      1.89126   0.00661136    -0.886915    -0.970578     0.417536     0.154795
     0.94172     0.966663     0.282188   0.00300292      1.87625   0.00401185    -0.873235    -0.940314      0.40642     0.181329
     0.94172     0.963366     0.280586   0.00292948      1.86246   0.00465883    -0.859877     -0.91334     0.399853     0.170004
     0.94172     0.966039     0.281896   0.00287389      1.87475   0.00562378    -0.871109    -0.937096     0.408045     0.162315
     0.94172     0.968192     0.282938     0.002967       1.8833    0.0046172    -0.879706    -0.954122      0.41116     0.176286
     0.94172     0.971098     0.284351   0.00302666      1.89524   0.00410467    -0.891562    -0.978262     0.416323     0.185452
     0.94172     0.970793       0.2842   0.00304458      1.89388   0.00384783    -0.890204    -0.975201     0.415524     0.188254
     0.94172     0.970577     0.284097    0.0030188      1.89321   0.00416324    -0.889412    -0.973823     0.415702     0.184368
     0.94172     0.971032     0.284322   0.00299437      1.89522   0.00451659    -0.891422    -0.978322     0.416851     0.180542
     0.94172     0.970262     0.283937   0.00307621      1.89133   0.00339111    -0.887858    -0.969943     0.413636     0.192998
     0.94172     0.969634     0.283632    0.0030583      1.88885   0.00356848    -0.885313    -0.964812     0.412808       0.1903
     0.94172     0.970199     0.283911   0.00303704      1.89149   0.00389485    -0.887757    -0.970146     0.414623     0.187166
     0.94172     0.970549     0.284079   0.00305997      1.89274   0.00362784     -0.88912    -0.972755     0.414749     0.190608
     0.94172     0.971419     0.284507   0.00303506      1.89638   0.00402067     -0.89288    -0.980961     0.416408     0.186576
     0.94172     0.971152     0.284375   0.00304743      1.89523   0.00383915    -0.891701    -0.978333     0.415835     0.188549
     0.94172     0.970861     0.284233   0.00304704      1.89412   0.00382149    -0.890479    -0.975755     0.415557     0.188607
     0.94172     0.971184     0.284392   0.00302948      1.89554   0.00407494    -0.891911    -0.978969     0.416352     0.185846
     0.94172     0.970719     0.284159   0.00308405      1.89299   0.00332455    -0.889743    -0.973836     0.413861     0.193996
     0.94172      0.97033      0.28397     0.003078      1.89157   0.00337325    -0.888132    -0.970499     0.413678      0.19325
     0.94172     0.970612     0.284109   0.00306154      1.89297   0.00361252    -0.889375    -0.973275     0.414794     0.190829
     0.94172     0.970824     0.284213   0.00306404      1.89376   0.00359665    -0.890258    -0.975111     0.414941     0.191122
     0.94172     0.975347     0.286408   0.00314817      1.90679   0.00276937    -0.909156      -1.0147     0.407814     0.198928
     0.94172     0.975345     0.286408   0.00314805      1.90679   0.00277086    -0.909148     -1.01468      0.40782      0.19891
     0.94172     0.975349     0.286409   0.00314792       1.9068   0.00277291    -0.909164     -1.01472     0.407829      0.19889
     0.94172     0.975341     0.286407   0.00314222      1.90686   0.00284737    -0.909159     -1.01477     0.408048     0.198037
     0.94172     0.975382     0.286427   0.00313737      1.90709    0.0029145     -0.90935     -1.01523      0.40829     0.197302
     0.94172     0.975347     0.286409   0.00314728       1.9068   0.00278107    -0.909163     -1.01472     0.407842     0.198791
     0.94172     0.975339     0.286405    0.0031475      1.90677   0.00277754    -0.909125     -1.01464     0.407826     0.198826
     0.94172      0.97535      0.28641   0.00314816       1.9068   0.00276966     -0.90917     -1.01473     0.407801     0.198918
     0.94172     0.975354     0.286412   0.00314782      1.90682   0.00277436    -0.909189     -1.01477     0.407813     0.198865
     0.94172     0.975353     0.286411   0.00314798       1.9068   0.00277204    -0.909184     -1.01476     0.407784      0.19888
     0.94172     0.975342     0.286406   0.00314841      1.90677   0.00276586    -0.909136     -1.01465      0.40779     0.198959
     0.94172     0.975334     0.286402   0.00314866      1.90672   0.00276165    -0.909098     -1.01457     0.407751     0.198992
     0.94172     0.975339     0.286404   0.00314836      1.90675   0.00276624     -0.90912     -1.01462     0.407789     0.198953
     0.94172     0.975424     0.286447   0.00314156      1.90707   0.00285964    -0.909519     -1.01556     0.407846     0.197803
     0.94172     0.975362     0.286416   0.00314717      1.90682   0.00278279    -0.909224     -1.01486      0.40776     0.198732
     0.94172     0.975362     0.286416   0.00314697      1.90684   0.00278589    -0.909226     -1.01486     0.407815      0.19872
     0.94172     0.975461     0.286465   0.00313598      1.90734   0.00293701    -0.909694     -1.01599     0.408216     0.196997
     0.94172     0.975344     0.286407   0.00314847      1.90676   0.00276498    -0.909143     -1.01467      0.40777     0.198961
     0.94172     0.975345     0.286407   0.00314845      1.90675   0.00276492    -0.909146     -1.01468     0.407734     0.198945
     0.94172     0.975336     0.286403   0.00314882      1.90672   0.00275946    -0.909108     -1.01459     0.407713     0.199003
     0.94172     0.975421     0.286445   0.00314311      1.90698   0.00283755      -0.9095     -1.01551     0.407616     0.197974
     0.94172      0.97539      0.28643   0.00314576      1.90678   0.00279939     -0.90936     -1.01518     0.407391     0.198347
     0.94172     0.975303     0.286387   0.00315075      1.90647    0.0027293    -0.908965     -1.01427     0.407378     0.199218
     0.94172     0.975317     0.286394    0.0031498      1.90658   0.00274382    -0.909027     -1.01441     0.407518     0.199104
     0.94172     0.975344     0.286407   0.00314832      1.90671   0.00276562    -0.909147     -1.01468     0.407636     0.198888
     0.94172     0.975274     0.286372   0.00315016      1.90643   0.00273619     -0.90884     -1.01401      0.40752     0.199191
     0.94172      0.97526     0.286367   0.00314541      1.90649   0.00279884    -0.908803     -1.01398     0.407818     0.198527
     0.94172     0.975291     0.286382   0.00314344      1.90665    0.0028275    -0.908941     -1.01429     0.407963     0.198237
     0.94172      0.97532     0.286395   0.00314828      1.90667   0.00276543    -0.909041     -1.01445     0.407746     0.198937
     0.94172     0.975299     0.286385    0.0031494      1.90655   0.00274862     -0.90895     -1.01425      0.40762     0.199087
     0.94172     0.974886     0.286187   0.00312288      1.90571   0.00307381    -0.907303     -1.01101     0.409203     0.195582
     0.94172     0.976232     0.286858     0.003023      1.91292   0.00450654    -0.913393       -1.025     0.415901      0.18078
     0.94172     0.976774     0.287124     0.003015      1.91481   0.00464712    -0.915743     -1.03014      0.41591     0.179089
     0.94172     0.978223     0.287834   0.00299372      1.91965   0.00501661    -0.922043     -1.04398     0.415314      0.17436
     0.94172     0.977374     0.287405    0.0030833      1.91362   0.00373509    -0.918119     -1.03477     0.407118     0.186752
     0.94172     0.975869     0.286668   0.00311374      1.90884   0.00325184     -0.91154     -1.02022     0.408409     0.193156
     0.94172     0.975951     0.286709   0.00310545      1.90939   0.00337004    -0.911917      -1.0211     0.409103     0.191991
     0.94172     0.975213     0.286342   0.00315537      1.90601   0.00266034    -0.908567     -1.01338     0.406977     0.199885
     0.94172     0.975252     0.286361   0.00315342      1.90621    0.0026895    -0.908736     -1.01376     0.407155     0.199607
     0.94172      0.97531      0.28639   0.00315147      1.90636   0.00271731    -0.908996     -1.01435     0.407019       0.1992
     0.94172     0.975285     0.286377   0.00315351      1.90609   0.00268481    -0.908887     -1.01411      0.40652     0.199368
     0.94172     0.975106      0.28629   0.00315219      1.90572   0.00269576    -0.908125     -1.01247     0.407208     0.199513
     0.94172     0.975218     0.286345   0.00315012      1.90622    0.0027324    -0.908603     -1.01351     0.407483     0.199206
     0.94172     0.975231     0.286351   0.00315351      1.90617   0.00268773    -0.908646     -1.01356     0.407232     0.199662
     0.94172     0.975198     0.286335   0.00315523      1.90598   0.00266167    -0.908503     -1.01325      0.40704     0.199895
     0.94172     0.974958     0.286216   0.00316091      1.90486   0.00256532    -0.907467     -1.01099     0.406285     0.200697
     0.94172     0.975162     0.286317   0.00315698      1.90578   0.00263491    -0.908344     -1.01289      0.40684     0.200131
     0.94172     0.975119     0.286296   0.00315864      1.90555   0.00260875    -0.908158     -1.01248     0.406623      0.20035
     0.94172     0.975012     0.286243     0.003161      1.90505   0.00256796    -0.907699     -1.01148     0.406285     0.200681
     0.94172     0.975026     0.286249   0.00316529      1.90467   0.00250338    -0.907755      -1.0116     0.405136     0.200954
     0.94172     0.974937     0.286205   0.00316735      1.90437   0.00247119    -0.907367     -1.01074     0.405165     0.201354
     0.94172     0.975121     0.286296   0.00315929       1.9055   0.00259929    -0.908164     -1.01249     0.406486     0.200406
     0.94172     0.975167     0.286319   0.00315741      1.90576   0.00262882    -0.908363     -1.01293     0.406737     0.200161
     0.94172     0.974573     0.286024   0.00318136      1.90233   0.00224783    -0.905785     -1.00727     0.403124     0.203123
     0.94172     0.975009     0.286241   0.00316359      1.90488   0.00253063    -0.907676     -1.01142      0.40586      0.20095
     0.94172     0.974757     0.286115   0.00317439      1.90335   0.00235922    -0.906582     -1.00902     0.404147     0.202244
     0.94172     0.974572     0.286013   0.00322034      1.89809   0.00164305    -0.905743     -1.00706     0.391902     0.205535
     0.94172     0.972581     0.285026   0.00330227      1.88668  0.000345447     -0.89707    -0.987942     0.380137     0.215804
     0.94172     0.972929     0.285208   0.00325674      1.89231   0.00106386    -0.898624    -0.991486      0.39176     0.212291
     0.94172     0.973519     0.285501   0.00322984      1.89576   0.00148317      -0.9012    -0.997177     0.395432     0.208887
     0.94172     0.971953     0.284725   0.00329739      1.88766   0.00044606    -0.894342    -0.981974     0.388417     0.218297
     0.94172     0.971961     0.284729   0.00329696       1.8877   0.00045237    -0.894379    -0.982056      0.38845     0.218234
     0.94172     0.971968     0.284733   0.00329618      1.88766  0.000461043    -0.894418     -0.98216     0.388266     0.218027
     0.94172     0.971969     0.284733   0.00329676       1.8875  0.000449677    -0.894426    -0.982185     0.387848     0.217961
     0.94172     0.971974     0.284736   0.00329616      1.88777  0.000464078    -0.894439    -0.982194     0.388506     0.218113
     0.94172     0.972147     0.284822   0.00328726      1.88866  0.000596802    -0.895206    -0.983915     0.389264     0.216827
     0.94172     0.972036     0.284767   0.00329287      1.88803  0.000511612    -0.894717    -0.982825     0.388635     0.217579
     0.94172     0.971884     0.284692   0.00329621      1.88745  0.000457135    -0.894061    -0.981397     0.388485     0.218154
     0.94172     0.971968     0.284733   0.00329525      1.88781   0.00047677    -0.894417    -0.982154     0.388662     0.218024
     0.94172     0.971948     0.284723   0.00329739      1.88765    0.0004459    -0.894321    -0.981928     0.388438     0.218307
     0.94172     0.971936     0.284717   0.00329781      1.88759  0.000439065    -0.894273    -0.981823      0.38837     0.218358
     0.94172     0.971741     0.284621    0.0033016      1.88662  0.000370294     -0.89344    -0.980042     0.387633       0.2188
     0.94172     0.971915     0.284707   0.00329852      1.88746  0.000427403    -0.894182    -0.981625     0.388245     0.218438
     0.94172     0.971872     0.284685   0.00329984      1.88722  0.000405195    -0.893997    -0.981226      0.38799     0.218582
     0.94172     0.971777     0.284638   0.00330201      1.88671  0.000366608    -0.893591    -0.980356     0.387541      0.21882
     0.94172      0.97165     0.284575   0.00330809      1.88563   0.00026384    -0.893054    -0.979202     0.385851     0.219243
     0.94172     0.971574     0.284537   0.00330974      1.88535  0.000237346    -0.892723    -0.978485     0.385819     0.219539
     0.94172     0.971858     0.284679    0.0033006      1.88709  0.000392509    -0.893939    -0.981101     0.387784     0.218637
     0.94172     0.971908     0.284703   0.00329896      1.88739  0.000420157     -0.89415    -0.981557     0.388124     0.218469
     0.94172     0.971074      0.28429   0.00332518      1.88247 -2.26886e-05    -0.890586    -0.973874     0.382839     0.221202
     0.94172       0.9717       0.2846   0.00330553      1.88617  0.000309278    -0.893263    -0.979644     0.386807     0.219158
     0.94172      0.97133     0.284417    0.0033175      1.88392  0.000106948    -0.891681    -0.976235     0.384297     0.220362
     0.94172     0.970213     0.283852   0.00338796      1.87284  -0.00105482    -0.886818     -0.96551     0.365553     0.225751
     0.94172     0.966486      0.28201   0.00350285      1.85226  -0.00297103    -0.870836    -0.930913     0.345816     0.238802
     0.94172     0.970073     0.283794    0.0033623      1.87585 -0.000645088    -0.886302    -0.964612     0.374625     0.224723
     0.94172     0.971121     0.284315    0.0033218      1.88298  3.25901e-05    -0.890792    -0.974325     0.383739     0.220956
     0.94172     0.971536      0.28452   0.00330919      1.88536  0.000245398    -0.892564    -0.978142     0.386178     0.219604
     0.94172     0.971818     0.284658   0.00330153      1.88689  0.000376485    -0.893763    -0.980722     0.387638     0.218756
     0.94172     0.967153     0.282356   0.00343603      1.86121  -0.00189718    -0.873865    -0.937906     0.362901     0.233647
     0.94172     0.970187     0.283858   0.00333291      1.87919 -0.000185703    -0.886843    -0.965921     0.382303     0.222676
     0.94172     0.970423     0.283972   0.00333128      1.88002 -0.000149013    -0.887834    -0.968021     0.382322     0.222314
     0.94172     0.969341     0.283436   0.00337083      1.87332 -0.000802066    -0.883203    -0.958003     0.374658     0.226424
     0.94172     0.974599     0.286038   0.00317808      1.90265   0.00229737    -0.905902     -1.00754      0.40375     0.202799
     0.94172     0.974862     0.286169   0.00316692       1.9042    0.0024738    -0.907046     -1.01005     0.405415     0.201422
     0.94172     0.975066     0.286269   0.00316042      1.90527   0.00257982    -0.907926     -1.01197     0.406367     0.200583
     0.94172     0.973706       0.2856   0.00318759      1.89911   0.00210359    -0.902094    -0.999353     0.402581     0.204466
     0.94172     0.973954     0.285722   0.00318337      1.90014   0.00217879    -0.903156     -1.00165      0.40303     0.203788
     0.94172     0.973759     0.285623   0.00320407      1.89835   0.00187306    -0.902277    -0.999628     0.400084     0.206214
     0.94172     0.973386     0.285438   0.00322292        1.896   0.00158024    -0.900648    -0.996026     0.397298     0.208501
     0.94172     0.972074     0.284786   0.00328791      1.88847   0.00058519     -0.89489    -0.983232     0.389434     0.217036
     0.94172     0.971966     0.284732   0.00329616      1.88776  0.000464065    -0.894402    -0.982112     0.388571     0.218144
     0.94172     0.972009     0.284754   0.00329261      1.88806  0.000516026    -0.894599    -0.982566     0.388946     0.217669
     0.94172     0.948055     0.272888   0.00411972      1.74365   -0.0132675    -0.791843    -0.760023     0.233515     0.302044
     0.94172     0.957882     0.277758   0.00377013      1.80319  -0.00746224    -0.834071     -0.85164     0.296886     0.266939
     0.94172     0.954676     0.276145   0.00393072      1.77813   -0.0101138    -0.819761    -0.819297     0.261989     0.282256
     0.94172     0.971037      0.28424   0.00341038      1.87086  -0.00141487    -0.890152     -0.97222      0.35288     0.225285
     0.94172     0.969183     0.283307   0.00350104      1.85631  -0.00291595    -0.881903    -0.953619     0.332046     0.234236
     0.94172     0.962579     0.280038   0.00370908      1.81932  -0.00639326     -0.85338    -0.891398     0.296501     0.257725
     0.94172     0.966358     0.281931   0.00354496      1.84671  -0.00365565    -0.870054     -0.92864     0.332698     0.241611
     0.94172      0.95064     0.273643   0.00343176      1.64944  -0.00722628    -0.789907     -0.72538  -0.00561272     0.199277
     0.94172     0.940841     0.268808   0.00395306      1.59848   -0.0152359    -0.748048    -0.635695   -0.0400663     0.256053
     0.94172     0.940053     0.268447    0.0040858      1.59987   -0.0169044    -0.745442    -0.631838   -0.0310782     0.271235
     0.94172     0.942594     0.269728   0.00404101      1.61853   -0.0158521    -0.756982    -0.658137   -0.0101554     0.267588
     0.94172     0.952141      0.27429   0.00280767      1.63902  0.000724373    -0.793739    -0.727479    -0.042012      0.13002
     0.94172     0.946497     0.271456   0.00288772      1.60033  -0.00125086    -0.768245    -0.669816   -0.0805472     0.139491
     0.94172     0.944978     0.270737   0.00321019      1.59834  -0.00556159    -0.762643    -0.659923   -0.0724486     0.174038
     0.94172     0.950717     0.273612   0.00306794      1.63621  -0.00277912    -0.788339    -0.717578   -0.0359689     0.158427
     0.94172      0.93515     0.265737   0.00292186      1.51781  -0.00367838    -0.716556    -0.552183    -0.166147     0.144623
     0.94172     0.930069      0.26324   0.00343876      1.49218   -0.0111887    -0.695265    -0.507656    -0.180874     0.197201
     0.94172     0.937351     0.266901   0.00331697      1.54429  -0.00828715    -0.728122    -0.581735    -0.127997     0.185165
     0.94172     0.940055     0.268216   0.00296585      1.55503  -0.00337068    -0.739092    -0.603841    -0.126258     0.148481
     0.94172     0.951361     0.273857   0.00247576      1.62615   0.00482966     -0.78901    -0.714008   -0.0650419    0.0947961
     0.94172     0.946279     0.271312   0.00260869      1.59259   0.00227529    -0.766298    -0.663275   -0.0959299     0.110236
     0.94172      0.95265     0.274519   0.00258769      1.63752   0.00360714    -0.795269    -0.729171   -0.0501412     0.106361
     0.94172     0.938761     0.268597   0.00315356      1.75155 -0.000470382    -0.759356    -0.707698     0.329716     0.194038
     0.94172     0.934278     0.266427   0.00312621        1.733 -0.000499491    -0.741507    -0.672333     0.321028     0.189853
     0.94172      0.94527     0.271789   0.00276883       1.7854    0.0050831    -0.786396    -0.764276      0.35961      0.14611
     0.94172     0.943488     0.270896   0.00310129      1.77275  0.000622691    -0.778473    -0.746342     0.342912     0.188419
     0.94172     0.956492     0.277231   0.00297317      1.83155   0.00345824    -0.831537    -0.854762     0.380458     0.174654
     0.94172     0.953001     0.275514   0.00314078      1.81336  0.000951203    -0.816822    -0.823478     0.364276      0.19604
     0.94172     0.948509     0.273332   0.00312311      1.79406   0.00078064     -0.79867    -0.786866     0.353912     0.192437
     0.94172     0.952645     0.275365   0.00290713       1.8156   0.00396448    -0.816031      -0.8236     0.373036     0.165024
     0.94172     0.949102     0.273562   0.00354577      1.78529  -0.00480804    -0.799666    -0.785146     0.326985     0.244671
     0.94172     0.945957     0.272035   0.00356014      1.77163  -0.00526215    -0.786962    -0.759522     0.319501     0.245212
     0.94172     0.946622     0.272387   0.00336762      1.78055   -0.0026081    -0.790322    -0.768089     0.336031     0.222614
     0.94172     0.950896     0.274467   0.00333567      1.79976  -0.00181324    -0.807674    -0.803315     0.347956     0.220165
     0.94172     0.940126     0.269173    0.0037705      1.74005  -0.00859458    -0.762818    -0.709245     0.290269     0.267298
     0.94172     0.935986     0.267167   0.00379341      1.72296   -0.0092099     -0.74626    -0.676253     0.282648     0.268805
     0.94172     0.937558     0.267975   0.00349282      1.73892  -0.00503508    -0.753588    -0.693636     0.308575     0.234837
     0.94172     0.941825     0.270055   0.00340306      1.75929   -0.0034844    -0.770938    -0.728964     0.323395     0.225475
     0.94172     0.941508     0.269865   0.00363069      1.75061   -0.0065845    -0.768857     -0.72265     0.304726     0.251757
     0.94172     0.973853     0.285738   0.00260956       1.9098   0.00973303    -0.904671     -1.00989     0.429509     0.121805
     0.94172       0.9739     0.285753   0.00270392      1.90914   0.00851545    -0.904593     -1.00901     0.427325     0.135794
     0.94172     0.971676     0.284665   0.00270487      1.90004   0.00831009    -0.895205    -0.989073     0.423572     0.136689
     0.94172     0.971669     0.284671   0.00259136      1.90092   0.00977465      -0.8955    -0.990533     0.425956     0.119883
     0.94172     0.972659      0.28513   0.00287139      1.90265   0.00624088    -0.898767    -0.995134     0.421556     0.161339
     0.94172     0.971629     0.284624   0.00289496      1.89832   0.00584966    -0.894339    -0.985532     0.419524     0.165212
     0.94172     0.971601     0.284619   0.00280768      1.89889   0.00697503    -0.894549    -0.986809     0.421237     0.152059
     0.94172     0.973269     0.285435   0.00280216      1.90569   0.00718865    -0.901594     -1.00179     0.424007     0.150705
     0.94172     0.949393     0.273822   0.00221077      1.80793    0.0125827    -0.803909    -0.801914     0.381664      0.07187
     0.94172     0.936861     0.267735   0.00218717      1.75446    0.0117191    -0.753227    -0.699479     0.352962    0.0724503
     0.94172     0.937599     0.268099   0.00194851      1.75862    0.0147882    -0.756335    -0.706097     0.357313    0.0418252
     0.94172     0.946776     0.272556   0.00196695      1.79776    0.0154203    -0.793438    -0.781071     0.378351    0.0404052
     0.94172     0.953528     0.274934   0.00232515      1.63886   0.00713166     -0.79846    -0.734575   -0.0555042     0.078227
     0.94172       0.9523     0.274327   0.00245211      1.63223   0.00528506    -0.793197    -0.723343   -0.0595748    0.0919754
     0.94172     0.956827     0.276597   0.00237919      1.66237   0.00695301    -0.813564    -0.769182   -0.0309912    0.0826938
     0.94172       0.9628      0.27958   0.00219452      1.69988    0.0102681    -0.840106    -0.828117  0.000948919    0.0603187
     0.94172     0.965023     0.280687   0.00210074      1.71325    0.0118192    -0.849894     -0.84961    0.0111949    0.0490634
     0.94172     0.960653     0.278497   0.00213157      1.68448    0.0107537    -0.830228    -0.805353    -0.015441    0.0544899
     0.94172     0.967777     0.282066   0.00205707      1.73099    0.0128035    -0.862222    -0.877188     0.026923    0.0429644
     0.94172     0.965025     0.280675   0.00191179      1.71111    0.0142847    -0.849494    -0.847678    0.0053213    0.0285486
     0.94172      0.95953     0.277923   0.00198089      1.67521    0.0125497    -0.824847    -0.792453   -0.0270441    0.0388697
     0.94172     0.960815     0.278575   0.00209997      1.68515      0.01119    -0.830885    -0.806661   -0.0154493    0.0510281
     0.94172     0.965462     0.280906   0.00208061      1.71588    0.0121467    -0.851824    -0.853844    0.0131854    0.0466584
     0.94172     0.925494     0.261024   0.00399709      1.47516   -0.0189829     -0.67705     -0.47167    -0.182506     0.253971
     0.94172     0.922231      0.25945   0.00433238      1.46395   -0.0236312    -0.664249    -0.446775    -0.182257     0.288179
     0.94172     0.921901     0.259351   0.00458873       1.4742   -0.0266745    -0.664621    -0.451441    -0.159752     0.315728
     0.94172     0.929924     0.263331   0.00422616      1.52251   -0.0207221    -0.699168    -0.525974    -0.118575      0.28101
     0.94172     0.934094     0.265343   0.00380058      1.53622   -0.0148459    -0.715634     -0.55823    -0.120509     0.236007
     0.94172     0.926082     0.261612   0.00486224      1.53531   -0.0284294    -0.687624    -0.512035   -0.0648658     0.352962
     0.94172     0.927501     0.262273   0.00471929       1.5357   -0.0266325    -0.692582    -0.520203   -0.0742473      0.33692
     0.94172     0.927757     0.262364   0.00463231      1.53029   -0.0256918    -0.692741    -0.518465   -0.0872781     0.326334
     0.94172     0.919763     0.258405   0.00498624      1.48287   -0.0314768    -0.658532     -0.44507    -0.127659     0.359577
     0.94172     0.917428     0.257307   0.00519626       1.4799   -0.0341712    -0.650174    -0.430731    -0.117441     0.382136
     0.94172     0.906064     0.251627   0.00564054      1.40069   -0.0420835    -0.600414    -0.321588    -0.197692     0.417582
     0.94172     0.908603     0.252934   0.00558675      1.42562   -0.0406217    -0.612564    -0.350415    -0.165713      0.41606
     0.94172     0.910945      0.25404   0.00539549      1.42999   -0.0381385    -0.621047    -0.365246    -0.172908     0.396167
     0.94172     0.913529     0.255205   0.00500318      1.42419   -0.0333712    -0.628859    -0.374976    -0.201484     0.354226
     0.94172     0.914191     0.255471   0.00476611      1.41667   -0.0305286    -0.629989    -0.373731    -0.220455     0.329064
     0.94172     0.909204     0.253053    0.0051998      1.39609   -0.0366937    -0.610172    -0.334583    -0.227213     0.371246
     0.94172     0.917476     0.256996   0.00419989       1.4174   -0.0231586    -0.641128    -0.391318    -0.240644     0.271973
     0.94172     0.908674     0.252751   0.00512424      1.38556   -0.0360469    -0.606816    -0.325075    -0.243912     0.362255
     0.94172     0.914644     0.255654   0.00459549      1.41161    -0.028465    -0.630757    -0.372866    -0.233175      0.31123
     0.94172     0.904193     0.250695   0.00572213      1.38809   -0.0434864    -0.592323    -0.304075    -0.209841     0.424158
     0.94172     0.907593     0.252509   0.00572509      1.43312   -0.0420517    -0.610339    -0.350211    -0.143932     0.432237
     0.94172     0.907793     0.252548   0.00564287      1.42328   -0.0413786    -0.609521    -0.344818    -0.164829     0.421712
     0.94172     0.900784     0.249402   0.00612385      1.43864   -0.0463601    -0.588676    -0.320187   -0.0859581     0.478487
     0.94172     0.905034     0.251422   0.00592317      1.44999   -0.0437159    -0.604364    -0.348348   -0.0922655     0.458134
     0.94172     0.906867     0.252263   0.00583195      1.44942    -0.042732     -0.61034    -0.357047    -0.106118     0.447458
     0.94172     0.927337     0.262367   0.00496081      1.56821   -0.0286439    -0.696564    -0.539279  -0.00421232     0.369819
     0.94172     0.926733     0.262035   0.00495862      1.55831   -0.0289221    -0.693118    -0.529927   -0.0209295     0.367685
     0.94172     0.918701     0.258072   0.00529255      1.51276   -0.0343123    -0.659246    -0.458244   -0.0588072      0.39849
     0.94172     0.917003     0.257283   0.00539243      1.51199   -0.0355026    -0.653391    -0.448812   -0.0482831     0.410002
     0.94172     0.905153     0.252274   0.00402728      1.59541    -0.014531    -0.625045    -0.439554     0.223868     0.287603
     0.94172     0.906453     0.252853   0.00431183      1.59187    -0.018245     -0.62897    -0.444108     0.205866     0.317765
     0.94172     0.906559      0.25284   0.00463721       1.5805   -0.0226793    -0.627871    -0.437994     0.179057     0.351339
     0.94172     0.906975     0.252979   0.00488894      1.57065   -0.0261947    -0.627978    -0.434247     0.153645     0.376436
     0.94172     0.907684     0.253264   0.00507187       1.5631   -0.0288091    -0.629344    -0.433273     0.131352     0.394152
     0.94172     0.906182     0.252503   0.00521571      1.55025   -0.0309637    -0.622591    -0.417905     0.113891     0.407528
     0.94172     0.902014      0.25046   0.00541189      1.52704   -0.0339425    -0.605593    -0.383111    0.0933633     0.425373
     0.94172     0.949696     0.273781   0.00385944      1.77151  -0.00919502    -0.800645     -0.78336     0.288049     0.277912
     0.94172     0.945733     0.271825    0.0039987       1.7484   -0.0114764     -0.78391    -0.747746     0.264543     0.291591
     0.94172     0.943463      0.27074   0.00397069      1.74264   -0.0111914    -0.775092     -0.73087     0.269265     0.288893
     0.94172     0.944074     0.271067   0.00384171       1.7519  -0.00931265    -0.778216    -0.738872      0.28669     0.275739
     0.94172     0.948119     0.273039   0.00378119      1.77061  -0.00816649     -0.79472    -0.772592     0.298952     0.270141
     0.94172     0.927843     0.263158   0.00418167      1.67549   -0.0151479    -0.712323    -0.604986     0.234554     0.308515
     0.94172     0.926283     0.262355   0.00439044      1.65964   -0.0181943    -0.705027    -0.587697     0.209644     0.329624
     0.94172     0.917955     0.258311   0.00457923      1.62194   -0.0213028    -0.671719    -0.521211     0.186993     0.347427
     0.94172     0.917952     0.258367   0.00433706      1.63294    -0.017904    -0.673083    -0.527472     0.212384     0.322772
     0.94172      0.92818     0.263207   0.00456915      1.65446   -0.0207345    -0.710946    -0.595237     0.182685     0.347296
     0.94172      0.92649     0.262349   0.00470304      1.63976   -0.0228155    -0.703234    -0.577444     0.161894     0.359913
     0.94172     0.917745     0.258123   0.00486707      1.60456   -0.0255045    -0.668771    -0.509982     0.148862     0.375339
     0.94172     0.935113     0.266878   0.00247251      1.74504   0.00795468    -0.745976    -0.684293     0.343923     0.108801
     0.94172     0.947459     0.272872   0.00245748      1.79795   0.00926743    -0.795784    -0.784678     0.372744     0.105064
     0.94172     0.946454     0.272376   0.00259651      1.79238    0.0074001      -0.7915    -0.775432     0.367184     0.123522
     0.94172     0.934311     0.266475    0.0027224      1.73907   0.00470251    -0.742427     -0.67629     0.335734     0.140094
     0.94172     0.909776     0.254542   0.00366197      1.62224  -0.00941614    -0.643947    -0.478502     0.250706     0.248695
     0.94172     0.905532     0.252524   0.00345698      1.60972  -0.00707366    -0.628078    -0.449628     0.254256     0.225527
     0.94172     0.916408     0.257782    0.0032058      1.65765  -0.00300691    -0.670766    -0.532993     0.282552      0.19794
     0.94172     0.917849     0.258455   0.00344598      1.65909  -0.00599519    -0.675897     -0.54155     0.274552     0.225678
     0.94172     0.897614     0.248777   0.00267349      1.58913   0.00222785    -0.598956    -0.397959     0.267349     0.138143
     0.94172     0.911795       0.2556   0.00256831      1.64696   0.00470388      -0.6537    -0.502573     0.293647     0.124181
     0.94172     0.913064     0.256192   0.00290745      1.64841  0.000528435    -0.658221    -0.510121     0.286967     0.163514
     0.94172     0.900163     0.249973   0.00310785      1.59409  -0.00303013    -0.608096    -0.413507     0.259173     0.186544
     0.94172     0.900303     0.250005   0.00353875      1.58776  -0.00850511    -0.607832    -0.410768     0.243259     0.234089
     0.94172     0.902573     0.251065   0.00379474      1.59118   -0.0116581    -0.615839    -0.424024     0.233842     0.262056
     0.94172     0.934179     0.265726    0.0046749      1.60314   -0.0241774    -0.725093    -0.598944    0.0203642     0.341428
     0.94172      0.93449     0.265943   0.00471453      1.61721   -0.0242351    -0.728056    -0.609045    0.0488266     0.348936
     0.94172     0.941271     0.269296   0.00447354      1.65602   -0.0202331    -0.757041    -0.671378    0.0831019      0.32555
     0.94172     0.928793     0.262922   0.00468831      1.54521   -0.0259835     -0.69838    -0.533252   -0.0637496     0.334599
     0.94172      0.92754     0.262331   0.00479786      1.54338   -0.0274028     -0.69379    -0.525115   -0.0585229     0.346736
     0.94172      0.93112      0.26409   0.00462579      1.56177   -0.0247472    -0.708782    -0.556592   -0.0458711     0.329419
     0.94172     0.902842     0.250859   0.00539511      1.53026   -0.0336819    -0.608778    -0.389156    0.0943497     0.423862
     0.94172     0.906584     0.252692   0.00522096      1.55101    -0.031034    -0.624035    -0.420388      0.11257     0.408026
     0.94172     0.908316     0.253507   0.00523977      1.55427    -0.031289    -0.630271    -0.431118     0.106927     0.409754
     0.94172     0.905041     0.251834   0.00553432      1.52404    -0.035865    -0.615162    -0.395954    0.0645911     0.435815
     0.94172     0.904944     0.251756   0.00560057      1.51772   -0.0369349    -0.613966    -0.391567    0.0515336     0.441272
     0.94172     0.901637     0.250234   0.00554189      1.51726   -0.0359165    -0.602998    -0.375214    0.0747219     0.436899
     0.94172     0.907817     0.253207   0.00539295      1.54133   -0.0336604    -0.626824    -0.420618    0.0820178     0.423298
     0.94172     0.905826      0.25222   0.00549915      1.52849   -0.0353185      -0.6184    -0.402654    0.0685514     0.432693
     0.94172     0.902574     0.250689   0.00550672      1.52178   -0.0353833    -0.606721    -0.382601    0.0777397     0.433748
     0.94172     0.925039     0.261513   0.00497105      1.60823   -0.0272093    -0.694124     -0.55098     0.101222     0.382701
     0.94172     0.925172     0.261533   0.00501402      1.60048   -0.0280407    -0.693524    -0.546978    0.0828282     0.385383
     0.94172     0.915793     0.256968   0.00532555      1.55713   -0.0328728     -0.65572    -0.470876    0.0575414     0.414841
     0.94172     0.915784     0.256996   0.00528049      1.56295   -0.0320823    -0.656517    -0.474513    0.0704186     0.411435
     0.94172     0.942317     0.270161   0.00407009      1.73298   -0.0126868    -0.769966    -0.719233     0.255289     0.298966
     0.94172     0.944135     0.271022   0.00410346        1.736   -0.0131067     -0.77683    -0.731857     0.247683     0.301934
     0.94172     0.938352      0.26815   0.00435679      1.69887   -0.0171872    -0.751974    -0.677904     0.205882       0.3265
     0.94172     0.936654     0.267346   0.00433917      1.69587    -0.016967    -0.745612     -0.66632     0.212529     0.325112
     0.94172     0.928548     0.263353   0.00464329      1.64976   -0.0218528    -0.711617     -0.59455      0.16888     0.354243
     0.94172      0.92926     0.263724   0.00456605      1.65771   -0.0206537    -0.715089    -0.603056     0.181723     0.347002
     0.94172     0.930954     0.264528   0.00457333      1.66151    -0.020723    -0.721455    -0.614704     0.177196     0.347518
     0.94172     0.940146     0.268932   0.00446013      1.68831   -0.0189459    -0.757044    -0.682652      0.16637     0.333887
     0.94172     0.939804     0.268674   0.00453644      1.66858    -0.020549    -0.753365    -0.669512     0.123269     0.337631
     0.94172     0.933293     0.265464    0.0047647      1.63246   -0.0242886    -0.725839     -0.61097    0.0920327     0.359647
     0.94172     0.931833       0.2648   0.00477975      1.63523   -0.0242952    -0.721116    -0.604341     0.109821     0.363227
     0.94172      0.95065     0.274027   0.00417488      1.72792   -0.0145821    -0.799533    -0.768454     0.173925     0.300941
     0.94172     0.946582     0.272093   0.00425996      1.72116   -0.0156837    -0.783988    -0.739357     0.191544     0.313483
     0.94172     0.951725     0.274601   0.00412384      1.74295   -0.0135155    -0.805162    -0.783047     0.201032     0.298044
     0.94172     0.924987     0.261379    0.0050668      1.58763   -0.0291575    -0.691135    -0.538148    0.0556246     0.388063
     0.94172     0.926378     0.262104   0.00498712        1.603   -0.0276939    -0.697989    -0.554995    0.0792298     0.382198
     0.94172     0.927993     0.262855   0.00495572      1.60348   -0.0273859    -0.703615     -0.56414    0.0678995     0.377639
     0.94172     0.929236     0.263381   0.00491829      1.59365   -0.0273331    -0.706585    -0.565143    0.0367779     0.370001
     0.94172     0.928804     0.263122   0.00491874      1.58248   -0.0276994    -0.703579    -0.556047    0.0157325     0.367595
     0.94172     0.926183     0.261884   0.00503686      1.57833   -0.0291887     -0.69397    -0.539023    0.0262307     0.381497
     0.94172     0.984011      0.29017   0.00175745      1.83111    0.0190419    -0.934312     -1.03684     0.106742  8.85575e-05
     0.94172     0.984189      0.29026   0.00177294      1.83234    0.0188642    -0.935138     -1.03877     0.108063   0.00176475
     0.94172     0.985233     0.290783   0.00177543      1.83902    0.0189811    -0.939865     -1.04949     0.114136    0.0013677
     0.94172     0.985407      0.29087   0.00175793      1.84003    0.0192358     -0.94063     -1.05116     0.114801 -0.000786414
     0.94172      0.98377     0.290052   0.00180238      1.82996    0.0184202    -0.933318     -1.03486     0.106683   0.00543558
     0.94172     0.984562      0.29045   0.00181207      1.83513     0.018408    -0.936929     -1.04311     0.111616    0.0060482
     0.94172     0.985015     0.290675   0.00179268      1.83778    0.0187247    -0.938918     -1.04744     0.113386   0.00351518
     0.94172     0.984062     0.290197   0.00179062      1.83168    0.0186149    -0.934601     -1.03766     0.107863   0.00389231
     0.94172     0.982356     0.289344   0.00180069      1.82103    0.0182417    -0.926961     -1.02056    0.0989398   0.00612932
     0.94172     0.982685     0.289507   0.00178758      1.82296    0.0184593    -0.928402     -1.02371     0.100262   0.00441715
     0.94172     0.982425     0.289376   0.00176782      1.82118    0.0186812    -0.927202     -1.02092    0.0983677   0.00230882
     0.94172     0.983702     0.290036   0.00192539      1.83215    0.0168383    -0.933669     -1.03746     0.115462     0.019584
     0.94172     0.982259      0.28932   0.00196995      1.82393    0.0160624    -0.927386     -1.02389     0.110482    0.0255082
     0.94172     0.983842     0.290113   0.00195841      1.83405    0.0164436    -0.934552     -1.04015     0.119826    0.0232861
     0.94172     0.981357     0.288882    0.0020531      1.82038    0.0148812    -0.923825     -1.01723     0.112689    0.0355156
     0.94172     0.980434     0.288414   0.00203157      1.81363    0.0150137    -0.919457      -1.0068     0.104384    0.0335544
     0.94172     0.979443     0.287931    0.0021142      1.80931     0.013822    -0.915425    -0.998864     0.105078    0.0434474
     0.94172     0.976461     0.286414   0.00198977      1.78669     0.014959    -0.901206    -0.964698    0.0764687    0.0309703
     0.94172     0.973878     0.285127   0.00206038      1.77122    0.0136723    -0.889822    -0.939698    0.0649943    0.0402438
     0.94172      0.97646     0.286428   0.00209258      1.78892    0.0136465    -0.901685    -0.967064     0.083499    0.0425366
     0.94172     0.978558      0.28747   0.00201988      1.80098    0.0148828    -0.910843    -0.986936    0.0913343    0.0332307
     0.94172      0.98065     0.288498   0.00187815      1.81144    0.0169983    -0.919593     -1.00483    0.0936972    0.0159993
     0.94172     0.978855     0.287605   0.00192641      1.80089    0.0161202    -0.911728    -0.987707    0.0865567    0.0225039
     0.94172     0.980336     0.288352   0.00195443      1.81101    0.0159769    -0.918552      -1.0035    0.0971947    0.0248383
     0.94172     0.981775     0.289066   0.00190555      1.81917    0.0168091    -0.924794     -1.01692     0.101976    0.0184567
     0.94172     0.981977     0.289158   0.00184188      1.81921    0.0176544      -0.9254     -1.01745    0.0988421    0.0110772
     0.94172     0.982815     0.289581   0.00186734      1.82499     0.017447     -0.92929     -1.02653     0.105137    0.0134773
     0.94172      0.98374     0.290041   0.00183837      1.83034    0.0179514    -0.933325     -1.03527     0.108501   0.00959347
     0.94172     0.982906     0.289621   0.00182453       1.8248    0.0180105    -0.929505     -1.02649     0.102985   0.00852238
     0.94172     0.978819     0.287574   0.00179024      1.79876    0.0178792    -0.911121    -0.985141    0.0801286   0.00712801
     0.94172     0.976108      0.28622   0.00181353      1.78187    0.0171894     -0.89905    -0.958327    0.0663591    0.0113926
     0.94172     0.977166     0.286755   0.00188124      1.78936    0.0164594    -0.903965    -0.969799    0.0746179    0.0183769
     0.94172     0.979516     0.287927   0.00184161       1.8037    0.0173086    -0.914366    -0.992741    0.0856141    0.0125234
     0.94172     0.968996     0.282663   0.00187327      1.73677    0.0153778    -0.867286    -0.887502    0.0280386    0.0221585
     0.94172     0.971001     0.283677   0.00199074      1.75121    0.0141432     -0.87658    -0.909122    0.0438839    0.0339995
     0.94172     0.974197     0.285273   0.00193214       1.7711    0.0153714    -0.890794    -0.940668    0.0601779    0.0257596
     0.94172     0.972742     0.284537   0.00184004      1.76067    0.0163594    -0.884036    -0.924904    0.0486528     0.016345
     0.94172     0.964278     0.281011   0.00311365      1.86403   0.00234448     -0.86299    -0.918079     0.395872      0.19638
     0.94172     0.961821     0.279806   0.00317196      1.85189   0.00134761    -0.852697    -0.896388      0.38616     0.203399
     0.94172     0.956969     0.277444   0.00315464      1.83059   0.00112909    -0.832922    -0.856099     0.373893      0.19921
     0.94172     0.951697     0.274759   0.00381982      1.78105  -0.00849523    -0.808907    -0.800485     0.294737     0.273902
     0.94172     0.957954     0.277836   0.00365121      1.81459  -0.00562905    -0.835122    -0.855758     0.324927     0.257095
     0.94172     0.957692     0.277702     0.003677      1.81166   -0.0060295    -0.833945    -0.853064     0.319802     0.259386
     0.94172     0.949704     0.273764   0.00392119      1.76675   -0.0101195    -0.800248    -0.781447     0.276237     0.283662
     0.94172     0.948191     0.273028   0.00394508      1.76022   -0.0105513    -0.794064     -0.76879     0.272932     0.286174
     0.94172     0.960313     0.278986   0.00362618      1.82402  -0.00512638    -0.844885    -0.876012     0.328264     0.253772
     0.94172     0.957987     0.277832   0.00371385      1.80927   -0.0065757     -0.83493    -0.854503     0.311281     0.262321
     0.94172     0.951884     0.274829   0.00388152      1.77659   -0.0094165    -0.809237    -0.800037     0.282085     0.279444
     0.94172     0.958817     0.278252   0.00365711      1.81682  -0.00567066    -0.838624    -0.862838     0.323072     0.257173
     0.94172      0.96581     0.281705   0.00343495      1.85747  -0.00194708    -0.868279    -0.926248     0.365248     0.234799
     0.94172     0.968992     0.283277    0.0033283      1.87586 -0.000185463    -0.881835    -0.955389     0.384411     0.223293
     0.94172     0.969209     0.283382   0.00333247      1.87626 -0.000233274    -0.882733    -0.957249       0.3835     0.223525
     0.94172     0.966747     0.282166   0.00341024      1.86242  -0.00152572    -0.872248    -0.934723     0.369663     0.232079
     0.94172     0.972676     0.285097   0.00319489      1.89544   0.00193792    -0.897708     -0.98995     0.402361     0.206196
     0.94172      0.97109     0.284312   0.00326344       1.8867  0.000873576    -0.890822    -0.974823     0.393799     0.215121
     0.94172      0.97077     0.284157   0.00326043      1.88586  0.000897377    -0.889482    -0.972003      0.39452     0.215076
     0.94172     0.971998     0.284765   0.00320849      1.89265   0.00170704    -0.894801    -0.983658     0.401188     0.208389
     0.94172     0.974112     0.285809   0.00312591      1.90302   0.00298193    -0.904004     -1.00393     0.409234     0.196591
     0.94172     0.973465     0.285491    0.0031408      1.90026   0.00273451    -0.901218    -0.997865     0.407872     0.198925
     0.94172     0.973924     0.285718   0.00311659      1.90273   0.00309682    -0.903234     -1.00235      0.41019     0.195555
     0.94172     0.971717     0.284632   0.00318455      1.89285   0.00202309    -0.893677    -0.981438     0.404325     0.205852
     0.94172     0.972203     0.284869   0.00318222      1.89445   0.00208377    -0.895748    -0.985879     0.404088     0.205061
     0.94172     0.971718     0.284629   0.00320466      1.89191   0.00174295    -0.893627    -0.981189     0.401829     0.208175
     0.94172     0.973628     0.285574   0.00311371      1.90187   0.00311738    -0.901985    -0.999707     0.410643     0.195453
     0.94172      0.97298     0.285257   0.00311961      1.89957   0.00299611    -0.899213     -0.99373     0.410512     0.196806
     0.94172     0.973796     0.285666    0.0030443      1.90442   0.00406334    -0.902928     -1.00232     0.415874     0.186033
     0.94172     0.974303     0.285912   0.00305565      1.90581   0.00394457    -0.905047     -1.00676     0.414865     0.187116
     0.94172     0.964519     0.281071   0.00346019      1.85131   -0.0023977    -0.862842    -0.914731     0.360879      0.23773
     0.94172     0.964353     0.280992     0.003454      1.85125  -0.00231604    -0.862175    -0.913397      0.36216      0.23729
     0.94172     0.967869     0.282729   0.00333669      1.87146 -0.000380143    -0.877126    -0.945463     0.383062     0.224673
     0.94172     0.968051     0.282816    0.0033414      1.87177 -0.000436475    -0.877869    -0.946988     0.382242     0.225032
     0.94172     0.979168     0.288319   0.00282738      1.92762   0.00732531    -0.926648     -1.05536     0.427813     0.150849
     0.94172     0.979911     0.288696   0.00270155      1.93271   0.00904724    -0.930233     -1.06414     0.434514     0.132254
     0.94172     0.981155     0.289309   0.00267799      1.93785   0.00945869    -0.935655     -1.07608     0.436657     0.128054
     0.94172     0.980311      0.28888   0.00281253      1.93206    0.0076092    -0.931613     -1.06626     0.429011     0.147857
     0.94172     0.977969     0.287752   0.00262556      1.92622   0.00988112    -0.922127     -1.04717     0.435268     0.122265
     0.94172      0.97888     0.288193   0.00268607      1.92899   0.00916629    -0.925855     -1.05478     0.434184     0.130635
     0.94172     0.977443     0.287483   0.00274826      1.92257   0.00823367    -0.919517     -1.04062     0.430372     0.140589
     0.94172     0.976258     0.286905   0.00272172      1.91832   0.00848304    -0.914544     -1.03014     0.430026     0.137351
     0.94172     0.976774     0.287166   0.00262892      1.92139   0.00973429    -0.917025     -1.03619     0.433429     0.123353
     0.94172      0.97158     0.284643   0.00233182      1.90242    0.0131088    -0.895682    -0.992364     0.430825    0.0818409
     0.94172     0.975098     0.286363   0.00237422      1.91683    0.0128837     -0.91049     -1.02371     0.436859    0.0865565
     0.94172     0.975412      0.28651    0.0024852      1.91728    0.0114798    -0.911598      -1.0255     0.435101     0.102761
     0.94172      0.97414     0.285887   0.00248924      1.91201    0.0113143    -0.906193     -1.01393      0.43278     0.103914
     0.94172     0.952864       0.2754   0.00348461      1.80347  -0.00365587      -0.8151    -0.816882     0.340541     0.238934
     0.94172     0.954663     0.276302   0.00330749      1.81691  -0.00110493    -0.823029    -0.834631     0.358998     0.218125
     0.94172     0.958446     0.278134   0.00336939      1.83155  -0.00160377    -0.838197    -0.864868     0.363501     0.227366
     0.94172     0.955782     0.276824   0.00345003       1.8172  -0.00293423    -0.827066    -0.841467     0.350117     0.235979
     0.94172     0.964408     0.281056   0.00325372      1.86134  0.000494085     -0.86303     -0.91685     0.387734     0.215229
     0.94172     0.966223     0.281943   0.00324133      1.86956  0.000821779    -0.870553    -0.932495     0.392933     0.214152
     0.94172     0.964165     0.280927   0.00332036      1.85793 -0.000435247    -0.861803     -0.91372     0.381054     0.223338
     0.94172     0.963239     0.280476   0.00332095      1.85399 -0.000522577    -0.857992    -0.905869     0.379081     0.223178
     0.94172     0.968995      0.28331   0.00313916      1.88463    0.0024459    -0.882356    -0.957856     0.407477     0.201635
     0.94172     0.967879     0.282761   0.00317765      1.87873   0.00183006    -0.877615    -0.947694     0.402058     0.206438
     0.94172     0.966206     0.281944   0.00318152      1.87129   0.00162677    -0.870691    -0.933329     0.397608     0.206446
     0.94172     0.968019     0.282833   0.00314196      1.88028    0.0023199    -0.878304    -0.949419     0.404859     0.201748
     0.94172     0.970799      0.28419   0.00314159      1.89158   0.00255558    -0.889906    -0.973721     0.409386     0.201465
     0.94172     0.971238       0.2844    0.0031683      1.89197   0.00221703    -0.891689    -0.977322     0.406398     0.204327
     0.94172     0.969895     0.283735   0.00323177      1.88444   0.00124467    -0.885873    -0.964575     0.398755     0.212542
     0.94172     0.970053     0.283823   0.00316482      1.88798   0.00218353    -0.886706    -0.966792     0.406681     0.204683
     0.94172     0.969184     0.283401   0.00315162      1.88505    0.0022944    -0.883106    -0.959329     0.406868     0.203248
     0.94172     0.968458     0.283041   0.00319199      1.88069    0.0016854    -0.879972    -0.952478     0.401957     0.208304
     0.94172     0.968049     0.282843   0.00317892      1.87943   0.00182806    -0.878315    -0.949135     0.402341     0.206635
     0.94172      0.96907     0.283347   0.00314107      1.88489   0.00242687    -0.882663    -0.958482     0.407491     0.201889
     0.94172     0.964941     0.281305   0.00332013      1.86115 -0.000367334    -0.865005    -0.920336     0.382501     0.223425
     0.94172     0.964471     0.281076   0.00332077      1.85919 -0.000415126    -0.863064    -0.916319     0.381595     0.223441
     0.94172     0.966449     0.282053   0.00324266      1.87047  0.000823106    -0.871482    -0.934409     0.393274     0.214354
     0.94172      0.96673     0.282187   0.00326069      1.87095  0.000599878    -0.872589    -0.936552     0.392005     0.216567
     0.94172     0.964374     0.281009    0.0034277      1.85317  -0.00193075    -0.862335     -0.91393     0.366921     0.234887
     0.94172     0.964095     0.280876   0.00341307      1.85311  -0.00173879    -0.861221    -0.911732     0.369221      0.23358
     0.94172     0.967652     0.282627   0.00331779      1.87181 -0.000125488    -0.876266    -0.943793     0.385932     0.222841
     0.94172     0.974027     0.285795   0.00290673      1.90758    0.0058919    -0.904419     -1.00682     0.422091        0.166
     0.94172     0.975671     0.286606    0.0028454      1.91454   0.00682142    -0.911629     -1.02282     0.425395     0.155953
     0.94172     0.975788     0.286655   0.00291483      1.91391   0.00591866    -0.911878     -1.02272     0.422649     0.166015
     0.94172     0.974976     0.286253   0.00295479      1.91031   0.00533206    -0.908273     -1.01461     0.420591     0.172384
     0.94172     0.973932      0.28575   0.00289033      1.90741   0.00609825    -0.904078     -1.00625      0.42251     0.163608
     0.94172     0.973838     0.285706   0.00287184      1.90725   0.00633128     -0.90375     -1.00573     0.422938      0.16089
     0.94172     0.974866     0.286216   0.00280865      1.91191   0.00723675    -0.908338     -1.01611     0.425841     0.150956
     0.94172     0.975601     0.286573   0.00282351      1.91456   0.00710206    -0.911407     -1.02255      0.42609     0.152762
     0.94172     0.977523     0.287519     0.002776      1.92247   0.00787643    -0.919768     -1.04093     0.429373     0.144601
     0.94172     0.979106       0.2883   0.00272431      1.92927   0.00868252    -0.926709     -1.05633     0.432823     0.136067
     0.94172     0.978459      0.28797   0.00284379      1.92474   0.00705464     -0.92355     -1.04852     0.426733     0.153737
     0.94172      0.97736     0.287429   0.00287157      1.92029   0.00660552    -0.918746     -1.03789     0.425075      0.15858
     0.94172      0.97963     0.288564   0.00265266      1.93241    0.0096671    -0.929169     -1.06219     0.436339      0.12532
     0.94172     0.978625     0.288076   0.00259019      1.92922    0.0103975    -0.925025     -1.05366     0.437206       0.1167
     0.94172     0.978839     0.288191   0.00246653      1.93151    0.0120275    -0.926253     -1.05711     0.441395    0.0983654
     0.94172     0.981761     0.289623   0.00248383      1.94306    0.0120574    -0.938755     -1.08408     0.445076    0.0993212
     0.94172     0.981161     0.289318   0.00260787      1.93902    0.0103824    -0.935862       -1.077     0.439771     0.117865
     0.94172     0.959458     0.278602   0.00350065      1.83022  -0.00333453    -0.841846    -0.871035     0.351353     0.242751
     0.94172     0.958871      0.27832    0.0034858      1.82862  -0.00317182    -0.839504    -0.866397     0.352371     0.241057
     0.94172      0.96059     0.279169   0.00342206       1.8387  -0.00214125    -0.846767    -0.881868     0.363053      0.23436
     0.94172     0.961671     0.279696   0.00341507      1.84348  -0.00195476    -0.851224    -0.891077     0.365838     0.233794
     0.94172     0.962035     0.279873   0.00341438      1.84499   -0.0019156    -0.852722    -0.894165     0.366521     0.233763
     0.94172     0.962466     0.280083   0.00341461      1.84671  -0.00188477    -0.854497    -0.897822     0.367132     0.233808
     0.94172     0.961097     0.279406      0.00347      1.83837  -0.00277327    -0.848678    -0.885342     0.357802     0.239654
     0.94172     0.959901     0.278819   0.00349731      1.83216  -0.00325286    -0.843674    -0.874811     0.352417     0.242442
     0.94172     0.955094     0.276441   0.00368382      1.80239  -0.00628663    -0.823328    -0.831375     0.318896     0.260752
     0.94172     0.957531     0.277647   0.00358599      1.81779  -0.00469817    -0.833659    -0.853473      0.33659     0.251268
     0.94172     0.959244     0.278487   0.00355069      1.82641  -0.00406734    -0.840791    -0.868395     0.343571     0.247741
     0.94172     0.958976     0.278349   0.00358605      1.82305  -0.00460033     -0.83957    -0.865554     0.337401     0.251072
     0.94172     0.955599     0.276708   0.00359363      1.80991  -0.00494932    -0.825763    -0.837335     0.333365     0.251919
     0.94172     0.956825     0.277302   0.00359763      1.81441  -0.00491616    -0.830734    -0.847392      0.33416     0.252421
     0.94172     0.953956     0.275883   0.00370864      1.79666  -0.00672299    -0.818599      -0.8215     0.314293     0.263208
     0.94172      0.95244      0.27516   0.00366255      1.79375  -0.00616577    -0.812676    -0.810098     0.319862     0.258559
     0.94172     0.968736      0.28319   0.00309151      1.88444    0.0030525    -0.881462     -0.95647     0.409332     0.194917
     0.94172     0.969809     0.283713   0.00309981      1.88899   0.00304071     -0.88588    -0.965576     0.411605     0.196334
     0.94172     0.969406     0.283513   0.00312022      1.88686   0.00273495    -0.884129    -0.961725     0.409627     0.199134
     0.94172     0.968721     0.283179   0.00311713      1.88392   0.00271366    -0.881298    -0.955868     0.408089     0.198538
     0.94172      0.97022     0.283912   0.00311281      1.89036   0.00290197    -0.887555    -0.968973     0.411465     0.198058
     0.94172      0.96967     0.283641   0.00312863      1.88773   0.00264489    -0.885203    -0.963901     0.409525     0.200247
     0.94172     0.969484     0.283551   0.00312131      1.88716   0.00272734    -0.884449    -0.962383     0.409722     0.199287
     0.94172     0.969885      0.28375   0.00310117      1.88928   0.00302922    -0.886191    -0.966212     0.411682     0.196526
     0.94172     0.972835     0.285195   0.00305242      1.90104   0.00389179    -0.898808    -0.993423     0.415775     0.188035
     0.94172     0.972298     0.284926   0.00311151      1.89764   0.00306327    -0.896339    -0.987647     0.411694     0.196425
     0.94172     0.971801     0.284689   0.00306693      1.89723    0.0036295    -0.894371    -0.983817     0.415181     0.190932
     0.94172     0.972185     0.284878    0.0030546      1.89879   0.00381879    -0.896043    -0.987499     0.415778     0.188884
     0.94172     0.971602       0.2846   0.00299489      1.89746   0.00455604    -0.893816    -0.983371     0.417566     0.180439
     0.94172     0.971614     0.284609   0.00296537      1.89774   0.00493883     -0.89399    -0.984057     0.418184     0.175945
     0.94172      0.97233     0.284962   0.00293839      1.90077   0.00534599    -0.897114    -0.990954     0.419625     0.171585
     0.94172     0.972462     0.285025   0.00295138      1.90116   0.00518818    -0.897621    -0.991896     0.419457     0.173488
     0.94172     0.972004     0.284795   0.00301075      1.89883   0.00438161    -0.895448    -0.986663     0.417536     0.182643
     0.94172     0.971693     0.284644   0.00300056      1.89776   0.00448979    -0.894178    -0.984078     0.417534     0.181261
     0.94172     0.972567     0.285075   0.00296045      1.90147   0.00507853    -0.898026    -0.992662     0.419323     0.174804
     0.94172     0.972814     0.285192   0.00299355        1.902   0.00466602    -0.898939     -0.99427     0.418478     0.179592
     0.94172     0.930718     0.264655   0.00356347      1.70872  -0.00652688    -0.726178    -0.638831     0.290825     0.241369
     0.94172     0.928635     0.263603   0.00386388      1.69127   -0.0107129    -0.716904    -0.617824     0.265685     0.274718
     0.94172     0.918982     0.258922   0.00402257      1.64842   -0.0135393    -0.678481    -0.541578     0.240473     0.289841
     0.94172     0.925711     0.262235   0.00356326      1.68831  -0.00691701     -0.70641    -0.600057     0.281921     0.240261
     0.94172     0.898881     0.249409   0.00191618      1.59894     0.011718    -0.604328    -0.409605     0.281048    0.0518559
     0.94172     0.912916     0.256161   0.00192186       1.6556    0.0128745    -0.658544    -0.513262      0.30584    0.0475321
     0.94172     0.912509     0.255958   0.00221154       1.6526   0.00923377    -0.656802    -0.509457     0.301675    0.0819992
     0.94172     0.898314     0.249129   0.00225137      1.59516   0.00753229    -0.601996    -0.404734      0.27632    0.0902253
     0.94172     0.931586     0.263882   0.00207117      1.48077   0.00688243    -0.698648    -0.507964    -0.214907     0.061216
     0.94172     0.920487     0.258318   0.00274659      1.40369  -0.00408578    -0.649142    -0.397942     -0.28719     0.129742
     0.94172     0.917938     0.257109   0.00347982      1.39866   -0.0140815    -0.639815     -0.38145     -0.27959     0.200431
     0.94172     0.922277     0.259318   0.00357273      1.43517   -0.0144026    -0.660085    -0.428422    -0.238779     0.209826
     0.94172     0.926754     0.261494    0.0028586      1.45377  -0.00437545    -0.678091    -0.464388    -0.233503     0.139603
     0.94172      0.97977     0.288659   0.00228214      1.93692    0.0144987    -0.930585     -1.06736     0.447351     0.070648
     0.94172     0.980596     0.289069   0.00216976       1.9411    0.0160249    -0.934285     -1.07577     0.450955    0.0535605
     0.94172     0.983666     0.290575   0.00220934      1.95346    0.0157943    -0.947463     -1.10429     0.455385    0.0576635
     0.94172      0.98301     0.290248   0.00229888      1.95005    0.0145747    -0.944499     -1.09749     0.452291    0.0713116
     0.94172     0.902545     0.250275   0.00603846      1.44979   -0.0449804    -0.596126    -0.336005   -0.0752702     0.471434
     0.94172     0.908209     0.253047   0.00578285      1.47949   -0.0410358    -0.619233    -0.383155    -0.053586      0.44884
     0.94172     0.905957     0.251891   0.00588329      1.45801    -0.042969    -0.608598    -0.358071   -0.0822685     0.455432
     0.94172      0.90766      0.25293    0.0057135      1.50414   -0.0391386    -0.620995     -0.39623   0.00247799     0.448118
     0.94172      0.90882     0.253454   0.00570653      1.50227   -0.0392254    -0.624581    -0.400822   -0.0099009     0.446148
     0.94172     0.903614     0.250906    0.0059294      1.47477   -0.0426797    -0.603355    -0.357503   -0.0307318     0.465741
     0.94172     0.901666     0.249953   0.00601337      1.46458   -0.0439761    -0.595448    -0.341455   -0.0382506      0.47305
     0.94172     0.905208     0.251778   0.00576017      1.49986   -0.0396788    -0.612269    -0.381448    0.0111028     0.453434
     0.94172     0.906274      0.25226   0.00576114      1.49847   -0.0398432    -0.615584    -0.385756  0.000414585     0.452547
     0.94172     0.971561     0.284645   0.00202198      1.90385    0.0170766    -0.895979    -0.993973     0.434987    0.0366844
     0.94172     0.975719     0.286682   0.00202178      1.92141     0.017471    -0.913592     -1.03155     0.443588    0.0344265
     0.94172     0.976352      0.28699   0.00212209      1.92369    0.0162455    -0.916199     -1.03692     0.443757    0.0488299
     0.94172     0.971502     0.284612   0.00217865      1.90299    0.0150681    -0.895578    -0.992733     0.433146    0.0595143
     0.94172     0.969419     0.283018   0.00284547      1.76445   0.00315972    -0.873578    -0.912734    0.0992806     0.131216
     0.94172     0.973782     0.285095   0.00217883       1.7732    0.0121474    -0.889917    -0.941294    0.0722677    0.0535732
     0.94172      0.97693     0.286684   0.00221272      1.79528    0.0122002    -0.904505    -0.975289    0.0966948    0.0559292
     0.94172     0.973475     0.285009   0.00256163      1.78272   0.00730896    -0.890696    -0.948637     0.103932     0.097185
     0.94172     0.975916     0.286191    0.0023054      1.79124    0.0108834     -0.90042    -0.967338    0.0981607    0.0669473
     0.94172     0.961126     0.279533   0.00236979      1.85757    0.0116529    -0.851952    -0.900398      0.40701    0.0906445
     0.94172     0.975359     0.286419   0.00311214      1.90756   0.00324909    -0.909354      -1.0155     0.409746     0.193705
     0.94172     0.975557     0.286518   0.00309626      1.90861    0.0034748     -0.91026      -1.0176     0.410689     0.191316
     0.94172     0.975943     0.286707   0.00309437      1.90977   0.00352129    -0.911921      -1.0212     0.410187     0.190569
     0.94172     0.975259      0.28637   0.00311755      1.90708   0.00316985    -0.908911      -1.0145     0.409401     0.194529
     0.94172     0.975712     0.286587   0.00313735      1.90722   0.00291246    -0.910801     -1.01845     0.405559       0.1961
     0.94172     0.974573     0.286021   0.00319368      1.90086   0.00205369    -0.905783     -1.00726     0.399223     0.203738
     0.94172     0.973871     0.285675   0.00321648      1.89764   0.00169463    -0.902732     -1.00054     0.397177      0.20713
     0.94172     0.972638     0.285063    0.0032702      1.89063  0.000855096    -0.897354    -0.988676     0.389989     0.214009
     0.94172     0.972211      0.28485   0.00329341      1.88748  0.000487058    -0.895493    -0.984574     0.385617     0.216452
     0.94172       0.9708     0.284151   0.00334354      1.87936 -0.000331457    -0.889409    -0.971314       0.3772     0.222284
     0.94172     0.969454     0.283488    0.0033785      1.87272  -0.00091864    -0.883658    -0.958917     0.372082      0.22669
     0.94172     0.970002     0.283763   0.00335004      1.87715 -0.000453023    -0.886025    -0.964085     0.378652     0.224207
     0.94172      0.97477     0.286129   0.00313468      1.90488   0.00290455    -0.906774     -1.00977      0.40807     0.197165
     0.94172     0.972756     0.285125   0.00325314      1.89224   0.00111159    -0.897897    -0.989945     0.393152     0.212294
     0.94172     0.972324     0.284912   0.00326749      1.89021  0.000885551    -0.896023    -0.985836     0.391753     0.214372
     0.94172     0.971701     0.284605   0.00328499       1.8872  0.000598269    -0.893341    -0.980012     0.389525     0.216741
     0.94172     0.954067      0.27538   0.00343072      1.67621   -0.0065559    -0.805817    -0.762427    0.0264204      0.20017
     0.94172     0.948837     0.272851   0.00386483      1.65951   -0.0125589    -0.784785    -0.720388     0.031389     0.250078
     0.94172     0.958335     0.277571   0.00352326      1.71479  -0.00681862    -0.826384    -0.812082    0.0799722     0.212794
     0.94172     0.944018     0.270329    0.0036054      1.60607   -0.0105493    -0.760351    -0.659175   -0.0480526     0.217469
     0.94172      0.96082     0.278637   0.00262526      1.69561   0.00445855    -0.832677    -0.814986    0.0111742     0.108046
     0.94172     0.948431     0.273321   0.00282678      1.79832   0.00462118    -0.799079     -0.78963     0.365329      0.15385
     0.94172     0.957245     0.277642   0.00234203      1.84101     0.011646    -0.835968    -0.867403     0.398293    0.0876712
     0.94172      0.95232     0.275249   0.00213709       1.8209    0.0137916    -0.815946    -0.826745     0.389592    0.0610646
     0.94172     0.951699     0.274951   0.00197351      1.81884    0.0158033    -0.813515    -0.822053     0.389795    0.0392019
     0.94172     0.976393     0.286917   0.00313584      1.90829   0.00294666    -0.913756     -1.02493     0.402055     0.194203
     0.94172     0.974736     0.286077   0.00327236      1.89291  0.000841781    -0.906311     -1.00793     0.376653     0.208992
     0.94172      0.97739     0.287395   0.00315944      1.90778   0.00261363    -0.917986     -1.03394     0.391433     0.194068
     0.94172     0.944596     0.270431   0.00212597      1.57433   0.00830727    -0.757646     -0.64139     -0.12197    0.0612062
     0.94172     0.951898     0.274098   0.00209937      1.62455   0.00981511    -0.790588    -0.715621    -0.073681    0.0552053
     0.94172     0.953158     0.274745   0.00229416      1.63586    0.0074756    -0.796711    -0.730446     -0.05909     0.075088
     0.94172     0.918627     0.257947   0.00520981      1.49577   -0.0338563    -0.656545    -0.447138   -0.0934381     0.386078
     0.94172     0.925861     0.261528   0.00490893      1.53894   -0.0288979    -0.687386    -0.513113   -0.0555578     0.358795
     0.94172      0.92759     0.262941   0.00452535      1.65575   -0.0201016    -0.709071    -0.592734     0.190312     0.343067
     0.94172     0.919001     0.258765   0.00473748       1.6164   -0.0235492    -0.674582    -0.523572     0.166203      0.36308
     0.94172     0.954473     0.276287   0.00241805      1.82851    0.0104177    -0.824467     -0.84343     0.390305    0.0987041
     0.94172     0.934424     0.266514    0.0029339      1.73673   0.00199899      -0.7425    -0.675415     0.328995     0.166275
     0.94172     0.937479      0.26729   0.00446639      1.60851   -0.0214788    -0.737452     -0.62151   0.00697408     0.316747
     0.94172     0.944348     0.270716    0.0042465      1.65263   -0.0175579    -0.767657    -0.688354     0.051485     0.295986
     0.94172      0.93347     0.265346   0.00467051      1.59318    -0.024412    -0.721287    -0.588997   0.00395515     0.339148
     0.94172     0.933233     0.265203   0.00464893      1.58693   -0.0243294    -0.719608    -0.583884  -0.00771409     0.335599
     0.94172     0.918922     0.258653   0.00494234      1.60217   -0.0266225    -0.672451     -0.51473     0.134432     0.382299
     0.94172     0.917973     0.258102    0.0051412      1.58089   -0.0298288    -0.666372    -0.496906     0.093727     0.399397
     0.94172     0.936167     0.267126   0.00429788      1.69704   -0.0163818    -0.744032     -0.66412     0.219226     0.321019
     0.94172     0.934754     0.266302   0.00460729      1.66364   -0.0213184    -0.734978    -0.637422      0.15202     0.348827
     0.94172     0.932148     0.265024   0.00468867      1.65019   -0.0226433    -0.724181    -0.614963     0.141522     0.356608
     0.94172     0.942917     0.270372   0.00425463      1.71875   -0.0155029    -0.770534    -0.715648     0.216045     0.315936
     0.94172     0.931794     0.264819   0.00474667      1.64229   -0.0236297    -0.721913    -0.608307      0.12623     0.361349
     0.94172     0.925968     0.262066   0.00477147      1.63181   -0.0239181    -0.700426    -0.570028      0.14763     0.365914
     0.94172     0.922925     0.260373    0.0051419      1.57773   -0.0303233    -0.682732    -0.521012    0.0493556     0.395247
     0.94172     0.924242      0.26091   0.00511176      1.56398   -0.0305264    -0.685336    -0.519695    0.0095614     0.387508
     0.94172     0.987175     0.291759   0.00177609      1.85167    0.0192561     -0.94874     -1.06983      0.12636   0.00013774
     0.94172     0.981297     0.288815   0.00181227      1.81451    0.0179414    -0.922246      -1.0101    0.0937663   0.00811146
     0.94172     0.980941     0.288634   0.00177753      1.81194    0.0183444    -0.920571     -1.00613    0.0907776   0.00436338
     0.94172     0.970977     0.283682   0.00214852      1.75383    0.0121089    -0.877024     -0.91155    0.0518765    0.0515203
     0.94172     0.959849     0.278861   0.00302957      1.84556   0.00303254    -0.845105    -0.882099      0.38715     0.183203
     0.94172      0.96541     0.281486     0.003516      1.84848  -0.00320964    -0.866344    -0.921495     0.345711      0.24103
     0.94172      0.95669     0.277184   0.00377303      1.79998  -0.00754565     -0.82929    -0.842099     0.299131     0.267946
     0.94172     0.965693     0.281631   0.00349372      1.85158  -0.00285022    -0.867607    -0.924352     0.351159     0.239211
     0.94172     0.946155     0.272006   0.00406398      1.74483   -0.0124325    -0.785072    -0.748694     0.252365     0.297789
     0.94172     0.950076     0.273922   0.00397602      1.76315    -0.010941    -0.801256    -0.782208     0.264312     0.288599
     0.94172     0.972062     0.284784    0.0032664       1.8895  0.000886819    -0.894916    -0.983492     0.392287     0.214523
     0.94172     0.974658     0.286085   0.00305235      1.90704    0.0040115    -0.906571     -1.01007     0.414863     0.186319
     0.94172     0.970238     0.283897   0.00326232      1.88395  0.000835721    -0.887238    -0.967255      0.39434     0.215603
     0.94172     0.979273     0.288335    0.0030601      1.91952   0.00414791    -0.926376      -1.0529     0.405061     0.181138
     0.94172     0.983109     0.290265   0.00270751      1.94481   0.00922872    -0.944016     -1.09411     0.436937     0.131085
     0.94172     0.971646     0.284668   0.00246823      1.90176      0.01136    -0.895699    -0.991725     0.428431     0.101774
     0.94172     0.959588     0.278703   0.00328089      1.83929 -0.000307242    -0.843177    -0.875886     0.373344     0.216762
     0.94172      0.97012     0.283841   0.00325449      1.88399   0.00093914    -0.886765    -0.966308     0.395528      0.21485
     0.94172     0.969313     0.283454   0.00321345      1.88317   0.00145781    -0.883476    -0.959652     0.400735     0.210723
     0.94172     0.967313     0.282466   0.00329249      1.87189  0.000206444    -0.874921    -0.941159       0.3892     0.220235
     0.94172     0.975294     0.286399   0.00303135      1.90967   0.00433447    -0.909358     -1.01624     0.415969     0.182852
     0.94172     0.977321     0.287392   0.00300544      1.91674   0.00480851    -0.918125     -1.03538     0.415949     0.177139
     0.94172     0.965119     0.281385   0.00336225      1.85982 -0.000942215    -0.865614    -0.921251     0.377458     0.228092
     0.94172     0.964681     0.281214   0.00305991       1.8667   0.00308579    -0.864836    -0.922382     0.399227     0.189006
     0.94172     0.971558     0.284567   0.00309799      1.89563   0.00319831    -0.893242    -0.981142     0.413173     0.195346
     0.94172     0.974142     0.285845    0.0029575      1.90732   0.00523645    -0.904711     -1.00695     0.420358     0.173415
     0.94172     0.937049     0.267612   0.00410063      1.71243   -0.0134484    -0.748943    -0.677482     0.248709     0.301444
     0.94172     0.916195     0.257614   0.00380906      1.64394   -0.0108806    -0.668416    -0.524292     0.251701     0.265972
     0.94172     0.940647     0.268462   0.00244386      1.54951   0.00346612    -0.740269    -0.603236    -0.142802      0.09487
     0.94172     0.984858     0.291145   0.00246058      1.95561    0.0126286    -0.952188     -1.11352     0.449729    0.0940335
     0.94172      0.98611     0.291773   0.00227689      1.96283    0.0151385    -0.957967     -1.12706      0.45752    0.0662277
     0.94172     0.918688     0.258174   0.00533608      1.53282   -0.0341336    -0.662056    -0.470718   -0.0164613     0.407928
     0.94172     0.918173     0.258042   0.00532311       1.5526   -0.0331958    -0.663101    -0.480344    0.0298666     0.411884
     0.94172     0.916304     0.257183   0.00534618      1.55342   -0.0333139    -0.656917    -0.471181    0.0455952     0.415794
     0.94172     0.985162     0.291317   0.00201129      1.96072    0.0184875    -0.954129     -1.11936      0.46106    0.0273127
     0.94172      0.98115     0.289346   0.00201405      1.94414    0.0180789    -0.936815     -1.08163     0.454062    0.0301615
     0.94172     0.981123      0.28933   0.00210494      1.94364    0.0169084    -0.936622     -1.08101      0.45291    0.0436546
     0.94172     0.984435     0.290956   0.00212204      1.95721    0.0169935    -0.950891     -1.11204     0.458331    0.0442391
     0.94172     0.975228     0.286435    0.0022157       1.9185     0.014939    -0.911306     -1.02614     0.440195    0.0631725
     0.94172     0.986367     0.291356   0.00181139      1.84678    0.0186787     -0.94514     -1.06184     0.122591   0.00480312
     0.94172     0.985083     0.290721    0.0018782      1.83989     0.017638    -0.939653     -1.05029     0.119745    0.0133429
     0.94172     0.989423     0.293413   0.00202793        1.978    0.0186644    -0.972668     -1.16012     0.467338    0.0271354
     0.94172      0.98805     0.292734    0.0021286      1.97189    0.0172383    -0.966593     -1.14651     0.463775    0.0430076
     0.94172      1.00588     0.301504    0.0023158      2.03422    0.0162278     -1.04531     -1.32236     0.458122    0.0580184
     0.94172      1.00809     0.302601   0.00228673      2.04206    0.0167818     -1.05534     -1.34532     0.456881    0.0521231
     0.94172      1.00355      0.30033   0.00244348      2.01905    0.0142336     -1.03439      -1.2963     0.439204    0.0771876
     0.94172     0.953725     0.275378   0.00392976      1.70838   -0.0121449    -0.808668    -0.778688     0.103295     0.262933
     0.94172     0.959844     0.278443   0.00377284      1.74898  -0.00914421    -0.836104    -0.840736     0.147597     0.247186
     0.94172     0.966942     0.281911   0.00339595      1.77635  -0.00369092      -0.8659    -0.903512     0.152239       0.2001
     0.94172      0.97716     0.286934   0.00280995      1.82077   0.00493985    -0.909645    -0.997458     0.167171     0.126558
     0.94172     0.986086     0.291228   0.00188738      1.84682    0.0176719    -0.944338     -1.06131      0.12752    0.0137642
     0.94172     0.987683     0.292021   0.00182703      1.85587    0.0186751    -0.951295     -1.07634     0.132813   0.00574455
     0.94172     0.988329     0.292342   0.00178736      1.85961    0.0192844    -0.954134     -1.08254      0.13526  0.000656119
     0.94172     0.989631     0.293517   0.00191487      1.97918    0.0201392    -0.973628     -1.16237     0.468674    0.0101191
     0.94172      1.00308     0.300148   0.00199368      2.03118    0.0203178      -1.0332     -1.29599     0.479242    0.0131839
     0.94172     0.999316     0.298291   0.00196796      2.01716    0.0203265     -1.01638     -1.25788       0.4782    0.0118099
     0.94172      1.00644     0.301809   0.00199297      2.04375     0.020617     -1.04835     -1.33062      0.47999    0.0108552
     0.94172      1.01095     0.304048   0.00199251      2.06108    0.0210228      -1.0689     -1.37799     0.481675   0.00776897
     0.94172      1.00881     0.302983   0.00198482      2.05281    0.0209314     -1.05911     -1.35538     0.480874   0.00807235
     0.94172      1.01476     0.305938   0.00198272      2.07611    0.0214968     -1.08632     -1.41839     0.483815   0.00383135
     0.94172      1.01306     0.305092   0.00198584      2.06941    0.0213013     -1.07852     -1.40029     0.482993   0.00540323
     0.94172      1.01671     0.306904   0.00196957      2.08329     0.021835      -1.0952     -1.43889     0.483092  0.000680995
     0.94172        1.016     0.306552   0.00197445      2.08085    0.0217142     -1.09198     -1.43149     0.483946   0.00182928
     0.94172        1.017     0.307045   0.00196443      2.08412    0.0219221     -1.09649     -1.44181     0.482283 -0.000232851
     0.94172     0.994447      0.29588   0.00222602      1.99633    0.0165355     -0.99457     -1.20836     0.468547    0.0533967
     0.94172     0.996572     0.296924   0.00227427      2.00374    0.0160804     -1.00391      -1.2291     0.467971    0.0591043
     0.94172     0.994373     0.295833   0.00238247      1.99349    0.0144602       -0.994     -1.20647     0.461277     0.076392
     0.94172     0.992012     0.294672   0.00235722      1.98504    0.0145991    -0.983647     -1.18352     0.461197    0.0743014
     0.94172     0.999504     0.298381   0.00205206      2.01743    0.0192498     -1.01717     -1.25956      0.47699    0.0242204
     0.94172      1.00252     0.299872   0.00207554      2.02851    0.0192002     -1.03066     -1.29008     0.477291    0.0256902
     0.94172      1.00261     0.299909   0.00216914      2.02768     0.017974     -1.03095     -1.29047     0.473983    0.0394769
     0.94172       1.0005     0.298869   0.00218549      2.01976    0.0175835     -1.02151     -1.26904     0.473203    0.0433495
     0.94172     0.995234     0.296254   0.00241471      1.99593    0.0140983    -0.997736     -1.21465     0.459468    0.0804469
     0.94172     0.997261     0.297261   0.00231955      2.00553    0.0155369     -1.00689     -1.23561     0.465998    0.0652763
     0.94172     0.997871     0.297558   0.00236266      2.00691    0.0150119     -1.00952     -1.24133     0.463686    0.0711543
     0.94172     0.996005      0.29663   0.00244943      1.99793    0.0136946     -1.00107     -1.22193     0.457298    0.0849197
     0.94172      1.01064     0.303889   0.00206918      2.05884    0.0199783      -1.0674     -1.37434     0.478423    0.0191815
     0.94172      1.00781     0.302483   0.00213585      2.04698    0.0188444     -1.05446     -1.34429     0.474471     0.030855
     0.94172      1.00836     0.302756   0.00206667      2.05024    0.0198134       -1.057     -1.35037     0.478156    0.0203817
     0.94172      1.01215     0.304631   0.00213157      2.06272    0.0192604     -1.07415     -1.38958      0.47305    0.0272147
     0.94172       1.0103     0.303709   0.00216721       2.0549      0.01862     -1.06565     -1.36983     0.470495     0.033613
     0.94172      1.01018     0.303657   0.00212485      2.05586    0.0191898     -1.06522     -1.36909     0.474641    0.0275834
     0.94172      1.01252     0.304818   0.00209061      2.06542    0.0198524     -1.07592     -1.39393      0.47702    0.0210385
     0.94172      1.01608     0.306588   0.00202878      2.07973    0.0209845     -1.09223     -1.43176     0.479451   0.00975162
     0.94172      1.01587     0.306478    0.0020486      2.07815    0.0206916     -1.09119     -1.42917     0.477086    0.0127916
     0.94172      1.01519     0.306141   0.00206704      2.07542    0.0203888     -1.08808     -1.42197     0.476646    0.0158985
     0.94172      1.01542     0.306258   0.00204317      2.07718    0.0207383      -1.0892     -1.42475     0.479407     0.012263
     0.94172      1.01627     0.306677   0.00203368      2.07986    0.0209249     -1.09302     -1.43346     0.477662    0.0103724
     0.94172      1.01636     0.306726   0.00202422      2.08062    0.0210648      -1.0935     -1.43464     0.478864   0.00892101
     0.94172       1.0088      0.30292   0.00232248      2.03625    0.0161895     -1.05791     -1.34954     0.431626    0.0560555
     0.94172      1.00488      0.30096   0.00243859       2.0162    0.0142309     -1.03985     -1.30736     0.416373    0.0743848
     0.94172      1.00939     0.303247   0.00225249      2.04774    0.0173541     -1.06128      -1.3591     0.459292    0.0463527
     0.94172      1.01113     0.304113   0.00220756      2.05549    0.0181122     -1.06926     -1.37767     0.462858    0.0387781
     0.94172      1.01551     0.306291   0.00208108      2.07498    0.0201989     -1.08938     -1.42459     0.471536    0.0177775
     0.94172      1.01465     0.305864   0.00211549      2.07082    0.0196569     -1.08541     -1.41525     0.468792    0.0232929
     0.94172      1.01469     0.305888   0.00210819      2.07157    0.0197682     -1.08566     -1.41596     0.470586    0.0222032
     0.94172      1.01549     0.306283   0.00207876      2.07521    0.0202339     -1.08932     -1.42453     0.472462    0.0174448
     0.94172      1.01338     0.305212   0.00218227      2.05974    0.0185422     -1.07912     -1.39933     0.449569    0.0336587
     0.94172       1.0146     0.305818   0.00213566      2.06574    0.0192847     -1.08473     -1.41249     0.453616    0.0263001
     0.94172       1.0138     0.305409   0.00215256      2.05875    0.0189097     -1.08076     -1.40236     0.441373    0.0292232
     0.94172      1.01228     0.304644   0.00220688      2.05052    0.0180169     -1.07366     -1.38558      0.43426    0.0377628
     0.94172      1.00689     0.301944   0.00236189      2.02094    0.0153342     -1.04863      -1.3266     0.407651    0.0621458
     0.94172      1.00269      0.29984   0.00248069      1.99798    0.0132736     -1.02925     -1.28125     0.387371    0.0803835
     0.94172       1.0023     0.299674   0.00251909      2.00426     0.012919     -1.02809     -1.28027     0.409965    0.0870755
     0.94172     0.999056      0.29803   0.00259928      1.98014    0.0113332     -1.01274      -1.2433     0.375739    0.0982732
     0.94172     0.988017     0.292674   0.00268602      1.96224   0.00987183    -0.965399     -1.14118     0.437273     0.123965
     0.94172     0.990828     0.294055   0.00267299      1.97225    0.0102519    -0.977719     -1.16849      0.43732     0.119903
     0.94172     0.988671     0.292953   0.00289824      1.95306   0.00691598    -0.967498     -1.14388     0.405873     0.150245
     0.94172     0.986957     0.292107   0.00293846      1.94604   0.00624942    -0.959921     -1.12693     0.403378     0.156965
     0.94172     0.991289     0.294231   0.00285842       1.9596   0.00755406    -0.978867     -1.16881     0.398166     0.141575
     0.94172     0.994028     0.295597   0.00276534      1.97436   0.00908201    -0.991257     -1.19722     0.411591      0.12794
     0.94172     0.991873      0.29451   0.00285122      1.95932   0.00763225    -0.981293     -1.17384      0.39165     0.139399
     0.94172     0.996485     0.296789    0.0027084      1.97805   0.00988407     -1.00185      -1.2202     0.396894     0.116647
     0.94172     0.997703     0.297408   0.00266116      1.98769    0.0107146     -1.00758     -1.23391      0.41138     0.110486
     0.94172     0.992048     0.294656   0.00266188      1.97682    0.0104929    -0.983102      -1.1805     0.437923     0.117435
     0.94172     0.993219     0.295232    0.0026524      1.98113    0.0107073    -0.988268     -1.19204     0.438276     0.115226
     0.94172     0.973851     0.285459   0.00339518       1.8404  -0.00211923    -0.899139    -0.984078     0.249381     0.206316
     0.94172     0.975562     0.286317   0.00335095      1.85162  -0.00128693    -0.906893     -1.00186     0.262254     0.201291
     0.94172     0.978754     0.287848   0.00313815      1.85558   0.00150937    -0.919792     -1.02774     0.242619     0.170773
     0.94172     0.975104     0.286012   0.00321786      1.83103 -9.59958e-05    -0.903089    -0.989099     0.214097      0.18001
     0.94172     0.985713     0.291271   0.00277386      1.88423   0.00687883    -0.949895     -1.09321     0.249061      0.12189
     0.94172     0.983154     0.289973   0.00278637      1.86509   0.00627414    -0.937821     -1.06438     0.223782     0.123452
     0.94172      1.00079      0.29886   0.00247455      1.98069    0.0129639     -1.01984     -1.25761     0.358025    0.0796438
     0.94172     0.995092     0.296017   0.00265598      1.95048   0.00992425    -0.993922     -1.19795     0.333983     0.106033
     0.94172      1.00507     0.301008   0.00236382      2.00534    0.0149596     -1.03966     -1.30412      0.38197    0.0628724
     0.94172      1.01106     0.304018   0.00221061      2.04028    0.0177405     -1.06761     -1.37033     0.417282    0.0388907
     0.94172      1.01284     0.304912   0.00215812       2.0507    0.0186588     -1.07595     -1.39021     0.428043    0.0305804
     0.94172      1.01381     0.305402   0.00212252      2.05651    0.0192534     -1.08054     -1.40119     0.434287    0.0249997
     0.94172      1.00291     0.299999   0.00248643      2.01162    0.0135092     -1.03122     -1.28827     0.424584    0.0828298
     0.94172       1.0002     0.298642   0.00258226      1.99731    0.0119472     -1.01877      -1.2593     0.412505    0.0975566
     0.94172       1.0011     0.299103   0.00254086      2.00553    0.0126699     -1.02309     -1.26985     0.426481     0.092134
     0.94172      1.01596     0.306518   0.00206245      2.07688     0.020485     -1.09147     -1.42944      0.47199    0.0147996
     0.94172      1.01584     0.306453   0.00207297      2.07522    0.0203117      -1.0908      -1.4276     0.468246    0.0164395
     0.94172      1.01536     0.306213   0.00209319      2.07339    0.0200063     -1.08861     -1.42256     0.468359    0.0196474
     0.94172      1.00074     0.298963   0.00244149      2.01496    0.0141716     -1.02209     -1.26914     0.457081    0.0805459
     0.94172      1.00105     0.299121   0.00241559      2.01672    0.0145455     -1.02355      -1.2726     0.458812    0.0765561
     0.94172      1.00155     0.299365    0.0024121      2.01831     0.014626     -1.02576     -1.27759       0.4582    0.0756235
     0.94172      1.00096      0.29907   0.00244376      2.01553    0.0141547     -1.02305     -1.27128     0.456435    0.0806779
     0.94172      0.95356     0.275391   0.00406087      1.72788   -0.0132491    -0.810278    -0.787595     0.149976     0.283706
     0.94172      1.00579     0.301484   0.00207867      2.04053    0.0194354     -1.04535     -1.32359     0.477507    0.0239264
     0.94172      1.00526     0.301218   0.00215977      2.03738    0.0183161     -1.04288      -1.3177     0.473978    0.0362114
     0.94172      0.99083     0.294023   0.00283182      1.96314   0.00799024    -0.977143     -1.16571     0.412324     0.139934
     0.94172     0.993064     0.295132   0.00276388      1.97374   0.00909701    -0.987158     -1.18847     0.419416     0.129381
     0.94172      1.00261      0.29988   0.00243354      2.01932    0.0143699     -1.03038     -1.28768     0.449904    0.0772944
     0.94172      1.00078     0.298959   0.00253122      2.00811    0.0128552     -1.02187     -1.26761     0.437161    0.0919493
     0.94172      1.00295     0.300055   0.00237557      2.02347    0.0152132     -1.03207     -1.29201     0.458284    0.0691061
     0.94172     0.997233     0.297233   0.00247059      2.00187    0.0135078     -1.00646     -1.23388     0.455968    0.0871534
     0.94172     0.998347     0.297787   0.00241819      2.00732    0.0143044     -1.01152     -1.24553      0.46001    0.0788829
     0.94172     0.994882     0.296054   0.00262406      1.98801    0.0112219    -0.995672     -1.20873     0.440832     0.110161
     0.94172     0.994463     0.295828   0.00271667      1.98098   0.00986524    -0.993477     -1.20294     0.425508     0.122261
     0.94172     0.995227     0.296197    0.0027194      1.98155   0.00983603    -0.996733     -1.20992     0.419483     0.121402
     0.94172     0.998226     0.297682   0.00263054      1.99433    0.0112634     -1.01018     -1.24046     0.424668      0.10706
     0.94172      1.00249     0.299832   0.00235899      2.02286    0.0154139     -1.03006     -1.28759     0.461414    0.0672038
     0.94172       1.0047     0.300935     0.002233      2.03383    0.0172894     -1.04023     -1.31137     0.469642     0.047299
     0.94172       1.0019     0.299544   0.00233095      2.02181    0.0157529     -1.02749     -1.28196     0.464591    0.0636559
     0.94172      1.00264     0.299921   0.00224642      2.02643    0.0169484     -1.03099     -1.29031     0.469994    0.0508016
     0.94172     0.977196     0.287268   0.00326675      1.89684  0.000962937    -0.916756     -1.03025     0.364195     0.203625
     0.94172     0.981978     0.289654   0.00305381      1.92638   0.00435596    -0.938059     -1.07836     0.397909     0.176434
     0.94172     0.980033     0.288634   0.00322989      1.90037   0.00146294    -0.928581     -1.05497     0.347201      0.19395
     0.94172     0.988476      0.29283   0.00295395      1.94456   0.00598955    -0.966205     -1.13991     0.384744     0.155349
     0.94172     0.984344     0.290775   0.00309028      1.92278   0.00375216    -0.947722     -1.09802     0.365955       0.1746
     0.94172     0.989454     0.293291   0.00293712      1.94254   0.00614049    -0.970142     -1.14776     0.369798     0.150518
     0.94172     0.985718      0.29142   0.00305709      1.91969    0.0040746    -0.953158     -1.10862      0.34471     0.166478
     0.94172     0.995019     0.296045   0.00275526      1.96668   0.00901815    -0.994953     -1.20375     0.380271     0.122643
     0.94172     0.991018     0.294029    0.0028701      1.93973   0.00691826    -0.976452     -1.16035     0.346683     0.137815
     0.94172     0.972793     0.284996   0.00347028      1.84985  -0.00280247    -0.895776    -0.979671     0.282866     0.220735
     0.94172     0.999004     0.298032     0.002624       1.9872    0.0111768     -1.01306     -1.24544      0.39641     0.103033
     0.94172     0.996124      0.29657   0.00269701      1.96541   0.00973512    -0.999452      -1.2128     0.365242     0.112764
     0.94172      1.00008     0.298637   0.00244745      2.01267    0.0140439     -1.01914     -1.26249     0.457398    0.0819271
     0.94172      1.00006     0.298629   0.00243729      2.01288    0.0141801     -1.01909     -1.26243     0.458183    0.0804674
     0.94172      1.00049     0.298824   0.00252145      2.00995    0.0130244     -1.02069      -1.2653     0.445457    0.0916055
     0.94172      1.00115     0.299161   0.00246229      2.01527     0.013909     -1.02384     -1.27292     0.453721    0.0830858
     0.94172      1.00183     0.299499   0.00243021      2.01841    0.0143937     -1.02695     -1.28013     0.455549    0.0779248
     0.94172      1.00061     0.298881   0.00252109      2.00969    0.0130229     -1.02121     -1.26639      0.44346    0.0912336
     0.94172     0.998779     0.297971   0.00259536      2.00092    0.0118685     -1.01288     -1.24718     0.437582     0.102965
     0.94172     0.998502     0.297829   0.00260914      1.99849    0.0116354     -1.01158     -1.24404     0.433552     0.104719
     0.94172     0.997494     0.297335    0.0026292       1.9958    0.0113197     -1.00713     -1.23413     0.436324     0.108691
     0.94172     0.996574     0.296873   0.00266546      1.99002    0.0107224     -1.00291      -1.2243     0.429498      0.11381
     0.94172     0.997131     0.297158    0.0026287      1.99507    0.0113116     -1.00555     -1.23066     0.437966     0.109041
     0.94172     0.996569     0.296888   0.00260228      1.99479    0.0116498     -1.00318     -1.22564     0.442825     0.106026
     0.94172     0.997196     0.297199   0.00258767      1.99765    0.0119008     -1.00599     -1.23204     0.444485      0.10362
     0.94172     0.996157     0.296673   0.00265971      1.98991    0.0107973     -1.00114     -1.22054     0.433369     0.113702
     0.94172      0.99849     0.297848   0.00250745      2.00534    0.0131071     -1.01195     -1.24595     0.452979    0.0916142
     0.94172     0.998203     0.297707   0.00250392      2.00439    0.0131319     -1.01068     -1.24314     0.453211    0.0912823
     0.94172     0.999174     0.298191   0.00245769      2.00925    0.0138364      -1.0151     -1.25335     0.457012    0.0840351
     0.94172       0.9993     0.298251   0.00246955      2.00937    0.0136857     -1.01563     -1.25447     0.456076    0.0856627
     0.94172      1.00184     0.299507   0.00241316       2.0191    0.0146298     -1.02705     -1.28046     0.457432    0.0755084
     0.94172      1.00255     0.299862    0.0023807      2.02226    0.0151199      -1.0303     -1.28801     0.458979    0.0702274
     0.94172      1.00237     0.299773   0.00237557      2.02196    0.0151795     -1.02951     -1.28625      0.46004    0.0696741
     0.94172      1.00114     0.299157   0.00244854      2.01585    0.0140997     -1.02383       -1.273     0.455476    0.0811859
     0.94172     0.997721     0.297458   0.00258225      1.99977    0.0120169     -1.00833      -1.2373     0.445145     0.102561
     0.94172      1.00082        0.299   0.00245601      2.01472    0.0139784      -1.0224     -1.26974     0.455595    0.0825572
     0.94172      1.00065     0.298918    0.0024528      2.01435    0.0140117     -1.02167     -1.26812     0.456261     0.082249
     0.94172      1.00091     0.299041    0.0024639      2.01468    0.0138751     -1.02276      -1.2705     0.454565    0.0835965
     0.94172      1.00093     0.299052   0.00247172      2.01442    0.0137681     -1.02285     -1.27063     0.453569    0.0846659
     0.94172      1.00042     0.298793   0.00252276      2.00996    0.0130079     -1.02042      -1.2647     0.446148    0.0919311
     0.94172     0.998802     0.297983   0.00259338       2.0014    0.0119051       -1.013      -1.2475     0.438702     0.102794
     0.94172     0.997783     0.297481   0.00261762      1.99776    0.0115131     -1.00846     -1.23724     0.438885     0.107109
     0.94172     0.997617       0.2974   0.00261459      1.99764    0.0115505     -1.00775     -1.23571     0.440242     0.106922
     0.94172     0.998668     0.297934   0.00251766      2.00567    0.0129822     -1.01271     -1.24759     0.452109    0.0929591
     0.94172     0.999395     0.298296   0.00248474      2.00931    0.0134879     -1.01602     -1.25525     0.454929    0.0877982
     0.94172      1.00008     0.298636   0.00246222      2.01228    0.0138444     -1.01911     -1.26234      0.45629     0.084067
     0.94172     0.999438     0.298336   0.00229744      2.01394    0.0160095      -1.0166     -1.25754     0.467599     0.060552
     0.94172      1.00099       0.2991   0.00227782      2.01992    0.0163964     -1.02353     -1.27327     0.468637    0.0565962
     0.94172       1.0005     0.298852   0.00235367      2.01653    0.0153415      -1.0212     -1.26766     0.464049    0.0680236
     0.94172     0.999375     0.298298   0.00237254      2.01213    0.0150002     -1.01618     -1.25625     0.463102    0.0715633
     0.94172      1.00957     0.303348   0.00218196      2.05186    0.0183598     -1.06233     -1.36213     0.469525    0.0362378
     0.94172      1.00725     0.302198   0.00220233      2.04326    0.0178999     -1.05179     -1.33788     0.469652     0.040879
     0.94172      1.01644     0.306768   0.00201584       2.0812    0.0211866     -1.09389     -1.43561     0.479716   0.00764124
     0.94172      1.01627     0.306685   0.00201011      2.08101     0.021256     -1.09315     -1.43402     0.481165    0.0068927
     0.94172      1.01666     0.306875   0.00199795       2.0824    0.0214466      -1.0949     -1.43804     0.480906   0.00488502
     0.94172      1.01603     0.306556   0.00205539      2.07772    0.0205952     -1.09185     -1.43044     0.473753    0.0137134
     0.94172      1.01561     0.306344   0.00207195      2.07596    0.0203392      -1.0899     -1.42591     0.473353    0.0163776
     0.94172      1.01502     0.306053   0.00208112      2.07416    0.0201777     -1.08724      -1.4199     0.474791    0.0180621
     0.94172       1.0163     0.306664    0.0019656      2.07278     0.021664     -1.09248     -1.43028     0.454944  0.000969382
     0.94172      1.01604     0.306533   0.00202693      2.07169    0.0208387     -1.09127     -1.42751     0.454712   0.00991234
     0.94172      1.01656      0.30681   0.00202533       2.0776    0.0209882     -1.09405     -1.43496     0.466948   0.00915119
     0.94172      1.01623     0.306648   0.00205104      2.07649    0.0206273     -1.09258     -1.43161     0.467462    0.0130495
     0.94172      1.01557     0.306324    0.0020758      2.07557    0.0202806     -1.08969      -1.4254      0.47263    0.0169655
     0.94172       1.0159      0.30649   0.00206278      2.07697    0.0204821     -1.09123     -1.42895     0.472978     0.014872
     0.94172      1.01558     0.306296   0.00202408      2.06744    0.0207827     -1.08895     -1.42148     0.446891   0.00989978
     0.94172      1.01459     0.305795    0.0020851      2.06115    0.0198457     -1.08422     -1.41002     0.439252    0.0192252
     0.94172      1.01568     0.306357   0.00207305      2.07058     0.020211     -1.08969     -1.42398     0.455626    0.0167029
     0.94172     0.986225     0.291617   0.00299565      1.90786   0.00456391    -0.954376     -1.10882     0.308173     0.153914
     0.94172     0.981639     0.289374   0.00317861      1.89349   0.00190763    -0.934609     -1.06587     0.314306     0.181677
     0.94172     0.992345     0.294655   0.00277137      1.93774   0.00813852    -0.981702     -1.17051     0.327616     0.122346
     0.94172      1.01521     0.306125   0.00210453      2.06859    0.0197551     -1.08756     -1.41908     0.455049    0.0214844
     0.94172      1.01462      0.30582   0.00211561      2.06318    0.0194914     -1.08458     -1.41141     0.445256    0.0234907
     0.94172      1.01584     0.306429   0.00202712      2.06976    0.0207941     -1.09025     -1.42485     0.451058    0.0101161
     0.94172      1.01522     0.306117   0.00207954       2.0663    0.0200322     -1.08734     -1.41791     0.447806    0.0179924
     0.94172     0.970159     0.283763   0.00350946      1.85437  -0.00310554    -0.885662    -0.960703     0.318253     0.232482
     0.94172       1.0144     0.305753   0.00206208      2.07311     0.020399     -1.08455     -1.41396     0.478773    0.0156659
     0.94172      1.01419     0.305643     0.002091      2.07129    0.0199827     -1.08349     -1.41131     0.475656     0.020017
     0.94172      1.01357     0.305326   0.00214469       2.0664    0.0191762     -1.08047      -1.4038       0.4679    0.0281857
     0.94172      1.01177     0.304402    0.0022349      2.05152     0.017672     -1.07162     -1.38172     0.443482    0.0420567
     0.94172      1.01018     0.303591   0.00227028      2.03906    0.0169335     -1.06388     -1.36251     0.424095    0.0477815
     0.94172      1.00844     0.302701   0.00227848      2.02493    0.0165115     -1.05535     -1.34121     0.401573    0.0496111
     0.94172     0.998973      0.29811   0.00224454      2.01317    0.0166743     -1.01461     -1.25327     0.470212     0.053101
     0.94172      1.01278     0.304951    0.0020495       2.0674    0.0204301     -1.07718     -1.39703      0.48005    0.0148836
     0.94172      1.01452     0.305813   0.00203488       2.0743    0.0207785     -1.08513     -1.41545     0.481085    0.0116201
     0.94172      1.01562     0.306359   0.00201915      2.07863    0.0210829     -1.09016     -1.42712     0.481554   0.00861956
     0.94172     0.998416     0.297839   0.00218792      2.01188    0.0173743     -1.01221     -1.24807     0.472245     0.045111
     0.94172     0.996587     0.296941   0.00210474      2.00586    0.0183088     -1.00417      -1.2302     0.473874    0.0339821
     0.94172     0.994397     0.295863   0.00203467      1.99783    0.0190272    -0.994517     -1.20867     0.473413    0.0249583
     0.94172     0.994893     0.296109   0.00194734      2.00013    0.0202015    -0.996751     -1.21378      0.47498    0.0115902
     0.94172     0.992042     0.294698   0.00217438      1.98751    0.0170013    -0.984035     -1.18502     0.467864    0.0473056
     0.94172     0.989373     0.293376    0.0023264      1.97534    0.0147813    -0.972133     -1.15813     0.460254    0.0715374
     0.94172     0.985095     0.291239   0.00269957      1.95187   0.00947869    -0.952645     -1.11305     0.437158     0.128259
     0.94172     0.956961     0.277201   0.00394885      1.77468   -0.0105468    -0.827899    -0.832897     0.233941     0.280313
     0.94172     0.959721     0.278464   0.00387089       1.7667  -0.00988984    -0.837501    -0.848313      0.19093     0.264291
     0.94172      0.98523     0.291255   0.00297834      1.93894   0.00558614    -0.952308     -1.10994     0.400728     0.163614
     0.94172      0.99906     0.298118   0.00259459      2.00504    0.0119717     -1.01424     -1.25051      0.44638     0.103917
     0.94172     0.998948     0.298064   0.00258498      2.00504    0.0120966     -1.01377     -1.24955     0.447519     0.102641
     0.94172      0.99938     0.298282    0.0025555      2.00772    0.0125371     -1.01578     -1.25426     0.450659    0.0982407
     0.94172     0.999768     0.298475   0.00253703      2.00972    0.0128199     -1.01755     -1.25838     0.452303     0.095365
     0.94172      1.00012      0.29865   0.00252561      2.01126    0.0130013     -1.01914     -1.26202     0.453042    0.0934832
     0.94172       1.0003     0.298737   0.00252428       2.0118    0.0130302     -1.01993     -1.26378     0.452744    0.0931313
     0.94172      1.00033     0.298753   0.00252612      2.01179    0.0130063     -1.02007     -1.26408     0.452388    0.0933495
     0.94172      1.00034     0.298757   0.00252885      2.01167     0.012968      -1.0201     -1.26412     0.451941    0.0937101
     0.94172      1.00033     0.298751   0.00253121      2.01151    0.0129339     -1.02004     -1.26396     0.451605    0.0940387
     0.94172     0.999859     0.298516   0.00256012      2.00877    0.0124994     -1.01787     -1.25888     0.448705    0.0984159
     0.94172      0.99937     0.298272    0.0025821      2.00638    0.0121625     -1.01564     -1.25372      0.44698     0.101878
     0.94172     0.999171     0.298173   0.00259125      2.00552    0.0120253     -1.01474     -1.25164     0.446597     0.103365
     0.94172     0.980309      0.28853   0.00279791      1.84396   0.00563499    -0.924422     -1.03248     0.196433     0.124954
     0.94172     0.971207     0.284054   0.00330497      1.80496   -0.0018357    -0.885319    -0.948152     0.184338     0.189928
     0.94172     0.965178     0.281113   0.00362893      1.78366  -0.00646401    -0.860021     -0.89488     0.185308      0.23203
     0.94172     -0.71459    -0.503604     0.353497   -0.0106744   0.00256611     0.776144    -0.618991     0.166578     0.763399
     0.94172    -0.768601    -0.539964     0.398908    -0.012994   0.00783725     0.679682    -0.687429    0.0609832     0.718919
     0.94172    -0.762909    -0.533246     0.422991   -0.0113563   0.00754042     0.698204    -0.688687    0.0768549     0.791523
     0.94172     -0.84178    -0.588939       0.5523      -0.0149    0.0169356     0.540275     -0.76761    -0.071905     0.799884
     0.94172    -0.830027    -0.578757     0.549346   -0.0136333    0.0158061     0.571266    -0.764263   -0.0478642     0.840878
     0.94172    -0.655214    -0.381836     0.317902    0.0222701  -0.00945006       1.0745    -0.742574     0.327043      1.12262
     0.94172     -0.97678    -0.541273     0.596922  -0.00691565    0.0235352     0.486798     -1.17748     -0.60739     0.735712
     0.94172    -0.986176    -0.574599     0.671608   -0.0098397    0.0272761     0.416988      -1.1239     -0.57659     0.763922
     0.94172    -0.987742    -0.576159      0.66978   -0.0100946    0.0273222     0.411561     -1.12278    -0.580087     0.753431
     0.94172      -0.9894    -0.554331     0.550047  -0.00936643    0.0226721      0.44137     -1.16737    -0.638697     0.606822
     0.94172    -0.997751    -0.590312      0.64231   -0.0123058    0.0270845     0.368748     -1.10593     -0.59673     0.655717
     0.94172     -1.00251    -0.609112     0.642235   -0.0144038    0.0276355     0.327456     -1.07161    -0.581037     0.607682
     0.94172    -0.994225    -0.577655     0.539602   -0.0118335    0.0228234     0.395668     -1.13041    -0.619457     0.547065
     0.94172     -1.00598    -0.633512     0.660072   -0.0168744     0.028891      0.27834     -1.02238    -0.548087     0.578802
     0.94172    -0.993378    -0.596621     0.504523   -0.0138115    0.0216714     0.366417     -1.09434     -0.58895     0.479623
     0.94172    -0.998692    -0.658119     0.649383    -0.019531    0.0286096      0.24429    -0.954912    -0.479687     0.540222
     0.94172     -0.98466    -0.633006     0.496327   -0.0174378    0.0215217     0.315978     -1.00281    -0.495171     0.440613
     0.94172    -0.959255    -0.666384     0.656062   -0.0211554    0.0277988     0.273612    -0.848116    -0.323034     0.592827
     0.94172     -0.93977    -0.643144     0.507564   -0.0194978    0.0210136     0.345285     -0.87595    -0.316496     0.488732
     0.94172    -0.930397    -0.654178     0.664751   -0.0203451    0.0267422     0.325228    -0.808518    -0.243916     0.668321
     0.94172    -0.900123    -0.628329      0.53316   -0.0189281    0.0204453     0.408444    -0.811576    -0.206105     0.586284
     0.94172    -0.869927    -0.609225     0.628236    -0.015795     0.021122     0.480293    -0.789759    -0.118898      0.84383
     0.94172    -0.859155    -0.598945     0.622702    -0.014453    0.0199533     0.511334    -0.789947   -0.0980349     0.881408
     0.94172    -0.841882     -0.57965     0.605693   -0.0117374    0.0176067     0.569664    -0.801587    -0.069171     0.946187
     0.94172    -0.811137    -0.557648     0.547337   -0.0102084    0.0135275     0.632929    -0.772827   -0.0112116     0.936202
     0.94172    -0.839038     -0.57218     0.609983   -0.0102123    0.0171491      0.59021     -0.81641   -0.0669016      0.98718
     0.94172    -0.810441    -0.551264     0.558282  -0.00850668    0.0133019     0.650345    -0.790887   -0.0118241     0.985976
     0.94172    -0.842728     -0.56432     0.622238  -0.00806681    0.0172465     0.607244    -0.849218   -0.0828815      1.03467
     0.94172    -0.816082    -0.542444     0.572021  -0.00572471    0.0134369     0.669847    -0.832494    -0.030963      1.04045
     0.94172    -0.884455    -0.562478     0.677661  -0.00569222    0.0212252      0.57903    -0.960758    -0.214148       1.0709
     0.94172    -0.863726     -0.53834     0.624793  -0.00269665    0.0176633     0.645802    -0.969399     -0.18211      1.07712
     0.94172    -0.823719    -0.539485     0.582999   -0.0044599    0.0140158     0.673088    -0.862369   -0.0543617      1.06302
     0.94172    -0.847032    -0.559547     0.628289  -0.00680061    0.0174311     0.615577    -0.874186    -0.100362      1.05643
     0.94172    -0.890256    -0.561878     0.681597   -0.0055216    0.0216825     0.574515    -0.975859    -0.235001      1.06745
     0.94172    -0.871866    -0.538613     0.631457  -0.00262377    0.0183812      0.63772    -0.988392    -0.209468      1.07251
     0.94172    -0.909331    -0.558748     0.687311    -0.005162    0.0229627     0.559523     -1.02579    -0.308831      1.04155
     0.94172    -0.895448    -0.532813     0.634381  -0.00203233    0.0198182     0.623301     -1.05512    -0.304129      1.03876
     0.94172    -0.932853      -0.5551     0.686135  -0.00523722    0.0242874     0.536299     -1.08177    -0.403819     0.987083
     0.94172     -0.92161    -0.527435     0.628513  -0.00224846    0.0211715     0.598989     -1.11886    -0.412736     0.972023
     0.94172    -0.951149     -0.55777     0.686673  -0.00623952    0.0254754     0.504568     -1.10783    -0.469359     0.929516
     0.94172    -0.939946    -0.528227     0.624747  -0.00326444    0.0221863     0.570109      -1.1486    -0.482793     0.912165
     0.94172    -0.967692    -0.560096     0.674483  -0.00738216    0.0260716     0.474058     -1.12933    -0.531059     0.855397
     0.94172    -0.957427    -0.528931     0.609485  -0.00443263    0.0227073     0.540519     -1.17446    -0.551455      0.83416
     0.94172     -0.76169    -0.466374     0.459195   0.00621373   0.00419004     0.858435    -0.864638    0.0569333      1.09743
     0.94172    -0.741196     -0.46847     0.443229   0.00446484   0.00249701      0.86235    -0.800029     0.115402      1.08315
     0.94172    -0.779201    -0.407815     0.396318    0.0164987   0.00285801      0.95331     -1.02887   -0.0551877        1.041
     0.94172    -0.790834    -0.408319     0.400984    0.0160339    0.0038379     0.942046     -1.05622   -0.0964454       1.0273
     0.94172     -0.76758    -0.355625     0.320957    0.0243839 -3.93788e-05      1.04384     -1.08296   -0.0636706     0.952033
     0.94172    -0.755395    -0.356878     0.318939    0.0250596 -0.000926849      1.05415       -1.053    -0.016283     0.969036
     0.94172    -0.809598    -0.463176     0.486853     0.007794   0.00823506     0.832668     -1.00006   -0.0999968      1.08046
     0.94172    -0.820559    -0.464557      0.49394   0.00751678   0.00923923     0.820622     -1.02413    -0.136091      1.07017
     0.94172    -0.730209    -0.323547     0.265943    0.0321731  -0.00346219      1.12796      -1.0421    0.0550452     0.906297
     0.94172    -0.949952    -0.295388     0.230264    0.0106946   0.00665741      0.83617      -1.4512    -0.873389     0.451065
     0.94172    -0.918359    -0.308044     0.275206    0.0138573   0.00688869     0.885178     -1.40696    -0.730273     0.589691
     0.94172    -0.676759    -0.444792     0.371245   0.00468431  -0.00444134      0.92794    -0.659616     0.265343      1.05225
     0.94172    -0.669265    -0.430955      0.36166    0.0082436  -0.00594798     0.962255    -0.671755     0.284559      1.08399
     0.94172    -0.970586    -0.372856     0.232609   0.00363029   0.00807758     0.713949     -1.40287    -0.862241     0.370459
     0.94172     -0.97354    -0.442512     0.324475 -0.000851556    0.0121664     0.626957     -1.32657    -0.774329     0.451132
     0.94172    -0.980192    -0.467716      0.27903  -0.00357337    0.0109713      0.57945     -1.29733    -0.765148     0.348901
     0.94172    -0.845677    -0.590689     0.387442   -0.0172467    0.0127895     0.525415    -0.769297    -0.109053     0.506041
     0.94172     -0.85642    -0.400558     0.406368    0.0129575   0.00830448     0.877536     -1.20935    -0.360022     0.906917
     0.94172    -0.903006    -0.377247     0.369851    0.0108701   0.00966895      0.83683     -1.31874    -0.580327     0.751449
     0.94172    -0.896357    -0.329833     0.308817    0.0149884   0.00705962     0.902013      -1.3591    -0.614186     0.686114
     0.94172    -0.849822    -0.355395     0.342245     0.017619   0.00571546     0.944113     -1.25398    -0.391279     0.832249
     0.94172    -0.950345    -0.359132     0.295277   0.00699397   0.00934567     0.771338     -1.39869    -0.798095     0.525451
     0.94172    -0.953796    -0.418114     0.373007   0.00308226    0.0127609     0.697808     -1.33877    -0.729455     0.598625
     0.94172    -0.831841    -0.312676     0.284103    0.0231533   0.00293689      1.01904     -1.26619    -0.367101     0.772469
     0.94172    -0.882962    -0.281234     0.255111    0.0198437   0.00457371     0.973344     -1.37866    -0.613223     0.630472
     0.94172    -0.911489    -0.425203     0.440258   0.00663413    0.0128937      0.76384     -1.27219    -0.545729     0.812969
     0.94172    -0.865497    -0.443681     0.474978   0.00827082    0.0114191     0.804789     -1.16188    -0.334118     0.967281
     0.94172     -0.92293    -0.361815     0.336277   0.00993017   0.00947198     0.820584     -1.36433    -0.682742     0.657421
     0.94172    -0.929308    -0.413279      0.40593   0.00589495    0.0125921     0.749382     -1.31498    -0.636759     0.721462
     0.94172    -0.676732    -0.364451     0.304874    0.0270131  -0.00765202      1.09908     -0.83767     0.262251      1.07694
     0.94172    -0.716114    -0.413664     0.377657    0.0160164  -0.00250117     0.986299    -0.851055     0.160035      1.10592
     0.94172    -0.695661    -0.423471     0.376111    0.0127769  -0.00395963      0.97441    -0.770567      0.22142      1.11074
     0.94172    -0.728494    -0.478958     0.431158  0.000545189   0.00199949     0.840586    -0.733553      0.15071      1.03258
     0.94172    -0.682919    -0.462867     0.372923 -0.000724181  -0.00269245     0.882437    -0.631221     0.246162     0.984664
     0.94172    -0.689832    -0.476821     0.366563  -0.00472332  -0.00113485     0.846435    -0.614906     0.226662     0.910948
     0.94172    -0.734519    -0.505318     0.418878  -0.00670775   0.00402222     0.774183     -0.68015     0.137795     0.903676
     0.94172    -0.728646    -0.498369     0.417449  -0.00534561   0.00315654     0.792281    -0.680902     0.150555      0.92995
     0.94172    -0.684909    -0.468624     0.369839  -0.00253431  -0.00209902      0.86772     -0.62191     0.239629     0.953624
     0.94172    -0.723607    -0.489266     0.418858  -0.00318301   0.00221764     0.815911    -0.690442     0.161793     0.970896
     0.94172     -1.17242    -0.941429      1.83887   -0.0459265    0.0891086    -0.720466    -0.184594    -0.232441     0.572012
     0.94172     -1.17113     -0.93965      1.82986   -0.0457828    0.0886661    -0.713923    -0.189587    -0.233926     0.570191
     0.94172     -1.20079    -0.981029      1.98772   -0.0499911    0.0973318    -0.879847   -0.0459996    -0.191523     0.467103
     0.94172     -1.20196    -0.982909      1.99657   -0.0501662    0.0977782     -0.88745   -0.0383187    -0.188034     0.464301
     0.94172     -1.05249    -0.784068      1.24939   -0.0302991    0.0565754    -0.114093    -0.641722    -0.316743     0.852489
     0.94172     -1.05277    -0.784601      1.24267   -0.0304704    0.0563903    -0.116114    -0.640257    -0.317856     0.837497
     0.94172     -0.92792    -0.654819     0.813408   -0.0184321    0.0311955     0.334901    -0.805322    -0.206604     0.926947
     0.94172    -0.934281    -0.662763     0.823061   -0.0194952    0.0321785     0.308662    -0.793646    -0.213446     0.897408
     0.94172    -0.926091    -0.640084     0.822188    -0.015657    0.0306697     0.374901    -0.850394    -0.221348      1.01039
     0.94172    -0.927478    -0.635087     0.823165   -0.0147339     0.030566     0.385592    -0.869273    -0.233768       1.0287
     0.94172     -1.04991     -0.77482      1.25008     -0.02888    0.0561016   -0.0867101    -0.670423    -0.327497      0.90471
     0.94172     -1.05178    -0.773315      1.25407   -0.0285844    0.0562822   -0.0856616    -0.678604    -0.336417     0.911645
     0.94172     -1.17195    -0.938786      1.83767   -0.0455122    0.0889122    -0.710137    -0.199706    -0.241051     0.596812
     0.94172     -1.16961    -0.934021       1.8229   -0.0449761    0.0880836    -0.692297    -0.218668    -0.249747     0.612276
     0.94172     -1.20126     -0.98092      1.99467   -0.0498699    0.0975784    -0.879112   -0.0493539    -0.193684     0.483004
     0.94172     -1.20205    -0.981075      1.99704   -0.0498497    0.0976981    -0.879871   -0.0519352    -0.197155     0.487506
     0.94172     -1.23035     -1.02327       2.1552   -0.0542745     0.106416     -1.05284     0.112345    -0.137605      0.35426
     0.94172     -1.22989     -1.02195       2.1512   -0.0541106     0.106187     -1.04706     0.104191    -0.142537     0.363484
     0.94172    -0.949755    -0.641204     0.869219   -0.0146578    0.0334834     0.348123    -0.899704     -0.29261      1.03545
     0.94172    -0.953043    -0.640209     0.871672   -0.0144479    0.0337174      0.34638    -0.909374    -0.305688      1.03447
     0.94172     -1.05734    -0.771411      1.26066   -0.0281903    0.0567439   -0.0887516    -0.694799    -0.359114     0.913171
     0.94172      -1.0589    -0.770824      1.26096   -0.0281131    0.0568254   -0.0899148     -0.69896    -0.365882      0.90998
     0.94172     -1.16704    -0.928619       1.8052   -0.0443842    0.0871185    -0.672339    -0.240061    -0.259947     0.627314
     0.94172     -1.16536    -0.925179      1.79357   -0.0440192    0.0864944    -0.660004    -0.252677    -0.265759     0.634518
     0.94172     -1.19698    -0.972179      1.96524    -0.048892    0.0959561    -0.844391   -0.0888981    -0.213449     0.516927
     0.94172     -1.17975    -0.950379      1.86727   -0.0468896    0.0908176    -0.756525    -0.158144    -0.229788     0.542529
     0.94172     -1.20799    -0.990607      2.02237   -0.0509869     0.099289    -0.918685   -0.0137334    -0.183688     0.439439
     0.94172     -1.17316     -0.93171      1.79867   -0.0449302    0.0873222    -0.690105    -0.238839    -0.277386     0.579672
     0.94172     -1.10583    -0.827504      1.40114   -0.0346466    0.0661416    -0.307231    -0.560466    -0.376589     0.711775
     0.94172     -1.10405     -0.82159      1.39122   -0.0339545     0.065513    -0.290175    -0.578306    -0.385549     0.726803
     0.94172     -1.04283    -0.709143     0.990993   -0.0231883    0.0447156    0.0673225    -0.864826    -0.483255     0.738938
     0.94172     -1.04093    -0.710829     0.964737   -0.0236111    0.0436844    0.0675637    -0.859999    -0.478275     0.704625
     0.94172     -1.03953    -0.727563     0.978375   -0.0255268     0.044551    0.0343951    -0.810293    -0.437811     0.680029
     0.94172      -1.0417    -0.706236     0.999546   -0.0227265    0.0449062     0.074878    -0.870022    -0.482913     0.762073
     0.94172     -1.03422    -0.694756      1.00053   -0.0211434    0.0442528     0.112048    -0.892416    -0.478736      0.82459
     0.94172     -1.03924    -0.701735      1.00422   -0.0220764    0.0448381    0.0883469    -0.878611     -0.48188     0.790074
     0.94172       -1.166    -0.919289      1.76233   -0.0435432    0.0852047    -0.643295    -0.283504    -0.293855     0.621265
     0.94172     -1.19306    -0.961525       1.9189   -0.0478406    0.0936804      -0.8039     -0.14058    -0.245692     0.537439
     0.94172      -1.1936    -0.962401      1.92019   -0.0479577    0.0937901    -0.807514    -0.137041    -0.244631     0.531148
     0.94172     -1.16663    -0.920347      1.76276   -0.0436958    0.0852936    -0.647471    -0.279568    -0.292909     0.612645
     0.94172     -1.09585    -0.806908      1.36205   -0.0322351    0.0635843    -0.240759    -0.618906    -0.395644     0.773263
     0.94172     -1.10202     -0.81696       1.3861   -0.0333698    0.0650792    -0.275408    -0.591909    -0.390107     0.746217
     0.94172     -1.09079    -0.800065      1.34651   -0.0314365    0.0625456    -0.215581    -0.636297    -0.396166     0.796756
     0.94172      -1.1616    -0.912851      1.74339   -0.0428286    0.0840736    -0.618514    -0.304216      -0.2988     0.642486
     0.94172     -1.19006    -0.957181      1.90544   -0.0473638    0.0928892    -0.786949    -0.154938      -0.2493     0.551543
     0.94172    -0.978381    -0.652072     0.915989   -0.0156641    0.0370104     0.288023    -0.924246    -0.369313      1.00082
     0.94172     -1.00205    -0.664725     0.950302   -0.0172457    0.0398956     0.227334    -0.930158    -0.427833     0.946161
     0.94172      -1.1606    -0.915477      1.75932    -0.043009    0.0846825    -0.625041    -0.288705    -0.282727     0.653232
     0.94172     -1.06328    -0.768779      1.25729   -0.0279381    0.0569016   -0.0935753    -0.709697    -0.385708     0.890729
     0.94172     -1.18893    -0.957918      1.91264   -0.0473949     0.093125    -0.788693    -0.146088    -0.238758     0.556295
     0.94172    -0.925486    -0.646709     0.818141   -0.0169378    0.0308187     0.358494    -0.826973    -0.209783     0.975938
     0.94172     -1.04929    -0.777992        1.246   -0.0294353    0.0560544   -0.0938996    -0.658319    -0.319468      0.88557
     0.94172     -1.17366    -0.942363      1.84737   -0.0459388    0.0894889     -0.72384    -0.184677    -0.234177     0.581374
     0.94172      -1.2017    -0.982257      1.99749    -0.050049    0.0977643    -0.884644   -0.0418417    -0.189436     0.473234
     0.94172     -1.01815    -0.677496     0.975519   -0.0189102    0.0420307      0.17503    -0.918659    -0.458178      0.89364
     0.94172     -1.07654    -0.782858      1.30028   -0.0294876    0.0595931    -0.149885    -0.677812    -0.392997     0.849622
     0.94172     -1.16237     -0.91579      1.75813    -0.043071    0.0847386    -0.627908    -0.292151    -0.290151      0.64679
     0.94172      -1.1903    -0.958678      1.91399   -0.0474844    0.0932646    -0.792197    -0.146885    -0.242946     0.552866
     0.94172     -1.21101    -0.991198      2.02349   -0.0510083    0.0994621    -0.921241   -0.0249321     -0.19954     0.445196
     0.94172      -1.2126    -0.995868      2.04064   -0.0515272     0.100358    -0.939904  0.000343806    -0.183755       0.4259
     0.94172     -1.18633     -0.95712       1.8886   -0.0475911    0.0921395    -0.783857    -0.143106    -0.233696     0.522944
     0.94172     -1.18481    -0.951525      1.87011   -0.0469835    0.0911876    -0.764893    -0.167655    -0.249381     0.535336
     0.94172     -1.10443    -0.830351      1.40062   -0.0350372    0.0661459    -0.312084    -0.548147    -0.364692     0.702793
     0.94172     -1.08664    -0.821718      1.36044   -0.0343238    0.0635698    -0.263473    -0.551229    -0.327274      0.73454
     0.94172     -0.99959    -0.716626     0.908586   -0.0250953    0.0400541     0.114276    -0.773756    -0.329607     0.714788
     0.94172     -1.20208    -0.976231      1.96863   -0.0494331    0.0964752    -0.862051   -0.0840685    -0.224121     0.488828
     0.94172     -1.21623    -0.997317      2.05261   -0.0515372     0.100967    -0.945103  -0.00944297    -0.198748     0.446498
     0.94172     -1.22789     -1.01572      2.12047   -0.0534816     0.104697     -1.01974    0.0638264    -0.170061      0.38786
     0.94172     -1.23446     -1.02664      2.16107   -0.0546501      0.10692     -1.06492     0.111263    -0.149196     0.347816
     0.94172     -1.22867     -1.02126      2.14602   -0.0540956     0.105935     -1.04483     0.106673    -0.138359     0.355477
     0.94172     -1.22621     -1.01545      2.12708      -0.0534     0.104866     -1.01959    0.0734704    -0.157284     0.390947
     0.94172     -1.21404    -0.995627      2.05209    -0.051311     0.100788    -0.938495  -0.00930318    -0.192371     0.455893
     0.94172     -1.21571    -0.997434      2.05779   -0.0515019     0.101137    -0.945617  -0.00541833    -0.193501     0.451548
     0.94172     -1.21583    -0.996852      2.05319   -0.0514606     0.100949    -0.943133   -0.0107784    -0.198381     0.451802
     0.94172     -1.21593    -0.996863      2.05187   -0.0514745     0.100905    -0.943015   -0.0116921    -0.199551     0.450607
     0.94172     -1.36294     -1.22237      2.93181   -0.0754332     0.149123     -1.91672      1.00305     0.232127    -0.457526
     0.94172     -1.34863     -1.20063      2.84577   -0.0730983     0.144391     -1.81966      0.89849     0.185818    -0.356535
     0.94172     -1.36573     -1.22662      2.94857   -0.0758925     0.150047     -1.93581      1.02385     0.241478    -0.478035
     0.94172     -1.37354     -1.23826        2.994   -0.0771205     0.152541     -1.98578      1.07409     0.261325    -0.521515
     0.94172      -1.3592     -1.21633      2.90714    -0.074756     0.147762     -1.88724     0.966609     0.212875    -0.416146
     0.94172     -1.35223     -1.20572      2.86539   -0.0736177     0.145465      -1.8402     0.916327     0.190876    -0.368227
     0.94172      -1.3679     -1.22968      2.96021   -0.0761995     0.150682     -1.94769      1.03335       0.2435    -0.482643
     0.94172     -1.37177     -1.23559      2.98319   -0.0768353     0.151949      -1.9737      1.06096     0.255428     -0.50882
     0.94172     -1.36554     -1.22602      2.94513   -0.0757992     0.149854     -1.93028      1.01284     0.233239    -0.460623
     0.94172     -1.37638     -1.24261      3.01104     -0.07759     0.153481     -2.00516      1.09502     0.270612     -0.54187
     0.94172     -1.24136     -1.03982      2.21545   -0.0560524     0.109786     -1.12199     0.180062    -0.112091     0.292393
     0.94172     -1.24258     -1.04146      2.22098   -0.0562305     0.110108     -1.12878     0.185921    -0.110597     0.286326
     0.94172      -1.2981     -1.12405      2.54322    -0.064915     0.127777     -1.48124     0.538933    0.0295177   -0.0184269
     0.94172     -1.29977     -1.12666      2.55385   -0.0651934     0.128354     -1.49293     0.551861    0.0355448   -0.0304116
     0.94172     -1.34419     -1.19377      2.81792   -0.0723527     0.142863     -1.78787     0.862244     0.168416    -0.319381
     0.94172     -1.34173     -1.19008      2.80361   -0.0719624     0.142076     -1.77201     0.846139     0.161936    -0.305038
     0.94172     -1.22992     -1.02314      2.15092   -0.0543212      0.10625     -1.05264      0.11411    -0.136025     0.345376
     0.94172     -1.22981     -1.02275       2.1482   -0.0542895     0.106129     -1.05086     0.111355    -0.138051     0.345849
     0.94172     -1.35938     -1.21687      2.90942   -0.0748349     0.147894      -1.8911      0.97368     0.217932    -0.427044
     0.94172      -1.2404     -1.03801      2.21157   -0.0558149     0.109517     -1.11418     0.171033    -0.116143     0.305905
     0.94172     -1.24174     -1.03947      2.21795   -0.0559451     0.109859     -1.11986     0.174151     -0.11671     0.305771
     0.94172     -1.28113     -1.09866      2.44578   -0.0622105     0.122394     -1.37193     0.427844   -0.0152721    0.0830702
     0.94172     -1.28161     -1.09913      2.44787   -0.0622459     0.122503     -1.37341     0.427797   -0.0163356    0.0850253
     0.94172     -1.33402     -1.17842      2.75825   -0.0707121     0.139574     -1.72082     0.792337     0.139027    -0.254235
     0.94172     -1.33353     -1.17758      2.75498   -0.0706151     0.139392     -1.71672     0.787124     0.136196    -0.248132
     0.94172     -1.36324     -1.22278      2.93343   -0.0754743     0.149211     -1.91839      1.00451     0.232548    -0.458434
     0.94172     -1.36002     -1.21766      2.91202   -0.0749034     0.148035     -1.89307     0.972998     0.215773    -0.422612
     0.94172     -1.36554     -1.22609      2.94546   -0.0758111     0.149874     -1.93093      1.01426     0.234349    -0.462956
     0.94172     -1.36641     -1.22744      2.95089   -0.0759595     0.150173     -1.93724      1.02154     0.237901    -0.470665
     0.94172     -1.36105     -1.21926      2.91842    -0.075078     0.148387     -1.90047     0.981511     0.219899    -0.431539
     0.94172     -1.35457     -1.20923      2.87853   -0.0739889     0.146192     -1.85481     0.930431     0.196013    -0.379965
     0.94172     -1.36462      -1.2246      2.93949   -0.0756446     0.149544     -1.92379      1.00554     0.229809    -0.453175
     0.94172     -1.35181     -1.20499      2.86187   -0.0735312     0.145274     -1.83588     0.909858      0.18678    -0.359953
     0.94172      -1.3639     -1.22347      2.93508   -0.0755217       0.1493     -1.91871     0.999914     0.227219    -0.447519
     0.94172     -1.36399     -1.22361      2.93558   -0.0755368     0.149328      -1.9193      1.00056     0.227504    -0.448163
     0.94172      -1.3528     -1.20651      2.86783   -0.0736951     0.145602     -1.84264     0.917175     0.190039    -0.367035
     0.94172     -1.35599      -1.2114      2.88742   -0.0742218     0.146678     -1.86479     0.941633     0.201283    -0.391143
     0.94172     -1.36585     -1.22647      2.94706    -0.075845     0.149958     -1.93232      1.01503     0.234211    -0.462625
     0.94172     -1.36449     -1.22438      2.93874     -0.07562     0.149501     -1.92286      1.00455     0.229378    -0.452173
     0.94172     -1.35156      -1.2046      2.86045   -0.0734905     0.145196      -1.8343      0.90835     0.186237    -0.358728
     0.94172     -1.33539     -1.18053      2.76646   -0.0709415     0.140029     -1.73026      0.80262     0.143644    -0.264448
     0.94172     -1.33827     -1.18489      2.78337   -0.0714078     0.140961     -1.74932     0.822573     0.152089    -0.283224
     0.94172     -1.35137     -1.20479      2.86213   -0.0735451     0.145292     -1.83813     0.918212     0.194436    -0.375434
     0.94172     -1.37144     -1.23513      2.98143   -0.0767888     0.151854     -1.97192      1.05955     0.255142     -0.50818
     0.94172     -1.36316      -1.2224      2.93076   -0.0754099     0.149065     -1.91406     0.995273     0.225401    -0.443616
     0.94172      -1.3747     -1.24001       3.0007   -0.0773069     0.152911     -1.99327      1.08167      0.26435    -0.528217
     0.94172     -1.37608     -1.24211      3.00912   -0.0775341     0.153374     -2.00284      1.09229     0.269247    -0.538839
     0.94172     -1.33443      -1.1785      2.75782   -0.0706899      0.13955      -1.7187     0.784829     0.132185    -0.241258
     0.94172     -1.32793     -1.16848      2.71802   -0.0696137     0.137368     -1.67397     0.736111     0.110159     -0.19458
     0.94172     -1.33289     -1.17607      2.74758   -0.0704261     0.138994     -1.70719     0.771147     0.125208    -0.227233
     0.94172     -1.35689     -1.21282      2.89276   -0.0743778     0.146975     -1.87106     0.948447     0.204332    -0.397964
     0.94172     -1.33654     -1.18184      2.77129   -0.0710539     0.140288     -1.73409     0.802528     0.140816    -0.259209
     0.94172     -1.36431     -1.22423      2.93873   -0.0756145     0.149501     -1.92349       1.0075     0.232208     -0.45799
     0.94172     -1.36393     -1.22386      2.93737   -0.0755918     0.149432     -1.92299      1.00925     0.234487    -0.462953
     0.94172     -1.36494     -1.22542      2.94367   -0.0757617     0.149778     -1.93021      1.01743     0.238385    -0.471381
     0.94172     -1.36752     -1.22921      2.95813   -0.0761568     0.150572     -1.94585      1.03211      0.24343    -0.482628
     0.94172     -1.36075     -1.21892      2.91737   -0.0750505     0.148331     -1.89982     0.982357     0.221296    -0.434432
     0.94172     -1.34707     -1.19796        2.834   -0.0727879     0.143746     -1.80517     0.878317     0.173844    -0.331597
     0.94172     -1.36147     -1.22008      2.92225   -0.0751826       0.1486     -1.90572     0.989932     0.225457    -0.443374
     0.94172     -1.36377     -1.22355      2.93642   -0.0755537     0.149375     -1.92157      1.00744     0.233521    -0.460597
     0.94172     -1.36987     -1.23281       2.9725   -0.0765473     0.151364     -1.96226      1.05033     0.251855    -0.500961
     0.94172      -1.2723     -1.08384      2.38764   -0.0605827     0.119209     -1.30494     0.349733   -0.0541942     0.160541
     0.94172     -1.28618     -1.10636      2.47523   -0.0630365     0.124022     -1.40529      0.46256 -0.000689427    0.0506146
     0.94172     -1.22778     -1.01592       2.1274   -0.0534294     0.104945     -1.02046    0.0661176    -0.166823     0.397066
     0.94172     -1.22885     -1.01691      2.12903   -0.0535458     0.105086      -1.0241    0.0666928    -0.169287     0.394077
     0.94172     -1.22897     -1.01701      2.12865   -0.0535637     0.105081     -1.02442    0.0665819    -0.169779      0.39308
     0.94172      -1.2296       -1.018      2.13121   -0.0536832     0.105245     -1.02856    0.0707083    -0.168335     0.387513
     0.94172     -1.23492     -1.02648      2.16203   -0.0545964     0.106955     -1.06371     0.106431    -0.153688     0.356011
     0.94172     -1.27339     -1.08515      2.39132   -0.0607241     0.119439     -1.30986     0.352519   -0.0548837     0.157522
     0.94172      -1.3377     -1.18346      2.77659   -0.0712211      0.14059     -1.73999     0.806542     0.140953    -0.261183
     0.94172     -1.27172     -1.08261      2.38075   -0.0604639     0.118873     -1.29897     0.341259   -0.0597295     0.166198
     0.94172     -1.27337     -1.08582      2.39585   -0.0608003     0.119649     -1.31419     0.361501   -0.0476376     0.148947
     0.94172      -1.2279     -1.01666      2.13101   -0.0535083     0.105117      -1.0238    0.0717943    -0.162584     0.393171
     0.94172     -1.23455      -1.0278      2.17381   -0.0546925     0.107438     -1.07045     0.121793      -0.1398     0.351907
     0.94172      -1.2797     -1.09585      2.43513   -0.0618803     0.121802     -1.35837     0.409772   -0.0255864     0.103664
     0.94172     -1.33418     -1.17842      2.75815   -0.0706963     0.139565     -1.71977      0.78896     0.136051    -0.248171
     0.94172      -1.3645     -1.22459      2.94042   -0.0756606     0.149594     -1.92578      1.01115     0.234615    -0.463077
     0.94172      -1.2392     -1.03663      2.20497   -0.0556975     0.109175     -1.10874     0.167502    -0.116334     0.305691
     0.94172     -1.33509     -1.17973      2.76318   -0.0708324     0.139841      -1.7252     0.794003     0.137749    -0.252099
     0.94172     -1.34133     -1.18904      2.79865   -0.0718237     0.141803     -1.76498     0.833815     0.153278    -0.287701
     0.94172     -1.28188     -1.09847       2.4418   -0.0621656     0.122231     -1.36765     0.414009   -0.0280622    0.0992633
     0.94172     -1.29301     -1.11586      2.51024   -0.0640312      0.12598     -1.44423     0.496866   0.00920135    0.0220804
     0.94172     -1.24575     -1.04503      2.23275   -0.0565963     0.110806     -1.14255     0.193612    -0.112368     0.279609
     0.94172     -1.24169     -1.03756      2.20363   -0.0557812     0.109234     -1.11001     0.155071    -0.132389     0.314303
     0.94172     -1.24407     -1.04331      2.22712   -0.0564245     0.110468     -1.13609     0.191169    -0.110178     0.281336
     0.94172     -1.27432      -1.0867      2.39615   -0.0609069     0.119727     -1.31668     0.360107   -0.0515111     0.148247
     0.94172     -1.23719     -1.03229      2.18291   -0.0552742     0.108091     -1.08946     0.142104    -0.131925     0.320187
     0.94172     -1.23459     -1.02927      2.17232   -0.0549686     0.107479     -1.07757     0.134546     -0.13154     0.326359
     0.94172     -1.37218     -1.23634      2.98654   -0.0769286     0.152136     -1.97823      1.06792     0.259889    -0.518458
     0.94172     -1.36982     -1.23277      2.97244   -0.0765457     0.151361     -1.96238      1.05104     0.252549    -0.502444
     0.94172     -1.36952     -1.23234      2.97086   -0.0765026     0.151274     -1.96074      1.04969      0.25223     -0.50171
     0.94172      -1.3712     -1.23493      2.98126   -0.0767843     0.151847      -1.9727      1.06327     0.258707    -0.515788
     0.94172     -1.37176     -1.23579      2.98478    -0.076879      0.15204     -1.97678      1.06805     0.261076    -0.520912
     0.94172      -1.3727     -1.23725       2.9907   -0.0770374     0.152365     -1.98356      1.07579     0.264803     -0.52896
     0.94172     -1.37248      -1.2369      2.98936   -0.0769988     0.152291     -1.98197      1.07402     0.263975      -0.5271
     0.94172     -1.37414      -1.2394      2.99926   -0.0772657     0.152835     -1.99307      1.08583     0.269104    -0.538298
     0.94172     -1.37318      -1.2379      2.99328   -0.0771014     0.152505     -1.98607      1.07768     0.265095    -0.529555
     0.94172     -1.37425     -1.23948      2.99943   -0.0772676     0.152842     -1.99283      1.08444     0.267735    -0.535367
     0.94172     -1.37226     -1.23637      2.98688   -0.0769254      0.15215     -1.97817      1.06729     0.259247    -0.516891
     0.94172     -1.37368     -1.23853      2.99533   -0.0771555     0.152615     -1.98763       1.0772     0.263448    -0.526075
     0.94172     -1.37816     -1.24533      3.02208   -0.0778847     0.154087     -2.01775      1.10926     0.277372    -0.556474
     0.94172     -1.38118     -1.24993      3.04021     -0.07838     0.155085     -2.03826      1.13134     0.287111     -0.57775
     0.94172     -1.38043     -1.24878      3.03558   -0.0782557     0.154831     -2.03301      1.12551     0.284421    -0.571917
     0.94172      -1.3796     -1.24753       3.0306   -0.0781219     0.154558     -2.02745      1.11963     0.281884    -0.566416
     0.94172      -1.3741     -1.23922      2.99776   -0.0772326     0.152752     -1.99061      1.08046     0.264907    -0.529436
     0.94172     -1.37885     -1.24641      3.02621   -0.0780038     0.154316     -2.02261      1.11468     0.279882    -0.562067
     0.94172     -1.37739     -1.24424      3.01775   -0.0777758     0.153853     -2.01335      1.10545     0.276293    -0.554251
     0.94172     -1.37932     -1.24716      3.02926   -0.0780877     0.154485     -2.02626      1.11916     0.282224    -0.567177
     0.94172     -1.39013     -1.26383      3.09626   -0.0799058     0.158176     -2.10353      1.20719     0.324347    -0.659088
     0.94172     -1.38949     -1.26286      3.09241   -0.0798021     0.157964     -2.09921      1.20258     0.322342    -0.654714
     0.94172     -1.40354     -1.28432      3.17774   -0.0821257     0.162664      -2.1966      1.31001     0.371479    -0.762357
     0.94172     -1.39076     -1.26477      3.09978   -0.0800057      0.15837     -2.10744      1.21097     0.325722    -0.662189
     0.94172      -1.3852     -1.25625      3.06575   -0.0790809     0.156496     -2.06843       1.1673     0.305317    -0.617587
     0.94172     -1.39708     -1.27441       3.1381   -0.0810478      0.16048     -2.15107      1.25888     0.347496    -0.709841
     0.94172     -1.40884     -1.29244      3.21015   -0.0830074      0.16445     -2.23377      1.35153     0.390804    -0.804734
     0.94172     -1.40443     -1.28567      3.18302   -0.0822694     0.162955     -2.20252      1.31624     0.374122     -0.76815
     0.94172     -1.41086     -1.29555      3.22255    -0.083345     0.165134     -2.24803      1.36753     0.398292    -0.821167
     0.94172     -1.40718     -1.28989      3.19987   -0.0827277     0.163883     -2.22186      1.33787     0.384212    -0.790267
     0.94172     -1.41128     -1.29618      3.22508   -0.0834138     0.165273     -2.25093      1.37078     0.399809    -0.824497
     0.94172      -1.4081     -1.29129      3.20547   -0.0828801     0.164192     -2.22829      1.34507     0.387572    -0.797636
     0.94172     -1.41173     -1.29688      3.22788   -0.0834898     0.165427     -2.25414      1.37438     0.401487    -0.828182
     0.94172     -1.40865     -1.29213      3.20884   -0.0829717     0.164377     -2.23215       1.3494     0.389588    -0.802059
     0.94172     -1.40499     -1.28649      3.18624   -0.0823535      0.16313      -2.2059      1.31932     0.375098    -0.770202
     0.94172     -1.40935     -1.29318      3.21304   -0.0830835     0.164608     -2.23682      1.35433     0.391693    -0.806613
     0.94172     -1.40248     -1.28262      3.17068   -0.0819306     0.162273     -2.18791      1.29877     0.365233    -0.748576
     0.94172       -1.408     -1.29113       3.2049   -0.0828617     0.164159     -2.22753      1.34412     0.387048    -0.796421
     0.94172     -1.41127     -1.29614       3.2249   -0.0834064     0.165261     -2.25054      1.36996     0.399167    -0.823028
     0.94172     -1.40685     -1.28936      3.19776   -0.0826672     0.163765     -2.21925      1.33462     0.382468    -0.786369
     0.94172     -1.41344     -1.29948      3.23831   -0.0837719     0.166001     -2.26607       1.3877     0.407672    -0.841727
     0.94172      -1.4123     -1.29773      3.23127     -0.08358     0.165613     -2.25792      1.37838     0.403205    -0.831904
     0.94172     -1.40882     -1.29239      3.20994   -0.0829988     0.164437     -2.23337      1.35079     0.390258    -0.803472
     0.94172     -1.41039      -1.2948      3.21964   -0.0832632     0.164972     -2.24461      1.36365     0.396437    -0.817056
     0.94172     -1.41628     -1.30386      3.25588   -0.0842507     0.166971     -2.28646      1.41107     0.418943    -0.866526
     0.94172     -1.41425     -1.30074      3.24335   -0.0839091     0.166279     -2.27191      1.39439     0.410899    -0.848827
     0.94172     -1.41105     -1.29583      3.22376   -0.0833756       0.1652     -2.24941      1.36919     0.399134     -0.82299
     0.94172     -1.41472     -1.30147      3.24637   -0.0839917     0.166447     -2.27554      1.39888     0.413278    -0.854077
     0.94172      -1.4172     -1.30529      3.26162   -0.0844073     0.167287     -2.29313      1.41873     0.422643    -0.874673
     0.94172     -1.41669     -1.30449      3.25843     -0.08432     0.167111     -2.28941      1.41446     0.420579    -0.870126
     0.94172     -1.41518     -1.30219      3.24925   -0.0840701     0.166605     -2.27889      1.40273     0.415147    -0.858193
     0.94172     -1.41537     -1.30248      3.25044   -0.0841028     0.166671     -2.28031      1.40447     0.416051    -0.860197
     0.94172     -1.41778     -1.30618      3.26521   -0.0845055     0.167486     -2.29733      1.42361     0.425042    -0.879963
     0.94172     -1.41734      -1.3055      3.26249   -0.0844312     0.167336     -2.29415      1.41991      0.42322    -0.875947
     0.94172     -1.41556     -1.30278      3.25163   -0.0841353     0.166737      -2.2817      1.40607     0.416835    -0.861925
     0.94172     -1.41623      -1.3038      3.25573   -0.0842472     0.166963     -2.28644      1.41147     0.419406     -0.86758
     0.94172     -1.41702     -1.30502      3.26056    -0.084379     0.167229     -2.29195      1.41749     0.422121     -0.87354
     0.94172     -1.41769     -1.30604      3.26466   -0.0844905     0.167455     -2.29669       1.4229     0.424711    -0.879236
     0.94172     -1.41612     -1.30364      3.25509     -0.08423     0.166928     -2.28571      1.41065     0.419023     -0.86674
     0.94172     -1.41515     -1.30214      3.24908   -0.0840666     0.166597     -2.27878       1.4028       0.4153    -0.858559
     0.94172     -1.41532      -1.3024      3.25004   -0.0840928     0.166649     -2.27978      1.40363     0.415504    -0.858991
     0.94172     -1.41635     -1.30398      3.25636   -0.0842649     0.166998     -2.28709      1.41194     0.419458    -0.867684
     0.94172     -1.41418     -1.30066      3.24314    -0.083905     0.166269     -2.27193      1.39503     0.411616    -0.850462
     0.94172     -1.41386     -1.30016      3.24112   -0.0838501     0.166158     -2.26957       1.3923      0.41028    -0.847521
     0.94172     -1.39767     -1.27523      3.14113   -0.0811263     0.160644     -2.15389      1.26041     0.347144    -0.708949
     0.94172     -1.39721     -1.27454      3.13848   -0.0810531     0.160498     -2.15098       1.2576      0.34612    -0.706701
     0.94172     -1.40066     -1.27988      3.15998   -0.0816382     0.161683     -2.17595      1.28638     0.360102    -0.737341
     0.94172     -1.39864     -1.27676      3.14748   -0.0812979     0.160995      -2.1615      1.26988     0.352198    -0.720023
     0.94172     -1.40167     -1.28142      3.16619   -0.0818075     0.162026     -2.18315      1.29461     0.364067     -0.74603
     0.94172     -1.40217     -1.28221      3.16936   -0.0818938     0.162201     -2.18684      1.29889     0.366165    -0.750637
     0.94172     -1.40271     -1.28304      3.17271   -0.0819853     0.162386     -2.19074       1.3034      0.36836    -0.755455
     0.94172     -1.40453     -1.28585      3.18393   -0.0822913     0.163005     -2.20371      1.31815     0.375395    -0.770891
     0.94172     -1.40464     -1.28602      3.18464   -0.0823108     0.163044     -2.20457      1.31923     0.375984    -0.772191
     0.94172     -1.40492     -1.28646      3.18642   -0.0823598     0.163143     -2.20668      1.32174     0.377252    -0.774986
     0.94172     -1.40501      -1.2866      3.18699   -0.0823753     0.163174     -2.20735      1.32256     0.377677    -0.775925
     0.94172     -1.40596     -1.28806      3.19281   -0.0825343     0.163495     -2.21406      1.33011     0.381227    -0.783715
     0.94172      -1.4059     -1.28797      3.19244   -0.0825245     0.163474     -2.21365      1.32966     0.381028    -0.783285
     0.94172     -1.40603     -1.28817      3.19325    -0.082547     0.163519     -2.21458       1.3307     0.381503    -0.784338
     0.94172      -1.4059     -1.28797       3.1924   -0.0825241     0.163473      -2.2136      1.32955     0.380942    -0.783108
     0.94172     -1.40445     -1.28574      3.18351   -0.0822824     0.162983     -2.20338      1.31806     0.375539    -0.771262
     0.94172     -1.39017      -1.2638      3.09595    -0.079895     0.158157     -2.10266      1.20485      0.32237    -0.654761
     0.94172     -1.39098     -1.26507      3.10112   -0.0800363     0.158442      -2.1088       1.2123     0.326227    -0.663186
     0.94172     -1.39061     -1.26453      3.09901   -0.0799793     0.158326     -2.10651       1.2101     0.325434    -0.661456
     0.94172     -1.39023     -1.26397      3.09682   -0.0799205     0.158206     -2.10411       1.2077     0.324492    -0.659397
     0.94172     -1.38929     -1.26257      3.09124    -0.079771       0.1579     -2.09789      1.20115     0.321702    -0.653326
     0.94172     -1.38943     -1.26277      3.09203   -0.0797933     0.157944     -2.09881      1.20212     0.322122    -0.654263
     0.94172     -1.40422     -1.28539      3.18202   -0.0822421       0.1629     -2.20157      1.31577     0.374291    -0.768522
     0.94172     -1.40425     -1.28544      3.18227   -0.0822488     0.162914     -2.20193      1.31635     0.374686    -0.769389
     0.94172     -1.39005     -1.26371      3.09566   -0.0798934     0.158144     -2.10285      1.20623     0.323764    -0.657893
     0.94172     -1.39287     -1.26791      3.11223    -0.080338     0.159053     -2.12112      1.22493     0.331358    -0.674425
     0.94172     -1.39455     -1.27046      3.12208   -0.0806101     0.159595     -2.13216      1.23632     0.336051    -0.684727
     0.94172     -1.39657     -1.27355      3.13439   -0.0809437     0.160273     -2.14617      1.25176     0.343097    -0.700114
     0.94172     -1.41514      -1.3021      3.24879    -0.084058     0.166579     -2.27817      1.40137     0.414138     -0.85596
     0.94172     -1.41627     -1.30385      3.25581   -0.0842492     0.166967     -2.28634       1.4108      0.41872    -0.866039
     0.94172     -1.41735     -1.30551      3.26252   -0.0844318     0.167337     -2.29415      1.41984     0.423136    -0.875759
     0.94172     -1.41776     -1.30614      3.26506   -0.0845013     0.167477     -2.29712       1.4233     0.424843    -0.879521
     0.94172     -1.41773     -1.30609      3.26486   -0.0844959     0.167466     -2.29689      1.42305     0.424728     -0.87927
     0.94172     -1.41729     -1.30543      3.26217   -0.0844229     0.167318     -2.29378      1.41947     0.423002    -0.875473
     0.94172     -1.41611     -1.30361      3.25484   -0.0842233     0.166914     -2.28526      1.40965     0.418234    -0.864981
     0.94172     -1.41509     -1.30203       3.2485   -0.0840504     0.166563     -2.27788      1.40113     0.414082    -0.855847
     0.94172     -1.40074     -1.27995      3.15997   -0.0816399     0.161683     -2.17557       1.2848       0.3586    -0.734053
     0.94172     -1.39989     -1.27865      3.15478   -0.0814997     0.161397     -2.16969      1.27834     0.355681    -0.727683
     0.94172     -1.40156     -1.28125      3.16524   -0.0817853     0.161974     -2.18191      1.29258     0.362691    -0.743082
     0.94172      -1.3978     -1.27547      3.14216   -0.0811575     0.160703      -2.1554      1.26285     0.348768    -0.712589
     0.94172     -1.41337      -1.2994      3.23802   -0.0837658     0.165986      -2.2659      1.38784     0.407976    -0.842444
     0.94172     -1.41147     -1.29649      3.22638   -0.0834492     0.165345     -2.25253       1.3729     0.401008    -0.827148
     0.94172     -1.39091     -1.26492      3.10002   -0.0800116     0.158382     -2.10711      1.20891      0.32366    -0.657652
     0.94172     -1.41452     -1.30117       3.2451   -0.0839585     0.166377     -2.27408      1.39716     0.412419    -0.852209
     0.94172     -1.41317     -1.29911      3.23689    -0.083735     0.165924     -2.26467      1.38669     0.407582    -0.841591
     0.94172     -1.38931     -1.26258      3.09122   -0.0797722     0.157899     -2.09784      1.20088     0.321436    -0.652787
     0.94172     -1.38156     -1.25062      3.04309   -0.0784643     0.155247     -2.04218      1.13715     0.290732    -0.585744
     0.94172     -1.41456     -1.30124      3.24545   -0.0839679     0.166397      -2.2746      1.39806     0.413054    -0.853623
     0.94172     -1.41664     -1.30443       3.2582   -0.0843149     0.167099     -2.28921      1.41435     0.420608    -0.870212
     0.94172     -1.40566     -1.28761      3.19099   -0.0824856     0.163395     -2.21199      1.32779     0.380145     -0.78136
     0.94172     -1.41518     -1.30219      3.24929   -0.0840715     0.166608       -2.279      1.40301     0.415382    -0.858729
     0.94172     -1.41723     -1.30533      3.26181   -0.0844125     0.167298     -2.29335      1.41897     0.422748    -0.874907
     0.94172     -1.40464     -1.28602      3.18469   -0.0823126     0.163047     -2.20471      1.31958     0.376275    -0.772848
     0.94172     -1.41055     -1.29506      3.22067   -0.0832915     0.165029     -2.24583      1.36509     0.397161    -0.818654
     0.94172     -1.41374     -1.29994      3.24017   -0.0838224     0.166104     -2.26822      1.39014     0.408838    -0.844292
     0.94172     -1.40216      -1.2822      3.16932   -0.0818929     0.162199     -2.18682      1.29896     0.366249    -0.750823
     0.94172     -1.40989     -1.29402      3.21638   -0.0831745     0.164792     -2.24067      1.35866     0.393733    -0.811093
     0.94172     -1.40359     -1.28432      3.17748   -0.0821158     0.162647     -2.19574      1.30759     0.369386    -0.757682
     0.94172     -1.41158     -1.29661      3.22679    -0.083458     0.165366     -2.25272      1.37241     0.400317    -0.825555
     0.94172     -1.41241     -1.29789      3.23192   -0.0835978     0.165649     -2.25866      1.37919     0.403567    -0.832699
     0.94172     -1.41326     -1.29921      3.23722   -0.0837421     0.165941     -2.26479      1.38618     0.406911     -0.84005
     0.94172     -1.41356     -1.29967      3.23903   -0.0837917     0.166041     -2.26687       1.3885     0.407986    -0.842419
     0.94172     -1.41461     -1.30129      3.24558     -0.08397     0.166402     -2.27449       1.3973     0.412273    -0.851849
     0.94172     -1.41637       -1.304      3.25645   -0.0842662     0.167002     -2.28711      1.41179     0.419273    -0.867251
     0.94172     -1.41668     -1.30447      3.25836   -0.0843181     0.167107     -2.28932      1.41433       0.4205     -0.86995
     0.94172     -1.41711     -1.30514      3.26104   -0.0843914     0.167255     -2.29244       1.4179     0.422213    -0.873724
     0.94172      -1.4168     -1.30466      3.25909   -0.0843384     0.167148     -2.29016      1.41523     0.420894    -0.870822
     0.94172      -1.4174      -1.3056      3.26286   -0.0844412     0.167356     -2.29456      1.42035     0.423414    -0.876373
     0.94172     -1.41781     -1.30622      3.26537   -0.0845098     0.167494      -2.2975      1.42378     0.425103    -0.880096
     0.94172     -1.41773     -1.30611      3.26492   -0.0844976      0.16747     -2.29698       1.4232     0.424835    -0.879508
     0.94172     -1.41719     -1.30527      3.26155    -0.084406     0.167284     -2.29308      1.41874     0.422693    -0.874796
     0.94172     -1.41604      -1.3035      3.25444   -0.0842125     0.166892     -2.28482      1.40922     0.418072     -0.86463
     0.94172     -1.41612     -1.30362      3.25495   -0.0842264      0.16692     -2.28544      1.41003     0.418529    -0.865639
     0.94172     -1.41526      -1.3023      3.24964   -0.0840821     0.166627     -2.27931      1.40307     0.415213    -0.858349
     0.94172     -1.41468     -1.30141      3.24607   -0.0839849      0.16643     -2.27519      1.39839     0.412985    -0.853451
     0.94172      -1.4137      -1.2999      3.24002   -0.0838202     0.166096     -2.26819      1.39041     0.409173    -0.845073
     0.94172      -1.4028     -1.28315      3.17286   -0.0819926     0.162394     -2.19066       1.3024     0.367292     -0.75316
     0.94172     -1.40138     -1.28094      3.16393   -0.0817485     0.161901      -2.1802      1.29015     0.361224    -0.739821
     0.94172     -1.40208       -1.282      3.16818   -0.0818632     0.162135     -2.18502      1.29544     0.363618    -0.745047
     0.94172     -1.41045     -1.29487       3.2198   -0.0832678      0.16498     -2.24461      1.36312     0.395836    -0.815713
     0.94172     -1.40475      -1.2861      3.18461     -0.08231      0.16304     -2.20395      1.31686     0.373765    -0.767284
     0.94172     -1.41194     -1.29717        3.229   -0.0835182     0.165488     -2.25526      1.37527     0.401663    -0.828512
     0.94172     -1.41245     -1.29796      3.23219   -0.0836052     0.165664     -2.25896      1.37949     0.403685    -0.832956
     0.94172     -1.41292     -1.29869       3.2351   -0.0836845     0.165824     -2.26233      1.38333     0.405515     -0.83698
     0.94172      -1.4131     -1.29896      3.23616   -0.0837135     0.165882     -2.26352      1.38461     0.406075    -0.838223
     0.94172     -1.41501      -1.3019      3.24802   -0.0840366     0.166537     -2.27731       1.4005     0.413787    -0.855178
     0.94172     -1.41648     -1.30417      3.25714   -0.0842851      0.16704     -2.28791      1.41268     0.419686    -0.868158
     0.94172     -1.41662     -1.30438      3.25798   -0.0843079     0.167086     -2.28888       1.4138     0.420225    -0.869344
     0.94172      -1.4169     -1.30481      3.25969   -0.0843547     0.167181     -2.29086      1.41605     0.421302    -0.871716
     0.94172     -1.41618      -1.3037      3.25523   -0.0842332     0.166934     -2.28566      1.41001     0.418335    -0.865191
     0.94172      -1.4174     -1.30559      3.26282   -0.0844401     0.167353     -2.29451      1.42026     0.423348    -0.876227
     0.94172     -1.41779      -1.3062      3.26529   -0.0845075      0.16749     -2.29739      1.42363     0.425011    -0.879892
     0.94172     -1.41775     -1.30613        3.265   -0.0844996     0.167474     -2.29706      1.42325     0.424839    -0.879514
     0.94172     -1.41729     -1.30542      3.26215   -0.0844222     0.167317     -2.29376      1.41947     0.423014    -0.875502
     0.94172     -1.41581     -1.30314      3.25295    -0.084172     0.166809     -2.28308      1.40718     0.417055     -0.86239
     0.94172     -1.41585     -1.30321      3.25329   -0.0841812     0.166828     -2.28351      1.40781     0.417447    -0.863258
     0.94172     -1.41514     -1.30212       3.2489    -0.084062     0.166586     -2.27845      1.40205     0.414705     -0.85723
     0.94172     -1.41482     -1.30164      3.24696   -0.0840091     0.166479      -2.2762       1.3995     0.413493    -0.854565
     0.94172     -1.41401     -1.30039      3.24196   -0.0838729     0.166203     -2.27041       1.3929     0.410332    -0.847617
     0.94172      -1.4041     -1.28515      3.18084   -0.0822095     0.162834     -2.19982      1.31269     0.372119    -0.763739
     0.94172     -1.40296     -1.28336      3.17363   -0.0820124     0.162435     -2.19135       1.3027     0.367121    -0.752739
     0.94172     -1.40349     -1.28417      3.17685   -0.0820994     0.162613     -2.19501      1.30672     0.368948    -0.756731
     0.94172     -1.41408     -1.30048      3.24227   -0.0838812      0.16622      -2.2707      1.39302     0.410248    -0.847426
     0.94172      -1.4151     -1.30205      3.24858   -0.0840531     0.166568     -2.27802      1.40141     0.414299    -0.856333
     0.94172     -1.41571       -1.303      3.25242   -0.0841575      0.16678      -2.2825      1.40664     0.416882    -0.862016
     0.94172     -1.41506       -1.302      3.24842   -0.0840488      0.16656     -2.27788      1.40139     0.414378    -0.856511
     0.94172     -1.41479     -1.30158      3.24672   -0.0840025     0.166466     -2.27592      1.39916     0.413317    -0.854179
     0.94172     -1.41406     -1.30047      3.24226   -0.0838811      0.16622     -2.27075      1.39327     0.410496    -0.847978
     0.94172      -1.4121     -1.29745      3.23016   -0.0835519     0.165553     -2.25677      1.37735     0.402891    -0.831266
     0.94172     -1.41267     -1.29831      3.23358   -0.0836449     0.165741     -2.26069       1.3817     0.404903    -0.835684
     0.94172     -1.41386     -1.30012      3.24084   -0.0838411      0.16614     -2.26894      1.39078     0.409027    -0.844715
     0.94172     -1.41352      -1.2996      3.23875   -0.0837842     0.166026     -2.26653      1.38806     0.407736    -0.841874
     0.94172     -1.41512     -1.30206      3.24866   -0.0840539     0.166572     -2.27804      1.40132     0.414177    -0.856037
     0.94172     -1.41641     -1.30406      3.25668   -0.0842726     0.167015     -2.28737      1.41205     0.419375    -0.867474
     0.94172     -1.41658     -1.30432      3.25773   -0.0843011     0.167073     -2.28858      1.41345     0.420047    -0.868954
     0.94172     -1.41676      -1.3046      3.25886   -0.0843321     0.167135     -2.28989      1.41493     0.420748    -0.870497
     0.94172     -1.41606     -1.30353      3.25451   -0.0842137     0.166895     -2.28483      1.40905     0.417874    -0.864176
     0.94172     -1.41489     -1.30171      3.24722   -0.0840151     0.166493     -2.27635      1.39929     0.413135    -0.853752
     0.94172     -1.40829     -1.29155      3.20642   -0.0829041     0.164243     -2.22912      1.34538       0.3873    -0.796988
     0.94172     -1.40569     -1.28755      3.19042   -0.0824682     0.163361     -2.21066      1.32447      0.37738    -0.775215
     0.94172     -1.41054     -1.29501      3.22036    -0.083283     0.165011     -2.24526      1.36384     0.396174    -0.816457
     0.94172     -1.41193     -1.29715      3.22894   -0.0835164     0.165484     -2.25518      1.37516     0.401599    -0.828371
     0.94172     -1.41246     -1.29797      3.23223   -0.0836062     0.165666     -2.25899      1.37951     0.403679    -0.832942
     0.94172     -1.41279     -1.29848      3.23427   -0.0836617     0.165778     -2.26135      1.38219     0.404956     -0.83575
     0.94172     -1.41271     -1.29836      3.23376   -0.0836482      0.16575     -2.26075      1.38144      0.40456    -0.834892
     0.94172     -1.41089     -1.29556       3.2225   -0.0833418     0.165129     -2.24772      1.36657     0.397431    -0.819238
     0.94172     -1.40422      -1.2853      3.18138   -0.0822233     0.162862     -2.20027      1.31275     0.371856    -0.763113
     0.94172     -1.40454     -1.28578      3.18332   -0.0822754     0.162969     -2.20247      1.31517     0.372957    -0.765524
     0.94172     -1.40804     -1.29117      3.20489   -0.0828624     0.164158     -2.22736      1.34339     0.386362    -0.794935
     0.94172     -1.41089     -1.29555      3.22248   -0.0833415     0.165128      -2.2477      1.36656      0.39743    -0.819242
     0.94172     -1.41319     -1.29909      3.23667   -0.0837277     0.165911     -2.26411      1.38524     0.406359    -0.838852
     0.94172     -1.41425     -1.30073      3.24325   -0.0839071     0.166274     -2.27175      1.39401     0.410592    -0.848164
     0.94172     -1.41431     -1.30082      3.24365   -0.0839186     0.166296     -2.27226       1.3947     0.410987    -0.849043
     0.94172     -1.41345     -1.29951      3.23837    -0.083775     0.166005     -2.26617      1.38782     0.407732    -0.841896
     0.94172     -1.41214     -1.29749       3.2303   -0.0835554      0.16556     -2.25688      1.37734     0.402798    -0.831061
     0.94172     -1.40919     -1.29296      3.21212   -0.0830608     0.164558     -2.23589      1.35352     0.391463    -0.806175
     0.94172     -1.40508     -1.28664      3.18681    -0.082372     0.163163     -2.20668      1.32038     0.375709    -0.771604
     0.94172     -1.41091     -1.29559      3.22264   -0.0833456     0.165137     -2.24788      1.36675     0.397514    -0.819422
     0.94172     -1.41341     -1.29943      3.23805   -0.0837652     0.165987     -2.26571      1.38708     0.407246      -0.8408
     0.94172     -1.41478     -1.30155      3.24655    -0.083997     0.166456     -2.27557      1.39839     0.412699    -0.852794
     0.94172     -1.41472     -1.30145      3.24614   -0.0839859     0.166433      -2.2751      1.39785     0.412433    -0.852209
     0.94172     -1.41473     -1.30147      3.24625   -0.0839893     0.166439     -2.27527      1.39815     0.412652    -0.852703
     0.94172     -1.41382     -1.30008      3.24067   -0.0838376     0.166132     -2.26884      1.39088     0.409209    -0.845141
     0.94172     -1.40896     -1.29261      3.21074   -0.0830233     0.164482     -2.23432      1.35178     0.390667    -0.804427
     0.94172     -1.41221     -1.29761      3.23079    -0.083569     0.165587     -2.25746      1.37804     0.403151    -0.831837
     0.94172     -1.40767      -1.2906      3.20261   -0.0828003     0.164033     -2.22472      1.34039     0.384921    -0.791769
     0.94172    -0.714211    -0.503747    -0.356213   -0.0102544  -0.00248404     0.775313    -0.617094     0.173464    -0.754584
     0.94172    -0.761895    -0.532901    -0.425663   -0.0108853  -0.00766693     0.698738     -0.68661    0.0836958    -0.781721
     0.94172    -0.766722    -0.539039    -0.404699   -0.0124386  -0.00795484     0.679985    -0.682048    0.0692029    -0.713693
     0.94172    -0.830975    -0.579369     -0.55261   -0.0126927    -0.016271     0.568569    -0.765134    -0.044351    -0.827381
     0.94172    -0.842828    -0.589504    -0.553526   -0.0139326   -0.0174117     0.537958    -0.769379   -0.0692729    -0.784017
     0.94172    -0.656684    -0.383379    -0.319657    0.0218022   0.00986366      1.07106    -0.744007     0.331151     -1.10296
     0.94172    -0.987232    -0.576227    -0.667092  -0.00867677   -0.0277774     0.412478     -1.12402    -0.574949    -0.742742
     0.94172    -0.985728    -0.574599    -0.668504  -0.00842315   -0.0277063     0.418097     -1.12572    -0.571997    -0.753036
     0.94172    -0.976361     -0.54149     -0.59393  -0.00568458    -0.023858     0.487452     -1.17854    -0.602285    -0.725435
     0.94172    -0.993945    -0.579318    -0.538231   -0.0107676   -0.0234013     0.393736     -1.12875    -0.613364    -0.537093
     0.94172      -1.0024     -0.61012    -0.642644   -0.0130802    -0.028407     0.325742      -1.0708    -0.576257    -0.597369
     0.94172    -0.997484    -0.591304    -0.641483    -0.010975   -0.0277151     0.367829     -1.10578    -0.591399    -0.645847
     0.94172    -0.989296    -0.556159    -0.548493  -0.00829138   -0.0231617     0.439676      -1.1671    -0.633297     -0.59763
     0.94172    -0.993204     -0.59615    -0.508345   -0.0127338   -0.0225401     0.365352     -1.09249    -0.585217     -0.47267
     0.94172     -1.00567    -0.633263    -0.663394   -0.0154246    -0.029866     0.277328     -1.02066    -0.543328    -0.569361
     0.94172    -0.984352    -0.630279    -0.503793   -0.0161999   -0.0226654     0.317125     -1.00198    -0.493529    -0.431446
     0.94172    -0.998162    -0.656502    -0.655762   -0.0180076   -0.0297864     0.244326     -0.95259    -0.475237    -0.530149
     0.94172    -0.939535    -0.642384    -0.515314   -0.0183678   -0.0221139     0.344375    -0.873705    -0.312353    -0.478307
     0.94172    -0.959216    -0.665981    -0.664327   -0.0196978   -0.0290008     0.271698    -0.845288    -0.317692    -0.582261
     0.94172    -0.900897     -0.62821    -0.535947   -0.0178038   -0.0211883     0.407771    -0.814305    -0.205037     -0.57477
     0.94172    -0.932087    -0.654369    -0.664788   -0.0189281   -0.0275813     0.324613    -0.815291    -0.245636    -0.653878
     0.94172    -0.869692    -0.609067    -0.631032   -0.0146048   -0.0216898     0.479188    -0.788444    -0.112963    -0.829383
     0.94172    -0.859131    -0.598869     -0.62266   -0.0133469   -0.0203879     0.511096    -0.790941    -0.093363     -0.86533
     0.94172    -0.810339     -0.55726    -0.545228    -0.009429   -0.0136826      0.63345     -0.77166  -0.00419987    -0.916369
     0.94172    -0.841834    -0.579798    -0.607097   -0.0107356   -0.0179995     0.568466    -0.800924   -0.0629667    -0.929935
     0.94172    -0.810374    -0.551099    -0.557385   -0.0076765   -0.0135067     0.649907     -0.79093  -0.00580996    -0.966235
     0.94172    -0.838395    -0.571858    -0.609702  -0.00917492    -0.017403     0.590252    -0.815173   -0.0592346    -0.969612
     0.94172    -0.813966    -0.542087    -0.570749  -0.00498333   -0.0134182     0.671451    -0.828345    -0.019436     -1.02519
     0.94172    -0.841444    -0.564291    -0.621649  -0.00709571   -0.0174161     0.607925    -0.846841   -0.0729071     -1.01915
     0.94172    -0.845589    -0.559828     -0.62829  -0.00583411    -0.017593      0.61605    -0.871027   -0.0890723     -1.04224
     0.94172    -0.822035    -0.539563     -0.58274  -0.00365693   -0.0140466     0.674048    -0.858907   -0.0427869     -1.04912
     0.94172    -0.862194    -0.539982    -0.627889  -0.00164002   -0.0178256     0.646141    -0.966256    -0.167308     -1.07267
     0.94172    -0.883435     -0.56363    -0.679625  -0.00446262   -0.0215084     0.579623    -0.959775    -0.202116     -1.06395
     0.94172    -0.870446    -0.540668    -0.635259  -0.00151638   -0.0185934     0.637898    -0.985564    -0.194118      -1.0697
     0.94172     -0.88925    -0.563266     -0.68417   -0.0042845   -0.0220016     0.574609    -0.974246    -0.222439     -1.06087
     0.94172    -0.895545    -0.534056    -0.636495  -0.00094023   -0.0201542     0.622093     -1.05532      -0.2956     -1.02835
     0.94172    -0.909145      -0.5605    -0.691288  -0.00394237   -0.0234453      0.55754     -1.02411    -0.298138     -1.03353
     0.94172    -0.921439    -0.525335    -0.622581  -0.00111333   -0.0212179     0.600564     -1.12053    -0.410067    -0.951384
     0.94172    -0.932548    -0.553397    -0.680811  -0.00390068   -0.0244553     0.538179     -1.08379    -0.399974     -0.96752
     0.94172    -0.939476     -0.52766    -0.621964  -0.00205146   -0.0223776     0.571181     -1.14936    -0.476999      -0.8987
     0.94172    -0.950684    -0.557071    -0.684124  -0.00486631   -0.0257886     0.505575      -1.1085    -0.463511     -0.91513
     0.94172    -0.957153     -0.52868     -0.60727  -0.00323011    -0.022976      0.54108     -1.17547    -0.546517    -0.823006
     0.94172    -0.967287    -0.559833    -0.672689  -0.00601063    -0.026468     0.474456      -1.1296    -0.525219    -0.843005
     0.94172    -0.741836    -0.469903    -0.446956   0.00488807  -0.00242301     0.860675    -0.800703     0.124172      -1.0741
     0.94172    -0.762216    -0.467968    -0.462324   0.00668131  -0.00412746     0.856719    -0.864993    0.0662667     -1.08719
     0.94172    -0.753488    -0.358195    -0.320423    0.0253681   0.00183609      1.05556     -1.04962  -0.00215373     -0.97128
     0.94172    -0.765897    -0.356909    -0.322216    0.0247272  0.000885114       1.0454     -1.08052   -0.0503643    -0.953742
     0.94172    -0.791021    -0.408552     -0.40055    0.0163236  -0.00340034     0.941837     -1.05753   -0.0912266     -1.01715
     0.94172    -0.779336    -0.408288    -0.396308    0.0167391   -0.0024121      0.95283     -1.02967   -0.0492052     -1.03068
     0.94172    -0.821713    -0.464671    -0.492665   0.00812456  -0.00917864     0.820097     -1.02838    -0.133272     -1.05333
     0.94172     -0.81117    -0.463294    -0.485547    0.0083393  -0.00819816     0.831689     -1.00507   -0.0983772      -1.0618
     0.94172    -0.726734    -0.324464    -0.266699    0.0324876   0.00478672       1.1303     -1.03449    0.0729597    -0.912189
     0.94172    -0.949287    -0.296534    -0.233543     0.011111  -0.00656259     0.836208     -1.44975    -0.866142    -0.461967
     0.94172    -0.917553    -0.309983    -0.278047    0.0143227  -0.00665442     0.885571     -1.40642    -0.721794    -0.598933
     0.94172    -0.671435    -0.432919    -0.365507   0.00821036   0.00603717     0.958266    -0.674656     0.289068     -1.06962
     0.94172    -0.676716    -0.445653    -0.374362    0.0045674   0.00474207     0.927305    -0.659296     0.273112     -1.04471
     0.94172    -0.970214    -0.374181    -0.234366   0.00405838   -0.0081945     0.713316     -1.40179    -0.856753    -0.375251
     0.94172    -0.980077    -0.471116    -0.273702  -0.00310906   -0.0110485     0.577875     -1.29809    -0.760459    -0.342991
     0.94172     -0.97329    -0.444728    -0.323511 -0.000252046   -0.0123333     0.626132     -1.32692    -0.769063    -0.450046
     0.94172    -0.848222    -0.591814    -0.385025   -0.0165744   -0.0133081     0.523302     -0.77645    -0.112287    -0.487869
     0.94172    -0.848433    -0.357162    -0.343269    0.0181775  -0.00521564     0.945856     -1.25321    -0.379287    -0.835221
     0.94172    -0.894901    -0.331571     -0.30993    0.0155747  -0.00667398     0.903898     -1.35828    -0.603145    -0.692434
     0.94172    -0.901237    -0.380315    -0.372469    0.0116536  -0.00947426     0.838512     -1.31735    -0.565584    -0.757885
     0.94172    -0.855438    -0.401053    -0.406158    0.0135995  -0.00792542     0.879195     -1.20925    -0.350607    -0.904467
     0.94172    -0.949629    -0.360447    -0.297563    0.0075558  -0.00934246     0.771442     -1.39746     -0.79024    -0.531701
     0.94172    -0.953164    -0.419161    -0.373499   0.00382201   -0.0128267     0.698384     -1.33877    -0.722495     -0.59986
     0.94172    -0.881389    -0.282634    -0.256558    0.0203436  -0.00402056     0.976045     -1.37836    -0.602909    -0.640571
     0.94172    -0.830252    -0.314899    -0.285878    0.0235947  -0.00227444      1.02081     -1.26485    -0.354096    -0.779152
     0.94172    -0.865295    -0.443467    -0.472844   0.00895344   -0.0112047     0.805618     -1.16322     -0.32861    -0.956361
     0.94172    -0.910498    -0.427076    -0.442256   0.00746878   -0.0128685     0.764295     -1.27112    -0.534547    -0.813278
     0.94172    -0.921793    -0.363793    -0.338775    0.0105857  -0.00934345     0.821424     -1.36323     -0.67207     -0.66387
     0.94172    -0.928381    -0.415053     -0.40826   0.00667968   -0.0126158     0.749668     -1.31377    -0.626446    -0.723807
     0.94172    -0.676155    -0.365879    -0.306916    0.0266023   0.00856072      1.09777    -0.835244     0.271162      -1.0715
     0.94172    -0.716958    -0.414853    -0.378851    0.0160177   0.00283507     0.984471    -0.852357     0.166245     -1.09079
     0.94172    -0.696656    -0.424889     -0.37831    0.0127573   0.00422802     0.972004     -0.77168     0.227838     -1.09616
     0.94172    -0.725798    -0.478883    -0.433733   0.00083177  -0.00160095     0.843144    -0.728188      0.16537     -1.03019
     0.94172    -0.678626    -0.461141    -0.371343 -0.000740203   0.00330832     0.887834    -0.623707     0.261432    -0.975782
     0.94172     -0.68641    -0.475383    -0.365074  -0.00470092   0.00149646     0.851114    -0.609313     0.239531    -0.899266
     0.94172    -0.725302    -0.496883    -0.418202  -0.00491379  -0.00278604     0.796373    -0.674966     0.164245      -0.9234
     0.94172     -0.73143    -0.503794    -0.420361  -0.00618791  -0.00371046     0.777885    -0.674561     0.150767    -0.897568
     0.94172    -0.681015    -0.467054    -0.368373  -0.00248531   0.00262482     0.872549    -0.614977     0.254112    -0.943492
     0.94172    -0.719689    -0.487466    -0.419078  -0.00273799  -0.00171268     0.821167     -0.68397     0.177167    -0.965749
     0.94172     -1.20121    -0.981993     -1.99742   -0.0452917    -0.100164      -0.8879   -0.0388684    -0.185231    -0.456309
     0.94172      -1.2001    -0.980179     -1.98872   -0.0451455   -0.0997201    -0.880544   -0.0463651    -0.188676    -0.458696
     0.94172     -1.17085    -0.939248     -1.83198   -0.0413932   -0.0909182    -0.715944    -0.189282    -0.230746    -0.559459
     0.94172     -1.17199    -0.940926     -1.84093   -0.0415046   -0.0913562    -0.722188    -0.184093    -0.228803    -0.561535
     0.94172     -1.05118    -0.784195     -1.25239   -0.0275896   -0.0580942    -0.119965    -0.628307    -0.302075    -0.822157
     0.94172       -1.051    -0.783507     -1.25658   -0.0274047   -0.0581804    -0.116914    -0.632057    -0.302605    -0.836216
     0.94172    -0.935728    -0.662317     -0.81468   -0.0177512   -0.0326852     0.310284    -0.803976    -0.216657    -0.875181
     0.94172    -0.928674    -0.654217    -0.805606   -0.0167495   -0.0316628     0.336892    -0.813372    -0.207292    -0.904743
     0.94172    -0.927035    -0.634911    -0.820068   -0.0131058   -0.0310619     0.386931    -0.871485    -0.227461     -1.01143
     0.94172    -0.925891    -0.639868    -0.818457   -0.0140237   -0.0311745     0.376279    -0.853665    -0.216332    -0.992357
     0.94172     -1.05099    -0.772623      -1.2564   -0.0256674   -0.0576608   -0.0859298    -0.676694    -0.327797    -0.897378
     0.94172     -1.04909    -0.774256     -1.25349   -0.0259882   -0.0575306   -0.0877689    -0.666982    -0.317925    -0.889743
     0.94172     -1.16899    -0.933343     -1.82468   -0.0405787   -0.0902667    -0.693424    -0.218036    -0.245191     -0.60167
     0.94172     -1.17127    -0.938029      -1.8393   -0.0410691   -0.0911092    -0.711143    -0.199015    -0.236495    -0.586093
     0.94172     -1.20142    -0.980356     -1.99893   -0.0449926    -0.100126    -0.881317   -0.0511516    -0.193428    -0.478313
     0.94172      -1.2008    -0.980408     -1.99743   -0.0450363    -0.100054    -0.881407   -0.0479766    -0.189937    -0.473506
     0.94172     -1.22921     -1.02113     -2.15293   -0.0488388    -0.108812     -1.04836     0.104504    -0.139947     -0.35668
     0.94172     -1.22979      -1.0226     -2.15755   -0.0490052    -0.109083     -1.05474     0.113041    -0.135064     -0.34746
     0.94172    -0.952421    -0.640192    -0.870831    -0.012667   -0.0343304     0.347332    -0.910362    -0.297942     -1.02107
     0.94172    -0.949222    -0.641252    -0.868587   -0.0128841    -0.034103     0.349145    -0.901245     -0.28522     -1.02282
     0.94172      -1.0576    -0.769986     -1.26065   -0.0252047   -0.0580835   -0.0893223    -0.696594    -0.356585    -0.893742
     0.94172     -1.05601    -0.770694     -1.26084   -0.0253002   -0.0580227   -0.0886058    -0.691585    -0.349189    -0.896499
     0.94172      -1.1645    -0.924181     -1.79395   -0.0396719   -0.0885615    -0.659931    -0.252843    -0.261173     -0.62359
     0.94172     -1.16619     -0.92762     -1.80574   -0.0400071     -0.08921    -0.672471    -0.239871    -0.255199    -0.615948
     0.94172     -1.19632    -0.971429     -1.96688   -0.0441151   -0.0983267     -0.84558   -0.0883752    -0.209642    -0.507572
     0.94172     -1.20735    -0.989721     -2.02314   -0.0460431    -0.101718    -0.919116   -0.0149115    -0.181653     -0.43222
     0.94172     -1.17965    -0.949916     -1.86775   -0.0424008   -0.0930703    -0.757963    -0.159899    -0.228618    -0.531963
     0.94172     -1.10368    -0.821103     -1.39282   -0.0306618   -0.0671802    -0.290653    -0.579134    -0.381515    -0.715947
     0.94172     -1.10531    -0.826257     -1.40128   -0.0312545   -0.0677559     -0.30606    -0.562879    -0.373623    -0.700766
     0.94172     -1.17236    -0.930516     -1.79883   -0.0405215   -0.0894181    -0.688995    -0.241205    -0.274758    -0.572134
     0.94172     -1.04012    -0.710897    -0.969346   -0.0214455   -0.0449936    0.0659454     -0.85602     -0.46996    -0.694202
     0.94172     -1.04232    -0.709583    -0.994252   -0.0209901   -0.0459724     0.065332    -0.861952    -0.475828    -0.727615
     0.94172     -1.03842    -0.727041    -0.985141   -0.0232889   -0.0459967    0.0326746    -0.804204    -0.428248    -0.668913
     0.94172     -1.04165    -0.706907     -1.00184   -0.0205483   -0.0461298    0.0723873    -0.868662    -0.477446    -0.749692
     0.94172     -1.03848    -0.701182      -1.0027   -0.0197799   -0.0458244    0.0896763    -0.879917    -0.476708    -0.778143
     0.94172     -1.03342    -0.694347     -1.00028   -0.0188683    -0.045252     0.112796    -0.892423    -0.472106    -0.812798
     0.94172      -1.1658    -0.919237     -1.76256    -0.039398   -0.0873223    -0.646584    -0.281318      -0.2896    -0.603472
     0.94172     -1.19275    -0.961293     -1.92035   -0.0432518   -0.0960376    -0.806905    -0.138673    -0.241803    -0.523523
     0.94172     -1.19222    -0.960477     -1.91923   -0.0431456   -0.0959327    -0.803538    -0.141869    -0.242622    -0.529429
     0.94172     -1.16508    -0.918106     -1.76135   -0.0392473   -0.0871903    -0.641997    -0.285612    -0.290621    -0.611792
     0.94172     -1.10111     -0.81564     -1.38446   -0.0300246   -0.0665508    -0.273266    -0.594309    -0.386077    -0.734545
     0.94172     -1.09507    -0.805955     -1.36111   -0.0289942   -0.0650468    -0.239559    -0.620429    -0.391006    -0.761034
     0.94172     -1.09033    -0.799699     -1.34723   -0.0282912   -0.0640613    -0.215786    -0.637214    -0.391439    -0.785189
     0.94172      -1.1607    -0.911972      -1.7444   -0.0386037   -0.0861134    -0.618507    -0.304006    -0.293603    -0.632317
     0.94172     -1.18915    -0.956065     -1.90539   -0.0426999    -0.095098     -0.78623    -0.156474    -0.246154    -0.543564
     0.94172     -1.00116    -0.664071     -0.94903   -0.0151495   -0.0406639     0.228562    -0.930076    -0.420125    -0.932238
     0.94172    -0.977296    -0.652119    -0.916741   -0.0137057   -0.0377478     0.288661    -0.922738    -0.358936     -0.98927
     0.94172     -1.06228    -0.768331     -1.25763   -0.0250563   -0.0582038   -0.0933676    -0.708461    -0.377651    -0.877099
     0.94172     -1.15977    -0.914436     -1.75926    -0.038751   -0.0866909    -0.624977    -0.288818    -0.278122    -0.640968
     0.94172     -1.18808    -0.956846     -1.91284   -0.0427243   -0.0953496    -0.788428    -0.147073    -0.235388    -0.547367
     0.94172     -1.04822    -0.777424     -1.25087   -0.0265483    -0.057545   -0.0954736    -0.652783    -0.308247    -0.870594
     0.94172    -0.925299     -0.64611    -0.811663    -0.015294   -0.0312498     0.361166    -0.832372    -0.206712     -0.95633
     0.94172     -1.17319    -0.941868     -1.84997   -0.0414927   -0.0917587    -0.725795    -0.183464    -0.229801      -0.5707
     0.94172     -1.20108    -0.981536     -1.99926   -0.0451894    -0.100193    -0.885918   -0.0415647    -0.186229    -0.464809
     0.94172     -1.01744    -0.676985    -0.974428   -0.0167386   -0.0428994     0.175915     -0.91911    -0.451673    -0.880476
     0.94172     -1.07585    -0.782486     -1.30069   -0.0264862   -0.0609938    -0.150035    -0.677588    -0.386633    -0.836554
     0.94172     -1.16145    -0.914819     -1.75838   -0.0388129    -0.086759    -0.627755    -0.292115     -0.28517    -0.635559
     0.94172     -1.18935    -0.957518     -1.91388   -0.0427984   -0.0954743    -0.791484    -0.148168    -0.239554    -0.544477
     0.94172     -1.18418    -0.950409     -1.87107   -0.0423925   -0.0934201    -0.764419    -0.169843    -0.247288    -0.528507
     0.94172     -1.18494    -0.955823     -1.88963   -0.0429451   -0.0943652    -0.782847    -0.142474    -0.227956    -0.515214
     0.94172     -1.21169    -0.994822      -2.0419    -0.046512    -0.102816    -0.939997 -3.95877e-05    -0.180602    -0.419509
     0.94172     -1.21037    -0.990219     -2.02516   -0.0460385    -0.101929    -0.921868   -0.0255159    -0.197001    -0.438054
     0.94172     -1.08699    -0.821407     -1.35908   -0.0311666   -0.0651408    -0.264031     -0.55544    -0.327236    -0.719802
     0.94172     -1.10429    -0.829577     -1.40098   -0.0316936   -0.0678026    -0.311743    -0.551302    -0.362985    -0.692145
     0.94172    -0.998524    -0.716009    -0.921977   -0.0229904   -0.0415895     0.110232    -0.763071    -0.317099    -0.704736
     0.94172     -1.20116    -0.974923     -1.96857   -0.0445758   -0.0987734    -0.860827   -0.0865275    -0.222007    -0.482856
     0.94172     -1.22726     -1.01487     -2.12257   -0.0482766    -0.107311     -1.02111    0.0642614    -0.167234    -0.380567
     0.94172     -1.21501    -0.995669     -2.05085   -0.0464357    -0.103277    -0.942369   -0.0134957    -0.197541    -0.442535
     0.94172     -1.23376     -1.02562     -2.16266   -0.0493232    -0.109562     -1.06575     0.110946    -0.147088    -0.341691
     0.94172     -1.22802     -1.02048     -2.14779   -0.0488394    -0.108561     -1.04609     0.106627    -0.136162    -0.349391
     0.94172     -1.22566     -1.01481     -2.12944   -0.0482082    -0.107495     -1.02155    0.0743388    -0.154376    -0.383381
     0.94172     -1.21329    -0.994644     -2.05287   -0.0462803    -0.103232    -0.938699    -0.010428    -0.190026    -0.449172
     0.94172     -1.21493     -0.99647     -2.05865   -0.0464561    -0.103592    -0.945815  -0.00646779    -0.191048    -0.445069
     0.94172     -1.21494    -0.995725     -2.05345   -0.0464091    -0.103368    -0.942635   -0.0124821    -0.196141     -0.44582
     0.94172     -1.21479    -0.995346     -2.05074   -0.0463883    -0.103246    -0.940978   -0.0148133    -0.197799     -0.44567
     0.94172     -1.36486     -1.22544     -2.95031   -0.0684915    -0.153726     -1.93719      1.02267      0.23742     0.469185
     0.94172      -1.3476     -1.19921     -2.84643   -0.0659448    -0.147874     -1.81983     0.896314     0.182252     0.348891
     0.94172     -1.36199     -1.22106     -2.93299   -0.0680633    -0.152749     -1.91746      1.00121     0.227918     0.448354
     0.94172     -1.36733     -1.22894     -2.96367     -0.06881    -0.154473     -1.95095      1.03401     0.240097      0.47522
     0.94172     -1.35032     -1.20296     -2.86077   -0.0662821    -0.148676      -1.8344     0.907664     0.184368     0.354244
     0.94172     -1.35848     -1.21537     -2.90966   -0.0674847     -0.15143     -1.88945     0.966303     0.209565     0.409025
     0.94172     -1.37264     -1.23701     -2.99552   -0.0695932    -0.156268     -1.98692      1.07254     0.256777     0.511572
     0.94172     -1.37571     -1.24171     -3.01396   -0.0700518    -0.157309     -2.00789       1.0951     0.266591     0.533103
     0.94172     -1.36476     -1.22495     -2.94727   -0.0684177    -0.153552     -1.93211      1.01208     0.229433     0.452453
     0.94172     -1.37103     -1.23459     -2.98566   -0.0693603    -0.155716     -1.97592      1.06054     0.251421     0.500165
     0.94172     -1.29876     -1.12528     -2.55413   -0.0588096    -0.131434     -1.49258     0.549549    0.0341346    0.0280482
     0.94172      -1.2973     -1.12298      -2.5447   -0.0585877     -0.13091     -1.48214     0.537806    0.0285956    0.0171437
     0.94172     -1.24162     -1.04022     -2.22121   -0.0507326     -0.11275     -1.12836     0.184298    -0.109335    -0.282541
     0.94172      -1.2403     -1.03844     -2.21519   -0.0505572    -0.112391     -1.12107     0.178117     -0.11081     -0.28864
     0.94172     -1.34101     -1.18911      -2.8058   -0.0649607    -0.145591     -1.77381     0.845375     0.159069      0.29925
     0.94172     -1.34313     -1.19228     -2.81822   -0.0652656    -0.146291     -1.78764     0.859569     0.164805     0.311912
     0.94172     -1.22867     -1.02128      -2.1475   -0.0489628    -0.108623     -1.04945     0.109132    -0.136417    -0.341375
     0.94172     -1.22897     -1.02193     -2.15104   -0.0490125    -0.108795     -1.05221     0.112651    -0.134257    -0.340278
     0.94172     -1.35861     -1.21583     -2.91159   -0.0675498    -0.151547     -1.89296     0.972985     0.214364     0.419495
     0.94172     -1.24115     -1.03875     -2.22029   -0.0505083    -0.112609     -1.12193     0.175246    -0.114184    -0.298879
     0.94172     -1.23976     -1.03722     -2.21357   -0.0503871    -0.112239     -1.11573     0.171353    -0.114052    -0.300155
     0.94172     -1.28047     -1.09764     -2.44741    -0.056129    -0.125397     -1.37213     0.424681   -0.0172479   -0.0866175
     0.94172     -1.28019     -1.09743     -2.44638   -0.0561242    -0.125346     -1.37185     0.425949    -0.015722   -0.0834753
     0.94172      -1.3327     -1.17647     -2.75664   -0.0637283     -0.14281     -1.71788     0.785952     0.133694     0.242877
     0.94172     -1.33307     -1.17714      -2.7593   -0.0638014    -0.142963     -1.72136      0.79066     0.136362     0.248639
     0.94172     -1.36239     -1.22163     -2.93527   -0.0681162    -0.152876     -1.91984      1.00338     0.228614     0.449852
     0.94172     -1.36017     -1.21804     -2.91995   -0.0677526    -0.152016     -1.90162     0.980071     0.215993     0.423273
     0.94172     -1.36567     -1.22643      -2.9533   -0.0685689    -0.153894     -1.93938       1.0211     0.234154     0.462667
     0.94172     -1.36477     -1.22504     -2.94768   -0.0684307    -0.153577     -1.93287      1.01361     0.230572     0.454905
     0.94172     -1.35936     -1.21677     -2.91482   -0.0676262    -0.151727     -1.89564     0.973094     0.212593     0.415931
     0.94172     -1.36378     -1.22344     -2.94127    -0.068269    -0.153213     -1.92522      1.00442     0.225925     0.444854
     0.94172     -1.35369     -1.20801     -2.88002   -0.0667682    -0.149765     -1.85588     0.929033      0.19252     0.372604
     0.94172     -1.35193     -1.20531     -2.86935   -0.0665041    -0.149163     -1.84376     0.915826     0.186651     0.359906
     0.94172     -1.36322     -1.22257     -2.93784   -0.0681834     -0.15302     -1.92126      0.99999     0.223882     0.440404
     0.94172     -1.36311      -1.2224     -2.93722   -0.0681668    -0.152984     -1.92054     0.999231     0.223563     0.439692
     0.94172     -1.35093     -1.20378     -2.86338   -0.0663555    -0.148827       -1.837     0.908591     0.183518     0.353116
     0.94172     -1.35085     -1.20365     -2.86293   -0.0663427    -0.148801     -1.83651     0.908216     0.183453     0.352926
     0.94172     -1.36381     -1.22346     -2.94148   -0.0682701    -0.153224     -1.92538      1.00458     0.225999     0.444938
     0.94172     -1.36515     -1.22553     -2.94976   -0.0684719     -0.15369     -1.93479        1.015     0.230737     0.455159
     0.94172     -1.35537     -1.21059     -2.89053   -0.0670176    -0.150354     -1.86772     0.942233     0.198601     0.385513
     0.94172     -1.35036      -1.2034     -2.86293   -0.0663515    -0.148805     -1.83847     0.916207      0.19082     0.367681
     0.94172     -1.33711     -1.18328     -2.78323   -0.0644004    -0.144317     -1.74859     0.819673     0.148799     0.276253
     0.94172     -1.33435     -1.17912     -2.76698   -0.0639959    -0.143399     -1.73023     0.800369     0.140688      0.25823
     0.94172     -1.37069      -1.2341     -2.98383   -0.0693166    -0.155613     -1.97405      1.05903     0.251103     0.499468
     0.94172     -1.36239     -1.22135     -2.93296    -0.068068    -0.152747     -1.91594     0.994566     0.221717     0.435731
     0.94172     -1.37402      -1.2391     -3.00358   -0.0697951    -0.156723     -1.99595      1.08178     0.260472     0.519777
     0.94172     -1.37539     -1.24119     -3.01199   -0.0699997    -0.157196     -2.00552      1.09238     0.265292     0.530203
     0.94172     -1.33335     -1.17701       -2.758   -0.0637586     -0.14289     -1.71825     0.781982     0.129023     0.234755
     0.94172     -1.32693     -1.16711     -2.71862   -0.0627988     -0.14068     -1.67402     0.733947     0.107655     0.189664
     0.94172     -1.33181     -1.17456     -2.74779   -0.0635216    -0.142323     -1.70685     0.768701     0.122472     0.221764
     0.94172       -1.356     -1.21158     -2.89414   -0.0671171    -0.150561     -1.87198     0.946746     0.200513     0.389837
     0.94172     -1.36288     -1.22218     -2.93703   -0.0681551    -0.152972     -1.92097      1.00214     0.226459     0.445491
     0.94172     -1.33544     -1.18032     -2.77136   -0.0640843    -0.143639     -1.73351     0.799538     0.137478     0.252255
     0.94172     -1.36416     -1.22436     -2.94587   -0.0683852    -0.153477     -1.93209      1.01676     0.234554     0.463071
     0.94172     -1.36316     -1.22282     -2.93964    -0.068234    -0.153126     -1.92497       1.0087     0.230778     0.454954
     0.94172     -1.36037     -1.21845     -2.92183   -0.0678002    -0.152123     -1.90425     0.984348     0.218808     0.429229
     0.94172     -1.36669     -1.22807     -2.96003   -0.0687349    -0.154274     -1.94741      1.03101     0.239298     0.473756
     0.94172     -1.34685     -1.19774     -2.83933   -0.0657802    -0.147478     -1.81057      0.88152     0.172601     0.329393
     0.94172     -1.36076     -1.21912     -2.92475   -0.0678715    -0.152288     -1.90795     0.989583     0.221912     0.435847
     0.94172      -1.3629     -1.22236     -2.93807   -0.0681829    -0.153032      -1.9228      1.00603      0.22942     0.451652
     0.94172      -1.3692     -1.23191     -2.97534   -0.0691101    -0.155137     -1.96489      1.05037     0.248101     0.492874
     0.94172     -1.27157     -1.08287     -2.38923   -0.0546737    -0.122142     -1.30607     0.349232   -0.0535544    -0.157924
     0.94172     -1.28532     -1.10525     -2.47658   -0.0568855    -0.127055     -1.40613     0.461934 -0.000627345   -0.0498786
     0.94172     -1.22798     -1.01579     -2.12956    -0.048297    -0.107619     -1.02388    0.0652051    -0.167355    -0.388809
     0.94172     -1.22706     -1.01503     -2.12867   -0.0482076    -0.107515     -1.02104    0.0651971    -0.164797    -0.391585
     0.94172     -1.22805     -1.01581     -2.12889   -0.0483069    -0.107599     -1.02387    0.0647581    -0.167991    -0.388076
     0.94172     -1.22883     -1.01699     -2.13226   -0.0484362    -0.107813     -1.02881    0.0695637    -0.166395    -0.382143
     0.94172     -1.23405     -1.02528     -2.16273   -0.0492501    -0.109545     -1.06362     0.105301    -0.151744    -0.350489
     0.94172     -1.27252     -1.08397     -2.39215   -0.0547832    -0.122334     -1.30997     0.350776   -0.0548644    -0.156495
     0.94172     -1.33677     -1.18217     -2.77763    -0.064261    -0.144004      -1.7405     0.804684     0.138065     0.255287
     0.94172     -1.27094     -1.08155     -2.38201   -0.0545602    -0.121779     -1.29945     0.339782   -0.0596183    -0.165041
     0.94172     -1.27901     -1.09498     -2.43715   -0.0558556    -0.124817      -1.3598     0.409314   -0.0253869    -0.102634
     0.94172     -1.23394     -1.02708     -2.17593   -0.0493703    -0.110116      -1.0722     0.122415    -0.137246    -0.345062
     0.94172     -1.22699     -1.01549     -2.13119   -0.0482513    -0.107629     -1.02323    0.0697896     -0.16098    -0.388529
     0.94172     -1.27303     -1.08543     -2.39972   -0.0549253     -0.12272      -1.3178     0.363407   -0.0461693    -0.144585
     0.94172     -1.33341      -1.1774     -2.76017   -0.0638102    -0.143008     -1.72136     0.788266     0.133765     0.243421
     0.94172     -1.36337     -1.22301     -2.94054    -0.068242    -0.153171     -1.92531      1.00796     0.229758     0.452498
     0.94172     -1.23858     -1.03588     -2.20685   -0.0502895    -0.111886     -1.11015      0.16738    -0.114604    -0.300599
     0.94172      -1.3344     -1.17883     -2.76567   -0.0639444    -0.143318     -1.72735     0.793934     0.135719     0.247992
     0.94172     -1.34012     -1.18735     -2.79805   -0.0647657    -0.145154     -1.76361     0.829769     0.149187     0.279065
     0.94172     -1.29251     -1.11524     -2.51346   -0.0578309    -0.129167     -1.44697     0.497561   0.00923692   -0.0212798
     0.94172      -1.2806     -1.09665     -2.44042   -0.0560328    -0.125071     -1.36548     0.410297    -0.028989    -0.100153
     0.94172     -1.24088     -1.03641     -2.20466   -0.0503313    -0.111899     -1.11028     0.154125     -0.13076    -0.309298
     0.94172     -1.24514     -1.04426     -2.23502   -0.0511066    -0.113577     -1.14405     0.193622    -0.110671     -0.27515
     0.94172     -1.24309       -1.042     -2.22713   -0.0509035    -0.113108     -1.13542     0.189191    -0.109154    -0.277929
     0.94172     -1.27331     -1.08531     -2.39612   -0.0549311    -0.122581     -1.31575     0.357165   -0.0521117    -0.148657
     0.94172     -1.23655      -1.0315     -2.18509   -0.0499131    -0.110792     -1.09084     0.142166    -0.129856    -0.314921
     0.94172     -1.23373     -1.02814     -2.17282   -0.0496074    -0.110077     -1.07744     0.133026    -0.130125    -0.321812
     0.94172     -1.36913     -1.23184     -2.97517   -0.0691058    -0.155128     -1.96488      1.05093     0.248718     0.494164
     0.94172     -1.37137     -1.23524     -2.98861    -0.069435    -0.155885        -1.98        1.067       0.2556     0.509176
     0.94172     -1.36872     -1.23124     -2.97291   -0.0690502    -0.155001     -1.96246      1.04873     0.248028      0.49262
     0.94172      -1.3705     -1.23398     -2.98396     -0.06932    -0.155623     -1.97517      1.06316     0.254816      0.50733
     0.94172     -1.37101     -1.23479     -2.98725   -0.0693996    -0.155808     -1.97899      1.06766      0.25704     0.512103
     0.94172     -1.37187     -1.23611     -2.99264   -0.0695291    -0.156111     -1.98517      1.07477     0.260444     0.519392
     0.94172     -1.37158     -1.23565     -2.99089   -0.0694841    -0.156012     -1.98312      1.07248     0.259396     0.517039
     0.94172      -1.3733     -1.23825      -3.0012   -0.0697345    -0.156591     -1.99466      1.08471     0.264604     0.528381
     0.94172     -1.37222     -1.23657     -2.99445   -0.0695673     -0.15621     -1.98678       1.0756     0.260223     0.518836
     0.94172     -1.37308     -1.23784     -2.99939   -0.0696876    -0.156488     -1.99217      1.08086     0.262159       0.5231
     0.94172      -1.3714      -1.2352     -2.98869   -0.0694242    -0.155884     -1.97962      1.06604     0.254832     0.507226
     0.94172     -1.37262     -1.23704     -2.99591   -0.0696017     -0.15629     -1.98769      1.07442     0.258288     0.514778
     0.94172     -1.37746     -1.24439     -3.02487   -0.0703137    -0.157922     -2.02033      1.10923     0.273243     0.547398
     0.94172     -1.38036      -1.2488     -3.04229   -0.0707434    -0.158904     -2.04007      1.13045     0.282472     0.567572
     0.94172     -1.37968     -1.24777     -3.03812   -0.0706427     -0.15867     -2.03532      1.12514     0.280026     0.562282
     0.94172     -1.37889     -1.24658     -3.03337   -0.0705277    -0.158403     -2.03001       1.1195      0.27761     0.557061
     0.94172     -1.37326     -1.23805      -2.9996   -0.0697035    -0.156503     -1.99212      1.07924     0.260407     0.519678
     0.94172     -1.37822     -1.24558     -3.02944   -0.0704328    -0.158182      -2.0257      1.11513     0.275889      0.55334
     0.94172     -1.37656      -1.2431      -3.0197    -0.070196    -0.157635     -2.01499      1.10433     0.271655     0.544145
     0.94172     -1.37844     -1.24594     -3.03095   -0.0704709    -0.158268     -2.02761      1.11774      0.27738     0.556605
     0.94172     -1.38878      -1.2619     -3.09527   -0.0720452    -0.161896      -2.1019      1.20251     0.317512     0.643936
     0.94172     -1.38926     -1.26262     -3.09812    -0.072114    -0.162056     -2.10507      1.20583     0.318892     0.646933
     0.94172     -1.39666      -1.2739     -3.14278   -0.0732138    -0.164575     -2.15585      1.26099      0.34324     0.700276
     0.94172     -1.38421     -1.25485     -3.06679   -0.0713508    -0.160291     -2.06906      1.16502     0.299741     0.605345
     0.94172     -1.39036     -1.26429     -3.10455   -0.0722761     -0.16242      -2.1123      1.21324     0.321865     0.653564
     0.94172     -1.40273     -1.28321     -3.18009   -0.0741289     -0.16668     -2.19873      1.30913     0.365507     0.748965
     0.94172     -1.40385      -1.2849     -3.18674   -0.0742921    -0.167055     -2.20622      1.31706     0.368865     0.756312
     0.94172     -1.40787     -1.29108     -3.21156    -0.074901    -0.168455     -2.23483      1.34939     0.383951     0.789349
     0.94172     -1.40649     -1.28895     -3.20297   -0.0746901     -0.16797     -2.22484      1.33787     0.378431     0.777249
     0.94172     -1.40991     -1.29421     -3.22407    -0.075208    -0.169161      -2.2492      1.36548     0.391364     0.805589
     0.94172      -1.4074     -1.29034     -3.20853   -0.0748266    -0.168284     -2.23123      1.34501     0.381711      0.78443
     0.94172     -1.41034     -1.29486     -3.22667   -0.0752718    -0.169308     -2.25219      1.36882     0.392894     0.808942
     0.94172     -1.40795     -1.29118     -3.21188   -0.0749088    -0.168473     -2.23508      1.34931     0.383683      0.78875
     0.94172      -1.4108     -1.29556     -3.22949    -0.075341    -0.169467     -2.25543      1.37244     0.394555     0.812582
     0.94172     -1.40193      -1.2819     -3.17463   -0.0739916    -0.166369     -2.19187      1.29996     0.360317     0.737503
     0.94172     -1.40869     -1.29229     -3.21635   -0.0750159    -0.168724     -2.24007      1.35465     0.385981     0.793708
     0.94172     -1.40423     -1.28544     -3.18887   -0.0743408    -0.167173     -2.20836      1.31882     0.369266     0.757094
     0.94172     -1.40616     -1.28841     -3.20082   -0.0746342    -0.167847      -2.2222      1.33463     0.376746     0.773467
     0.94172     -1.41049     -1.29507     -3.22751     -0.07529    -0.169354     -2.25298      1.36935     0.392909       0.8089
     0.94172     -1.40734     -1.29023     -3.20816   -0.0748146    -0.168262     -2.23072      1.34437     0.381376     0.783609
     0.94172     -1.40982     -1.29405     -3.22352    -0.075192    -0.169129     -2.24851      1.36467     0.390968     0.804654
     0.94172     -1.40817     -1.29151     -3.21329   -0.0749405    -0.168551     -2.23666      1.35115     0.384584     0.790646
     0.94172     -1.41157     -1.29674     -3.23421   -0.0754546    -0.169732     -2.26073      1.37817     0.397064     0.818016
     0.94172     -1.41265     -1.29839     -3.24085   -0.0756179    -0.170107     -2.26843      1.38695     0.401208     0.827115
     0.94172     -1.41379     -1.30016     -3.24806   -0.0757952    -0.170515     -2.27693      1.39703     0.406225     0.838152
     0.94172     -1.41055     -1.29519     -3.22807    -0.075304    -0.169386      -2.2538      1.37075     0.393869     0.811025
     0.94172     -1.41362     -1.29989     -3.24687   -0.0757659    -0.170448     -2.27542      1.39494     0.404998      0.83544
     0.94172      -1.4155     -1.30278     -3.25851   -0.0760521    -0.171105     -2.28894      1.41043     0.412358      0.85161
     0.94172     -1.41459     -1.30141     -3.25307   -0.0759188    -0.170799     -2.28279      1.40382     0.409508     0.845377
     0.94172     -1.41434     -1.30101     -3.25147   -0.0758791    -0.170708     -2.28089      1.40157     0.408382     0.842892
     0.94172     -1.41589     -1.30339     -3.26097   -0.0761124    -0.171244     -2.29179      1.41369     0.413912     0.855026
     0.94172     -1.41637     -1.30413     -3.26394   -0.0761856    -0.171412     -2.29524      1.41765     0.415792     0.859163
     0.94172     -1.41531     -1.30251     -3.25748   -0.0760274    -0.171048      -2.2879      1.40966     0.412272     0.851455
     0.94172     -1.41477     -1.30168     -3.25416   -0.0759457     -0.17086     -2.28406       1.4053     0.410221     0.846949
     0.94172     -1.41665     -1.30456     -3.26566   -0.0762281    -0.171509     -2.29725      1.41996     0.416896     0.861592
     0.94172     -1.41696     -1.30504     -3.26762   -0.0762764     -0.17162     -2.29954      1.42264     0.418203      0.86447
     0.94172     -1.41419      -1.3008     -3.25062   -0.0758594    -0.170661     -2.27999      1.40071     0.408091     0.842285
     0.94172     -1.41523     -1.30239     -3.25703   -0.0760164    -0.171022     -2.28738      1.40908        0.412      0.85086
     0.94172     -1.41682     -1.30483     -3.26676   -0.0762554    -0.171571     -2.29855      1.42152     0.417688     0.863343
     0.94172     -1.41609      -1.3037     -3.26222   -0.0761442    -0.171315      -2.2933      1.41554     0.414864     0.857142
     0.94172       -1.413     -1.29896     -3.24323   -0.0756783    -0.170244     -2.27144      1.39098     0.403499     0.832209
     0.94172     -1.41327     -1.29938     -3.24492   -0.0757194    -0.170338     -2.27341      1.39326      0.40461     0.834647
     0.94172     -1.41546     -1.30274     -3.25833   -0.0760487    -0.171095     -2.28879       1.4104     0.412433     0.851806
     0.94172      -1.4144      -1.3011     -3.25176   -0.0758875    -0.170724      -2.2812      1.40178     0.408396     0.842946
     0.94172     -1.39644     -1.27348     -3.14101   -0.0731652    -0.164472     -2.15333       1.2571     0.340762     0.694723
     0.94172     -1.39681     -1.27404     -3.14312   -0.0732184    -0.164591     -2.15562      1.25922     0.341443     0.696241
     0.94172      -1.3979     -1.27574     -3.15017     -0.07339    -0.164989     -2.16399      1.26947     0.346729     0.707767
     0.94172      -1.3998     -1.27867     -3.16194   -0.0736792    -0.165654     -2.17763      1.28503     0.354101     0.723891
     0.94172     -1.40101     -1.28055      -3.1695    -0.073865    -0.166081     -2.18643      1.29522     0.359013     0.734645
     0.94172     -1.40079      -1.2802     -3.16808   -0.0738301       -0.166     -2.18474      1.29316     0.357955     0.732325
     0.94172     -1.40382     -1.28487     -3.18685   -0.0742917     -0.16706     -2.20649      1.31798       0.3697     0.758056
     0.94172      -1.4015     -1.28131     -3.17258    -0.073941    -0.166255     -2.19003       1.2994      0.36103     0.739068
     0.94172      -1.4041     -1.28532     -3.18868   -0.0743374    -0.167164     -2.20871      1.32074     0.371145     0.761243
     0.94172     -1.40379     -1.28484     -3.18676   -0.0742898    -0.167056     -2.20644      1.31806     0.369823     0.758335
     0.94172     -1.40521     -1.28703     -3.19554   -0.0745065    -0.167552     -2.21663      1.32969     0.375322     0.770407
     0.94172     -1.40418     -1.28545     -3.18921   -0.0743506    -0.167194     -2.20934      1.32151     0.371545     0.762127
     0.94172     -1.40535     -1.28725     -3.19637   -0.0745275    -0.167599     -2.21759      1.33075     0.375807     0.771488
     0.94172     -1.40509     -1.28686     -3.19483   -0.0744892    -0.167512     -2.21582       1.3288     0.374927     0.769548
     0.94172     -1.40381     -1.28489     -3.18691   -0.0742958    -0.167065     -2.20671      1.31849       0.3701     0.758998
     0.94172     -1.40522     -1.28705     -3.19558   -0.0745082    -0.167554     -2.21667      1.32969      0.37529     0.770359
     0.94172     -1.38991     -1.26357     -3.10179   -0.0722024    -0.162262     -2.10897      1.20939     0.320015     0.649379
     0.94172     -1.38918     -1.26241     -3.09706   -0.0720856    -0.161994     -2.10334      1.20257     0.316539     0.641796
     0.94172     -1.38982     -1.26345      -3.1014   -0.0721933     -0.16224     -2.10865      1.20939     0.320246     0.649882
     0.94172     -1.38933     -1.26272     -3.09852   -0.0721233    -0.162078     -2.10546      1.20613     0.318944     0.647042
     0.94172      -1.3888     -1.26193     -3.09534   -0.0720485    -0.161901     -2.10201      1.20262     0.317551     0.644061
     0.94172     -1.38853     -1.26152     -3.09373   -0.0720081    -0.161809     -2.10016      1.20063     0.316685     0.642148
     0.94172     -1.38941     -1.26285     -3.09889    -0.072137    -0.162101     -2.10597      1.20661     0.319109     0.647517
     0.94172     -1.40355     -1.28448     -3.18524    -0.074255    -0.166971     -2.20476      1.31623     0.369009     0.756615
     0.94172     -1.40336     -1.28419     -3.18405   -0.0742259    -0.166903     -2.20334      1.31448     0.368099     0.754633
     0.94172     -1.39229     -1.26715     -3.11586   -0.0725473    -0.163054     -2.12466      1.22567     0.326698     0.663987
     0.94172      -1.3938     -1.26943     -3.12466   -0.0727675    -0.163551     -2.13455      1.23586     0.330822     0.673103
     0.94172     -1.39582     -1.27251     -3.13699   -0.0730688    -0.164246      -2.1486      1.25133     0.337789     0.688284
     0.94172     -1.41439     -1.30108      -3.2516   -0.0758832    -0.170715     -2.28089       1.4011      0.40785     0.841731
     0.94172     -1.41518     -1.30229     -3.25651   -0.0760039    -0.170992     -2.28662      1.40773     0.411053     0.848768
     0.94172     -1.41633     -1.30407     -3.26368   -0.0761799    -0.171398     -2.29496      1.41733     0.415643     0.858849
     0.94172     -1.41686     -1.30488     -3.26695   -0.0762601    -0.171582     -2.29875      1.42166     0.417701     0.863367
     0.94172     -1.41693     -1.30499      -3.2674    -0.076271    -0.171607     -2.29926      1.42224     0.417964     0.863943
     0.94172     -1.41667     -1.30459     -3.26575   -0.0762305    -0.171514     -2.29733      1.41997     0.416848     0.861486
     0.94172     -1.41563     -1.30297     -3.25925   -0.0760705    -0.171147     -2.28974       1.4112     0.412626     0.852206
     0.94172     -1.41432     -1.30095     -3.25111   -0.0758707    -0.170687     -2.28028      1.40032     0.407431     0.840801
     0.94172     -1.39991      -1.2788     -3.16215   -0.0736862    -0.165665     -2.17752      1.28379     0.352802     0.721098
     0.94172     -1.39739     -1.27496     -3.14686   -0.0733132    -0.164804      -2.1602      1.26497     0.344492      0.70299
     0.94172     -1.40128     -1.28093     -3.17077   -0.0738998    -0.166153     -2.18766      1.29571     0.358658     0.733959
     0.94172     -1.39902     -1.27745     -3.15675   -0.0735547    -0.165361     -2.17139      1.27708     0.349802     0.714568
     0.94172     -1.41063     -1.29532      -3.2286   -0.0753192    -0.169417     -2.25452      1.37174     0.394449      0.81236
     0.94172     -1.41244     -1.29809     -3.23966   -0.0755907    -0.170042     -2.26723      1.38592     0.400954     0.826618
     0.94172     -1.39006     -1.26373     -3.10198   -0.0722125    -0.162273     -2.10878      1.20768     0.318258      0.64571
     0.94172     -1.41226     -1.29783     -3.23868   -0.0755666    -0.169986     -2.26617      1.38496     0.400656     0.825972
     0.94172      -1.4136     -1.29987     -3.24683   -0.0757666    -0.170446     -2.27551      1.39533     0.405369     0.836304
     0.94172      -1.3886     -1.26162     -3.09405   -0.0720178    -0.161828      -2.1005      1.20078     0.316605     0.642031
     0.94172     -1.38075     -1.24949     -3.04518   -0.0708203    -0.159071     -2.04399      1.13617     0.285948     0.575267
     0.94172     -1.41575     -1.30318     -3.26014   -0.0760931    -0.171197     -2.29088      1.41277     0.413548     0.854254
     0.94172     -1.41361      -1.2999     -3.24702    -0.075771    -0.170457     -2.27584      1.39602     0.405901      0.83748
     0.94172     -1.40498     -1.28669     -3.19414   -0.0744727    -0.167473     -2.21503      1.32789     0.374487     0.768602
     0.94172     -1.41649     -1.30431     -3.26468   -0.0762038    -0.171453     -2.29609      1.41862     0.416244     0.860157
     0.94172      -1.4144     -1.30111     -3.25188   -0.0758897    -0.170732     -2.28143      1.40232      0.40883     0.843894
     0.94172     -1.40381     -1.28488     -3.18692   -0.0742942    -0.167065      -2.2067      1.31855     0.370169     0.759111
     0.94172     -1.41314     -1.29915     -3.24391   -0.0756931     -0.17028     -2.27198      1.39099     0.403112     0.831299
     0.94172     -1.40999     -1.29432     -3.22461   -0.0752187    -0.169191     -2.24979      1.36617      0.39171     0.806286
     0.94172     -1.40097      -1.2805     -3.16933    -0.073861    -0.166071     -2.18627      1.29513     0.359026     0.734678
     0.94172     -1.40302     -1.28357     -3.18128   -0.0741551    -0.166744     -2.19953      1.30859      0.36432     0.746268
     0.94172     -1.40926     -1.29317     -3.21986   -0.0751021    -0.168922     -2.24411       1.3592      0.38809     0.798333
     0.94172     -1.41082     -1.29557      -3.2295   -0.0753389    -0.169466     -2.25527      1.37192     0.394094       0.8115
     0.94172     -1.41166     -1.29686      -3.2347   -0.0754667     -0.16976     -2.26129      1.37878     0.397329     0.818599
     0.94172      -1.4125     -1.29816      -3.2399   -0.0755945    -0.170054     -2.26732      1.38564     0.400568      0.82571
     0.94172     -1.41286     -1.29871     -3.24213   -0.0756494    -0.170179     -2.26988      1.38848     0.401862     0.828557
     0.94172     -1.41404     -1.30054     -3.24947   -0.0758298    -0.170594     -2.27842      1.39832     0.406572     0.838896
     0.94172     -1.41561     -1.30295      -3.2592   -0.0760689    -0.171144     -2.28972      1.41129     0.412753     0.852477
     0.94172      -1.4159      -1.3034     -3.26099    -0.076113    -0.171245      -2.2918      1.41368      0.41389     0.854976
     0.94172      -1.4163     -1.30402      -3.2635   -0.0761749    -0.171387     -2.29472      1.41702      0.41547     0.858452
     0.94172     -1.41608     -1.30367     -3.26208   -0.0761401    -0.171307     -2.29305      1.41504     0.414492     0.856305
     0.94172     -1.41672     -1.30466     -3.26607   -0.0762381    -0.171532     -2.29771      1.42045     0.417105      0.86205
     0.94172     -1.41699     -1.30508     -3.26775   -0.0762795    -0.171627     -2.29968      1.42277     0.418245     0.864563
     0.94172     -1.41687      -1.3049     -3.26703   -0.0762622    -0.171587     -2.29886      1.42185      0.41782     0.863631
     0.94172     -1.41624     -1.30393     -3.26312   -0.0761663    -0.171366     -2.29433      1.41668     0.415377     0.858268
     0.94172     -1.41517     -1.30227     -3.25645   -0.0760024    -0.170989     -2.28657      1.40773     0.411095     0.848865
     0.94172     -1.41523     -1.30238     -3.25688   -0.0760131    -0.171013      -2.2871      1.40844     0.411494     0.849744
     0.94172     -1.41433       -1.301     -3.25135   -0.0758776    -0.170702     -2.28072      1.40121     0.408105     0.842306
     0.94172     -1.41374     -1.30009     -3.24771   -0.0757881    -0.170496     -2.27651      1.39643     0.405868     0.837399
     0.94172     -1.41274     -1.29855     -3.24152   -0.0756362    -0.170146     -2.26935       1.3883     0.402041     0.829002
     0.94172     -1.40249     -1.28278     -3.17818   -0.0740815    -0.166571     -2.19618      1.30526     0.363063     0.743594
     0.94172     -1.40048     -1.27968     -3.16568    -0.073774    -0.165865     -2.18166      1.28861     0.355138     0.726233
     0.94172     -1.40129     -1.28091     -3.17062   -0.0738941    -0.166143     -2.18727      1.29476     0.357884     0.732215
     0.94172     -1.40416     -1.28532     -3.18833   -0.0743283    -0.167142     -2.20765      1.31774     0.368575     0.755588
     0.94172     -1.40986     -1.29409     -3.22356    -0.075193    -0.169131     -2.24837        1.364     0.390323     0.803231
     0.94172     -1.41117     -1.29611     -3.23166    -0.075392    -0.169588     -2.25776      1.37471     0.395388     0.814338
     0.94172     -1.41167     -1.29689     -3.23479   -0.0754691    -0.169765     -2.26139      1.37885     0.397343     0.818629
     0.94172     -1.41215     -1.29762     -3.23774   -0.0755416    -0.169932     -2.26481      1.38274      0.39917     0.822641
     0.94172     -1.41239     -1.29798     -3.23916   -0.0755768    -0.170012     -2.26642      1.38447     0.399919     0.824296
     0.94172     -1.41443     -1.30113     -3.25184   -0.0758881    -0.170728     -2.28116      1.40142     0.408018     0.842073
     0.94172     -1.41573     -1.30314     -3.25993    -0.076087    -0.171185     -2.29056      1.41223     0.413184     0.853422
     0.94172     -1.41586     -1.30333     -3.26072   -0.0761063     -0.17123     -2.29148      1.41328     0.413684     0.854521
     0.94172     -1.41613     -1.30375     -3.26239   -0.0761476    -0.171324     -2.29342      1.41549      0.41472     0.856803
     0.94172      -1.4155     -1.30277     -3.25844   -0.0760507    -0.171101     -2.28881      1.41012     0.412111     0.851074
     0.94172      -1.4167     -1.30464     -3.26597   -0.0762357    -0.171526     -2.29758      1.42027     0.417001     0.861822
     0.94172     -1.41697     -1.30505     -3.26762   -0.0762764     -0.17162     -2.29952      1.42255     0.418125     0.864298
     0.94172     -1.41688     -1.30492     -3.26711    -0.076264    -0.171591     -2.29894       1.4219     0.417824     0.863637
     0.94172     -1.41634     -1.30408     -3.26375   -0.0761815    -0.171401     -2.29504      1.41744      0.41571     0.858998
     0.94172     -1.41492     -1.30189     -3.25488    -0.075964    -0.170901     -2.28474       1.4056     0.410053     0.846573
     0.94172     -1.41497     -1.30198     -3.25527   -0.0759737    -0.170923     -2.28524      1.40629     0.410465     0.847484
     0.94172      -1.4142     -1.30079     -3.25051   -0.0758568    -0.170654     -2.27973      1.40005     0.407541     0.841068
     0.94172     -1.41387     -1.30029     -3.24849   -0.0758073     -0.17054      -2.2774      1.39741     0.406303     0.838351
     0.94172     -1.41303     -1.29899     -3.24327   -0.0756792    -0.170245     -2.27136      1.39054     0.403067     0.831251
     0.94172     -1.40378     -1.28477     -3.18614   -0.0742769     -0.16702     -2.20533      1.31552     0.367803     0.753963
     0.94172     -1.40199       -1.282     -3.17498    -0.074002     -0.16639     -2.19236      1.30064     0.360714     0.738427
     0.94172     -1.40274     -1.28314     -3.17956   -0.0741137    -0.166648     -2.19757      1.30636     0.363277     0.744014
     0.94172     -1.41187      -1.2972     -3.23606   -0.0755021    -0.169838     -2.26297      1.38086     0.398419     0.821051
     0.94172     -1.41117     -1.29613     -3.23177    -0.075397    -0.169596     -2.25806       1.3754     0.395935     0.815608
     0.94172     -1.41306     -1.29904     -3.24347    -0.075684    -0.170256     -2.27159      1.39077     0.403166     0.831467
     0.94172     -1.41383     -1.30022      -3.2482   -0.0758001    -0.170523     -2.27706        1.397     0.406102     0.837909
     0.94172     -1.41411     -1.30065     -3.24993   -0.0758425    -0.170621     -2.27905      1.39927      0.40716     0.840231
     0.94172     -1.41482     -1.30174     -3.25432   -0.0759503    -0.170869     -2.28413      1.40502     0.409858     0.846151
     0.94172     -1.41425     -1.30086     -3.25077   -0.0758631    -0.170668     -2.27998      1.40018     0.407501     0.840976
     0.94172     -1.41311     -1.29911     -3.24371   -0.0756897     -0.17027     -2.27179      1.39082     0.403064     0.831239
     0.94172     -1.41428     -1.30089     -3.25084    -0.075864    -0.170672     -2.27997      1.39995     0.407244     0.840385
     0.94172     -1.41535     -1.30255     -3.25756   -0.0760289    -0.171051     -2.28778      1.40894     0.411553     0.849847
     0.94172       -1.416     -1.30354     -3.26156   -0.0761271    -0.171277     -2.29245      1.41436     0.414172     0.855597
     0.94172     -1.41583     -1.30328     -3.26052   -0.0761014    -0.171218     -2.29124        1.413     0.413538     0.854202
     0.94172     -1.41568     -1.30305     -3.25959   -0.0760785    -0.171166     -2.29016      1.41176     0.412948     0.852905
     0.94172     -1.41453     -1.30129     -3.25249   -0.0759041    -0.170765     -2.28191      1.40226     0.408411     0.842937
     0.94172     -1.41284     -1.29867     -3.24194   -0.0756451    -0.170169     -2.26964      1.38815     0.401664     0.828127
     0.94172     -1.41308     -1.29904     -3.24341   -0.0756812    -0.170252     -2.27134      1.39007     0.402555     0.830087
     0.94172     -1.41049     -1.29506      -3.2274    -0.075288    -0.169348     -2.25279      1.36891     0.392556     0.808152
     0.94172     -1.41201      -1.2974     -3.23681   -0.0755189    -0.169879      -2.2637      1.38137     0.398457     0.821088
     0.94172     -1.41198     -1.29736      -3.2367   -0.0755159    -0.169873     -2.26359      1.38133     0.398492     0.821152
     0.94172     -1.41164     -1.29684      -3.2346   -0.0754644    -0.169754     -2.26116      1.37857     0.397198     0.818311
     0.94172     -1.41116     -1.29609     -3.23158   -0.0753902    -0.169584     -2.25767      1.37459      0.39532     0.814189
     0.94172     -1.40998     -1.29428     -3.22431   -0.0752116    -0.169173     -2.24925      1.36498     0.390774      0.80422
     0.94172      -1.4051     -1.28677     -3.19415   -0.0744712    -0.167471     -2.21437      1.32535     0.372136     0.763388
     0.94172     -1.40751     -1.29048       -3.209   -0.0748362    -0.168309     -2.23153      1.34478     0.381227     0.783318
     0.94172     -1.40478      -1.2863     -3.19225   -0.0744266    -0.167365     -2.21234      1.32336     0.371407     0.761846
     0.94172     -1.40841     -1.29189     -3.21471   -0.0749781    -0.168633      -2.2383      1.35284     0.385262     0.792209
     0.94172     -1.41126     -1.29627     -3.23229   -0.0754094    -0.169625      -2.2586      1.37586     0.396052      0.81586
     0.94172     -1.41253     -1.29821     -3.24007   -0.0756004    -0.170064     -2.26757      1.38598     0.400758     0.826178
     0.94172     -1.41352     -1.29973     -3.24619   -0.0757503    -0.170409     -2.27462      1.39393     0.404462     0.834295
     0.94172      -1.4135      -1.2997     -3.24605   -0.0757466    -0.170401     -2.27442       1.3936     0.404239     0.833794
     0.94172     -1.41254     -1.29821     -3.24004   -0.0755987    -0.170062     -2.26743      1.38558     0.400416     0.825396
     0.94172     -1.41039     -1.29491      -3.2268   -0.0752734    -0.169314     -2.25211      1.36814     0.392202     0.807383
     0.94172     -1.40745     -1.29038     -3.20862    -0.074827    -0.168288     -2.23109      1.34426     0.380978     0.782779
     0.94172     -1.40383     -1.28481     -3.18625    -0.074278    -0.167025     -2.20528      1.31508     0.367344     0.752921
     0.94172     -1.40316      -1.2838     -3.18223   -0.0741799    -0.166798      -2.2007      1.31005     0.365091     0.748006
     0.94172     -1.41271     -1.29848     -3.24114   -0.0756256    -0.170124     -2.26871      1.38705     0.401119     0.826936
     0.94172     -1.41046     -1.29501     -3.22719    -0.075283    -0.169336     -2.25256      1.36864     0.392431      0.80788
     0.94172     -1.41395     -1.30038     -3.24881   -0.0758143    -0.170557     -2.27762      1.39725     0.405967     0.837584
     0.94172     -1.41411     -1.30064     -3.24982    -0.075839    -0.170614     -2.27879      1.39859     0.406599      0.83897
     0.94172     -1.41289     -1.29876      -3.2423   -0.0756551     -0.17019     -2.27016      1.38894      0.40216     0.829254
     0.94172     -1.41398     -1.30044     -3.24906   -0.0758208    -0.170571     -2.27795      1.39774     0.406264     0.838251
     0.94172     -1.41138     -1.29645     -3.23305   -0.0754282    -0.169668     -2.25949      1.37691     0.396563      0.81698
     0.94172     -1.40821     -1.29158     -3.21348   -0.0749479    -0.168563     -2.23689      1.35129     0.384564     0.790681
     0.94172     -1.40698     -1.28966     -3.20571   -0.0747554    -0.168123     -2.22773      1.34045     0.379193     0.778863
     0.94172     -1.16735     0.518528   0.00053733    0.0161538  0.000187957     0.900559     -1.73255     -2.17839   -0.0171725
     0.94172     -1.16997     0.526837  -0.00205625    0.0161054  0.000141144     0.899162     -1.73327      -2.1897   -0.0240392
     0.94172     -1.30263     0.926147 -0.000598304    0.0126419  0.000133513     0.818411     -1.77487     -2.77028   -0.0274704
     0.94172     -1.30404     0.930096 -0.000135793    0.0125955  0.000140944     0.817532     -1.77569     -2.77717   -0.0263244
     0.94172     -1.16196     0.507008  -0.00582505    0.0165099   8.1307e-05     0.906331     -1.73022     -2.15498   -0.0335538
     0.94172     -1.29867      0.91518  -0.00112631    0.0127952  0.000126515     0.821541     -1.77402     -2.75409   -0.0286957
     0.94172     -1.15495     0.495167  -0.00701358    0.0171327  7.94011e-05     0.916175     -1.72838     -2.12825   -0.0369439
     0.94172     -1.28905     0.887732  -0.00139377    0.0131504  0.000126674     0.829341     -1.77352     -2.71791   -0.0290026
     0.94172     -1.17281      0.53648   0.00295409    0.0161051  0.000230749     0.898915       -1.736     -2.20599   -0.0112419
     0.94172     -1.30417     0.930491  0.000273029    0.0126014  0.000148105     0.817767     -1.77648     -2.77937   -0.0252663
     0.94172     -1.16503     0.516838   0.00549052    0.0164898  0.000278606     0.906115     -1.73409     -2.17423  -0.00420808
     0.94172     -1.30158     0.923235  0.000745437    0.0127145  0.000157597     0.820324     -1.77725     -2.77161   -0.0239217
     0.94172     -1.15534     0.493445   0.00663264    0.0170147  0.000302622     0.915498     -1.73124     -2.13407 -0.000693633
     0.94172     -1.29186     0.895262  0.000995315    0.0130609  0.000165775     0.828028     -1.77661     -2.73459   -0.0228169
     0.94172     -1.14412     0.472067  -0.00407342    0.0178598  0.000141623     0.928215     -1.72476     -2.08405   -0.0289069
     0.94172     -1.27748     0.854613 -0.000989027    0.0135781  0.000138966     0.838814     -1.77322     -2.67493   -0.0274343
     0.94172     -1.13299     0.443105 -0.000364582    0.0183356  0.000206161     0.936786     -1.71942     -2.03386   -0.0183911
     0.94172      -1.2725     0.840149 -0.000341709    0.0137525  0.000151701     0.842801      -1.7732     -2.65661   -0.0254819
     0.94172     -1.14351     0.469007   0.00374053    0.0178268  0.000261264     0.928376      -1.7257     -2.08311  -0.00773055
     0.94172     -1.27878     0.858122  0.000452937    0.0135367  0.000162019     0.838193     -1.77458     -2.68246   -0.0236468
     0.94172     -1.48825      1.49044  1.69305e-05   0.00691761  8.29685e-05     0.672293     -1.74602     -3.39375   -0.0338455
     0.94172      -1.6642      2.03793  3.23791e-05  0.000968661  1.89176e-05     0.504284     -1.61923      -3.7146   -0.0385519
     0.94172     -1.65626      2.01298  2.22131e-05   0.00124668  2.17609e-05     0.512444     -1.62709      -3.7069   -0.0384387
     0.94172     -1.47732      1.45708 -2.98528e-05   0.00728037  8.61528e-05     0.681886     -1.75062     -3.36498   -0.0335885
     0.94172      -1.6505      1.99487  1.02201e-05   0.00144818  2.37419e-05     0.518355     -1.63277     -3.70125   -0.0383683
     0.94172     -1.47164      1.43975  -0.00011112   0.00746812  8.68432e-05     0.686814     -1.75281     -3.34954   -0.0336028
     0.94172     -1.65801      2.01843    6.136e-06   0.00118757  2.08501e-05     0.510773     -1.62585     -3.71021   -0.0385309
     0.94172     -1.47525      1.45077 -0.000194655   0.00734922  8.41403e-05     0.683686     -1.75143     -3.35948   -0.0339585
     0.94172     -1.66722      2.04732  7.45302e-06  0.000866706  1.73908e-05     0.501418     -1.61715     -3.72051   -0.0387054
     0.94172     -1.48476      1.47972 -0.000238691   0.00703227  7.98779e-05      0.67538      -1.7477     -3.38524   -0.0344157
     0.94172     -1.67475      2.07101  1.69087e-05  0.000602443  1.46842e-05     0.493646     -1.60958     -3.72751   -0.0388101
     0.94172     -1.49331      1.50581 -0.000195556   0.00674753  7.74594e-05     0.667855     -1.74407     -3.40767    -0.034598
     0.94172     -1.67789      2.08093    2.493e-05  0.000491075  1.36123e-05     0.490326     -1.60613     -3.72945   -0.0388322
     0.94172      -1.4978      1.51954 -0.000136107    0.0065981  7.68316e-05     0.663871     -1.74201     -3.41902    -0.034591
     0.94172     -1.49961      1.52513 -8.89926e-05   0.00653771  7.69804e-05     0.662226     -1.74103     -3.42321   -0.0345224
     0.94172     -1.67808      2.08153  3.01764e-05  0.000483482  1.36186e-05      0.49006     -1.60564     -3.72865   -0.0388107
     0.94172     -1.67631      2.07599  3.39484e-05  0.000544774  1.43471e-05     0.491838     -1.60724     -3.72641   -0.0387633
     0.94172     -1.49967      1.52535 -4.51149e-05   0.00653614  7.77204e-05     0.662152     -1.74088     -3.42301   -0.0344035
     0.94172      -1.6719      2.06213  3.57665e-05  0.000698913  1.60496e-05     0.496356     -1.61155     -3.72192   -0.0386778
     0.94172     -1.49677       1.5165 -6.58487e-07   0.00663401  7.95618e-05      0.66474     -1.74218     -3.41556    -0.034185
     0.94172     -1.84449      2.61167  0.000150467  -0.00554666 -4.96664e-05     0.304939     -1.38712     -3.72131   -0.0396262
     0.94172     -2.00718      3.13963  0.000272476   -0.0117711 -0.000115161     0.102169     -1.08574     -3.40273   -0.0369648
     0.94172      -2.0011      3.11973  0.000267736   -0.0115334 -0.000112659     0.110081     -1.09839     -3.41991   -0.0371241
     0.94172     -1.83711      2.58796  0.000144619  -0.00527256 -4.67926e-05     0.313586     -1.39857     -3.72789   -0.0396608
     0.94172     -1.99817      3.11017  0.000265389   -0.0114192 -0.000111459     0.113872     -1.10441     -3.42793   -0.0371981
     0.94172      -1.8337      2.57702  0.000141274  -0.00514603 -4.54771e-05     0.317576     -1.40385      -3.7309   -0.0396781
     0.94172     -2.00111      3.11978  0.000267552    -0.011534 -0.000112669     0.110062     -1.09837     -3.41988   -0.0371244
     0.94172     -1.83733      2.58864  0.000142925  -0.00527992 -4.69009e-05     0.313379     -1.39842     -3.72833   -0.0396717
     0.94172     -2.00749       3.1406  0.000272411   -0.0117825 -0.000115286     0.101801     -1.08521     -3.40222   -0.0369615
     0.94172     -1.84507      2.61349  0.000148134  -0.00556682 -4.99245e-05     0.304353     -1.38659     -3.72202   -0.0396445
     0.94172     -2.01364      3.16072   0.00027721    -0.012023 -0.000117818    0.0937844     -1.07234     -3.38451   -0.0367968
     0.94172     -1.85218      2.63632  0.000153835  -0.00583119 -5.26953e-05        0.296     -1.37546     -3.71531   -0.0396069
     0.94172     -2.01742       3.1731  0.000280204   -0.0121713 -0.000119377    0.0888338     -1.06434     -3.37329   -0.0366917
     0.94172     -1.85614      2.64907  0.000157385  -0.00597906 -5.42391e-05     0.291308     -1.36912      -3.7111   -0.0395798
     0.94172      -2.0186      3.17696  0.000281178   -0.0122176 -0.000119864    0.0872791     -1.06179     -3.36962   -0.0366569
     0.94172     -1.85725      2.65265  0.000158738  -0.00602086 -5.46696e-05      0.28997     -1.36725     -3.70962   -0.0395679
     0.94172     -2.01736      3.17292  0.000280278   -0.0121694 -0.000119355    0.0888848     -1.06436     -3.37312   -0.0366892
     0.94172     -1.85597      2.64853  0.000158282  -0.00597338 -5.41624e-05      0.29146     -1.36918      -3.7106   -0.0395706
     0.94172     -2.01345       3.1601  0.000277296    -0.012016  -0.00011774    0.0940029     -1.07261      -3.3846   -0.0367961
     0.94172     -1.85175      2.63499  0.000155631  -0.00581665 -5.25074e-05     0.296411     -1.37577     -3.71454   -0.0395905
     0.94172     -2.13357      3.55593  0.000371808    -0.016817 -0.000168325   -0.0695816     -0.79146      -2.9251      -0.0323
     0.94172     -2.13598      3.56391  0.000373721   -0.0169148 -0.000169356    -0.072968    -0.785354     -2.91398   -0.0321881
     0.94172     -2.14123      3.58131  0.000377916   -0.0171282 -0.000171606   -0.0803635    -0.771984     -2.88949   -0.0319413
     0.94172     -2.14638      3.59837  0.000382044   -0.0173377 -0.000173814   -0.0876334    -0.758779     -2.86508   -0.0316948
     0.94172      -2.1496      3.60906  0.000384636   -0.0174689 -0.000175198   -0.0921975    -0.750453     -2.84956   -0.0315377
     0.94172     -2.15062      3.61245  0.000385464   -0.0175107 -0.000175638   -0.0936488    -0.747801      -2.8446   -0.0314875
     0.94172     -2.14958        3.609  0.000384635   -0.0174682 -0.000175191   -0.0921733    -0.750493     -2.84963   -0.0315383
     0.94172     -2.14629      3.59809  0.000382004   -0.0173342 -0.000173778   -0.0875178    -0.758971     -2.86538   -0.0316976
     0.94172     -2.14107      3.58076   0.00037782   -0.0171216 -0.000171536    -0.080138     -0.77237     -2.89013   -0.0319475
     0.94172     -2.13599      3.56394  0.000373753   -0.0169152  -0.00016936   -0.0729858    -0.785311     -2.91386   -0.0321867
     0.94172     -2.28213      4.05156  0.000492684   -0.0229672 -0.000233206     -0.28652    -0.379416     -2.09623   -0.0237694
     0.94172     -2.28736      4.06912  0.000496998    -0.023187 -0.000235526    -0.294379    -0.363921     -2.06288   -0.0234213
     0.94172      -2.2927      4.08703  0.000501406   -0.0234115 -0.000237895    -0.302417    -0.348021     -2.02848   -0.0230618
     0.94172     -2.29624      4.09892  0.000504335   -0.0235607 -0.000239471    -0.307766    -0.337408      -2.0054   -0.0228203
     0.94172     -2.29741      4.10283  0.000505299   -0.0236098 -0.000239989    -0.309527    -0.333898     -1.99771   -0.0227398
     0.94172     -2.27982      4.04382  0.000490781   -0.0228702 -0.000232182    -0.283053    -0.386247     -2.11091   -0.0239227
     0.94172     -2.39552      4.43379  0.000587415   -0.0277981 -0.000284221    -0.461598   -0.0218926     -1.28144   -0.0151665
     0.94172     -2.39743      4.44025  0.000589024   -0.0278803 -0.000285089    -0.464604    -0.015603     -1.26654    -0.015008
     0.94172     -2.40185      4.45523  0.000592758   -0.0280708 -0.000287102    -0.471577  -0.00100298     -1.23192   -0.0146397
     0.94172     -2.40644      4.47076  0.000596631   -0.0282685  -0.00028919    -0.478818    0.0141962     -1.19574   -0.0142545
     0.94172     -2.40953      4.48123  0.000599245    -0.028402   -0.0002906    -0.483711     0.024494     -1.17113   -0.0139923
     0.94172     -2.41057      4.48475  0.000600124   -0.0284468 -0.000291074    -0.485357    0.0279688     -1.16279   -0.0139034
     0.94172     -2.50808      4.81618  0.000683327   -0.0326977 -0.000335999      -0.6427     0.366926    -0.324289   -0.0049134
     0.94172     -2.50938      4.82062  0.000684446   -0.0327549 -0.000336603    -0.644832     0.371599    -0.312434  -0.00478571
     0.94172      -2.5047      4.80467  0.000680426   -0.0325494 -0.000334431    -0.637173     0.354818    -0.354983  -0.00524393
     0.94172     -2.50044      4.79016   0.00067677   -0.0323625 -0.000332455     -0.63021     0.339582    -0.393549  -0.00565912
     0.94172     -2.49643      4.77649  0.000673326   -0.0321864 -0.000330594    -0.623657     0.325265      -0.4297  -0.00604816
     0.94172     -2.49469      4.77057  0.000671834   -0.0321102 -0.000329788     -0.62082     0.319071    -0.445329  -0.00621632
     0.94172     -2.28719      4.06854   0.00049686   -0.0231798 -0.000235449    -0.294121     -0.36443     -2.06398   -0.0234327
     0.94172     -2.28212      4.05153  0.000492677   -0.0229667   -0.0002332    -0.286499    -0.379476     -2.09642   -0.0237715
     0.94172     -2.29621      4.09881   0.00050431   -0.0235594 -0.000239456    -0.307722    -0.337473     -2.00546   -0.0228208
     0.94172     -2.29258      4.08664  0.000501314   -0.0234067 -0.000237845     -0.30225     -0.34833     -2.02907   -0.0230678
     0.94172      -2.4017      4.45471  0.000592629   -0.0280643 -0.000287032    -0.471336  -0.00150375      -1.2331   -0.0146522
     0.94172     -2.39742      4.44022  0.000589016   -0.0278798 -0.000285084    -0.464586    -0.015648     -1.26668   -0.0150095
     0.94172     -2.40949      4.48108  0.000599208   -0.0284001  -0.00029058    -0.483644    0.0243668     -1.17139    -0.013995
     0.94172     -2.50804      4.81605  0.000683294    -0.032696 -0.000335981    -0.642637     0.366788    -0.324638  -0.00491716
     0.94172     -2.50459       4.8043  0.000680332   -0.0325446  -0.00033438    -0.636994     0.354426     -0.35598  -0.00525467
     0.94172     -2.40633      4.47039  0.000596541   -0.0282639 -0.000289141    -0.478652    0.0138634     -1.19648   -0.0142623
     0.94172     -2.49641      4.77643  0.000673309   -0.0321856 -0.000330585    -0.623625     0.325188    -0.429916  -0.00605053
     0.94172      -2.5003      4.78967  0.000676646   -0.0323561 -0.000332388    -0.629974     0.339061    -0.394876  -0.00567343
     0.94172     -2.71203      5.51488  0.000860843   -0.0417821 -0.000432079    -0.985492      1.14081      1.72191     0.017284
     0.94172     -2.71261      5.51688  0.000861352   -0.0418081 -0.000432354    -0.986476      1.14304      1.72783    0.0173483
     0.94172     -2.65686       5.3253  0.000812451    -0.039304 -0.000405862    -0.891291     0.924413      1.13616    0.0109044
     0.94172     -2.65621      5.32309  0.000811892   -0.0392754  -0.00040556    -0.890217     0.922015      1.12992    0.0108369
     0.94172     -2.65467      5.31781  0.000810552   -0.0392069 -0.000404835    -0.887634     0.916202      1.11463    0.0106711
     0.94172     -2.65217      5.30923  0.000808369   -0.0390951 -0.000403653     -0.88341     0.906626      1.08916    0.0103946
     0.94172     -2.70551       5.4925  0.000855133   -0.0414897 -0.000428986    -0.974388      1.11536      1.65319     0.016536
     0.94172     -2.70975      5.50706  0.000858849     -0.04168 -0.000430998     -0.98162      1.13197      1.69816    0.0170257
     0.94172     -2.65764      5.32797  0.000813131   -0.0393388  -0.00040623    -0.892606     0.927388      1.14405    0.0109901
     0.94172     -2.71182      5.51414   0.00086065   -0.0417722 -0.000431973    -0.985104      1.13986      1.71913    0.0172534
     0.94172     -2.64937      5.29961  0.000805921   -0.0389698 -0.000402327    -0.878668     0.895842      1.06037    0.0100817
     0.94172     -2.70018      5.47419  0.000850459   -0.0412503 -0.000426453    -0.965288      1.09445      1.59662    0.0159198
     0.94172     -2.58381       5.0749  0.000748779   -0.0360452 -0.000371394     -0.76816     0.645566      0.39581   0.00286735
     0.94172      -2.5859      5.08205  0.000750592    -0.036138 -0.000372375    -0.771647     0.653364     0.416164   0.00308766
     0.94172     -2.58808      5.08952  0.000752486   -0.0362348 -0.000373399    -0.775285     0.661486     0.437315    0.0033165
     0.94172     -2.58957       5.0946  0.000753771   -0.0363006 -0.000374094    -0.777751      0.66698      0.45157   0.00347064
     0.94172     -2.59031      5.09714  0.000754415   -0.0363335 -0.000374443    -0.778986     0.669724     0.458669   0.00354735
     0.94172     -2.59089      5.09912  0.000754917   -0.0363592 -0.000374714    -0.779952     0.671888     0.464331   0.00360866
     0.94172     -2.65219       5.3093  0.000808388   -0.0390961 -0.000403663    -0.883448     0.906714      1.08941    0.0103973
     0.94172     -2.65457      5.31745  0.000810461   -0.0392022 -0.000404785    -0.887458     0.915806      1.11358    0.0106598
     0.94172     -2.70976      5.50709  0.000858857   -0.0416804 -0.000431003    -0.981632      1.13198      1.69811     0.017025
     0.94172     -2.70553      5.49254  0.000855142   -0.0414902  -0.00042899    -0.974403      1.11538      1.65322    0.0165362
     0.94172     -2.65612      5.32277  0.000811812   -0.0392713 -0.000405516    -0.890064     0.921672      1.12903    0.0108272
     0.94172     -2.65682      5.32516  0.000812417   -0.0393023 -0.000405844    -0.891227     0.924271       1.1358    0.0109005
     0.94172     -2.71268       5.5171  0.000861407    -0.041811 -0.000432384    -0.986586       1.1433      1.72854    0.0173561
     0.94172     -2.71217      5.51535  0.000860962   -0.0417882 -0.000432143    -0.985724      1.14134      1.72334    0.0172996
     0.94172       -2.588      5.08925  0.000752418   -0.0362314 -0.000373363    -0.775158      0.66122     0.436683   0.00330978
     0.94172     -2.58587      5.08194  0.000750566   -0.0361366 -0.000372361    -0.771598      0.65326     0.415917   0.00308503
     0.94172     -2.59031      5.09713  0.000754413   -0.0363334 -0.000374442    -0.778986     0.669737     0.458755   0.00354838
     0.94172     -2.58953      5.09448  0.000753742   -0.0362991 -0.000374079    -0.777699     0.666881     0.451379    0.0034687
     0.94172     -2.71593      5.52829  0.000864267   -0.0419575 -0.000433934    -0.992168       1.1562      1.76375    0.0177402
     0.94172     -2.71298      5.51814  0.000861672   -0.0418245 -0.000432527      -0.9871      1.14448      1.73173    0.0173909
     0.94172     -2.72002      5.54237  0.000867873   -0.0421422 -0.000435888    -0.999219      1.17256      1.80862    0.0182299
     0.94172     -2.71362      5.52034  0.000862235   -0.0418533 -0.000432832    -0.988194      1.14698      1.73848    0.0174643
     0.94172     -2.71303      5.51831  0.000861717   -0.0418268 -0.000432552    -0.987188      1.14469      1.73231    0.0173972
     0.94172     -2.71612      5.52896  0.000864439   -0.0419663 -0.000434027    -0.992502      1.15697      1.76581    0.0177625
     0.94172     -2.71995      5.54214   0.00086781    -0.042139 -0.000435854    -0.999091      1.17223       1.8076    0.0182186
     0.94172     -2.77607      5.73542  0.000917317   -0.0446753 -0.000462693     -1.09604      1.39783      2.42887    0.0250049
     0.94172     -2.77565      5.73396  0.000916942   -0.0446561 -0.000462489      -1.0953      1.39608      2.42398    0.0249513
     0.94172     -2.76697      5.70403  0.000909257   -0.0442623 -0.000458321     -1.08019      1.36061      2.32516    0.0238697
     0.94172      -2.7756      5.73381  0.000916904   -0.0446542 -0.000462469     -1.09522      1.39591      2.42349    0.0249459
     0.94172     -2.76701      5.70417  0.000909293   -0.0442641 -0.000458341     -1.08026      1.36078      2.32559    0.0238745
     0.94172     -2.76681      5.70348  0.000909118   -0.0442551 -0.000458246     -1.07991      1.35997      2.32337    0.0238501
     0.94172      -2.7733      5.72586   0.00091486   -0.0445494  -0.00046136      -1.0912      1.38643      2.39698    0.0246556
     0.94172      -2.7651      5.69757  0.000907598   -0.0441772 -0.000457422     -1.07692      1.35294      2.30374    0.0236353
     0.94172      -2.7736      5.72689  0.000915126    -0.044563 -0.000461504     -1.09172      1.38766      2.40041    0.0246932
     0.94172      -2.7739      5.72793  0.000915392   -0.0445767 -0.000461649     -1.09225      1.38889      2.40385    0.0247309
     0.94172     -2.77322      5.72559  0.000914792   -0.0445459 -0.000461323     -1.09107      1.38612      2.39611    0.0246461
     0.94172     -2.78014      5.74948  0.000920931   -0.0448606 -0.000464654     -1.10316      1.41462      2.47591    0.0255202
     0.94172     -2.78005      5.74917  0.000920851   -0.0448565 -0.000464611       -1.103      1.41425      2.47487    0.0255088
     0.94172     -2.78352      5.76116  0.000923936   -0.0450146 -0.000466284     -1.10909      1.42863      2.51531    0.0259521
     0.94172     -2.78126      5.75333  0.000921923   -0.0449114 -0.000465192     -1.10511      1.41923      2.48886    0.0256621
     0.94172     -2.78356      5.76129   0.00092397   -0.0450164 -0.000466302     -1.10915      1.42879      2.51575    0.0259569
     0.94172     -2.78102      5.75252  0.000921715   -0.0449008 -0.000465079      -1.1047      1.41826      2.48613    0.0256322
     0.94172     -2.74892      5.64184  0.000893314   -0.0434454 -0.000449677     -1.04892      1.28763      2.12334    0.0216637
     0.94172     -2.74817      5.63924   0.00089265   -0.0434113 -0.000449317     -1.04762      1.28461      2.11505    0.0215732
     0.94172     -2.77947      5.74717  0.000920337   -0.0448301 -0.000464331     -1.10199      1.41185      2.46813     0.025435
     0.94172     -2.77538      5.73304  0.000916706    -0.044644 -0.000462361     -1.09483      1.39498      2.42087    0.0249172
     0.94172     -2.76734      5.70529  0.000909579   -0.0442788 -0.000458496     -1.08082      1.36207      2.32916    0.0239134
     0.94172     -2.74739      5.63655   0.00089196    -0.043376 -0.000448943     -1.04627      1.28145      2.10629    0.0214775
     0.94172     -2.76494      5.69703   0.00090746   -0.0441702 -0.000457347     -1.07665      1.35231      2.30199    0.0236162
     0.94172     -2.76707      5.70436  0.000909342   -0.0442666 -0.000458367     -1.08035      1.36098      2.32611      0.02388
     0.94172     -2.77492      5.73146    0.0009163   -0.0446232 -0.000462142     -1.09403       1.3931       2.4156    0.0248594
     0.94172     -2.77346      5.72641  0.000915001   -0.0445566 -0.000461437     -1.09148      1.38709      2.39881    0.0246756
     0.94172     -2.77797      5.74198  0.000919004   -0.0447618 -0.000463608     -1.09936      1.40565      2.45073    0.0252443
     0.94172     -2.77862      5.74423  0.000919581   -0.0447914 -0.000463921      -1.1005      1.40833      2.45824    0.0253266
     0.94172      -2.7464      5.63315  0.000891087   -0.0433312 -0.000448469     -1.04455      1.27743      2.09513    0.0213553
     0.94172     -2.78167      5.75474  0.000922286     -0.04493 -0.000465389     -1.10583      1.42092      2.49362    0.0257143
     0.94172     -2.78183       5.7553  0.000922427   -0.0449373 -0.000465466     -1.10611      1.42159      2.49548    0.0257347
     0.94172     -2.77955      5.74742  0.000920403   -0.0448335 -0.000464367     -1.10212      1.41216      2.46899    0.0254444
     0.94172      -2.7816       5.7545  0.000922223   -0.0449268 -0.000465355     -1.10571      1.42063       2.4928    0.0257053
     0.94172     -2.78353      5.76118  0.000923942   -0.0450149 -0.000466287      -1.1091      1.42866      2.51539     0.025953
     0.94172     -2.78373      5.76189  0.000924123   -0.0450242 -0.000466386     -1.10946       1.4295      2.51777    0.0259791
     0.94172     -2.77852      5.74388  0.000919491   -0.0447868 -0.000463872     -1.10032      1.40791      2.45708    0.0253138
     0.94172     -2.76487      5.69678  0.000907395   -0.0441668 -0.000457312     -1.07653      1.35202       2.3012    0.0236075
     0.94172     -2.75012      5.64596  0.000894371   -0.0434995  -0.00045025       -1.051       1.2925      2.13687    0.0218117
     0.94172     -2.74472      5.62737  0.000889607   -0.0432554 -0.000447667     -1.04166       1.2707      2.07663    0.0211533
     0.94172     -2.78386      5.76233  0.000924237     -0.04503 -0.000466447     -1.10968      1.43003      2.51926    0.0259954
     0.94172     -2.76692      5.70384  0.000909209   -0.0442598 -0.000458296     -1.08009       1.3604      2.32456    0.0238632
     0.94172     -2.77564      5.73394  0.000916938   -0.0446559 -0.000462488     -1.09529      1.39607      2.42394    0.0249509
     0.94172     -2.77615       5.7357  0.000917391   -0.0446791 -0.000462733     -1.09618      1.39817      2.42983    0.0250154
     0.94172     -2.77562      5.73386  0.000916917   -0.0446548 -0.000462476     -1.09525      1.39597      2.42366    0.0249478
     0.94172      -2.7668      5.70345  0.000909108   -0.0442546 -0.000458241      -1.0799      1.35993      2.32324    0.0238488
     0.94172     -2.76699      5.70408  0.000909271    -0.044263 -0.000458329     -1.08021      1.36067       2.3253    0.0238713
     0.94172     -2.77366      5.72711  0.000915182   -0.0445659 -0.000461535     -1.09183      1.38792      2.40112    0.0247009
     0.94172     -2.76507      5.69747  0.000907572   -0.0441759 -0.000457407     -1.07687      1.35282      2.30341    0.0236317
     0.94172     -2.77335      5.72603  0.000914904   -0.0445517 -0.000461384     -1.09129      1.38663      2.39754    0.0246617
     0.94172     -2.78012       5.7494  0.000920911   -0.0448596 -0.000464643     -1.10312      1.41453      2.47565    0.0255174
     0.94172      -2.7802      5.74966  0.000920978    -0.044863 -0.000464679     -1.10325      1.41484      2.47653     0.025527
     0.94172     -2.78128      5.75342  0.000921945   -0.0449126 -0.000465204     -1.10516      1.41933      2.48915    0.0256653
     0.94172     -2.74787      5.63819  0.000892382   -0.0433976 -0.000449171      -1.0471      1.28339       2.1117    0.0215366
     0.94172     -2.74854       5.6405  0.000892973   -0.0434279 -0.000449492     -1.04825      1.28608      2.11908    0.0216172
     0.94172     -2.77536      5.73298  0.000916689   -0.0446432 -0.000462352      -1.0948      1.39491      2.42067    0.0249151
     0.94172     -2.77946      5.74711  0.000920322   -0.0448294 -0.000464323     -1.10196      1.41178      2.46795     0.025433
     0.94172     -2.76735      5.70534  0.000909592   -0.0442794 -0.000458503     -1.08084      1.36213      2.32933    0.0239153
     0.94172     -2.74729      5.63621  0.000891872   -0.0433714 -0.000448895      -1.0461      1.28104      2.10517    0.0214651
     0.94172     -2.77354       5.7267  0.000915077   -0.0445605 -0.000461478     -1.09162      1.38743      2.39976    0.0246861
     0.94172     -2.77489      5.73133  0.000916266   -0.0446214 -0.000462123     -1.09397      1.39294      2.41517    0.0248547
     0.94172     -2.76709      5.70443  0.000909359   -0.0442675 -0.000458376     -1.08038      1.36106      2.32633    0.0238825
     0.94172     -2.76488      5.69683  0.000907409   -0.0441675 -0.000457319     -1.07655      1.35207      2.30134    0.0236091
     0.94172     -2.77793      5.74183  0.000918965   -0.0447598 -0.000463587     -1.09928      1.40547      2.45023    0.0252389
     0.94172     -2.77858      5.74407   0.00091954   -0.0447893 -0.000463899     -1.10042      1.40814      2.45772    0.0253208
     0.94172     -2.74643      5.63323  0.000891107   -0.0433322  -0.00044848     -1.04459      1.27752      2.09539    0.0213582
     0.94172     -2.78173      5.75497  0.000922344    -0.044933 -0.000465421     -1.10595       1.4212       2.4944    0.0257228
     0.94172     -2.78188      5.75546   0.00092247   -0.0449395 -0.000465489     -1.10619      1.42179      2.49604    0.0257409
     0.94172     -2.77955      5.74744  0.000920408   -0.0448338  -0.00046437     -1.10213      1.41218      2.46906    0.0254451
     0.94172     -2.78156      5.75439  0.000922194   -0.0449253 -0.000465339     -1.10565       1.4205      2.49242    0.0257012
     0.94172     -2.78356       5.7613  0.000923972   -0.0450165 -0.000466304     -1.10916       1.4288      2.51578    0.0259573
     0.94172     -2.78377      5.76199   0.00092415   -0.0450256 -0.000466401     -1.10951      1.42963      2.51813     0.025983
     0.94172     -2.75036      5.64678  0.000894581   -0.0435103 -0.000450364     -1.05141      1.29344      2.13943    0.0218396
     0.94172     -2.71986      5.54183  0.000867734   -0.0421351 -0.000435813    -0.998951      1.17195      1.80702    0.0182125
     0.94172      -2.7193      5.53991  0.000867244     -0.04211 -0.000435548    -0.997996      1.16976      1.80106    0.0181477
     0.94172     -2.71997      5.54221  0.000867831     -0.04214 -0.000435865    -0.999137      1.17237      1.80811    0.0182243
     0.94172     -2.76542      5.69869  0.000907886    -0.044192 -0.000457578     -1.07749      1.35427      2.30747    0.0236761
     0.94172     -2.75233      5.65358  0.000896324   -0.0435996 -0.000451309     -1.05482      1.30139      2.16132    0.0220787
     0.94172     -2.76577       5.6999  0.000908196   -0.0442079 -0.000457746      -1.0781       1.3557      2.31144    0.0237195
     0.94172     -2.78237      5.75717  0.000922911   -0.0449621 -0.000465728     -1.10706      1.42384      2.50183    0.0258043
     0.94172     -2.78219      5.75654  0.000922748   -0.0449537  -0.00046564     -1.10674      1.42308      2.49969    0.0257809
     0.94172     -2.78208      5.75617  0.000922651   -0.0449488 -0.000465587     -1.10655      1.42263      2.49843     0.025767
     0.94172     -2.78202      5.75598  0.000922603   -0.0449463 -0.000465561     -1.10646      1.42241       2.4978    0.0257601
     0.94172      -2.7801      5.74934  0.000920897   -0.0448588 -0.000464635     -1.10309      1.41446      2.47547    0.0255154
     0.94172     -2.77957      5.74751  0.000920424   -0.0448346 -0.000464379     -1.10216      1.41226      2.46931    0.0254479
     0.94172     -2.77602      5.73523  0.000917269   -0.0446729 -0.000462667     -1.09594       1.3976      2.42823    0.0249978
     0.94172      -2.7747      5.73069  0.000916102   -0.0446131 -0.000462034     -1.09365      1.39219       2.4131    0.0248321
     0.94172     -2.77476       5.7309  0.000916155   -0.0446158 -0.000462063     -1.09375      1.39244      2.41378    0.0248396
     0.94172     -2.77976      5.74814  0.000920588    -0.044843 -0.000464468     -1.10248      1.41303      2.47145    0.0254714
     0.94172     -2.77387      5.72781  0.000915362   -0.0445751 -0.000461633     -1.09219      1.38876      2.40351    0.0247271
     0.94172     -2.76594      5.70048  0.000908346   -0.0442156 -0.000457827     -1.07839      1.35638      2.31329    0.0237397
     0.94172     -2.75348      5.65752  0.000897333   -0.0436513 -0.000451856      -1.0568      1.30598      2.17397     0.022217
     0.94172      -2.7659      5.70034   0.00090831   -0.0442137 -0.000457807     -1.07832      1.35622      2.31286     0.023735
     0.94172     -2.75242      5.65389  0.000896404   -0.0436037 -0.000451352     -1.05498      1.30175      2.16232    0.0220897
     0.94172     -2.76555      5.69912  0.000907996   -0.0441976 -0.000457637     -1.07771      1.35478      2.30885    0.0236912
     0.94172     -2.78207      5.75612  0.000922639   -0.0449482 -0.000465581     -1.10653      1.42258      2.49827    0.0257653
     0.94172      -2.7822       5.7566  0.000922762   -0.0449544 -0.000465647     -1.10677      1.42315      2.49988    0.0257829
     0.94172     -2.78016      5.74955  0.000920951   -0.0448616 -0.000464665      -1.1032      1.41471      2.47618    0.0255232
     0.94172     -2.77461      5.73037  0.000916021   -0.0446089  -0.00046199     -1.09349      1.39182      2.41206    0.0248207
     0.94172     -2.77613      5.73561  0.000917368   -0.0446779 -0.000462721     -1.09614      1.39806      2.42951    0.0250119
     0.94172     -2.77963       5.7477  0.000920475   -0.0448372 -0.000464406     -1.10226       1.4125      2.46997    0.0254551
     0.94172      -2.7747      5.73069  0.000916102   -0.0446131 -0.000462034     -1.09364      1.39219       2.4131    0.0248322
     0.94172    -0.275714    -0.291318   -0.0681717   -0.0431417    0.0281268      1.14762     0.277224     0.714384    -0.573035
